[{"@type":"mappingTemplate","id":"@1","name":"Mapping18","description":"","autoExpireObject":false,"bundleVersion":"0","assetFrsGuid":"7q8elZsEDS2hlwETQ5JG6V","templateId":"@3","deployTime":1740513191000,"hasParameters":false,"valid":true,"fixedConnection":true,"hasParametersDeployed":false,"fixedConnectionDeployed":true,"isSchemaValidationEnabled":false,"tasks":1,"mappingPreviewFileRecordId":"@2","documentType":"MAPPING","allowMaxFieldLength":false,"specialCharacterSupport":false,"references":[{"@type":"reference","refObjectId":"@aYZ4ekzHgIPeKpiaoqDLKP","refType":"connection"}]}]