[{"@type":"mtTask","id":"@1","name":"s_m_loading_fact_claim_fact_msgr","description":"","runtimeEnvironmentId":"@3pADNCV9u0PcgrXjM7rx0t","maxLogs":10,"verbose":false,"mappingId":"@4ridKZfJjfjbIsjhhhhl8g","frsGuid":"7MbM6gjf0rkiHy2C7LELQK","shortDescription":"","sessionPropertiesList":[{"name":"Allow Temporary Sequence for Pushdown","value":"NO","recommended":false},{"name":"Allow Temporary View for Pushdown","value":"NO","recommended":false},{"name":"Pushdown Optimization","value":"None","recommended":false},{"name":"Pushdown Optimization Context","value":"None","recommended":false},{"name":"Pushdown Optimization Fallback Option","value":"Partial PDO","recommended":false}],"enableCrossSchemaPushdown":true,"enableParallelRun":false,"autoTunedApplied":false,"autoTunedAppliedType":"NONE","parameterFileName":"devidmcsecureagent-secureagent72579156-j5tnwr2hd1yi/parameters/Andover_Param_MSGR_Refactor.param","paramFileType":"PARAM_FILE_CLOUD","schemaMode":"async","valid":true,"schemaValidationErrorCount":-1,"paramFileConnectionId":"@azEva6zs2GVd8TkGbhUF48","parameterFileEncoding":"UTF-8","serverlessProperties":{},"taskProperties":[{"@type":"taskProperty","name":"parameterFileObject","currentValue":"devidmcsecureagent-secureagent72579156-j5tnwr2hd1yi/parameters/Andover_Param_MSGR_Refactor.param","type":"STRING","label":"label.parameterFileObject","required":false},{"@type":"taskProperty","name":"paramFileConnectionId","currentValue":"01COEW0B00000000000S","type":"CONNECTION","label":"label.paramFileConnection","required":false}],"parameters":[{"@type":"mtTaskParameter","id":75756541,"name":"$SRC_ClaimTransaction_GW$","type":"SOURCE","label":"DBConnection_SRC","description":"","uiProperties":{"cnxtype":"Amazon Redshift v2","connectionParameterized":"true","paramName":"DBConnection_SRC","paramLabel":"","paramType-mapping":"Connection","logcnx":"DBConnection_SRC","isSelectDistinct":"false","objectParameterized":"false","visible":"false","originalPath":"SRC_ClaimTransaction_GW"},"sourceConnectionId":"@dqHTiQhJYWolYaNB9bUmKf","sourceObject":"DUMMY_SRC_ClaimTransaction_GW","sourceObjectLabel":"DUMMY_SRC_ClaimTransaction_GW","newFlatFile":false,"newObject":false,"showBusinessNames":true,"naturalOrder":true,"truncateTarget":false,"bulkApiDBTarget":false,"customFuncCfg":{"@type":"customFuncConfig","id":-1,"connections":[],"inputMap":[],"outputFields":[]},"targetRefsV2":{},"targetUpdateColumns":[],"runtimeAttrs":{},"isRESTModernSource":true,"customQuery":"SELECT distinct\ncoalesce(A.claimstransactionkey::varchar,'-99') as combined_key,\ncoalesce(A.claimNumber,'-99') AS claimkey,\ncoalesce(c.FullPolicyKey,'-99') AS policykey,\ncoalesce(agency_code,'-99') AS agencykey,\n--cov.policykey+coalesce(cov.riskid,'')+cov.coverageid AS coveragekey,\ncoalesce(CAST(A.PolicyKey + A.RiskId + A.CoverageId AS VARCHAR(100)),'-99') AS coveragekey,\ncoalesce(A.majorperilcd,'NA') AS majorperilkey,\n'GW' AS sourcesystem,\n coalesce(cast(to_char(b.lossdt, 'YYYYMMDD') as int),-99) AS accident_dt,\n coalesce(cast(to_char(b.LossReportedDt, 'YYYYMMDD') as int),-99) AS reported_dt,\nb. ClaimType AS claim_type,\nISNULL(b.LosscauseCd, 'Unknown Loss Cause')AS loss_cause,\nISNULL(b.LossCauseDesc, 'Unknown Loss Cause') AS loss_cause_desc,\nISNULL(b.SubLossCauseCd, 'Unknown Loss Cause') AS sub_loss_cause_desc,\nCASE\n\tWHEN (\n\t\tReserveCd != 'Defense'\n\t\tAND ReserveCd != 'Adjustment'\n\t\t)\n\t\tTHEN coalesce(cast(to_char(BookDt, 'YYYYMMDD') as int),-99)\n        else -99\n\tEND AS claim_paid_dt,\nLossPaidAmt AS loss_paid_amt,\n0 AS loss_paid_recovery_amt,\n0 - ISNULL(LossSalvageAmt, 0) AS loss_salvage_amt,\n0 - ISNULL(LossSubrogationAmt, 0) AS loss_subrogation_amt,\nISNULL(LossULAEExpense, 0) AS loss_ulae_expense,\nISNULL(LossALAEExpense, 0) AS loss_alae_expense,\nCASE\n\t\tWHEN a.ReserveCd = 'Indemnity'\n\t\t\tTHEN ISNULL(A.ReserveChangeAmt, 0)\n\t\tELSE 0\n\t\tEND AS loss_reserve_amt,\nCASE\n\t\tWHEN C.GroupLine = 'Commercial'\n\t\t\tTHEN A.ReserveChangeAmt * 1.3\n\t\tWHEN C.GroupLine = 'Personal'\n\t\t\tTHEN A.ReserveChangeAmt * 1.15\n\t\tELSE a.ReserveChangeAmt\n\t\tEND AS loss_reserve_for_incurred_loss,\n--NULL AS incurred_loss_amt, implementing these columns in expression field due to dependancies\n--NULL AS loss_os_adjexp,\ncoalesce(cast(to_char(date_trunc('month', A.lossaccountentereddate), 'YYYYMMDD') as int),-99) AS Account_Entered_Dt,\ncoalesce(A.PolicyKeyCode,'-99') AS POLICY_KEY_CODE,\nA.statlineCD\nFROM int_msgr.claimTransaction A\nINNER JOIN int_msgr.PolicyDetail C  ON A.PolicyKey = C.PolicyKey\nLEFT JOIN (\n\tSELECT DISTINCT claimkey, LosscauseCd\n\t\t,LossCauseDesc\n\t\t,SubLossCauseCd\n\t\t,ClaimNumber\n\t\t,LossDt\n\t\t,LossReportedDt\n\t\t,ClaimType\n\tFROM int_msgr.claimdetail\n\tWHERE RowEffEndDt = '9999-12-31 00:00:00.000'\n) B ON A.ClaimNumber = B.ClaimNumber\nleft join (\n    SELECT B.CarrierCd + B.PolicyKey + A.RiskID as policy_key_code, riskkey\n    FROM int_msgr.risk A\n\tLEFT JOIN int_msgr.policydetail B  ON A.PolicyKey = B.PolicyKey\n    WHERE A.RowEffEndDt = '9999-12-31 00:00:00.000'\n\t\tAND b.ShellPolicyInd IS NULL\n) RI ON RI.policy_key_code=A.policykeycode\nLEFT JOIN (\n\tSELECT DISTINCT agentcd\n\t\t,AgencyCd\n\t\t,ProducerName\n\t\t,PaymentPreferenceCd\n\tFROM int_msgr.Agents\n\tWHERE RowEffEndDt = '9999-12-31 00:00:00.000'\n\t) AG ON C.ProviderNumber = AG.AgentCd\nleft join (\n    select distinct\n        Agency_id,\n        Agency_code\n    FROM int_msgr.master_agency_detail A\nWHERE A.Row_End_Dt = '9999-12-31 00:00:00.000') AC on AC.agency_code=AG.AgencyCd","isFileList":false,"handleSpecialChars":false,"handleDecimalRoundOff":false,"frsAsset":false,"dynamicFileName":false,"excludeDynamicFileNameField":false,"currentlyProcessedFileName":false,"retainFieldMetadata":false,"objectName":"DUMMY_SRC_ClaimTransaction_GW","objectLabel":"DUMMY_SRC_ClaimTransaction_GW","useExactSrcNames":false,"tgtObjectAttributes":{},"runtimeParameterData":{"@type":"mtTaskRuntimeParameterData","isConnectionRuntimeParameter":false,"isObjectRuntimeParameter":false,"connectionParameterName":"DBConnection_SRC"},"overridableProperties":[],"overriddenFields":[]},{"@type":"mtTaskParameter","id":75756542,"name":"$SRC_FactLoss_PMS$","type":"SOURCE","label":"DBConnection_SRC","description":"","uiProperties":{"cnxtype":"Amazon Redshift v2","connectionParameterized":"true","paramName":"DBConnection_SRC","paramLabel":"","paramType-mapping":"Connection","logcnx":"DBConnection_SRC","isSelectDistinct":"false","objectParameterized":"false","visible":"false","originalPath":"SRC_FactLoss_PMS"},"sourceConnectionId":"@dqHTiQhJYWolYaNB9bUmKf","sourceObject":"DUMMY_SRC_FactLoss_PMS","sourceObjectLabel":"DUMMY_SRC_FactLoss_PMS","newFlatFile":false,"newObject":false,"showBusinessNames":true,"naturalOrder":true,"truncateTarget":false,"bulkApiDBTarget":false,"customFuncCfg":{"@type":"customFuncConfig","id":-1,"connections":[],"inputMap":[],"outputFields":[]},"targetRefsV2":{},"targetUpdateColumns":[],"runtimeAttrs":{},"isRESTModernSource":true,"customQuery":"SELECT DISTINCT\n    coalesce(MAD.agency_code::varchar,'') ||\n\tcoalesce(FL.Policy_Key_Code::varchar,'') ||\n\tcoalesce(FL.policy_key,'') ||\n\tcoalesce(Major_Peril_ID,'') ||\n\t--coalesce(Sequence_No,'') ||\n\tcoalesce(Risk_State_ID,'') ||\n\tcoalesce(Account_Entered_Dt::varchar,'') ||\n\tcoalesce(claim_key,'') ||\n\tcoalesce(Loss_Cause,'') ||\n\tcoalesce(Accident_Dt::varchar,'') ||\n\tcoalesce(Reported_Dt::varchar,'') ||\n\tcoalesce(Loss_Adjustor_No,'') ||\n\tcoalesce(Claim_Type,'') ||\n\tcoalesce(Stateline,'') ||\n    coalesce(Transaction_cd,'') ||\n    coalesce(transaction_dt::varchar,'') AS combined_key,\nFL.major_peril_id,\n--Sequence_No,\nRisk_State_ID,\nLoss_Adjustor_No,\n--combined_key,\ncoalesce(claim_key,'-99') AS claimkey,\ncoalesce(FL.policy_key,'-99') AS policykey,\ncoalesce(MAD.agency_code,'-99') AS agencykey,\n'-99' AS coveragekey,\ncoalesce(MP.majorperil_cd,'-99') AS majorperilkey, --MP.majorperil_ref_id\ncoalesce(cast(to_char(Account_Entered_Dt, 'YYYYMMDD') as int),-99) AS Account_Entered_Dt,\ncoalesce(FL.Policy_Key_Code,'-99') AS POLICY_KEY_CODE,\nstateline,\ncoalesce(cast(to_char(accident_dt, 'YYYYMMDD') as int),-99) AS accident_dt,\ncoalesce(cast(to_char(reported_dt, 'YYYYMMDD') as int),-99) AS reported_dt,\nTransaction_cd,\nTransaction_dt,\nclaim_type AS claim_type,\nloss_cause AS loss_cause,\nloss_cause_desc AS loss_cause_desc,\n'Unknown Loss Cause' AS sub_loss_cause_desc,\nCASE WHEN Transaction_CD = 'XX'\n\t     THEN -99\n\t\t WHEN (Transaction_CD >= 20 AND Transaction_CD <=29)\n\t\t      OR (Transaction_CD >= 80 AND Transaction_CD <=89)\n\t\t THEN coalesce(cast(to_char(Transaction_Dt, 'YYYYMMDD') as int),-99)\n         else -99\n\tEND  claim_paid_dt,\nSum(Loss_Paid_Amt) AS loss_paid_amt,\nSum(Loss_Paid_Recovery_Amt) AS loss_paid_recovery_amt,\nSum(loss_salvage) AS loss_salvage_amt,\nSum(loss_subrogation_amt) AS loss_subrogation_amt,\nSum(loss_ulae_expense) AS loss_ulae_expense,\nSum(loss_alae_expense) AS loss_alae_expense,\nSum(loss_reserve_amt) AS loss_reserve_amt,\nSum(Loss_Reserve_For_Incurred_Loss) AS loss_reserve_for_incurred_loss\n--doing next 2 in exp due to dependencies\n--NULL AS incurred_loss_amt,\n--NULL AS loss_os_adjexp,\nFROM int_msgr.PMS_FACT_LOSS FL\nleft join\n    (Select distinct\n        policy_key_code,\n        risk_id\n     FROM int_msgr.pms_master_risk_hist R\n        where R. Row_eff_End_Dt = '9999-12-31'\n        and R.policy_key_code!='SBP14554250201-001') RH on RH.policy_key_code=FL.policy_key_code\nleft join cert_msgr.dim_majorperil MP on MP.pms_dim_id=coalesce(FL.major_peril_id,'-99')\nleft join\n    (Select distinct\n        policy_key,\n        agency_code\n     from int_msgr.pms_master_policy_hist\n     WHERE Row_End_Dt = '9999-12-31'\n    ) PMP on PMP.policy_key=FL.policy_key\nleft join\n    (Select distinct\n         agency_id,\n         agency_code\n        from int_msgr.master_agency_detail\n        WHERE Row_End_Dt = '9999-12-31 00:00:00.000'\n        AND  field_representative != 'Jim Ford') MAD on MAD.agency_code=PMP.agency_code\nWHERE\n\t1=1\n--date_part_year(Account_Entered_Dt::date) >= date_part_year(GETDATE()::date) - 10\nGROUP BY\n    --combined_key,\n    MP.majorperil_cd,\n    MAD.agency_code,\n\tFL.Policy_Key_Code,\n\tFL.Policy_Key,\n\tMajor_Peril_ID,\n\t--Sequence_No,\n\tRisk_State_ID,\n\tAccount_Entered_Dt,\n\tClaim_Key,\n\tLoss_Cause,\n\tLoss_Cause_Desc,\n\tAccident_Dt,\n\tReported_Dt,\n\tLoss_Adjustor_No,\n\tClaim_Type,\n\tStateline,\n\tTransaction_CD,\n\tTransaction_Dt,\n\tCASE WHEN Transaction_CD = 'XX'\n\t     THEN NULL\n\t\t WHEN (Transaction_CD >= 20 AND Transaction_CD <=29)\n\t\t      OR (Transaction_CD >= 80 AND Transaction_CD <=89)\n\t\t THEN Transaction_Dt\n\tEND","isFileList":false,"handleSpecialChars":false,"handleDecimalRoundOff":false,"frsAsset":false,"dynamicFileName":false,"excludeDynamicFileNameField":false,"currentlyProcessedFileName":false,"retainFieldMetadata":false,"objectName":"DUMMY_SRC_FactLoss_PMS","objectLabel":"DUMMY_SRC_FactLoss_PMS","useExactSrcNames":false,"tgtObjectAttributes":{},"runtimeParameterData":{"@type":"mtTaskRuntimeParameterData","isConnectionRuntimeParameter":false,"isObjectRuntimeParameter":false,"connectionParameterName":"DBConnection_SRC"},"overridableProperties":[],"overriddenFields":[]},{"@type":"mtTaskParameter","id":75756543,"name":"$tg_Fact_Claims_Transactions_Upsert$","type":"TARGET","label":"DBConnection_TGT","description":"","uiProperties":{"cnxtype":"Amazon Redshift v2","connectionParameterized":"true","paramName":"DBConnection_TGT","paramLabel":"","paramType-mapping":"Connection","logcnx":"DBConnection_TGT","default":"cert_msgr/fact_claims_trans","objectParameterized":"false","visible":"false","defaultTargetUpdateColumns":"combined_key","supportApplyDDLChanges":"false","originalPath":"tg_Fact_Claims_Transactions_Upsert"},"targetConnectionId":"@dqHTiQhJYWolYaNB9bUmKf","targetObject":"cert_msgr/fact_claims_trans","targetObjectLabel":"fact_claims_trans","newFlatFile":false,"newObject":false,"showBusinessNames":true,"naturalOrder":true,"truncateTarget":false,"bulkApiDBTarget":false,"operationType":"Upsert","customFuncCfg":{"@type":"customFuncConfig","id":-1,"connections":[],"inputMap":[],"outputFields":[]},"targetRefsV2":{},"targetUpdateColumns":["combined_key"],"extendedObject":{"@type":"extendedObject","singleMode":true,"filters":[],"sortFields":[]},"runtimeAttrs":{},"isRESTModernSource":true,"isFileList":false,"handleSpecialChars":false,"handleDecimalRoundOff":false,"frsAsset":false,"dynamicFileName":false,"excludeDynamicFileNameField":false,"currentlyProcessedFileName":false,"retainFieldMetadata":false,"objectName":"cert_msgr/fact_claims_trans","objectLabel":"fact_claims_trans","useExactSrcNames":false,"tgtObjectAttributes":{},"runtimeParameterData":{"@type":"mtTaskRuntimeParameterData","isConnectionRuntimeParameter":false,"isObjectRuntimeParameter":false,"connectionParameterName":"DBConnection_TGT"},"overridableProperties":[],"overriddenFields":[]},{"@type":"mtTaskParameter","id":75756544,"name":"$tg_fact_msgr$","type":"TARGET","label":"DBConnection_TGT","description":"","uiProperties":{"cnxtype":"Amazon Redshift v2","connectionParameterized":"true","paramName":"DBConnection_TGT","paramLabel":"","paramType-mapping":"Connection","logcnx":"DBConnection_TGT","default":"cert_msgr/fact_msgr","objectParameterized":"false","visible":"false","defaultTargetUpdateColumns":"","supportApplyDDLChanges":"false","originalPath":"tg_fact_msgr"},"targetConnectionId":"@dqHTiQhJYWolYaNB9bUmKf","targetObject":"cert_msgr/fact_msgr","targetObjectLabel":"fact_msgr","newFlatFile":false,"newObject":false,"showBusinessNames":true,"naturalOrder":true,"truncateTarget":false,"bulkApiDBTarget":false,"operationType":"Insert","customFuncCfg":{"@type":"customFuncConfig","id":-1,"connections":[],"inputMap":[],"outputFields":[]},"targetRefsV2":{},"targetUpdateColumns":[],"extendedObject":{"@type":"extendedObject","singleMode":true,"filters":[],"sortFields":[]},"runtimeAttrs":{},"isRESTModernSource":true,"isFileList":false,"handleSpecialChars":false,"handleDecimalRoundOff":false,"frsAsset":false,"dynamicFileName":false,"excludeDynamicFileNameField":false,"currentlyProcessedFileName":false,"retainFieldMetadata":false,"objectName":"cert_msgr/fact_msgr","objectLabel":"fact_msgr","useExactSrcNames":false,"tgtObjectAttributes":{},"runtimeParameterData":{"@type":"mtTaskRuntimeParameterData","isConnectionRuntimeParameter":false,"isObjectRuntimeParameter":false,"connectionParameterName":"DBConnection_TGT"},"overridableProperties":[],"overriddenFields":[]},{"@type":"mtTaskParameter","id":75756545,"name":"$Lookup$","type":"LOOKUP","label":"Lookup","uiProperties":{"connectionParameterized":"false","isCachedLookup":"true","multipleMatchPolicy":"Use First Value","objectParameterized":"false","visible":"false","originalPath":"Lookup"},"lookupConnectionId":"@57nEaebNo3OgH65Ow0fVWO","lookupObject":"cert_msgr/fact_claims_trans","lookupObjectLabel":"fact_claims_trans","newFlatFile":false,"newObject":false,"showBusinessNames":false,"naturalOrder":true,"truncateTarget":false,"bulkApiDBTarget":false,"customFuncCfg":{"@type":"customFuncConfig","id":-1,"connections":[],"inputMap":[],"outputFields":[]},"targetRefsV2":{},"targetUpdateColumns":[],"runtimeAttrs":{},"isRESTModernSource":true,"isFileList":false,"handleSpecialChars":false,"handleDecimalRoundOff":false,"frsAsset":false,"dynamicFileName":false,"excludeDynamicFileNameField":false,"currentlyProcessedFileName":false,"retainFieldMetadata":false,"objectName":"cert_msgr/fact_claims_trans","objectLabel":"fact_claims_trans","useExactSrcNames":false,"tgtObjectAttributes":{},"runtimeParameterData":{"@type":"mtTaskRuntimeParameterData","isConnectionRuntimeParameter":false,"isObjectRuntimeParameter":false},"overridableProperties":[],"overriddenFields":[]}],"sequences":[{"@type":"sequenceDefinition","id":"1380760","txName":"Sequence","initialValue":"1","currentValue":"2416086"}],"inOutParameters":[],"connRuntimeAttrs":[]}]