[{"@type":"mtTask","id":"@1","name":"cdi_tsk_map_uw_silver_uw_dashboard_question_reply_details_ld","description":"Mapping task for the mapping - cdi_map_uw_silver_uw_dashboard_question_reply_details_ld which loads data from the staging table - underwriting_dashboard_question_reply_stg to the target table - uw_dashboard_question_reply_details in Redshift ","autoExpireObject":false,"runtimeEnvironmentId":"@3pADNCV9u0PcgrXjM7rx0t","maxLogs":10,"verbose":false,"lastRunTime":1742838743000,"mappingId":"@1xsLcVP7Ac6hyQcLzYoBq2","frsGuid":"9ViAbAw2qlNivLKlc0wyaS","shortDescription":"Mapping task for the mapping - cdi_map_uw_silver_u...","sessionPropertiesList":[{"name":"Pushdown Optimization","value":"None","recommended":false},{"name":"Pushdown Optimization Context","value":"None","recommended":false},{"name":"Pushdown Optimization Fallback Option","value":"Partial PDO","recommended":false}],"hidden":false,"enableCrossSchemaPushdown":true,"enableParallelRun":false,"autoTunedApplied":false,"autoTunedAppliedType":"NONE","parameterFileName":"Andover_Parm_Feed.txt","parameterFileDir":"$PMRootDir/andover/parameters","paramFileType":"PARAM_FILE_LOCAL","schemaMode":"async","valid":true,"schemaValidationErrorCount":-1,"serverlessProperties":{},"taskProperties":[{"@type":"taskProperty","name":"parameterFileDir","currentValue":"$PMRootDir/andover/parameters","type":"STRING","label":"label.parameterFileDir","required":false},{"@type":"taskProperty","name":"parameterFileName","currentValue":"Andover_Parm_Feed.txt","type":"STRING","label":"label.parameterFileName","required":false},{"@type":"taskProperty","name":"outboundMessageUrlQueueTime","currentValue":"","type":"NUMBER","label":"label.outboundMessageUrlQueueTime","required":false},{"@type":"taskProperty","name":"outboundMessageUrlToken","currentValue":"","type":"STRING","label":"label.outboundMessageUrlToken","required":false}],"optimizationPlan":"NONE","isMidstreamPreview":false,"parameters":[{"@type":"mtTaskParameter","id":113813072,"name":"$src_redshift_question_reply_stg$","type":"SOURCE","label":"DBConnection_SRC","description":"","uiProperties":{"cnxtype":"Amazon Redshift v2","connectionParameterized":"true","paramName":"DBConnection_SRC","paramLabel":"","paramType-mapping":"Connection","logcnx":"DBConnection_SRC","isSelectDistinct":"false","objectParameterized":"false","visible":"false","originalPath":"src_redshift_question_reply_stg"},"sourceConnectionId":"@aYZ4ekzHgIPeKpiaoqDLKP","sourceObject":"DUMMY_src_redshift_question_reply_stg","newFlatFile":false,"newObject":false,"showBusinessNames":true,"naturalOrder":true,"truncateTarget":false,"bulkApiDBTarget":false,"customFuncCfg":{"@type":"customFuncConfig","id":-1,"connections":[],"inputMap":[],"outputFields":[]},"targetRefsV2":{},"targetUpdateColumns":[],"runtimeAttrs":{},"isRESTModernSource":true,"customQuery":"SELECT  DISTINCT\nprkr.policy_system_id,prkr.policy_number,prkr.policy_module_number,prkr.policy_key,q.system_id AS question_reply_system_id, bs.policyversion as policy_version, q.id AS src_id,q.cmm_container AS question_reply_record_type,q.name AS uw_question,q.value AS uw_answer,a.systemid AS application_system_id,\na.applicationnumber AS application_number, udqrd.uw_dashboard_question_reply_details_row_id as  tgt_row_id,udqrd.uw_dashboard_question_reply_details_md5_hash_value as tgt_md5_hash_key\nFROM dbo.underwriting_dashboard_question_reply_stg q\nLEFT JOIN dbo.policy_risk_key_reference prkr\nON q.system_id = prkr.policy_system_id\nAND q.cmm_container = prkr.policy_cmm_container \nLEFT JOIN dbo.application_stg a\nON q.system_id = a.systemid\nAND q.cmm_container = a.cmmcontainer\nleft join dbo.basicpolicyapp_stg bs \non q.cmm_container = bs.cmmcontainer \nand q.system_id = bs.systemid \nleft join dbo.uw_dashboard_question_reply_details udqrd \non q.id = udqrd.question_reply_id\nand q.system_id =  udqrd.question_reply_system_id \nWHERE prkr.policy_risk_key_reference_row_effective_end_date = '9999-12-31'\nand q.cmm_container = 'Policy'\nUNION\nSELECT  DISTINCT\nprkr.policy_system_id,prkr.policy_number,prkr.policy_module_number,prkr.policy_key,q.system_id AS question_reply_system_id, bs.policyversion as policy_version, q.id AS src_id,q.cmm_container AS question_reply_record_type,q.name AS uw_question, q.value AS uw_answer, bs.systemid AS application_system_id,\nbs.applicationnumber AS application_number, udqrd.uw_dashboard_question_reply_details_row_id as  tgt_row_id, udqrd.uw_dashboard_question_reply_details_md5_hash_value as tgt_md5_hash_key\nFROM dbo.underwriting_dashboard_question_reply_stg q\nLEFT JOIN dbo.policy_risk_key_reference prkr\nON q.system_id = prkr.policy_system_id\nAND q.cmm_container = prkr.policy_cmm_container \nLEFT JOIN dbo.basicpolicy_stg bs\nON q.system_id = bs.systemid \nleft join dbo.uw_dashboard_question_reply_details udqrd \non q.id = udqrd.question_reply_id\nand q.system_id =  udqrd.question_reply_system_id\nAND q.cmm_container = bs.cmmcontainer\nWHERE prkr.policy_risk_key_reference_row_effective_end_date = '9999-12-31'\nand q.cmm_container = 'Application'","isFileList":false,"handleSpecialChars":false,"handleDecimalRoundOff":false,"frsAsset":false,"dynamicFileName":false,"excludeDynamicFileNameField":false,"currentlyProcessedFileName":false,"retainFieldMetadata":false,"objectName":"DUMMY_src_redshift_question_reply_stg","useExactSrcNames":false,"userUpdated":true,"fetchMode":"ORIGINAL","tgtObjectAttributes":{},"runtimeParameterData":{"@type":"mtTaskRuntimeParameterData","isConnectionRuntimeParameter":true,"isObjectRuntimeParameter":false,"connectionParameterName":"DBConnection_SRC"},"overridableProperties":[],"overriddenFields":[]},{"@type":"mtTaskParameter","id":113813073,"name":"$Tgt_insert_uw_dashboard_question_reply_details$","type":"TARGET","label":"DBConnection_TGT","description":"","uiProperties":{"cnxtype":"Amazon Redshift v2","connectionParameterized":"true","paramName":"DBConnection_TGT","paramLabel":"","paramType-mapping":"Connection","logcnx":"DBConnection_TGT","default":"dbo/uw_dashboard_question_reply_details","objectParameterized":"false","visible":"false","defaultTargetUpdateColumns":"","supportApplyDDLChanges":"false","originalPath":"Tgt_insert_uw_dashboard_question_reply_details"},"targetConnectionId":"@aYZ4ekzHgIPeKpiaoqDLKP","targetObject":"dbo/uw_dashboard_question_reply_details","targetObjectLabel":"dbo/uw_dashboard_question_reply_details","newFlatFile":false,"newObject":false,"showBusinessNames":true,"naturalOrder":true,"truncateTarget":false,"bulkApiDBTarget":false,"operationType":"Insert","customFuncCfg":{"@type":"customFuncConfig","id":-1,"connections":[],"inputMap":[],"outputFields":[]},"targetRefsV2":{},"targetUpdateColumns":[],"extendedObject":{"@type":"extendedObject","singleMode":true,"filters":[],"sortFields":[]},"runtimeAttrs":{},"isRESTModernSource":true,"isFileList":false,"handleSpecialChars":false,"handleDecimalRoundOff":false,"frsAsset":false,"dynamicFileName":false,"excludeDynamicFileNameField":false,"currentlyProcessedFileName":false,"retainFieldMetadata":false,"objectName":"dbo/uw_dashboard_question_reply_details","objectLabel":"dbo/uw_dashboard_question_reply_details","useExactSrcNames":false,"userUpdated":true,"fetchMode":"ORIGINAL","tgtObjectAttributes":{},"runtimeParameterData":{"@type":"mtTaskRuntimeParameterData","isConnectionRuntimeParameter":true,"isObjectRuntimeParameter":false,"connectionParameterName":"DBConnection_TGT"},"overridableProperties":[],"targetSchemaProviderType":"SELECTED_OBJECT","overriddenFields":[]},{"@type":"mtTaskParameter","id":113813074,"name":"$Tgt_update_closeout_uw_dashboard_question_reply_details2$","type":"TARGET","label":"DBConnection_TGT","description":"","uiProperties":{"cnxtype":"Amazon Redshift v2","connectionParameterized":"true","paramName":"DBConnection_TGT","paramLabel":"","paramType-mapping":"Connection","logcnx":"DBConnection_TGT","default":"dbo/uw_dashboard_question_reply_details","objectParameterized":"false","visible":"false","defaultTargetUpdateColumns":"question_reply_id,question_reply_system_id","supportApplyDDLChanges":"false","originalPath":"Tgt_update_closeout_uw_dashboard_question_reply_details2"},"targetConnectionId":"@aYZ4ekzHgIPeKpiaoqDLKP","targetObject":"dbo/uw_dashboard_question_reply_details","targetObjectLabel":"dbo/uw_dashboard_question_reply_details","newFlatFile":false,"newObject":false,"showBusinessNames":true,"naturalOrder":true,"truncateTarget":false,"bulkApiDBTarget":false,"operationType":"Update","customFuncCfg":{"@type":"customFuncConfig","id":-1,"connections":[],"inputMap":[],"outputFields":[]},"targetRefsV2":{},"targetUpdateColumns":["question_reply_id","question_reply_system_id"],"extendedObject":{"@type":"extendedObject","singleMode":true,"filters":[],"sortFields":[]},"runtimeAttrs":{},"isRESTModernSource":true,"isFileList":false,"handleSpecialChars":false,"handleDecimalRoundOff":false,"frsAsset":false,"dynamicFileName":false,"excludeDynamicFileNameField":false,"currentlyProcessedFileName":false,"retainFieldMetadata":false,"objectName":"dbo/uw_dashboard_question_reply_details","objectLabel":"dbo/uw_dashboard_question_reply_details","useExactSrcNames":false,"userUpdated":true,"fetchMode":"ORIGINAL","tgtObjectAttributes":{},"runtimeParameterData":{"@type":"mtTaskRuntimeParameterData","isConnectionRuntimeParameter":true,"isObjectRuntimeParameter":false,"connectionParameterName":"DBConnection_TGT"},"overridableProperties":[],"targetSchemaProviderType":"SELECTED_OBJECT","overriddenFields":[]},{"@type":"mtTaskParameter","id":113813075,"name":"$Tgt_update_insert_uw_dashboard_question_reply_details1$","type":"TARGET","label":"DBConnection_TGT","description":"","uiProperties":{"cnxtype":"Amazon Redshift v2","connectionParameterized":"true","paramName":"DBConnection_TGT","paramLabel":"","paramType-mapping":"Connection","logcnx":"DBConnection_TGT","default":"dbo/uw_dashboard_question_reply_details","objectParameterized":"false","visible":"false","defaultTargetUpdateColumns":"","supportApplyDDLChanges":"false","originalPath":"Tgt_update_insert_uw_dashboard_question_reply_details1"},"targetConnectionId":"@aYZ4ekzHgIPeKpiaoqDLKP","targetObject":"dbo/uw_dashboard_question_reply_details","targetObjectLabel":"dbo/uw_dashboard_question_reply_details","newFlatFile":false,"newObject":false,"showBusinessNames":true,"naturalOrder":true,"truncateTarget":false,"bulkApiDBTarget":false,"operationType":"Insert","customFuncCfg":{"@type":"customFuncConfig","id":-1,"connections":[],"inputMap":[],"outputFields":[]},"targetRefsV2":{},"targetUpdateColumns":[],"extendedObject":{"@type":"extendedObject","singleMode":true,"filters":[],"sortFields":[]},"runtimeAttrs":{},"isRESTModernSource":true,"isFileList":false,"handleSpecialChars":false,"handleDecimalRoundOff":false,"frsAsset":false,"dynamicFileName":false,"excludeDynamicFileNameField":false,"currentlyProcessedFileName":false,"retainFieldMetadata":false,"objectName":"dbo/uw_dashboard_question_reply_details","objectLabel":"dbo/uw_dashboard_question_reply_details","useExactSrcNames":false,"userUpdated":true,"fetchMode":"ORIGINAL","tgtObjectAttributes":{},"runtimeParameterData":{"@type":"mtTaskRuntimeParameterData","isConnectionRuntimeParameter":true,"isObjectRuntimeParameter":false,"connectionParameterName":"DBConnection_TGT"},"overridableProperties":[],"targetSchemaProviderType":"SELECTED_OBJECT","overriddenFields":[]}],"sequences":[],"inOutParameters":[],"connRuntimeAttrs":[]}]