[{"@type":"mtTask","id":"@1","name":"cdi_tsk_map_uw_silver_uw_dashboard_question_reply_details_ld","description":"Mapping task for the mapping - cdi_map_uw_silver_uw_dashboard_question_reply_details_ld which loads data from the staging table - underwriting_dashboard_question_reply_stg to the target table - uw_dashboard_question_reply_details in Redshift ","autoExpireObject":false,"runtimeEnvironmentId":"@3pADNCV9u0PcgrXjM7rx0t","maxLogs":10,"verbose":false,"lastRunTime":1743607281000,"mappingId":"@1xsLcVP7Ac6hyQcLzYoBq2","frsGuid":"9ViAbAw2qlNivLKlc0wyaS","shortDescription":"Mapping task for the mapping - cdi_map_uw_silver_u...","sessionPropertiesList":[{"name":"Pushdown Optimization","value":"None","recommended":false},{"name":"Pushdown Optimization Context","value":"None","recommended":false},{"name":"Pushdown Optimization Fallback Option","value":"Partial PDO","recommended":false}],"hidden":false,"enableCrossSchemaPushdown":true,"enableParallelRun":false,"autoTunedApplied":false,"autoTunedAppliedType":"NONE","parameterFileName":"Andover_Parm_Feed.txt","parameterFileDir":"$PMRootDir/andover/parameters","paramFileType":"PARAM_FILE_LOCAL","schemaMode":"async","valid":true,"schemaValidationErrorCount":-1,"serverlessProperties":{},"taskProperties":[{"@type":"taskProperty","name":"parameterFileDir","currentValue":"$PMRootDir/andover/parameters","type":"STRING","label":"label.parameterFileDir","required":false},{"@type":"taskProperty","name":"parameterFileName","currentValue":"Andover_Parm_Feed.txt","type":"STRING","label":"label.parameterFileName","required":false},{"@type":"taskProperty","name":"outboundMessageUrlQueueTime","currentValue":"","type":"NUMBER","label":"label.outboundMessageUrlQueueTime","required":false},{"@type":"taskProperty","name":"outboundMessageUrlToken","currentValue":"","type":"STRING","label":"label.outboundMessageUrlToken","required":false}],"optimizationPlan":"NONE","isMidstreamPreview":false,"parameters":[{"@type":"mtTaskParameter","id":114612457,"name":"$src_redshift_question_reply_stg$","type":"SOURCE","label":"DBConnection_SRC","description":"","uiProperties":{"cnxtype":"Amazon Redshift v2","connectionParameterized":"true","paramName":"DBConnection_SRC","paramLabel":"","paramType-mapping":"Connection","logcnx":"DBConnection_SRC","isSelectDistinct":"false","objectParameterized":"false","visible":"false","originalPath":"src_redshift_question_reply_stg"},"sourceConnectionId":"@aYZ4ekzHgIPeKpiaoqDLKP","sourceObject":"DUMMY_src_redshift_question_reply_stg","newFlatFile":false,"newObject":false,"showBusinessNames":true,"naturalOrder":true,"truncateTarget":false,"bulkApiDBTarget":false,"customFuncCfg":{"@type":"customFuncConfig","id":-1,"connections":[],"inputMap":[],"outputFields":[]},"targetRefsV2":{},"targetUpdateColumns":[],"runtimeAttrs":{},"isRESTModernSource":true,"customQuery":"select\n\tdistinct prkr.policy_system_id,\n\tprkr.policy_number,\n\tprkr.policy_module_number,\n\tprkr.policy_key,\n\tq.system_id as question_reply_system_id,\n\tq.id as src_id,\n\tq.cmm_container as question_reply_record_type,\n\tq.name as uw_question,\n\tq.value as uw_answer,\n\tudqrd.uw_dashboard_question_reply_details_row_id as tgt_row_id,\n\tudqrd.uw_dashboard_question_reply_details_md5_hash_value as tgt_md5_hash_key\nfrom\n\tdbo.underwriting_dashboard_question_reply_stg q\nleft join dbo.policy_risk_key_reference prkr\non\n\tq.system_id = prkr.policy_system_id\n\tand q.cmm_container = prkr.policy_cmm_container\nleft join dbo.uw_dashboard_question_reply_details udqrd \non\n\tq.id = udqrd.question_reply_id\n\tand q.system_id = udqrd.question_reply_system_id\n\tand q.cmm_container = udqrd.question_reply_record_type\n\tand udqrd.uw_dashboard_question_reply_details_row_effective_end_date='9999-12-31'\nwhere\n\tprkr.policy_risk_key_reference_row_effective_end_date = '9999-12-31'\n\tand q.cmm_container = 'Application'\nunion\nselect\n\tdistinct prkr.policy_system_id,\n\tprkr.policy_number,\n\tprkr.policy_module_number,\n\tprkr.policy_key,\n\tq.system_id as question_reply_system_id,\n\tq.id as src_id,\n\tq.cmm_container as question_reply_record_type,\n\tq.name as uw_question,\n\tq.value as uw_answer,\n\tudqrd.uw_dashboard_question_reply_details_row_id as tgt_row_id,\n\tudqrd.uw_dashboard_question_reply_details_md5_hash_value as tgt_md5_hash_key\nfrom\n\tdbo.underwriting_dashboard_question_reply_stg q\nleft join dbo.policy_risk_key_reference prkr\non\n\tq.system_id = prkr.policy_system_id\n\tand q.cmm_container = prkr.policy_cmm_container\nleft join dbo.basicpolicy_stg bpas\non\n\tq.system_id = bpas.systemid\n\tand q.cmm_container = bpas.cmmcontainer\nleft join dbo.uw_dashboard_question_reply_details udqrd \non\n\tq.id = udqrd.question_reply_id\n\tand q.system_id = udqrd.question_reply_system_id\n\tand q.cmm_container = udqrd.question_reply_record_type\n\tand udqrd.uw_dashboard_question_reply_details_row_effective_end_date='9999-12-31'\nwhere\n\tprkr.policy_risk_key_reference_row_effective_end_date = '9999-12-31'\n\tand q.cmm_container = 'Policy'","isFileList":false,"handleSpecialChars":false,"handleDecimalRoundOff":false,"frsAsset":false,"dynamicFileName":false,"excludeDynamicFileNameField":false,"currentlyProcessedFileName":false,"retainFieldMetadata":false,"objectName":"DUMMY_src_redshift_question_reply_stg","useExactSrcNames":false,"userUpdated":true,"fetchMode":"ORIGINAL","tgtObjectAttributes":{},"runtimeParameterData":{"@type":"mtTaskRuntimeParameterData","isConnectionRuntimeParameter":true,"isObjectRuntimeParameter":false,"connectionParameterName":"DBConnection_SRC"},"overridableProperties":[],"overriddenFields":[]},{"@type":"mtTaskParameter","id":114612458,"name":"$Tgt_insert_uw_dashboard_question_reply_details$","type":"TARGET","label":"DBConnection_TGT","description":"","uiProperties":{"cnxtype":"Amazon Redshift v2","connectionParameterized":"true","paramName":"DBConnection_TGT","paramLabel":"","paramType-mapping":"Connection","logcnx":"DBConnection_TGT","default":"dbo/uw_dashboard_question_reply_details","objectParameterized":"false","visible":"false","defaultTargetUpdateColumns":"","supportApplyDDLChanges":"false","originalPath":"Tgt_insert_uw_dashboard_question_reply_details"},"targetConnectionId":"@aYZ4ekzHgIPeKpiaoqDLKP","targetObject":"dbo/uw_dashboard_question_reply_details","targetObjectLabel":"dbo/uw_dashboard_question_reply_details","newFlatFile":false,"newObject":false,"showBusinessNames":true,"naturalOrder":true,"truncateTarget":false,"bulkApiDBTarget":false,"operationType":"Insert","customFuncCfg":{"@type":"customFuncConfig","id":-1,"connections":[],"inputMap":[],"outputFields":[]},"targetRefsV2":{},"targetUpdateColumns":[],"extendedObject":{"@type":"extendedObject","singleMode":true,"filters":[],"sortFields":[]},"runtimeAttrs":{},"isRESTModernSource":true,"isFileList":false,"handleSpecialChars":false,"handleDecimalRoundOff":false,"frsAsset":false,"dynamicFileName":false,"excludeDynamicFileNameField":false,"currentlyProcessedFileName":false,"retainFieldMetadata":false,"objectName":"dbo/uw_dashboard_question_reply_details","objectLabel":"dbo/uw_dashboard_question_reply_details","useExactSrcNames":false,"userUpdated":true,"fetchMode":"ORIGINAL","tgtObjectAttributes":{},"runtimeParameterData":{"@type":"mtTaskRuntimeParameterData","isConnectionRuntimeParameter":true,"isObjectRuntimeParameter":false,"connectionParameterName":"DBConnection_TGT"},"overridableProperties":[],"targetSchemaProviderType":"SELECTED_OBJECT","overriddenFields":[]},{"@type":"mtTaskParameter","id":114612459,"name":"$Tgt_update_closeout_uw_dashboard_question_reply_details2$","type":"TARGET","label":"DBConnection_TGT","description":"","uiProperties":{"cnxtype":"Amazon Redshift v2","connectionParameterized":"true","paramName":"DBConnection_TGT","paramLabel":"","paramType-mapping":"Connection","logcnx":"DBConnection_TGT","default":"dbo/uw_dashboard_question_reply_details","objectParameterized":"false","visible":"false","defaultTargetUpdateColumns":"uw_dashboard_question_reply_details_row_id","supportApplyDDLChanges":"false","originalPath":"Tgt_update_closeout_uw_dashboard_question_reply_details2"},"targetConnectionId":"@aYZ4ekzHgIPeKpiaoqDLKP","targetObject":"dbo/uw_dashboard_question_reply_details","targetObjectLabel":"dbo/uw_dashboard_question_reply_details","newFlatFile":false,"newObject":false,"showBusinessNames":true,"naturalOrder":true,"truncateTarget":false,"bulkApiDBTarget":false,"operationType":"Update","customFuncCfg":{"@type":"customFuncConfig","id":-1,"connections":[],"inputMap":[],"outputFields":[]},"targetRefsV2":{},"targetUpdateColumns":["uw_dashboard_question_reply_details_row_id"],"extendedObject":{"@type":"extendedObject","singleMode":true,"filters":[],"sortFields":[]},"runtimeAttrs":{},"isRESTModernSource":true,"isFileList":false,"handleSpecialChars":false,"handleDecimalRoundOff":false,"frsAsset":false,"dynamicFileName":false,"excludeDynamicFileNameField":false,"currentlyProcessedFileName":false,"retainFieldMetadata":false,"objectName":"dbo/uw_dashboard_question_reply_details","objectLabel":"dbo/uw_dashboard_question_reply_details","useExactSrcNames":false,"userUpdated":true,"fetchMode":"ORIGINAL","tgtObjectAttributes":{},"runtimeParameterData":{"@type":"mtTaskRuntimeParameterData","isConnectionRuntimeParameter":true,"isObjectRuntimeParameter":false,"connectionParameterName":"DBConnection_TGT"},"overridableProperties":[],"targetSchemaProviderType":"SELECTED_OBJECT","overriddenFields":[]},{"@type":"mtTaskParameter","id":114612460,"name":"$Tgt_update_insert_uw_dashboard_question_reply_details1$","type":"TARGET","label":"DBConnection_TGT","description":"","uiProperties":{"cnxtype":"Amazon Redshift v2","connectionParameterized":"true","paramName":"DBConnection_TGT","paramLabel":"","paramType-mapping":"Connection","logcnx":"DBConnection_TGT","default":"dbo/uw_dashboard_question_reply_details","objectParameterized":"false","visible":"false","defaultTargetUpdateColumns":"","supportApplyDDLChanges":"false","originalPath":"Tgt_update_insert_uw_dashboard_question_reply_details1"},"targetConnectionId":"@aYZ4ekzHgIPeKpiaoqDLKP","targetObject":"dbo/uw_dashboard_question_reply_details","targetObjectLabel":"dbo/uw_dashboard_question_reply_details","newFlatFile":false,"newObject":false,"showBusinessNames":true,"naturalOrder":true,"truncateTarget":false,"bulkApiDBTarget":false,"operationType":"Insert","customFuncCfg":{"@type":"customFuncConfig","id":-1,"connections":[],"inputMap":[],"outputFields":[]},"targetRefsV2":{},"targetUpdateColumns":[],"extendedObject":{"@type":"extendedObject","singleMode":true,"filters":[],"sortFields":[]},"runtimeAttrs":{},"isRESTModernSource":true,"isFileList":false,"handleSpecialChars":false,"handleDecimalRoundOff":false,"frsAsset":false,"dynamicFileName":false,"excludeDynamicFileNameField":false,"currentlyProcessedFileName":false,"retainFieldMetadata":false,"objectName":"dbo/uw_dashboard_question_reply_details","objectLabel":"dbo/uw_dashboard_question_reply_details","useExactSrcNames":false,"userUpdated":true,"fetchMode":"ORIGINAL","tgtObjectAttributes":{},"runtimeParameterData":{"@type":"mtTaskRuntimeParameterData","isConnectionRuntimeParameter":true,"isObjectRuntimeParameter":false,"connectionParameterName":"DBConnection_TGT"},"overridableProperties":[],"targetSchemaProviderType":"SELECTED_OBJECT","overriddenFields":[]}],"sequences":[],"inOutParameters":[],"connRuntimeAttrs":[]}]