[{"@type":"mappingTemplate","id":"@1","name":"m_pms_file_etag_chk","description":"","autoExpireObject":false,"bundleVersion":"0","assetFrsGuid":"4fJxF5IrXcYkR7EDC0wcmC","templateId":"@3","deployTime":1699353422000,"hasParameters":true,"valid":true,"fixedConnection":false,"hasParametersDeployed":true,"fixedConnectionDeployed":false,"isSchemaValidationEnabled":false,"tasks":1,"mappingPreviewFileRecordId":"@2","documentType":"","allowMaxFieldLength":false,"specialCharacterSupport":false,"references":[]}]