[{"@type":"mappingTemplate","id":"@1","name":"cdi_map_acx_data_report_bronze_load","description":"","autoExpireObject":false,"bundleVersion":"0","assetFrsGuid":"9tL3WqAFG3QiD8xOZ6yD6O","templateId":"@3","deployTime":1768505149000,"hasParameters":true,"valid":true,"fixedConnection":false,"hasParametersDeployed":true,"fixedConnectionDeployed":false,"isSchemaValidationEnabled":false,"tasks":1,"mappingPreviewFileRecordId":"@2","documentType":"MAPPING","allowMaxFieldLength":false,"specialCharacterSupport":false,"references":[]}]