[{"@type":"mappingTemplate","id":"@1","name":"m_Load_BasicPolicy_to_MasterPolicyDetail_Ld","description":"","autoExpireObject":false,"bundleVersion":"0","assetFrsGuid":"6C9qnX8KUwtf8d2MFoNIik","templateId":"@3","hasParameters":true,"valid":true,"fixedConnection":true,"hasParametersDeployed":false,"fixedConnectionDeployed":false,"isSchemaValidationEnabled":false,"tasks":1,"mappingPreviewFileRecordId":"@2","documentType":"MAPPING","allowMaxFieldLength":false,"specialCharacterSupport":false,"references":[{"@type":"reference","refObjectId":"@aYZ4ekzHgIPeKpiaoqDLKP","refType":"connection"}]}]