[{"@type":"mappingTemplate","id":"@1","name":"cdi_map_stp_validated_data_silver_update_status","description":"","autoExpireObject":false,"bundleVersion":"0","assetFrsGuid":"dg9ZsbhwLavdBxtPTpf4iE","templateId":"@3","hasParameters":true,"valid":true,"fixedConnection":false,"hasParametersDeployed":false,"fixedConnectionDeployed":false,"isSchemaValidationEnabled":false,"tasks":1,"mappingPreviewFileRecordId":"@2","documentType":"MAPPING","allowMaxFieldLength":false,"specialCharacterSupport":false,"references":[]}]