[{"@type":"mtTask","id":"@1","name":"s_m_Load_Risk_to_Risk_Stg_Ld","description":"Session pushed from PC to ICS : s_m_Load_Risk_to_Risk_Stg_Ld","autoExpireObject":false,"errorTaskEmail":{"@type":"taskEmail","id":810686,"emails":"FailureTaskEmailUser@defaultDomainName.com","emailType":"ERROR"},"runtimeEnvironmentId":"@3pADNCV9u0PcgrXjM7rx0t","maxLogs":10,"verbose":false,"lastRunTime":1741277978000,"mappingId":"@8bxyLFxznhffcnkT2Y2rqZ","frsGuid":"0hvpvb8w12YbcuZAbJHjSp","shortDescription":"Session pushed from PC to ICS : s_m_Load_Risk_to_R...","sessionPropertiesList":[{"name":"Allow Temporary Sequence for Pushdown","value":"NO","recommended":false},{"name":"Allow Temporary View for Pushdown","value":"NO","recommended":false},{"name":"Data Column Delimiter","value":"|","recommended":false},{"name":"DTM buffer size","value":" 40725643","recommended":false},{"name":"Error Log File Name","value":"PMError.log","recommended":false},{"name":"Pushdown Optimization","value":"None","recommended":false},{"name":"Pushdown Optimization Context","value":"None","recommended":false},{"name":"Pushdown Optimization Fallback Option","value":"Partial PDO","recommended":false}],"hidden":false,"enableCrossSchemaPushdown":false,"enableParallelRun":false,"autoTunedApplied":false,"autoTunedAppliedType":"NONE","parameterFileName":"Andover_Param_GW.param","parameterFileDir":"$PMRootDir/andover/parameters","paramFileType":"PARAM_FILE_LOCAL","schemaMode":"async","valid":false,"schemaValidationErrorCount":-1,"serverlessProperties":{},"taskProperties":[{"@type":"taskProperty","name":"parameterFileDir","currentValue":"$PMRootDir/andover/parameters","type":"STRING","label":"label.parameterFileDir","required":false},{"@type":"taskProperty","name":"parameterFileName","currentValue":"Andover_Param_GW.param","type":"STRING","label":"label.parameterFileName","required":false},{"@type":"taskProperty","name":"outboundMessageUrlQueueTime","currentValue":"","type":"NUMBER","label":"label.outboundMessageUrlQueueTime","required":false},{"@type":"taskProperty","name":"outboundMessageUrlToken","currentValue":"","type":"STRING","label":"label.outboundMessageUrlToken","required":false}],"jobPriority":"MEDIUM","optimizationPlan":"NONE","isMidstreamPreview":false,"allowMaxFieldLength":false,"specialCharacterSupport":false,"useUserDefinedOrder":false,"parameters":[{"@type":"mtTaskParameter","id":128611127,"name":"$Src_risk$","type":"SOURCE","label":"DBConnection_SRCM","description":"","uiProperties":{"cnxtype":"MySQL","connectionParameterized":"true","paramName":"DBConnection_SRCM","paramLabel":"","paramType-mapping":"Connection","logcnx":"DBConnection_SRCM","isSelectDistinct":"false","objectParameterized":"false","visible":"false","originalPath":"Src_risk"},"sourceObject":"DUMMY_Src_risk","newFlatFile":false,"newObject":false,"showBusinessNames":true,"naturalOrder":true,"truncateTarget":false,"bulkApiDBTarget":false,"customFuncCfg":{"@type":"customFuncConfig","id":-1,"connections":[],"inputMap":[],"outputFields":[]},"targetRefsV2":{},"targetUpdateColumns":[],"fieldOrderList":[],"runtimeAttrs":{},"isRESTModernSource":true,"customQuery":"SELECT distinct risk.SystemId, risk.ParentId, risk.CMMContainer, risk.Id, risk.TypeCd, risk.LocationRef, risk.PrevLocationRef, risk.FullTermAmt, risk.FinalPremiumAmt, risk.WrittenPremiumAmt, risk.CommissionAmt, risk.TransactionCommissionAmt, risk.Status, risk.Description, risk.FutureStatusCd, risk.PrimaryInd, risk.RiskBeanName, risk.RiskAddDt, risk.RiskCancelDt, risk.RiskAddPolicyVersion, risk.RiskAddTransactionNo, risk.RiskCancelPolicyVersion, risk.RiskCancelTransactionNo, risk.CoveredStateIdRef, risk.DebugKey, risk.BasicPremiumAmt, risk.MultiRiskDisplayNumber, risk.CondoOwnedByInsuredInd, risk.CondoRentedInd, risk.CondoBusinessDescription, risk.RiskScreenIndOne, risk.RiskScreenIndTwo, risk.SqFtArea, risk.NumOfStories, risk.BasementInd, risk.CircuitBreakerProtectionInd, risk.StabLokCircuitInd, risk.SpaceHeatersInd, risk.OffPremiseSales, risk.WaterFlowAlarmInd, risk.PremisesAlarm, risk.ULCertificationNumber, risk.ULCertificationExpirationDt, risk.PercentageOfOwnerOccupiedUnits, risk.ListOfTenantsAndOccupancy, risk.BusinessOperationDesc, risk.TotalAnnualSalesOrRentalIncome, risk.SalesFromGasoline, risk.IndependentContractorsInd, risk.NumOfIndependentContractors, risk.PctOfBldgOccupiedByInsured, risk.DeepFryingInd, risk.CookingEquipmentProtectionInd, risk.MaintenanceContractInd, risk.CleaningFrequency, risk.SolidFiltersInd, risk.DuctFt, risk.VerticalCookingVent, risk.RestaurantFloorArea, risk.NumOfYearsInBusiness, risk.LossRunsFromPriorCarriorInd, risk.AnnualSales, risk.AlcoholServedInd, risk.AlcoholSales, risk.BarOrLoungeInd, risk.NumOfSeatsBar, risk.LegalActionBarberBeauticianInd, risk.LegalActBarberBeauticianDesc, risk.LossRunsBarberBeauticianInd, risk.YrsOfExpBarberBeautician, risk.NumOfOperatorsBarberBeautician, risk.FullTime, risk.PartTime, risk.BoothRentalInd, risk.NumOfSubcontractorsUW, risk.EmployeeLicensesInd, risk.WorkOffPremisesInd, risk.WorkOffPremisesFrequency, risk.ServicesProvidedInd, risk.ToolsSterilizedInd, risk.HairTreatmentRecords, risk.ItemsOtherThanHairOrNailInd, risk.ItemsOtherThanHairOrNailDesc, risk.FinedByStateBoardInd, risk.FinedByStateBoardDesc, risk.LegalActionFuneralDirectorInd, risk.LegalActionFuneralDirectorDesc, risk.LossRunsFuneralDirectorInd, risk.AmbulanceServiceInd, risk.NumOfFuneralsPerYear, risk.LegalActionOpticsHearingInd, risk.LegalActionOpticsHearingDesc, risk.CertifiedOpticsHearingInd, risk.MedicalExamInPastSixMonthsInd, risk.InformedOfHearingAidsInd, risk.LegalActionPrinterInd, risk.LegalActionPrinterDesc, risk.AnnualSalesPrinter, risk.MaterialsPrinted, risk.HighHazardMaterialsInd, risk.LegalActionVeterinarianInd, risk.LegalActionVeterinarianDesc, risk.NumberOfVeterinarians, risk.BoardingFacilitiesInd, risk.BoardingFacilitiesDesc, risk.InitialOptionalCoveragesLoad, risk.TerrorismRiskInd, risk.CLIFirewallInd, risk.CLIAntiVirusInd, risk.CLISecurityInd, risk.CLICreditCardInd, risk.CLIPCIDSSInd, risk.CLIOver5KRecordsInd, risk.CLIComplaintsInd, risk.CLIBreacheslInd, risk.CLIDeclinedInd, risk.UnderlyingRiskId, risk.ExposureTypeCd, risk.ExposureTypeDesc, risk.PrimaryUsage, risk.UnderlyingCovId, risk.PremiumGroup, risk.IsRiskMigrated, risk.RowId ,risk.plan\nFROM\n risk\n join advrxxchangedbeans\n on risk.CMMContainer = advrxxchangedbeans.CMMContainer\nand risk.SystemId = advrxxchangedbeans.SystemId\nwhere risk.cmmcontainer in ('Policy')\nand concat(advrxxchangedbeans.adddt,advrxxchangedbeans.addtm)>='$$m_strtdt' \nand concat(advrxxchangedbeans.adddt,advrxxchangedbeans.addtm) <='$$m_Enddt'","commandType":0,"isFileList":false,"handleSpecialChars":false,"handleDecimalRoundOff":false,"frsAsset":false,"dynamicFileName":false,"excludeDynamicFileNameField":false,"currentlyProcessedFileName":false,"retainFieldMetadata":false,"objectName":"DUMMY_Src_risk","useExactSrcNames":false,"userUpdated":true,"tgtObjectAttributes":{},"runtimeParameterData":{"@type":"mtTaskRuntimeParameterData","isConnectionRuntimeParameter":true,"isObjectRuntimeParameter":false,"connectionParameterName":"DBConnection_SRCM"},"overridableProperties":[],"overriddenFields":[]},{"@type":"mtTaskParameter","id":128611128,"name":"$Tgt_risk_Stg$","type":"TARGET","label":"DBConnection_TGT","description":"","uiProperties":{"cnxtype":"Amazon Redshift v2","connectionParameterized":"true","paramName":"DBConnection_TGT","paramLabel":"","paramType-mapping":"Connection","logcnx":"DBConnection_TGT","default":"dbo/risk_stg","objectParameterized":"false","visible":"false","defaultTargetUpdateColumns":"","supportApplyDDLChanges":"false","originalPath":"Tgt_risk_Stg"},"targetObject":"dbo/risk_stg","targetObjectLabel":"risk_stg","newFlatFile":false,"newObject":false,"showBusinessNames":true,"naturalOrder":true,"truncateTarget":false,"bulkApiDBTarget":false,"operationType":"Insert","customFuncCfg":{"@type":"customFuncConfig","id":-1,"connections":[],"inputMap":[],"outputFields":[]},"targetRefsV2":{},"targetUpdateColumns":[],"fieldOrderList":[],"extendedObject":{"@type":"extendedObject","singleMode":true,"filters":[],"sortFields":[]},"runtimeAttrs":{},"isRESTModernSource":true,"commandType":0,"isFileList":false,"handleSpecialChars":false,"handleDecimalRoundOff":false,"frsAsset":false,"dynamicFileName":false,"excludeDynamicFileNameField":false,"currentlyProcessedFileName":false,"retainFieldMetadata":false,"objectName":"dbo/risk_stg","objectLabel":"risk_stg","useExactSrcNames":false,"userUpdated":true,"tgtObjectAttributes":{},"runtimeParameterData":{"@type":"mtTaskRuntimeParameterData","isConnectionRuntimeParameter":true,"isObjectRuntimeParameter":false,"connectionParameterName":"DBConnection_TGT"},"overridableProperties":[],"dbSchema":"","overriddenFields":[]}],"sequences":[],"inOutParameters":[{"@type":"mtTaskInOutParameter","id":"-1","name":"m_strtdt","description":"","initialValue":"","datatype":"STRING","precision":"120","scale":"0","retentionPolicy":"NEVER","aggregationType":"MAX","currentValue":""},{"@type":"mtTaskInOutParameter","id":"-1","name":"m_Enddt","description":"","initialValue":"","datatype":"STRING","precision":"120","scale":"0","retentionPolicy":"NEVER","aggregationType":"MAX","currentValue":""}],"connRuntimeAttrs":[]}]