[{"@type":"mappingTemplate","id":"@1","name":"m_Load_Location_stg_from_Location","description":"This mapping will load the staging table location_stg with incremental data from the GuideWire table Location","autoExpireObject":false,"bundleVersion":"0","assetFrsGuid":"9CVyCLLN1HLix35FUNIjUA","templateId":"@3","hasParameters":true,"valid":true,"fixedConnection":false,"hasParametersDeployed":false,"fixedConnectionDeployed":false,"isSchemaValidationEnabled":false,"tasks":1,"mappingPreviewFileRecordId":"@2","documentType":"","allowMaxFieldLength":false,"specialCharacterSupport":false,"references":[]}]