[{"@type":"mappingTemplate","id":"@1","name":"cdi_mps_map_lc_form_control_three","description":"Parses the LC360 definitions file into a relational dataset for storage on Redshift.","autoExpireObject":false,"bundleVersion":"0","assetFrsGuid":"5SzxJhqdVyXd5AvyAgn5c2","templateId":"@3","deployTime":1738183963000,"hasParameters":true,"valid":true,"fixedConnection":true,"hasParametersDeployed":true,"fixedConnectionDeployed":true,"isSchemaValidationEnabled":false,"tasks":1,"mappingPreviewFileRecordId":"@2","documentType":"MAPPING","allowMaxFieldLength":false,"specialCharacterSupport":false,"references":[{"@type":"reference","refObjectId":"@1IvJk72vnGXd4irDaHsiM6","refType":"structureDefinition"}]}]