[{"@type":"mappingTemplate","id":"@1","name":"M_FF_Copy","description":"","autoExpireObject":false,"bundleVersion":"0","assetFrsGuid":"3ZrOv0iaq5CcWVMa38EgsF","templateId":"@3","deployTime":1756949887000,"hasParameters":true,"valid":true,"fixedConnection":true,"hasParametersDeployed":true,"fixedConnectionDeployed":true,"isSchemaValidationEnabled":false,"tasks":1,"mappingPreviewFileRecordId":"@2","documentType":"MAPPING","allowMaxFieldLength":false,"specialCharacterSupport":false,"references":[{"@type":"reference","refObjectId":"@3vHSWmKkMMUiTsjZa9D70k","refType":"connection"},{"@type":"reference","refObjectId":"@9nnCLPk21nMiOxIgp3fxEi","refType":"connection"}]}]