[{"@type":"mappingTemplate","id":"@1","name":"m_Load_Risk_to_Risk_Stg_Ld","description":"","autoExpireObject":false,"bundleVersion":"0","assetFrsGuid":"8bxyLFxznhffcnkT2Y2rqZ","templateId":"@3","deployTime":1738695812000,"hasParameters":true,"valid":true,"fixedConnection":false,"hasParametersDeployed":true,"fixedConnectionDeployed":false,"isSchemaValidationEnabled":false,"tasks":4,"mappingPreviewFileRecordId":"@2","documentType":"","allowMaxFieldLength":false,"specialCharacterSupport":false,"references":[]}]