[{"@type":"mtTask","id":"@1","name":"s_m_load_claimreinsurancestats_stg_from_claimreinsurancestats","description":"Session pushed from PC to ICS : s_m_load_claimreinsurancestats_stg_from_claimreinsurancestats","runtimeEnvironmentId":"@3pADNCV9u0PcgrXjM7rx0t","maxLogs":10,"verbose":false,"lastRunTime":1718743770000,"mappingId":"@0ReCNtILB91eFKkgyfZy8P","frsGuid":"1fQ2pTWw6uUjz8X8WmMRSU","shortDescription":"Session pushed from PC to ICS : s_m_load_claimrein...","sessionPropertiesList":[{"name":"Allow Temporary Sequence for Pushdown","value":"NO","recommended":false},{"name":"Allow Temporary View for Pushdown","value":"NO","recommended":false},{"name":"Cache LOOKUP() function","value":"YES","recommended":false},{"name":"Commit Interval","value":"10000","recommended":false},{"name":"Commit On End Of File","value":"YES","recommended":false},{"name":"Commit Type","value":"Target","recommended":false},{"name":"Data Column Delimiter","value":"|","recommended":false},{"name":"Error Log File Name","value":"PMError.log","recommended":false},{"name":"Pushdown Optimization","value":"None","recommended":false},{"name":"Pushdown Optimization Context","value":"None","recommended":false},{"name":"Pushdown Optimization Fallback Option","value":"Partial PDO","recommended":false},{"name":"Treat source rows as","value":"Insert","recommended":false}],"hidden":false,"enableCrossSchemaPushdown":false,"enableParallelRun":false,"autoTunedApplied":false,"autoTunedAppliedType":"NONE","parameterFileName":"Andover_Param_GW.param","parameterFileDir":"$PMRootDir/andover/parameters","paramFileType":"PARAM_FILE_LOCAL","schemaMode":"async","valid":true,"schemaValidationErrorCount":-1,"serverlessProperties":{},"taskProperties":[{"@type":"taskProperty","name":"parameterFileDir","currentValue":"$PMRootDir/andover/parameters","type":"STRING","label":"label.parameterFileDir","required":false},{"@type":"taskProperty","name":"parameterFileName","currentValue":"Andover_Param_GW.param","type":"STRING","label":"label.parameterFileName","required":false},{"@type":"taskProperty","name":"outboundMessageUrlQueueTime","currentValue":"","type":"NUMBER","label":"label.outboundMessageUrlQueueTime","required":false},{"@type":"taskProperty","name":"outboundMessageUrlToken","currentValue":"","type":"STRING","label":"label.outboundMessageUrlToken","required":false}],"optimizationPlan":"NONE","isMidstreamPreview":false,"parameters":[{"@type":"mtTaskParameter","id":91569972,"name":"$SQ_claimreinsurancestats$","type":"SOURCE","label":"DBConnection_SRCM","description":"","uiProperties":{"cnxtype":"MySQL","connectionParameterized":"true","paramName":"DBConnection_SRCM","paramLabel":"","paramType-mapping":"Connection","logcnx":"DBConnection_SRCM","isSelectDistinct":"false","objectParameterized":"false","visible":"false","originalPath":"SQ_claimreinsurancestats"},"sourceConnectionId":"@jPo49nVatmzbSnPefVZwCV","sourceObject":"DUMMY_SQ_claimreinsurancestats","newFlatFile":false,"newObject":false,"showBusinessNames":true,"naturalOrder":true,"truncateTarget":false,"bulkApiDBTarget":false,"customFuncCfg":{"@type":"customFuncConfig","id":-1,"connections":[],"inputMap":[],"outputFields":[]},"targetRefsV2":{},"targetUpdateColumns":[],"runtimeAttrs":{},"isRESTModernSource":true,"customQuery":"SELECT claimreinsurancestats.SystemId, claimreinsurancestats.id, claimreinsurancestats.StatSequence, claimreinsurancestats.StatSequenceReplace, claimreinsurancestats.PolicyRef, claimreinsurancestats.PolicyNumber, claimreinsurancestats.PolicyVersion, claimreinsurancestats.TransactionNumber, claimreinsurancestats.EffectiveDt, claimreinsurancestats.ExpirationDt, claimreinsurancestats.CombinedKey, claimreinsurancestats.AddDt, claimreinsurancestats.BookDt, claimreinsurancestats.PolicyYear, claimreinsurancestats.StartDt, claimreinsurancestats.EndDt, claimreinsurancestats.StatusCd, claimreinsurancestats.ReinsuranceName, claimreinsurancestats.ReinsuranceItemName, claimreinsurancestats.ReserveCd, claimreinsurancestats.ReserveTypeCd, claimreinsurancestats.MasterSubInd, claimreinsurancestats.TransactionCd, claimreinsurancestats.AnnualStatementLineCd, claimreinsurancestats.StateCd, claimreinsurancestats.ClaimNumber, claimreinsurancestats.ClaimRef, claimreinsurancestats.CarrierCd, claimreinsurancestats.CarrierGroupCd, claimreinsurancestats.LossYear, claimreinsurancestats.ExpectedRecoveryChangeAmt, claimreinsurancestats.ReserveChangeAmt, claimreinsurancestats.PaidAmt, claimreinsurancestats.PostedRecoveryAmt, claimreinsurancestats.ProductVersionIdRef, claimreinsurancestats.LossDt, claimreinsurancestats.ReportDt, claimreinsurancestats.LossCauseCd, claimreinsurancestats.SubLossCauseCd, claimreinsurancestats.ClaimStatusCd, claimreinsurancestats.ProductName, claimreinsurancestats.PolicyProductVersionIdRef, claimreinsurancestats.PolicyProductName, claimreinsurancestats.PolicyTypeCd, claimreinsurancestats.PolicyGroupCd, claimreinsurancestats.ReversalStopInd, claimreinsurancestats.CustomerRef, claimreinsurancestats.SummaryKey, claimreinsurancestats.RecoveryTransactionCd, claimreinsurancestats.CatastropheRef, claimreinsurancestats.RecoveryTransactionNumber, claimreinsurancestats.CatastropheNumber, claimreinsurancestats.HistoricReserveAmt, claimreinsurancestats.HistoricExpectedRecoveryAmt, claimreinsurancestats.HistoricPaidAmt, claimreinsurancestats.ReinsuranceCoverageGroupCd, claimreinsurancestats.ReinsuranceReserveCd, claimreinsurancestats.GroupIdRef, claimreinsurancestats.GroupIdName, claimreinsurancestats.CoverageTriggerCd, claimreinsurancestats.AwarenessDt, claimreinsurancestats.ProducerProviderCd, claimreinsurancestats.ISO_COL, claimreinsurancestats.MajorPerilCd,\nclaimreinsurancestats.UpdateTimestamp \nFROM\n claimreinsurancestats \n where UpdateTimestamp  >= '$$m_strtdt' and UpdateTimestamp < '$$m_Enddt'","isFileList":false,"handleSpecialChars":false,"handleDecimalRoundOff":false,"frsAsset":false,"dynamicFileName":false,"excludeDynamicFileNameField":false,"currentlyProcessedFileName":false,"retainFieldMetadata":false,"objectName":"DUMMY_SQ_claimreinsurancestats","useExactSrcNames":false,"fetchMode":"ORIGINAL","tgtObjectAttributes":{},"runtimeParameterData":{"@type":"mtTaskRuntimeParameterData","isConnectionRuntimeParameter":true,"isObjectRuntimeParameter":false,"connectionParameterName":"DBConnection_SRCM"},"overridableProperties":[],"overriddenFields":[]},{"@type":"mtTaskParameter","id":91569973,"name":"$CLaimReinsuranceStats_Stg$","type":"TARGET","label":"DBConnection_TGT","description":"","uiProperties":{"cnxtype":"Amazon Redshift v2","connectionParameterized":"true","paramName":"DBConnection_TGT","paramLabel":"","paramType-mapping":"Connection","logcnx":"DBConnection_TGT","default":"dbo/claimreinsurancestats_stg","objectParameterized":"false","visible":"false","defaultTargetUpdateColumns":"","supportApplyDDLChanges":"true","originalPath":"CLaimReinsuranceStats_Stg"},"targetConnectionId":"@aYZ4ekzHgIPeKpiaoqDLKP","targetObject":"dbo/claimreinsurancestats_stg","targetObjectLabel":"claimreinsurancestats_stg","newFlatFile":false,"newObject":false,"showBusinessNames":true,"naturalOrder":true,"truncateTarget":false,"bulkApiDBTarget":false,"operationType":"Insert","customFuncCfg":{"@type":"customFuncConfig","id":-1,"connections":[],"inputMap":[],"outputFields":[]},"targetRefsV2":{},"targetUpdateColumns":[],"extendedObject":{"@type":"extendedObject","singleMode":true,"filters":[],"sortFields":[]},"runtimeAttrs":{},"isRESTModernSource":true,"isFileList":false,"handleSpecialChars":false,"handleDecimalRoundOff":false,"frsAsset":false,"dynamicFileName":false,"excludeDynamicFileNameField":false,"currentlyProcessedFileName":false,"retainFieldMetadata":false,"objectName":"dbo/claimreinsurancestats_stg","objectLabel":"claimreinsurancestats_stg","useExactSrcNames":false,"fetchMode":"ORIGINAL","tgtObjectAttributes":{},"runtimeParameterData":{"@type":"mtTaskRuntimeParameterData","isConnectionRuntimeParameter":true,"isObjectRuntimeParameter":false,"connectionParameterName":"DBConnection_TGT"},"overridableProperties":[],"targetSchemaProviderType":"SELECTED_OBJECT","overriddenFields":[]}],"sequences":[],"inOutParameters":[{"@type":"mtTaskInOutParameter","id":"-1","name":"m_strtdt","description":"","initialValue":"","datatype":"STRING","precision":"120","scale":"0","retentionPolicy":"NEVER","aggregationType":"MAX","currentValue":""},{"@type":"mtTaskInOutParameter","id":"-1","name":"m_Enddt","description":"","initialValue":"","datatype":"STRING","precision":"120","scale":"0","retentionPolicy":"NEVER","aggregationType":"MAX","currentValue":""}],"connRuntimeAttrs":[]}]