[{"@type":"mtTask","id":"@1","name":"s_m_gw_job_multiple_load_check","description":"Session pushed from PC to ICS : s_m_gw_job_multiple_load_check","autoExpireObject":false,"runtimeEnvironmentId":"@3pADNCV9u0PcgrXjM7rx0t","maxLogs":10,"verbose":false,"lastRunTime":1741880171000,"mappingId":"@5HEKlsVX36Ai4K1XtVKDSe","frsGuid":"i61ZtwLNL6AhuHKsFcgcEq","shortDescription":"Session pushed from PC to ICS : s_m_gw_job_multipl...","sessionPropertiesList":[{"name":"Allow Temporary Sequence for Pushdown","value":"NO","recommended":false},{"name":"Allow Temporary View for Pushdown","value":"NO","recommended":false},{"name":"Data Column Delimiter","value":"|","recommended":false},{"name":"Error Log File Name","value":"PMError.log","recommended":false},{"name":"Pushdown Optimization","value":"None","recommended":false},{"name":"Pushdown Optimization Context","value":"None","recommended":false},{"name":"Pushdown Optimization Fallback Option","value":"Partial PDO","recommended":false}],"hidden":false,"enableCrossSchemaPushdown":false,"enableParallelRun":true,"autoTunedApplied":false,"autoTunedAppliedType":"NONE","parameterFileName":"Andover_Param_GW_Check.param","parameterFileDir":"$PMRootDir/andover/parameters","paramFileType":"PARAM_FILE_LOCAL","schemaMode":"async","valid":true,"schemaValidationErrorCount":-1,"serverlessProperties":{},"taskProperties":[{"@type":"taskProperty","name":"parameterFileDir","currentValue":"$PMRootDir/andover/parameters","type":"STRING","label":"label.parameterFileDir","required":false},{"@type":"taskProperty","name":"parameterFileName","currentValue":"Andover_Param_GW_Check.param","type":"STRING","label":"label.parameterFileName","required":false},{"@type":"taskProperty","name":"outboundMessageUrlQueueTime","currentValue":"","type":"NUMBER","label":"label.outboundMessageUrlQueueTime","required":false},{"@type":"taskProperty","name":"outboundMessageUrlToken","currentValue":"","type":"STRING","label":"label.outboundMessageUrlToken","required":false}],"jobPriority":"MEDIUM","optimizationPlan":"NONE","isMidstreamPreview":false,"allowMaxFieldLength":false,"specialCharacterSupport":false,"useUserDefinedOrder":false,"parameters":[{"@type":"mtTaskParameter","id":112310688,"name":"$Source$","type":"SOURCE","label":"DBConnection_SRCM","description":"","uiProperties":{"cnxtype":"MySQL","connectionParameterized":"true","paramName":"DBConnection_SRCM","paramLabel":"","paramType-mapping":"Connection","logcnx":"DBConnection_SRCM","isSelectDistinct":"false","objectParameterized":"false","visible":"false","originalPath":"Source"},"sourceConnectionId":"@jPo49nVatmzbSnPefVZwCV","sourceObject":"DUMMY_Source","newFlatFile":false,"newObject":false,"showBusinessNames":true,"naturalOrder":true,"truncateTarget":false,"bulkApiDBTarget":false,"customFuncCfg":{"@type":"customFuncConfig","id":-1,"connections":[],"inputMap":[],"outputFields":[]},"targetRefsV2":{},"targetUpdateColumns":[],"fieldOrderList":[],"runtimeAttrs":{},"isRESTModernSource":true,"customQuery":"select JobTemplateIdRef,concat(enddt,' ',substr(endtm,1,8)) as datefield, concat(Startdt,' ',substr(StartTm,1,8)) as n_datefield, status from jobhistory","commandType":0,"isFileList":false,"handleSpecialChars":false,"handleDecimalRoundOff":false,"frsAsset":false,"dynamicFileName":false,"excludeDynamicFileNameField":false,"currentlyProcessedFileName":false,"retainFieldMetadata":false,"objectName":"DUMMY_Source","useExactSrcNames":false,"userUpdated":true,"tgtObjectAttributes":{},"runtimeParameterData":{"@type":"mtTaskRuntimeParameterData","isConnectionRuntimeParameter":true,"isObjectRuntimeParameter":false,"connectionParameterName":"DBConnection_SRCM"},"overridableProperties":[],"overriddenFields":[]},{"@type":"mtTaskParameter","id":112310689,"name":"$TGT_GWJobCompletionCheck$","type":"TARGET","label":"FF_Conn_Agent","description":"","uiProperties":{"cnxtype":"Amazon S3 v2","connectionParameterized":"true","paramName":"FF_Conn_Agent","paramLabel":"","paramType-mapping":"Connection","logcnx":"FF_Conn_Agent","default":"/temp/gwjobmultipleloadcheck.txt","objectParameterized":"false","visible":"false","defaultTargetUpdateColumns":"","supportApplyDDLChanges":"true","originalPath":"TGT_GWJobCompletionCheck"},"targetConnectionId":"@azEva6zs2GVd8TkGbhUF48","targetObject":"/temp/gwjobmultipleloadcheck.txt","targetObjectLabel":"/temp/gwjobmultipleloadcheck.txt","newFlatFile":false,"newObject":true,"showBusinessNames":true,"naturalOrder":true,"newObjectName":"/temp/gwjobmultipleloadcheck.txt","truncateTarget":false,"bulkApiDBTarget":false,"operationType":"Insert","customFuncCfg":{"@type":"customFuncConfig","id":-1,"connections":[],"inputMap":[],"outputFields":[]},"targetRefsV2":{},"targetUpdateColumns":[],"fieldOrderList":[],"extendedObject":{"@type":"extendedObject","singleMode":true,"filters":[],"sortFields":[]},"runtimeAttrs":{"Merge Partition Files":"NO","File Merge":"NO"},"oprRuntimeAttrs":{"stageFileMerging":"NO","mergePartitionFiles":"NO"},"isRESTModernSource":true,"commandType":0,"isFileList":false,"handleSpecialChars":false,"handleDecimalRoundOff":false,"frsAsset":false,"dynamicFileName":false,"excludeDynamicFileNameField":false,"currentlyProcessedFileName":false,"retainFieldMetadata":false,"objectName":"/temp/gwjobmultipleloadcheck.txt","objectLabel":"/temp/gwjobmultipleloadcheck.txt","useExactSrcNames":false,"userUpdated":true,"tgtObjectAttributes":{"parent":"/temp"},"dataFormat":{"@type":"dataFormat","formatId":"Flat","schema":"","dataFormatAttributes":{"escapeChar":"\\","rowDelimiter":"","importColumnFromFirstLine":"true","headerLineNumber":"","maxRowsToPreview":"0","distributionColumn":"","qualifierMode":"ALL","firstDataRow":"1","generateHeader":"true","delimiter":",","qualifier":"\"","targetHeader":"Without Header","disableEscapeChar":"true","codePage":"UTF-8","fixedWidthMode":"false"}},"runtimeParameterData":{"@type":"mtTaskRuntimeParameterData","isConnectionRuntimeParameter":true,"isObjectRuntimeParameter":false,"connectionParameterName":"FF_Conn_Agent"},"overridableProperties":[],"overriddenFields":[]},{"@type":"mtTaskParameter","id":112310690,"name":"$LKP_batchstrtdt$","type":"LOOKUP","label":"FF_Conn_Agent","description":"","uiProperties":{"cnxtype":"Amazon S3 v2","connectionParameterized":"true","paramName":"FF_Conn_Agent","paramLabel":"","paramType-mapping":"Connection","logcnx":"FF_Conn_Agent","isCachedLookup":"true","multipleMatchPolicy":"Use Any Value","default":"devidmcsecureagent-secureagent72579156-j5tnwr2hd1yi/temp%2F/batchchktgt.txt","objectParameterized":"false","visible":"false","originalPath":"LKP_batchstrtdt"},"lookupConnectionId":"@azEva6zs2GVd8TkGbhUF48","lookupObject":"devidmcsecureagent-secureagent72579156-j5tnwr2hd1yi/temp%2F/batchchktgt.txt","lookupObjectLabel":"batchchktgt.txt","newFlatFile":false,"newObject":false,"showBusinessNames":true,"naturalOrder":true,"truncateTarget":false,"bulkApiDBTarget":false,"customFuncCfg":{"@type":"customFuncConfig","id":-1,"connections":[],"inputMap":[],"outputFields":[]},"targetRefsV2":{},"targetUpdateColumns":[],"fieldOrderList":[],"runtimeAttrs":{"Cache File Name Prefix":"","Lookup Index Cache Size":"AUTO","Optional":"true","Lookup cache persistent":"false","Lookup source is static":"false","Case Sensitive String Comparison":"false","Folder Path":"/temp","Re-cache from lookup source":"false","Incremental File Load":"NO","Insert Else Update":"false","Lookup caching enabled":"true","Lookup Data Cache Size":"AUTO","Tracing Level":"Normal","Enable Recursive Read":"NO","Sorted Input":"false","Allow Wildcard Characters":"NO","Lookup cache directory name":"$PMCacheDir","Output Old Value On Update":"false","Dynamic Lookup Cache":"false","Pre-build lookup cache":"AUTO","Null ordering":""},"oprRuntimeAttrs":{"enableIncrementalLoad":"NO","enableRecursiveRead":"NO","enableWildChar":"NO","S3FolderPath":"/temp"},"isRESTModernSource":true,"commandType":0,"isFileList":false,"handleSpecialChars":false,"handleDecimalRoundOff":false,"frsAsset":false,"dynamicFileName":false,"excludeDynamicFileNameField":false,"currentlyProcessedFileName":false,"retainFieldMetadata":false,"objectName":"devidmcsecureagent-secureagent72579156-j5tnwr2hd1yi/temp%2F/batchchktgt.txt","objectLabel":"batchchktgt.txt","useExactSrcNames":false,"userUpdated":true,"tgtObjectAttributes":{},"dataFormat":{"@type":"dataFormat","formatId":"Flat","schema":"","dataFormatAttributes":{"escapeChar":"\\","rowDelimiter":"","importColumnFromFirstLine":"true","headerLineNumber":"","maxRowsToPreview":"0","distributionColumn":"","qualifierMode":"ALL","firstDataRow":"1","generateHeader":"true","delimiter":",","qualifier":"\"","targetHeader":"Without Header","disableEscapeChar":"true","codePage":"UTF-8","fixedWidthMode":"false"}},"runtimeParameterData":{"@type":"mtTaskRuntimeParameterData","isConnectionRuntimeParameter":true,"isObjectRuntimeParameter":false,"connectionParameterName":"FF_Conn_Agent"},"overridableProperties":[],"overriddenFields":[]}],"sequences":[],"inOutParameters":[],"connRuntimeAttrs":[]}]