[{"@type":"mappingTemplate","id":"@1","name":"m_load_import_NonPremTrans_from_file","description":"This mapping will load data from the nonpremium transaction files into the import layer table.","bundleVersion":"0","templateId":"@3","deployTime":1720712158000,"hasParameters":true,"valid":true,"fixedConnection":false,"hasParametersDeployed":true,"fixedConnectionDeployed":false,"isSchemaValidationEnabled":false,"tasks":1,"mappingPreviewFileRecordId":"@2","documentType":"","references":[{"@type":"reference","refObjectId":"@5nrZ6W1hUr4i7dY5bwMxUq","refType":"fwConfig"}]}]