[{"@type":"mtTask","id":"@1","name":"cdi_tsk_map_uw_silver_uw_dashboard_flag_note_details_ld","autoExpireObject":false,"runtimeEnvironmentId":"@3pADNCV9u0PcgrXjM7rx0t","maxLogs":10,"verbose":false,"lastRunTime":1743106105000,"mappingId":"@4AHaTvbcRkVhHLyuDrVv04","frsGuid":"egjpEdoRdAQczXAoabnjsQ","sessionPropertiesList":[{"name":"Pushdown Optimization","value":"None","recommended":false},{"name":"Pushdown Optimization Context","value":"None","recommended":false},{"name":"Pushdown Optimization Fallback Option","value":"Partial PDO","recommended":false}],"hidden":false,"enableCrossSchemaPushdown":true,"enableParallelRun":false,"autoTunedApplied":false,"autoTunedAppliedType":"NONE","parameterFileName":"Andover_Param_GW.param","parameterFileDir":"$PMRootDir/andover/parameters","paramFileType":"PARAM_FILE_LOCAL","schemaMode":"async","valid":true,"schemaValidationErrorCount":-1,"serverlessProperties":{},"taskProperties":[{"@type":"taskProperty","name":"parameterFileDir","currentValue":"$PMRootDir/andover/parameters","type":"STRING","label":"label.parameterFileDir","required":false},{"@type":"taskProperty","name":"parameterFileName","currentValue":"Andover_Param_GW.param","type":"STRING","label":"label.parameterFileName","required":false},{"@type":"taskProperty","name":"outboundMessageUrlQueueTime","currentValue":"","type":"NUMBER","label":"label.outboundMessageUrlQueueTime","required":false},{"@type":"taskProperty","name":"outboundMessageUrlToken","currentValue":"","type":"STRING","label":"label.outboundMessageUrlToken","required":false}],"optimizationPlan":"NONE","isMidstreamPreview":false,"parameters":[{"@type":"mtTaskParameter","id":114210577,"name":"$src_query$","type":"SOURCE","label":"DBConnection_SRC","description":"","uiProperties":{"cnxtype":"Amazon Redshift v2","connectionParameterized":"true","paramName":"DBConnection_SRC","paramLabel":"","paramType-mapping":"Connection","logcnx":"DBConnection_SRC","isSelectDistinct":"false","objectParameterized":"false","visible":"false","originalPath":"src_query"},"sourceConnectionId":"@aYZ4ekzHgIPeKpiaoqDLKP","sourceObject":"DUMMY_src_query","newFlatFile":false,"newObject":false,"showBusinessNames":true,"naturalOrder":true,"truncateTarget":false,"bulkApiDBTarget":false,"customFuncCfg":{"@type":"customFuncConfig","id":-1,"connections":[],"inputMap":[],"outputFields":[]},"targetRefsV2":{},"targetUpdateColumns":[],"runtimeAttrs":{},"isRESTModernSource":true,"customQuery":"select\n\tdistinct \n\tprkr.policy_system_id,\n\tprkr.policy_number,\n\tprkr.policy_module_number,\n\tprkr.policy_key,\n\tn.system_id as note_system_id,\n\tn.cmm_container as note_cmm_container,\n\tn.parent_id as note_parent_id,\n\tn.id as note_id,\n\tn.status as note_status,\n\tn.sticky_ind as note_sticky_indicator,\n\tn.description as note_description,\n\tn.memo as note_memo,\n\tnd.uw_dashboard_flag_note_details_row_id,\n\tnd.uw_dashboard_flag_note_details_md5_hash_value\nfrom\n\t(\n\tselect\n\t\tsystem_id,\n\t\tcmm_container,\n\t\tid,\n\t\tparent_id,\n\t\trow_id,\n\t\tsticky_ind,\n\t\tstatus,\n\t\tdescription,\n\t\tmemo,\n\t\trank() over (partition by system_id,\n\t\tid\n\torder by\n\t\tsticky_ind,\n\t\trow_id desc) as rnk\n\tfrom\n\t\tdbo.note_stg) n\nleft join dbo.policy_risk_key_reference prkr\non\n\tn.system_id = prkr.policy_system_id\n\tand n.cmm_container = prkr.policy_cmm_container\nleft join dbo.uw_dashboard_flag_note_details nd\t\non\n\tn.system_id = nd.note_system_id\n\tand n.cmm_container = nd.note_cmm_container\n\tand n.parent_id = nd.note_parent_id\n\tand n.id = nd.note_id\n\tand nd.uw_dashboard_flag_note_details_row_effective_end_date = '9999-12-31'\nwhere\n\t  prkr.policy_risk_key_reference_row_effective_end_date = '9999-12-31'\n\tand n.cmm_container = 'Application'\n\tand n.rnk = 1\nunion\nselect\n\tdistinct \n\tprkr.policy_system_id,\n\tprkr.policy_number,\n\tprkr.policy_module_number,\n\tprkr.policy_key,\n\tn.system_id as note_system_id,\n\tn.cmm_container as note_cmm_container,\n\tn.parent_id as note_parent_id,\n\tn.id as note_id,\n\tn.status as note_status,\n\tn.sticky_ind as note_sticky_indicator,\n\tn.description as note_description,\n\tn.memo as note_memo,\n\tnd.uw_dashboard_flag_note_details_row_id,\n\tnd.uw_dashboard_flag_note_details_md5_hash_value\nfrom\n\t(\n\tselect\n\t\tsystem_id,\n\t\tcmm_container,\n\t\tid,\n\t\tparent_id,\n\t\trow_id,\n\t\tsticky_ind,\n\t\tstatus,\n\t\tdescription,\n\t\tmemo,\n\t\trank() over (partition by system_id,\n\t\tid\n\torder by\n\t\tsticky_ind,\n\t\trow_id desc) as rnk\n\tfrom\n\t\tdbo.note_stg) n\nleft join dbo.policy_risk_key_reference prkr\non\n\tn.system_id = prkr.policy_system_id\n\tand n.cmm_container = prkr.policy_cmm_container\nleft join dbo.uw_dashboard_flag_note_details nd\non\n\tn.system_id = nd.note_system_id\n\tand n.cmm_container = nd.note_cmm_container\n\tand n.parent_id = nd.note_parent_id\n\tand n.id = nd.note_id\n\tand nd.uw_dashboard_flag_note_details_row_effective_end_date = '9999-12-31'\nwhere\n\tprkr.policy_risk_key_reference_row_effective_end_date = '9999-12-31'\n\tand n.cmm_container = 'Policy'\n\tand n.rnk = 1","isFileList":false,"handleSpecialChars":false,"handleDecimalRoundOff":false,"frsAsset":false,"dynamicFileName":false,"excludeDynamicFileNameField":false,"currentlyProcessedFileName":false,"retainFieldMetadata":false,"objectName":"DUMMY_src_query","useExactSrcNames":false,"userUpdated":true,"tgtObjectAttributes":{},"runtimeParameterData":{"@type":"mtTaskRuntimeParameterData","isConnectionRuntimeParameter":false,"isObjectRuntimeParameter":false,"connectionParameterName":"DBConnection_SRC"},"overridableProperties":[],"overriddenFields":[]},{"@type":"mtTaskParameter","id":114210578,"name":"$tgt_uw_dashboard_flag_note_details_close$","type":"TARGET","label":"DBConnection_TGT","description":"","uiProperties":{"cnxtype":"Amazon Redshift v2","connectionParameterized":"true","paramName":"DBConnection_TGT","paramLabel":"","paramType-mapping":"Connection","logcnx":"DBConnection_TGT","default":"dbo/uw_dashboard_flag_note_details","objectParameterized":"false","visible":"false","defaultTargetUpdateColumns":"uw_dashboard_flag_note_details_row_id","supportApplyDDLChanges":"false","originalPath":"tgt_uw_dashboard_flag_note_details_close"},"targetConnectionId":"@aYZ4ekzHgIPeKpiaoqDLKP","targetObject":"dbo/uw_dashboard_flag_note_details","targetObjectLabel":"dbo/uw_dashboard_flag_note_details","newFlatFile":false,"newObject":false,"showBusinessNames":true,"naturalOrder":true,"truncateTarget":false,"bulkApiDBTarget":false,"operationType":"Update","customFuncCfg":{"@type":"customFuncConfig","id":-1,"connections":[],"inputMap":[],"outputFields":[]},"targetRefsV2":{},"targetUpdateColumns":["uw_dashboard_flag_note_details_row_id"],"extendedObject":{"@type":"extendedObject","singleMode":true,"filters":[],"sortFields":[]},"runtimeAttrs":{},"isRESTModernSource":true,"isFileList":false,"handleSpecialChars":false,"handleDecimalRoundOff":false,"frsAsset":false,"dynamicFileName":false,"excludeDynamicFileNameField":false,"currentlyProcessedFileName":false,"retainFieldMetadata":false,"objectName":"dbo/uw_dashboard_flag_note_details","objectLabel":"dbo/uw_dashboard_flag_note_details","useExactSrcNames":false,"userUpdated":true,"tgtObjectAttributes":{},"runtimeParameterData":{"@type":"mtTaskRuntimeParameterData","isConnectionRuntimeParameter":false,"isObjectRuntimeParameter":false,"connectionParameterName":"DBConnection_TGT"},"overridableProperties":[],"overriddenFields":[]},{"@type":"mtTaskParameter","id":114210579,"name":"$tgt_uw_dashboard_flag_note_details_insert$","type":"TARGET","label":"DBConnection_TGT","description":"","uiProperties":{"cnxtype":"Amazon Redshift v2","connectionParameterized":"true","paramName":"DBConnection_TGT","paramLabel":"","paramType-mapping":"Connection","logcnx":"DBConnection_TGT","default":"dbo/uw_dashboard_flag_note_details","objectParameterized":"false","visible":"false","defaultTargetUpdateColumns":"","supportApplyDDLChanges":"false","originalPath":"tgt_uw_dashboard_flag_note_details_insert"},"targetConnectionId":"@aYZ4ekzHgIPeKpiaoqDLKP","targetObject":"dbo/uw_dashboard_flag_note_details","targetObjectLabel":"dbo/uw_dashboard_flag_note_details","newFlatFile":false,"newObject":false,"showBusinessNames":true,"naturalOrder":true,"truncateTarget":false,"bulkApiDBTarget":false,"operationType":"Insert","customFuncCfg":{"@type":"customFuncConfig","id":-1,"connections":[],"inputMap":[],"outputFields":[]},"targetRefsV2":{},"targetUpdateColumns":[],"extendedObject":{"@type":"extendedObject","singleMode":true,"filters":[],"sortFields":[]},"runtimeAttrs":{},"isRESTModernSource":true,"isFileList":false,"handleSpecialChars":false,"handleDecimalRoundOff":false,"frsAsset":false,"dynamicFileName":false,"excludeDynamicFileNameField":false,"currentlyProcessedFileName":false,"retainFieldMetadata":false,"objectName":"dbo/uw_dashboard_flag_note_details","objectLabel":"dbo/uw_dashboard_flag_note_details","useExactSrcNames":false,"userUpdated":true,"tgtObjectAttributes":{},"runtimeParameterData":{"@type":"mtTaskRuntimeParameterData","isConnectionRuntimeParameter":false,"isObjectRuntimeParameter":false,"connectionParameterName":"DBConnection_TGT"},"overridableProperties":[],"overriddenFields":[]},{"@type":"mtTaskParameter","id":114210580,"name":"$tgt_uw_dashboard_flag_note_details_update$","type":"TARGET","label":"DBConnection_TGT","description":"","uiProperties":{"cnxtype":"Amazon Redshift v2","connectionParameterized":"true","paramName":"DBConnection_TGT","paramLabel":"","paramType-mapping":"Connection","logcnx":"DBConnection_TGT","default":"dbo/uw_dashboard_flag_note_details","objectParameterized":"false","visible":"false","defaultTargetUpdateColumns":"","supportApplyDDLChanges":"false","originalPath":"tgt_uw_dashboard_flag_note_details_update"},"targetConnectionId":"@aYZ4ekzHgIPeKpiaoqDLKP","targetObject":"dbo/uw_dashboard_flag_note_details","targetObjectLabel":"dbo/uw_dashboard_flag_note_details","newFlatFile":false,"newObject":false,"showBusinessNames":true,"naturalOrder":true,"truncateTarget":false,"bulkApiDBTarget":false,"operationType":"Insert","customFuncCfg":{"@type":"customFuncConfig","id":-1,"connections":[],"inputMap":[],"outputFields":[]},"targetRefsV2":{},"targetUpdateColumns":[],"extendedObject":{"@type":"extendedObject","singleMode":true,"filters":[],"sortFields":[]},"runtimeAttrs":{},"isRESTModernSource":true,"isFileList":false,"handleSpecialChars":false,"handleDecimalRoundOff":false,"frsAsset":false,"dynamicFileName":false,"excludeDynamicFileNameField":false,"currentlyProcessedFileName":false,"retainFieldMetadata":false,"objectName":"dbo/uw_dashboard_flag_note_details","objectLabel":"dbo/uw_dashboard_flag_note_details","useExactSrcNames":false,"userUpdated":true,"tgtObjectAttributes":{},"runtimeParameterData":{"@type":"mtTaskRuntimeParameterData","isConnectionRuntimeParameter":false,"isObjectRuntimeParameter":false,"connectionParameterName":"DBConnection_TGT"},"overridableProperties":[],"overriddenFields":[]}],"sequences":[],"inOutParameters":[],"connRuntimeAttrs":[]}]