[{"@type":"mappingTemplate","id":"@1","name":"cdi_map_acx_silver_policy_risk_key_reference_ld","description":"","autoExpireObject":false,"bundleVersion":"0","assetFrsGuid":"bgvHCVtd5ANhpg9rjhc2wN","templateId":"@3","deployTime":1746814223000,"hasParameters":true,"valid":true,"fixedConnection":false,"hasParametersDeployed":true,"fixedConnectionDeployed":false,"isSchemaValidationEnabled":false,"tasks":2,"mappingPreviewFileRecordId":"@2","documentType":"MAPPING","allowMaxFieldLength":false,"references":[]}]