[{"@type":"mappingTemplate","id":"@1","name":"m_PMS_Master_Risk_Temp_SQL_SERVER_TO_Redshift","description":"","autoExpireObject":false,"bundleVersion":"0","assetFrsGuid":"4nmRvNfig8al9ptvvg5KAh","templateId":"@3","deployTime":1720705200000,"hasParameters":true,"valid":true,"fixedConnection":false,"hasParametersDeployed":true,"fixedConnectionDeployed":false,"isSchemaValidationEnabled":false,"tasks":1,"mappingPreviewFileRecordId":"@2","documentType":"MAPPING","allowMaxFieldLength":false,"references":[]}]