[{"@type":"mappingTemplate","id":"@1","name":"m_Load_Coverage_stg_to_Master_Coverage_Ld - Copy 1","description":"Mapping to load Master coverage table from stage table","autoExpireObject":false,"bundleVersion":"0","assetFrsGuid":"5n8wZoDXYiYf8HR68vm3s9","templateId":"@3","hasParameters":true,"valid":true,"fixedConnection":false,"hasParametersDeployed":false,"fixedConnectionDeployed":false,"isSchemaValidationEnabled":false,"tasks":0,"mappingPreviewFileRecordId":"@2","documentType":"","allowMaxFieldLength":false,"specialCharacterSupport":false,"references":[]}]