[{"@type":"mappingTemplate","id":"@1","name":"m_Load_PolicyReinsuranceEarnedPremiumFact_from_staging","description":"","autoExpireObject":false,"bundleVersion":"0","assetFrsGuid":"e6SNbTODKIydRbmloIYm8w","templateId":"@3","deployTime":1723209955000,"hasParameters":true,"valid":true,"fixedConnection":false,"hasParametersDeployed":true,"fixedConnectionDeployed":false,"isSchemaValidationEnabled":false,"tasks":1,"mappingPreviewFileRecordId":"@2","documentType":"MAPPING","allowMaxFieldLength":false,"specialCharacterSupport":false,"references":[]}]