[{"@type":"mtTask","id":"@1","name":"s_m_load_accounttransaction_from_accountstats","description":"Session pushed from PC to ICS : s_m_load_accounttransaction_from_accountstats","runtimeEnvironmentId":"@3pADNCV9u0PcgrXjM7rx0t","maxLogs":10,"verbose":false,"lastRunTime":1707303782000,"mappingId":"@3Gk8c7qRl2bgZex8VqSg2a","frsGuid":"1KwHVS8i861gAkvuIOwUcP","shortDescription":"Session pushed from PC to ICS : s_m_load_accounttr...","sessionPropertiesList":[{"name":"Allow Temporary Sequence for Pushdown","value":"NO","recommended":false},{"name":"Allow Temporary View for Pushdown","value":"NO","recommended":false},{"name":"Commit Interval","value":"10000","recommended":false},{"name":"Data Column Delimiter","value":"|","recommended":false},{"name":"DateTime Format String","value":"MM/DD/YYYY HH24:MI:SS.US","recommended":false},{"name":"Error Log File Name","value":"PMError.log","recommended":false},{"name":"Pushdown Optimization","value":"None","recommended":false},{"name":"Pushdown Optimization Context","value":"None","recommended":false},{"name":"Pushdown Optimization Fallback Option","value":"Partial PDO","recommended":false},{"name":"Treat source rows as","value":"Insert","recommended":false}],"enableCrossSchemaPushdown":false,"enableParallelRun":false,"autoTunedApplied":false,"autoTunedAppliedType":"NONE","parameterFileName":"Andover_Param_GW.param","parameterFileDir":"$PMRootDir/andover/parameters","paramFileType":"PARAM_FILE_LOCAL","schemaMode":"async","valid":true,"schemaValidationErrorCount":-1,"serverlessProperties":{},"taskProperties":[{"@type":"taskProperty","name":"parameterFileDir","currentValue":"$PMRootDir/andover/parameters","type":"STRING","label":"label.parameterFileDir","required":false},{"@type":"taskProperty","name":"parameterFileName","currentValue":"Andover_Param_GW.param","type":"STRING","label":"label.parameterFileName","required":false}],"jobPriority":"MEDIUM","optimizationPlan":"NONE","parameters":[{"@type":"mtTaskParameter","id":76794232,"name":"$SQ_accountstats_stg$","type":"SOURCE","label":"DBConnection_SRC","description":"","uiProperties":{"cnxtype":"Amazon Redshift v2","connectionParameterized":"true","paramName":"DBConnection_SRC","paramLabel":"","paramType-mapping":"Connection","logcnx":"DBConnection_SRC","isSelectDistinct":"false","objectParameterized":"false","visible":"false","originalPath":"SQ_accountstats_stg"},"sourceConnectionId":"@aYZ4ekzHgIPeKpiaoqDLKP","sourceObject":"DUMMY_SQ_accountstats_stg","newFlatFile":false,"newObject":false,"showBusinessNames":true,"naturalOrder":true,"truncateTarget":false,"bulkApiDBTarget":false,"customFuncCfg":{"@type":"customFuncConfig","id":-1,"connections":[],"inputMap":[],"outputFields":[]},"targetRefsV2":{},"targetUpdateColumns":[],"runtimeAttrs":{},"isRESTModernSource":true,"customQuery":"SELECT accountstats_stg.SystemId, accountstats_stg.Id, accountstats_stg.StatSequence, accountstats_stg.StatSequenceReplace, accountstats_stg.PolicyNumber, \naccountstats_stg.PolicyVersion, accountstats_stg.BillingEntitySequenceNumber, accountstats_stg.CombinedKey, accountstats_stg.AddDt, accountstats_stg.BookDt, \naccountstats_stg.StartDt, accountstats_stg.EndDt, accountstats_stg.StatusCd, accountstats_stg.AccountNumber, accountstats_stg.AccountTypeCd, accountstats_stg.PayPlanCd, \naccountstats_stg.TransactionTypeCd, accountstats_stg.SourceCd, accountstats_stg.TransactionNumber, accountstats_stg.PolicyTransactionCd, accountstats_stg.ChargeAmt, \naccountstats_stg.CommissionChargeAmt, accountstats_stg.BalanceAmt, accountstats_stg.PaidAmt, accountstats_stg.AdjustmentAmt, accountstats_stg.CategoryCd, accountstats_stg.NetPaidAmt,\naccountstats_stg.EffectiveDt, accountstats_stg.ProviderCd, accountstats_stg.CheckNumber, accountstats_stg.CheckAmt, accountstats_stg.CheckDt, accountstats_stg.BatchId,\naccountstats_stg.NextDueDt, accountstats_stg.InsuredName, accountstats_stg.PaidBy, accountstats_stg.PaidByName, accountstats_stg.StatementTypeCd, accountstats_stg.ActivityTypeCd, \naccountstats_stg.PolicyTransactionNumber, accountstats_stg.CommissionPct, accountstats_stg.CommissionTypeCd, accountstats_stg.AccountRef, accountstats_stg.PolicyRef, \naccountstats_stg.PayOffAmt, accountstats_stg.ReversalStopInd, accountstats_stg.CommissionKey, accountstats_stg.PolicyTransactionEffectiveDt, accountstats_stg.AccountingDt, \naccountstats_stg.CarrierGroupCd, accountstats_stg.CarrierCd, accountstats_stg.CustomerRef, accountstats_stg.BillMethod, accountstats_stg.StateCd, accountstats_stg.DepositoryLocationCd, \naccountstats_stg.NetChargeAmt, accountstats_stg.NetAdjustmentAmt, accountstats_stg.GrossNetInd, accountstats_stg.NetBalanceAmt, accountstats_stg.CommissionTakenAmt, \naccountstats_stg.TransactionDesc, accountstats_stg.ReverseReason, accountstats_stg.EntryDt, accountstats_stg.SystemCheckNumber, accountstats_stg.AdjustmentTypeCd, \naccountstats_stg.ACHAgent, accountstats_stg.SettlementDt, accountstats_stg.AuditAccountInd, accountstats_stg.PaymentServiceAccountId, accountstats_stg.StatementAccountNumber, \naccountstats_stg.StatementAccountRef, accountstats_stg.UserId, accountstats_stg.ARReceiptTypeCd, accountstats_stg.CreditCardTypeCd \nFROM\n dbo.accountstats_stg  accountstats_stg left join dbo.accounttransaction at on accountstats_stg.StatSequence=at.StatSequence where at.AccountTransactionKey is null","isFileList":false,"handleSpecialChars":false,"handleDecimalRoundOff":false,"frsAsset":false,"dynamicFileName":false,"excludeDynamicFileNameField":false,"currentlyProcessedFileName":false,"retainFieldMetadata":false,"objectName":"DUMMY_SQ_accountstats_stg","useExactSrcNames":false,"tgtObjectAttributes":{},"runtimeParameterData":{"@type":"mtTaskRuntimeParameterData","isConnectionRuntimeParameter":true,"isObjectRuntimeParameter":false,"connectionParameterName":"DBConnection_SRC"},"overridableProperties":[],"overriddenFields":[]},{"@type":"mtTaskParameter","id":76794233,"name":"$AccountTransaction$","type":"TARGET","label":"DBConnection_TGT","description":"","uiProperties":{"cnxtype":"Amazon Redshift v2","connectionParameterized":"true","paramName":"DBConnection_TGT","paramLabel":"","paramType-mapping":"Connection","logcnx":"DBConnection_TGT","default":"dbo/accounttransaction","objectParameterized":"false","visible":"false","defaultTargetUpdateColumns":"","supportApplyDDLChanges":"false","originalPath":"AccountTransaction"},"targetConnectionId":"@aYZ4ekzHgIPeKpiaoqDLKP","targetObject":"dbo/accounttransaction","targetObjectLabel":"accounttransaction","newFlatFile":false,"newObject":false,"showBusinessNames":true,"naturalOrder":true,"truncateTarget":false,"bulkApiDBTarget":false,"operationType":"Insert","customFuncCfg":{"@type":"customFuncConfig","id":-1,"connections":[],"inputMap":[],"outputFields":[]},"targetRefsV2":{},"targetUpdateColumns":[],"extendedObject":{"@type":"extendedObject","singleMode":true,"filters":[],"sortFields":[]},"runtimeAttrs":{},"isRESTModernSource":true,"isFileList":false,"handleSpecialChars":false,"handleDecimalRoundOff":false,"frsAsset":false,"dynamicFileName":false,"excludeDynamicFileNameField":false,"currentlyProcessedFileName":false,"retainFieldMetadata":false,"objectName":"dbo/accounttransaction","objectLabel":"accounttransaction","useExactSrcNames":false,"tgtObjectAttributes":{},"runtimeParameterData":{"@type":"mtTaskRuntimeParameterData","isConnectionRuntimeParameter":true,"isObjectRuntimeParameter":false,"connectionParameterName":"DBConnection_TGT"},"overridableProperties":[],"overriddenFields":[]},{"@type":"mtTaskParameter","id":76794234,"name":"$lkp_billingfees$","type":"LOOKUP","label":"DBConnection_TGT","description":"","uiProperties":{"cnxtype":"Amazon Redshift v2","connectionParameterized":"true","paramName":"DBConnection_TGT","paramLabel":"","paramType-mapping":"Connection","logcnx":"DBConnection_TGT","isCachedLookup":"true","multipleMatchPolicy":"Use Any Value","objectParameterized":"false","visible":"false","originalPath":"lkp_billingfees"},"lookupConnectionId":"@aYZ4ekzHgIPeKpiaoqDLKP","lookupObject":"DUMMY_lkp_billingfees","newFlatFile":false,"newObject":false,"showBusinessNames":true,"naturalOrder":true,"truncateTarget":false,"bulkApiDBTarget":false,"customFuncCfg":{"@type":"customFuncConfig","id":-1,"connections":[],"inputMap":[],"outputFields":[]},"targetRefsV2":{},"targetUpdateColumns":[],"runtimeAttrs":{},"isRESTModernSource":true,"customQuery":"SELECT  accountstats_stg.PolicyNumber as PolicyNumber, accountstats_stg.PolicyVersion as PolicyVersion, accountstats_stg.AccountNumber as AccountNumber, accountstats_stg.TransactionNumber as TransactionNumber, accountstats_stg.BatchId as BatchId, accountstats_stg.TransactionTypeCd as TransactionTypeCd, accountstats_stg.CheckNumber as CheckNumber, accountstats_stg.StatementTypeCd as StatementTypeCd, sum(accountstats_stg.BillingFees) as BillingFees, accountstats_stg.ActivityTypeCd as ActivityTypeCd \nFROM ((SELECT POLICYNUMBER as PolicyNumber, PolicyVersion as PolicyVersion, ACCOUNTNUMBER as AccountNumber, TRANSACTIONNUMBER as transactionnumber, BATCHID as BatchId, TRANSACTIONTYPECD as TransactionTypeCd, CHECKNUMBER as CheckNumber, STATEMENTTYPECD as StatementTypeCd,  PAIDAMT as BillingFees, ACTIVITYTYPECD as ActivityTypeCd\nFROM dbo.AccountStats_Stg\nWHERE ActivityTypeCd = 'Receipt'\n  and CategoryCd in ('LateFee','ReinstatementFee','NSFFee','RebillFee' )\n  and TransactionTypeCd not in ('ItemAdjustment','PolicyChange','Invoice')\n  and (GrossNetInd = 'Gross' or (GrossNetInd is null and StatementTypeCd ='Gross')) )\nUNION ALL\n(SELECT POLICYNUMBER as PolicyNumber, PolicyVersion as PolicyVersion, ACCOUNTNUMBER as AccountNumber, TRANSACTIONNUMBER as transactionnumber, BATCHID as BatchId, TRANSACTIONTYPECD as TransactionTypeCd, CHECKNUMBER as CheckNumber, STATEMENTTYPECD as StatementTypeCd,  PAIDAMT as BillingFees, ACTIVITYTYPECD as ActivityTypeCd\nFROM dbo.AccountStats_Stg\nWHERE ActivityTypeCd = 'Refund'\n  and CategoryCd in ('LateFee','ReinstatementFee','NSFFee', 'RebillFee')\n  and (GrossNetInd = 'Gross' or (GrossNetInd is null and StatementTypeCd ='Gross')) )\nUNION ALL\n(SELECT POLICYNUMBER as PolicyNumber, PolicyVersion as PolicyVersion, ACCOUNTNUMBER as AccountNumber, TRANSACTIONNUMBER as transactionnumber, BATCHID as BatchId, TRANSACTIONTYPECD as TransactionTypeCd, CHECKNUMBER as CheckNumber, STATEMENTTYPECD as StatementTypeCd,  PAIDAMT as BillingFees, ACTIVITYTYPECD as ActivityTypeCd\nFROM dbo.AccountStats_Stg\nWHERE ActivityTypeCd = 'Adjustment'\n  and CategoryCd in ('LateFee','ReinstatementFee','NSFFee', 'RebillFee')\n  and TransactionTypeCd not in ('ItemAdjustment','ManualReversal','PolicyChange','Invoice'))\nUNION ALL\n(SELECT POLICYNUMBER as PolicyNumber, PolicyVersion as PolicyVersion, ACCOUNTNUMBER as AccountNumber, TRANSACTIONNUMBER as transactionnumber, BATCHID as BatchId, TRANSACTIONTYPECD as TransactionTypeCd, CHECKNUMBER as CheckNumber, STATEMENTTYPECD as StatementTypeCd,  PAIDAMT as BillingFees, ACTIVITYTYPECD as ActivityTypeCd\nFROM dbo.AccountStats_Stg\nWHERE ActivityTypeCd = 'Receipt'\n  and CategoryCd in ('LateFee','ReinstatementFee','NSFFee', 'RebillFee')\n  and TransactionTypeCd not in ('ItemAdjustment','PolicyChange','Invoice') \n  and (GrossNetInd = 'Net' or (GrossNetInd is null and StatementTypeCd ='Net')) )\nUNION ALL\n(SELECT POLICYNUMBER as PolicyNumber, PolicyVersion as PolicyVersion, ACCOUNTNUMBER as AccountNumber, TRANSACTIONNUMBER as transactionnumber, BATCHID as BatchId, TRANSACTIONTYPECD as TransactionTypeCd, CHECKNUMBER as CheckNumber, STATEMENTTYPECD as StatementTypeCd,  PAIDAMT as BillingFees, ACTIVITYTYPECD as ActivityTypeCd\nFROM dbo.AccountStats_Stg\nWHERE ActivityTypeCd = 'Refund'\n  and CategoryCd in ('LateFee','ReinstatementFee','NSFFee', 'RebillFee') \n  and (GrossNetInd = 'Net' or (GrossNetInd is null and StatementTypeCd ='Net')) )\nUNION ALL\n(SELECT POLICYNUMBER as PolicyNumber, PolicyVersion as PolicyVersion, ACCOUNTNUMBER as AccountNumber, TRANSACTIONNUMBER as transactionnumber, BATCHID as BatchId, TRANSACTIONTYPECD as TransactionTypeCd, CHECKNUMBER as CheckNumber, STATEMENTTYPECD as StatementTypeCd,  PAIDAMT as BillingFees, ACTIVITYTYPECD as ActivityTypeCd\nFROM dbo.AccountStats_Stg\nWHERE ActivityTypeCd = 'Adjustment'\n  and CategoryCd in ('LateFee','ReinstatementFee','NSFFee', 'RebillFee')\nand TransactionTypeCd not in ('ItemAdjustment','ManualReversal','PolicyChange','Invoice')  \n  and (GrossNetInd = 'Net' or (GrossNetInd is null and StatementTypeCd ='Net')) )) as accountstats_stg\n  group by \naccountstats_stg.PolicyNumber, accountstats_stg.PolicyVersion, accountstats_stg.AccountNumber, accountstats_stg.TransactionNumber, accountstats_stg.BatchId, accountstats_stg.TransactionTypeCd, accountstats_stg.CheckNumber, accountstats_stg.StatementTypeCd, accountstats_stg.ActivityTypeCd","isFileList":false,"handleSpecialChars":false,"handleDecimalRoundOff":false,"frsAsset":false,"dynamicFileName":false,"excludeDynamicFileNameField":false,"currentlyProcessedFileName":false,"retainFieldMetadata":false,"objectName":"DUMMY_lkp_billingfees","useExactSrcNames":false,"tgtObjectAttributes":{},"runtimeParameterData":{"@type":"mtTaskRuntimeParameterData","isConnectionRuntimeParameter":true,"isObjectRuntimeParameter":false,"connectionParameterName":"DBConnection_TGT"},"overridableProperties":[],"overriddenFields":[]},{"@type":"mtTaskParameter","id":76794235,"name":"$lkp_chargefees$","type":"LOOKUP","label":"DBConnection_TGT","description":"","uiProperties":{"cnxtype":"Amazon Redshift v2","connectionParameterized":"true","paramName":"DBConnection_TGT","paramLabel":"","paramType-mapping":"Connection","logcnx":"DBConnection_TGT","isCachedLookup":"true","multipleMatchPolicy":"Use Any Value","objectParameterized":"false","visible":"false","originalPath":"lkp_chargefees"},"lookupConnectionId":"@aYZ4ekzHgIPeKpiaoqDLKP","lookupObject":"DUMMY_lkp_chargefees","newFlatFile":false,"newObject":false,"showBusinessNames":true,"naturalOrder":true,"truncateTarget":false,"bulkApiDBTarget":false,"customFuncCfg":{"@type":"customFuncConfig","id":-1,"connections":[],"inputMap":[],"outputFields":[]},"targetRefsV2":{},"targetUpdateColumns":[],"runtimeAttrs":{},"isRESTModernSource":true,"customQuery":"SELECT \nChargeAmt as FEECHARGED, \nPolicyNumber as POLICYNUMBER,\nPolicyVersion as POLICYVERSION, \nBookDt as BOOKDT, \nCategoryCd as CATEGORYCD,\nInsuredName as INSUREDNAME, \nCarrierCd as  CARRIERCD, \nAccountNumber as ACCOUNTNUMBER\nFROM dbo.accountstats_stg\nwhere --BookDt between ? and ?\n--and \nCategoryCd in ('InstallmentFee')\nand ChargeAmt <> 0\nUNION ALL\n(SELECT \nAdjustmentAmt as FEECHARGED, \nPolicyNumber as POLICYNUMBER,\nPolicyVersion as POLICYVERSION, \nBookDt as BOOKDT, \nCategoryCd as CATEGORYCD,\nInsuredName as INSUREDNAME, \nCarrierCd as  CARRIERCD, \nAccountNumber as ACCOUNTNUMBER\nFROM dbo.accountstats_stg\nwhere --BookDt between ? and ?\n--and \nCategoryCd in ('LateFee', 'NSFFee', 'ReinstatementFee', 'RebillFee')\nand TransactionTypeCd = 'ItemAdjustment'\nand AdjustmentTypeCd not in ('WaiveDebit', 'WaiveCredit', 'WaiveDebitReversal', 'WaiveCreditReversal')\nand AdjustmentAmt <> 0)","isFileList":false,"handleSpecialChars":false,"handleDecimalRoundOff":false,"frsAsset":false,"dynamicFileName":false,"excludeDynamicFileNameField":false,"currentlyProcessedFileName":false,"retainFieldMetadata":false,"objectName":"DUMMY_lkp_chargefees","useExactSrcNames":false,"tgtObjectAttributes":{},"runtimeParameterData":{"@type":"mtTaskRuntimeParameterData","isConnectionRuntimeParameter":true,"isObjectRuntimeParameter":false,"connectionParameterName":"DBConnection_TGT"},"overridableProperties":[],"overriddenFields":[]}],"sequences":[],"inOutParameters":[],"connRuntimeAttrs":[]}]