[{"@type":"mtTask","id":"@1","name":"s_m_loading_dim_agency","description":"","runtimeEnvironmentId":"@3pADNCV9u0PcgrXjM7rx0t","maxLogs":10,"verbose":false,"mappingId":"@7zUEMBvQG5ZgrGUKyO0esG","frsGuid":"iZ4JUzyK4yyjtu79YZ7qs7","shortDescription":"","sessionPropertiesList":[{"name":"Allow Temporary Sequence for Pushdown","value":"NO","recommended":false},{"name":"Allow Temporary View for Pushdown","value":"YES","recommended":false},{"name":"Pushdown Optimization","value":"None","recommended":false},{"name":"Pushdown Optimization Context","value":"None","recommended":false},{"name":"Pushdown Optimization Fallback Option","value":"Partial PDO","recommended":false}],"enableCrossSchemaPushdown":true,"enableParallelRun":true,"autoTunedApplied":false,"autoTunedAppliedType":"NONE","parameterFileName":"devidmcsecureagent-secureagent72579156-j5tnwr2hd1yi/parameters/Andover_Param_MSGR_Refactor.param","paramFileType":"PARAM_FILE_CLOUD","schemaMode":"async","valid":true,"schemaValidationErrorCount":-1,"paramFileConnectionId":"@azEva6zs2GVd8TkGbhUF48","parameterFileEncoding":"UTF-8","serverlessProperties":{},"taskProperties":[{"@type":"taskProperty","name":"parameterFileObject","currentValue":"devidmcsecureagent-secureagent72579156-j5tnwr2hd1yi/parameters/Andover_Param_MSGR_Refactor.param","type":"STRING","label":"label.parameterFileObject","required":false},{"@type":"taskProperty","name":"paramFileConnectionId","currentValue":"01COEW0B00000000000S","type":"CONNECTION","label":"label.paramFileConnection","required":false}],"optimizationPlan":"NONE","parameters":[{"@type":"mtTaskParameter","id":75308816,"name":"$SQ_master_agency$","type":"SOURCE","label":"DBConnection_SRC","description":"","uiProperties":{"cnxtype":"Amazon Redshift v2","connectionParameterized":"true","paramName":"DBConnection_SRC","paramLabel":"","paramType-mapping":"Connection","logcnx":"DBConnection_SRC","isSelectDistinct":"false","objectParameterized":"false","visible":"false","originalPath":"SQ_master_agency"},"sourceConnectionId":"@dqHTiQhJYWolYaNB9bUmKf","sourceObject":"DUMMY_SQ_master_agency","newFlatFile":false,"newObject":false,"showBusinessNames":true,"naturalOrder":true,"truncateTarget":false,"bulkApiDBTarget":false,"customFuncCfg":{"@type":"customFuncConfig","id":-1,"connections":[],"inputMap":[],"outputFields":[]},"targetRefsV2":{},"targetUpdateColumns":[],"runtimeAttrs":{},"isRESTModernSource":true,"customQuery":"SELECT\n    A.source_cd,\n    A.\"Agency_Code\" AS agency_code,\n\n    CASE\n        WHEN A.\"Status\" = 'Cancelled' THEN\n            'Cancelled - ' || A.\"Agency_Name\" || ' (' || A.\"Agency_Code\" || ')'\n        ELSE\n            A.\"Agency_Name\" || ' (' || A.\"Agency_Code\" || ')'\n    END AS agency_name,\n\n    COALESCE(A.\"Agency_Address\", 'Not Applicable') AS agency_address,\n    COALESCE(A.\"Agency_City\", 'Not Applicable') AS agency_city,\n    COALESCE(A.\"Agency_State\", 'Not Applicable') AS agency_state,\n    COALESCE(A.\"Agency_City\" || ' ' || A.\"Agency_State\", 'Not Applicable') AS agency_city_state,\n    COALESCE(A.\"Agency_Zipcode\", 'Not Applicable') AS agency_zip_code,\n    COALESCE(A.\"Field_Representative_Group\", 'Not Applicable') AS field_representative_group,\n    COALESCE(A.\"Field_Representative\", 'All Other Sales Territory') AS field_representative,\n    A.\"Agency_Appointed_Dt\" AS agency_appointed_dt,\n    A.\"Agency_Contact_Phone\" AS agency_contact_phone,\n    A.\"agency_alpha_workflow\" AS agency_alpha_workflow,\n    A.\"Sales_Territory\" AS sales_territory,\n    A.\"Field_Representative_State\" AS field_representative_state,\n    A.\"Agency_Contact_Fax\" AS agency_contact_fax,\n    A.\"Source_Cd\" AS agency_source,\n    A.\"Status\" AS status,\n    A.\"Agency_Mail_Address1\" || ' ' || A.\"Agency_Mail_Address2\" AS agency_mailing_address,\n    A.\"Agency_Mail_City\" AS agency_mailing_city,\n    A.\"Agency_Mail_State\" AS agency_mailing_state,\n    A.\"Agency_Mail_Zipcode\" AS agency_mailing_zip,\n    A.\"Agency_Email1\" AS agency_email1,\n    A.\"Agency_Email2\" AS agency_email2,\n    A.\"Agency_Email3\" AS agency_email3,\n    A.\"Agency_Email4\" AS agency_email4,\n    A.\"Agency_Email5\" AS agency_email5,\n    A.\"Agency_Email6\" AS agency_email6,\n    A.\"Agency_Email7\" AS agency_email7,\n    A.\"Agency_Email8\" AS agency_email8,\n    A.\"Agency_Email9\" AS agency_email9,\n    A.\"Agency_Email10\" AS agency_email10,\n\t COALESCE(G.\"Agency_Group_Nbr\", 'Ungrouped')   AS agency_group,\nCOALESCE(G.\"Agency_Group_Name\", 'Ungrouped')  AS agency_group_name,\nG.\"Agency_Group_Id\" AS agency_group_id,\nG.\"Agency_Group_Name1\" AS group_name1,\n    G.\"Agency_Group_Name2\" AS group_name2,\n    G.\"Qualifying_Amount\" AS qualifying_amount,\n    G.\"AgencyGroup_Email1\" AS agencygroup_email1,\n    G.\"AgencyGroup_Email2\" AS agencygroup_email2,\n    G.\"AgencyGroup_Email3\" AS agencygroup_email3,\n    G.\"AgencyGroup_Email4\" AS agencygroup_email4,\n    G.\"AgencyGroup_Email5\" AS agencygroup_email5,\n    G.\"AgencyGroup_Email6\" AS agencygroup_email6,\n    G.\"AgencyGroup_Email7\" AS agencygroup_email7,\n    G.\"AgencyGroup_Email8\" AS agencygroup_email8,\n    G.\"AgencyGroup_Email9\" AS agencygroup_email9,\n    G.\"AgencyGroup_Email10\" AS agencygroup_email10\nFROM int_msgr.master_agency_detail AS A\ninner join int_msgr.master_agencyGroup_detail G on A.Agency_Group_Nbr=G.\"Agency_Group_Nbr\"\nleft join (select agency_code,etl_updated_dt from cert_msgr.dim_agency) AS tg_dim_agency on A.\"Agency_Code\"=tg_dim_agency.agency_code\nWHERE A.Row_End_Dt = '9999-12-31' and G.\"Row_End_Dt\" = '9999-12-31 00:00:00.000'\nAND (etl_updated_dt< A.row_effective_dt\nOR etl_updated_dt< G.row_effective_dt\nOR tg_dim_agency.agency_code is null)\n and A.Field_Representative is not null","isFileList":false,"handleSpecialChars":false,"handleDecimalRoundOff":false,"frsAsset":false,"dynamicFileName":false,"excludeDynamicFileNameField":false,"currentlyProcessedFileName":false,"retainFieldMetadata":false,"objectName":"DUMMY_SQ_master_agency","useExactSrcNames":false,"fetchMode":"ORIGINAL","tgtObjectAttributes":{},"runtimeParameterData":{"@type":"mtTaskRuntimeParameterData","isConnectionRuntimeParameter":false,"isObjectRuntimeParameter":false,"connectionParameterName":"DBConnection_SRC"},"overridableProperties":[],"overriddenFields":[]},{"@type":"mtTaskParameter","id":75308817,"name":"$tg_dim_agency_update$","type":"TARGET","label":"DBConnection_TGT","description":"","uiProperties":{"cnxtype":"Amazon Redshift v2","connectionParameterized":"true","paramName":"DBConnection_TGT","paramLabel":"","paramType-mapping":"Connection","logcnx":"DBConnection_TGT","default":"cert_msgr/dim_agency","objectParameterized":"false","visible":"false","defaultTargetUpdateColumns":"agency_code","supportApplyDDLChanges":"false","originalPath":"tg_dim_agency_update"},"targetConnectionId":"@dqHTiQhJYWolYaNB9bUmKf","targetObject":"cert_msgr/dim_agency","targetObjectLabel":"dim_agency","newFlatFile":false,"newObject":false,"showBusinessNames":true,"naturalOrder":true,"truncateTarget":false,"bulkApiDBTarget":false,"operationType":"Upsert","customFuncCfg":{"@type":"customFuncConfig","id":-1,"connections":[],"inputMap":[],"outputFields":[]},"targetRefsV2":{},"targetUpdateColumns":["agency_code"],"extendedObject":{"@type":"extendedObject","singleMode":true,"filters":[],"sortFields":[]},"runtimeAttrs":{},"isRESTModernSource":true,"isFileList":false,"handleSpecialChars":false,"handleDecimalRoundOff":false,"frsAsset":false,"dynamicFileName":false,"excludeDynamicFileNameField":false,"currentlyProcessedFileName":false,"retainFieldMetadata":false,"objectName":"cert_msgr/dim_agency","objectLabel":"dim_agency","useExactSrcNames":false,"fetchMode":"ORIGINAL","tgtObjectAttributes":{},"runtimeParameterData":{"@type":"mtTaskRuntimeParameterData","isConnectionRuntimeParameter":false,"isObjectRuntimeParameter":false,"connectionParameterName":"DBConnection_TGT"},"overridableProperties":[],"overriddenFields":[]}],"sequences":[],"inOutParameters":[],"connRuntimeAttrs":[]}]