[{"@type":"mtTask","id":"@1","name":"s_m_load_import_NonPremTrans_from_file","description":"","runtimeEnvironmentId":"@3pADNCV9u0PcgrXjM7rx0t","maxLogs":10,"verbose":false,"lastRunTime":1711035536000,"mappingId":"@9DEJ6NCjmYnhmlv54JAr2E","frsGuid":"3tYOTcjgF7WeoNwfqmfx4r","shortDescription":"","sessionPropertiesList":[{"name":"Allow Temporary Sequence for Pushdown","value":"NO","recommended":false},{"name":"Allow Temporary View for Pushdown","value":"NO","recommended":false},{"name":"Cache LOOKUP() function","value":"YES","recommended":false},{"name":"Commit On End Of File","value":"YES","recommended":false},{"name":"DateTime Format String","value":"MM/DD/YYYY HH24:MI:SS.US","recommended":false},{"name":"Pushdown Optimization","value":"None","recommended":false},{"name":"Pushdown Optimization Context","value":"None","recommended":false},{"name":"Pushdown Optimization Fallback Option","value":"Partial PDO","recommended":false}],"hidden":false,"enableCrossSchemaPushdown":false,"enableParallelRun":false,"autoTunedApplied":false,"autoTunedAppliedType":"NONE","parameterFileName":"Andover_Parm_Feed.txt","parameterFileDir":"$PMRootDir/andover/parameters","paramFileType":"PARAM_FILE_LOCAL","schemaMode":"async","valid":true,"schemaValidationErrorCount":-1,"parameterFileEncoding":"UTF-8","serverlessProperties":{},"taskProperties":[{"@type":"taskProperty","name":"parameterFileDir","currentValue":"$PMRootDir/andover/parameters","type":"STRING","label":"label.parameterFileDir","required":false},{"@type":"taskProperty","name":"parameterFileName","currentValue":"Andover_Parm_Feed.txt","type":"STRING","label":"label.parameterFileName","required":false},{"@type":"taskProperty","name":"outboundMessageUrlQueueTime","currentValue":"","type":"NUMBER","label":"label.outboundMessageUrlQueueTime","required":false},{"@type":"taskProperty","name":"outboundMessageUrlToken","currentValue":"","type":"STRING","label":"label.outboundMessageUrlToken","required":false}],"isMidstreamPreview":false,"parameters":[{"@type":"mtTaskParameter","id":91551015,"name":"$SQ_NonPremTrans$","type":"EXTENDED_SOURCE","label":"FF_Conn","description":"","uiProperties":{"cnxtype":"Amazon S3 v2","connectionParameterized":"true","paramName":"FF_Conn","paramLabel":"","paramType-mapping":"Connection","logcnx":"FF_Conn","isSelectDistinct":"false","isMsrcFilterParameterized":"false","isMsrcSortParameterized":"false","objlabel":"Src_FileName","origobjlabel":"","objectParameterized":"true","objDesc":"","objectParamName":"Src_FileName","objectParamType-mapping":"DataObject","originalPath":"SQ_NonPremTrans"},"sourceConnectionId":"@4PR5UG8LgQbgjcPh0nvIgA","newFlatFile":false,"newObject":false,"showBusinessNames":true,"naturalOrder":true,"truncateTarget":false,"bulkApiDBTarget":false,"customFuncCfg":{"@type":"customFuncConfig","id":-1,"connections":[],"inputMap":[],"outputFields":[]},"targetRefsV2":{},"targetUpdateColumns":[],"extendedObject":{"@type":"extendedObject","object":{"@type":"mObject","name":"advr-dev-inbound-data/internal%2F/nonpremium%2F/NonPremiumData.txt","label":"NonPremiumData.txt","metadataUpdated":false,"relations":[],"children":[]},"singleMode":true,"objects":[{"@type":"mObject","name":"advr-dev-inbound-data/internal%2F/nonpremium%2F/NonPremiumData.txt","label":"NonPremiumData.txt","metadataUpdated":false,"relations":[],"children":[]}],"filters":[],"sortFields":[]},"runtimeAttrs":{"Folder Path":"/internal/nonpremium"},"oprRuntimeAttrs":{"S3FolderPath":"/internal/nonpremium"},"isRESTModernSource":true,"isFileList":false,"handleSpecialChars":false,"handleDecimalRoundOff":false,"frsAsset":false,"dynamicFileName":false,"excludeDynamicFileNameField":false,"currentlyProcessedFileName":false,"retainFieldMetadata":false,"useExactSrcNames":false,"tgtObjectAttributes":{},"dataFormat":{"@type":"dataFormat","formatId":"Flat","fwConfigId":"@5nrZ6W1hUr4i7dY5bwMxUq","dataFormatAttributes":{"escapeChar":"\\","rowDelimiter":"","importColumnFromFirstLine":"true","headerLineNumber":"1","maxRowsToPreview":"0","distributionColumn":"","qualifierMode":"MINIMAL","firstDataRow":"2","generateHeader":"true","delimiter":",","qualifier":"\"","targetHeader":"With Header","disableEscapeChar":"true","codePage":"UTF-8","fixedWidthMode":"true"}},"runtimeParameterData":{"@type":"mtTaskRuntimeParameterData","isConnectionRuntimeParameter":false,"isObjectRuntimeParameter":false,"connectionParameterName":"FF_Conn","objectParameterName":"Src_FileName"},"overridableProperties":[{"@type":"overridableProperty","id":"defaultPrecision","labelKey":"SQ_NonPremTrans_defaultPrecision","type":"integer","hidden":false,"required":false,"defaultValue":"","renderingHints":{}},{"@type":"overridableProperty","id":"dataFormat","labelKey":"SQ_NonPremTrans_dataFormat","type":"string","hidden":false,"required":false,"defaultValue":"{\n  \"@type\" : \"dataFormat\",\n  \"formatId\" : \"Flat\",\n  \"fwConfigId\" : \"01COEW29000000000006\",\n  \"dataFormatAttributes\" : {\n    \"escapeChar\" : \"\\\\\",\n    \"rowDelimiter\" : \"\",\n    \"importColumnFromFirstLine\" : \"true\",\n    \"headerLineNumber\" : \"1\",\n    \"maxRowsToPreview\" : \"0\",\n    \"distributionColumn\" : \"\",\n    \"qualifierMode\" : \"MINIMAL\",\n    \"firstDataRow\" : \"2\",\n    \"generateHeader\" : \"true\",\n    \"delimiter\" : \",\",\n    \"qualifier\" : \"\\\"\",\n    \"targetHeader\" : \"With Header\",\n    \"disableEscapeChar\" : \"true\",\n    \"codePage\" : \"UTF-8\",\n    \"fixedWidthMode\" : \"true\"\n  }\n}","renderingHints":{"renderingType":"json"}}],"overriddenFields":[]},{"@type":"mtTaskParameter","id":91551016,"name":"$import_NonPremTrans$","type":"TARGET","label":"DBConnection_TGT","description":"","uiProperties":{"cnxtype":"Amazon Redshift v2","connectionParameterized":"true","paramName":"DBConnection_TGT","paramLabel":"","paramType-mapping":"Connection","logcnx":"DBConnection_TGT","default":"dbo/import_nonpremtrans","objectParameterized":"false","visible":"false","defaultTargetUpdateColumns":"","supportApplyDDLChanges":"false","originalPath":"import_NonPremTrans"},"targetConnectionId":"@aYZ4ekzHgIPeKpiaoqDLKP","targetObject":"dbo/import_nonpremtrans","targetObjectLabel":"import_nonpremtrans","newFlatFile":false,"newObject":false,"showBusinessNames":true,"naturalOrder":true,"truncateTarget":false,"bulkApiDBTarget":false,"operationType":"Insert","customFuncCfg":{"@type":"customFuncConfig","id":-1,"connections":[],"inputMap":[],"outputFields":[]},"targetRefsV2":{},"targetUpdateColumns":[],"extendedObject":{"@type":"extendedObject","singleMode":true,"filters":[],"sortFields":[]},"runtimeAttrs":{},"isRESTModernSource":true,"isFileList":false,"handleSpecialChars":false,"handleDecimalRoundOff":false,"frsAsset":false,"dynamicFileName":false,"excludeDynamicFileNameField":false,"currentlyProcessedFileName":false,"retainFieldMetadata":false,"objectName":"dbo/import_nonpremtrans","objectLabel":"import_nonpremtrans","useExactSrcNames":false,"tgtObjectAttributes":{},"runtimeParameterData":{"@type":"mtTaskRuntimeParameterData","isConnectionRuntimeParameter":false,"isObjectRuntimeParameter":false,"connectionParameterName":"DBConnection_TGT"},"overridableProperties":[],"overriddenFields":[]},{"@type":"mtTaskParameter","id":91551017,"name":"$tgt_processed$","type":"TARGET","label":"FF_Conn","description":"","uiProperties":{"cnxtype":"Amazon S3 v2","connectionParameterized":"true","paramName":"FF_Conn","paramLabel":"","paramType-mapping":"Connection","logcnx":"FF_Conn","objlabel":"Arc_FileName","origobjlabel":"","objectParameterized":"true","objDesc":"","objectParamName":"Arc_FileName","objectParamType-mapping":"DataObject","defaultTargetUpdateColumns":"","supportApplyDDLChanges":"true","originalPath":"tgt_processed"},"targetConnectionId":"@4PR5UG8LgQbgjcPh0nvIgA","targetObject":"NonPremiumData.txt","targetObjectLabel":"NonPremiumData.txt","newFlatFile":false,"newObject":true,"showBusinessNames":true,"naturalOrder":true,"newObjectName":"NonPremiumData.txt","truncateTarget":false,"bulkApiDBTarget":false,"operationType":"Insert","customFuncCfg":{"@type":"customFuncConfig","id":-1,"connections":[],"inputMap":[],"outputFields":[]},"targetRefsV2":{},"targetUpdateColumns":[],"extendedObject":{"@type":"extendedObject","singleMode":true,"filters":[],"sortFields":[]},"runtimeAttrs":{"Merge Partition Files":"NO","Hadoop Performance Tuning Options":"","Staging Directory":"","Folder Path":"/internal/processed/wf_Load_NonPremTrans","TransferManager Thread Pool Size":"10","Temporary Credential Duration":"900","Encryption Type":"None","Overwrite File If Exists":"YES","Compression Format":"None","File Merge":"NO","Object Tags":"","Part Size":"5242880","File Name":""},"oprRuntimeAttrs":{"S3EncryptionType":"None","targetName":"","stageFileMerging":"NO","partSize":"5242880","mergePartitionFiles":"NO","compressionFormat":"None","temporaryCredentialDuration":"900","overwriteFileIfExists":"YES","objectTags":"","S3FolderPath":"/internal/processed/wf_Load_NonPremTrans","tempFolderPath":"","additionalDistCpOptions":"","txManagerThreadPoolSize":"10"},"isRESTModernSource":true,"isFileList":false,"handleSpecialChars":false,"handleDecimalRoundOff":false,"frsAsset":false,"dynamicFileName":false,"excludeDynamicFileNameField":false,"currentlyProcessedFileName":false,"retainFieldMetadata":false,"objectName":"NonPremiumData.txt","objectLabel":"NonPremiumData.txt","useExactSrcNames":false,"tgtObjectAttributes":{"parent":""},"dataFormat":{"@type":"dataFormat","formatId":"Flat","fwConfigId":"@5nrZ6W1hUr4i7dY5bwMxUq","dataFormatAttributes":{"escapeChar":"","rowDelimiter":"","importColumnFromFirstLine":"true","headerLineNumber":"0","maxRowsToPreview":"0","distributionColumn":"","qualifierMode":"MINIMAL","firstDataRow":"1","generateHeader":"true","delimiter":",","qualifier":"\"","targetHeader":"Without Header","disableEscapeChar":"true","codePage":"UTF-8","fixedWidthMode":"true"}},"runtimeParameterData":{"@type":"mtTaskRuntimeParameterData","isConnectionRuntimeParameter":false,"isObjectRuntimeParameter":false,"connectionParameterName":"FF_Conn","objectParameterName":"Arc_FileName"},"overridableProperties":[],"overriddenFields":[]}],"sequences":[],"inOutParameters":[],"connRuntimeAttrs":[]}]