[{"@type":"mappingTemplate","id":"@1","name":"m_Load_Risk_stg_to_Master_Risk_Ld_1 - Copy 2","description":"","autoExpireObject":false,"bundleVersion":"0","assetFrsGuid":"7ecBLFpSl6khXyV8cwa6SG","templateId":"@3","deployTime":1737047125000,"hasParameters":true,"valid":true,"fixedConnection":true,"hasParametersDeployed":true,"fixedConnectionDeployed":true,"isSchemaValidationEnabled":false,"tasks":0,"mappingPreviewFileRecordId":"@2","documentType":"MAPPING","allowMaxFieldLength":false,"specialCharacterSupport":false,"references":[{"@type":"reference","refObjectId":"@iBbwdyOJOiHlfSqg9KSc2G","refType":"mappletTemplate"},{"@type":"reference","refObjectId":"@aYZ4ekzHgIPeKpiaoqDLKP","refType":"connection"}]}]