[{"@type":"mappingTemplate","id":"@1","name":"cdi_map_acx_building_bronze_building_application_stg_ld","description":"","autoExpireObject":false,"bundleVersion":"0","assetFrsGuid":"7P0Fnq0qbsTlT5SQCiFWcW","templateId":"@3","hasParameters":false,"valid":true,"fixedConnection":true,"hasParametersDeployed":false,"fixedConnectionDeployed":false,"isSchemaValidationEnabled":false,"tasks":1,"mappingPreviewFileRecordId":"@2","documentType":"MAPPING","references":[{"@type":"reference","refObjectId":"@1MPwv79N5kdekz7fZXQSas","refType":"connection"},{"@type":"reference","refObjectId":"@aYZ4ekzHgIPeKpiaoqDLKP","refType":"connection"}]}]