[{"@type":"mappingTemplate","id":"@1","name":"cdi_map_acx_building_bronze_building_application_stg_ld","description":"","autoExpireObject":false,"bundleVersion":"0","assetFrsGuid":"7P0Fnq0qbsTlT5SQCiFWcW","templateId":"@3","deployTime":1753379625000,"hasParameters":true,"valid":true,"fixedConnection":false,"hasParametersDeployed":true,"fixedConnectionDeployed":false,"isSchemaValidationEnabled":false,"tasks":4,"mappingPreviewFileRecordId":"@2","documentType":"MAPPING","allowMaxFieldLength":false,"specialCharacterSupport":false,"references":[]}]