[{"@type":"mappingTemplate","id":"@1","name":"Mapping4","description":"","autoExpireObject":false,"bundleVersion":"0","assetFrsGuid":"5tr6hjsnW4mkk4UZvGvMUp","templateId":"@3","hasParameters":false,"valid":false,"fixedConnection":true,"hasParametersDeployed":false,"fixedConnectionDeployed":false,"isSchemaValidationEnabled":false,"tasks":0,"mappingPreviewFileRecordId":"@2","documentType":"MAPPING","allowMaxFieldLength":false,"specialCharacterSupport":false,"references":[{"@type":"reference","refObjectId":"@5SoH9iOW3aub166UzfAmet","refType":"connection"}]}]