[{"@type":"mappingTemplate","id":"@1","name":"cdi_map_uw_silver_prior_carrier_and_prior_loss_ld - Copy 1","description":"","autoExpireObject":false,"bundleVersion":"0","assetFrsGuid":"7IqYWMFj14wjH3rWI15Rs8","templateId":"@3","deployTime":1750964091000,"hasParameters":true,"valid":true,"fixedConnection":true,"hasParametersDeployed":true,"fixedConnectionDeployed":true,"isSchemaValidationEnabled":false,"tasks":0,"mappingPreviewFileRecordId":"@2","documentType":"MAPPING","allowMaxFieldLength":false,"specialCharacterSupport":false,"references":[{"@type":"reference","refObjectId":"@aYZ4ekzHgIPeKpiaoqDLKP","refType":"connection"}]}]