[{"@type":"mtTask","id":"@1","name":"s_m_Load_PolicyStats_to_PolicyStats_Stg_Ld","description":"Session pushed from PC to ICS : s_m_Load_PolicyStats_to_PolicyStats_Stg_Ld","errorTaskEmail":{"@type":"taskEmail","id":767155,"emails":"FailureTaskEmailUser@defaultDomainName.com","emailType":"ERROR"},"runtimeEnvironmentId":"@l5ReTxe0L4Udpq0dXr0vIZ","maxLogs":10,"verbose":false,"lastRunTime":1728595189000,"mappingId":"@8iJ3PweYa6chJiytui7RGH","frsGuid":"ahiCNUQaYcHioDzP32UHEJ","shortDescription":"Session pushed from PC to ICS : s_m_Load_PolicySta...","sessionPropertiesList":[{"name":"Allow Temporary Sequence for Pushdown","value":"NO","recommended":false},{"name":"Allow Temporary View for Pushdown","value":"NO","recommended":false},{"name":"Data Column Delimiter","value":"|","recommended":false},{"name":"Error Log File Name","value":"PMError.log","recommended":false},{"name":"Pushdown Optimization","value":"None","recommended":false},{"name":"Pushdown Optimization Context","value":"None","recommended":false},{"name":"Pushdown Optimization Fallback Option","value":"Partial PDO","recommended":false}],"hidden":false,"enableCrossSchemaPushdown":false,"enableParallelRun":false,"autoTunedApplied":false,"autoTunedAppliedType":"NONE","parameterFileName":"Andover_Param_GW.param","parameterFileDir":"$PMRootDir/andover/parameters","paramFileType":"PARAM_FILE_LOCAL","schemaMode":"async","valid":true,"schemaValidationErrorCount":-1,"serverlessProperties":{},"taskProperties":[{"@type":"taskProperty","name":"parameterFileDir","currentValue":"$PMRootDir/andover/parameters","type":"STRING","label":"label.parameterFileDir","required":false},{"@type":"taskProperty","name":"parameterFileName","currentValue":"Andover_Param_GW.param","type":"STRING","label":"label.parameterFileName","required":false},{"@type":"taskProperty","name":"outboundMessageUrlQueueTime","currentValue":"","type":"NUMBER","label":"label.outboundMessageUrlQueueTime","required":false},{"@type":"taskProperty","name":"outboundMessageUrlToken","currentValue":"","type":"STRING","label":"label.outboundMessageUrlToken","required":false}],"jobPriority":"MEDIUM","optimizationPlan":"NONE","isMidstreamPreview":false,"parameters":[{"@type":"mtTaskParameter","id":99582458,"name":"$Src_policystats$","type":"SOURCE","label":"DBConnection_SRCM","description":"","uiProperties":{"cnxtype":"MySQL","connectionParameterized":"true","paramName":"DBConnection_SRCM","paramLabel":"","paramType-mapping":"Connection","logcnx":"DBConnection_SRCM","isSelectDistinct":"false","objectParameterized":"false","visible":"false","originalPath":"Src_policystats"},"sourceConnectionId":"@3i0v7vbVe83ddsCcsSxzQb","sourceObject":"DUMMY_Src_policystats","newFlatFile":false,"newObject":false,"showBusinessNames":true,"naturalOrder":true,"truncateTarget":false,"bulkApiDBTarget":false,"customFuncCfg":{"@type":"customFuncConfig","id":-1,"connections":[],"inputMap":[],"outputFields":[]},"targetRefsV2":{},"targetUpdateColumns":[],"runtimeAttrs":{"Sql Override":"SELECT policystats.SystemId, policystats.id, policystats.StatSequence, policystats.StatSequenceReplace, policystats.PolicyRef, policystats.ProductVersionIdRef, policystats.PolicyNumber, policystats.PolicyVersion, policystats.LineCd, policystats.TransactionNumber, policystats.CoverageCd, policystats.RiskCd, policystats.RiskTypeCd, policystats.SubTypeCd, policystats.CoverageItemCd, policystats.FeeCd, policystats.EffectiveDt, policystats.ExpirationDt, policystats.CombinedKey, policystats.AddDt, policystats.BookDt, policystats.TransactionEffectiveDt, policystats.AccountingDt, policystats.WrittenPremiumAmt, policystats.WrittenCommissionAmt, policystats.WrittenPremiumFeeAmt, policystats.WrittenCommissionFeeAmt, policystats.EarnDays, policystats.InforceChangeAmt, policystats.PolicyYear, policystats.TermDays, policystats.InsuranceTypeCd, policystats.StartDt, policystats.EndDt, policystats.StatusCd, policystats.NewRenewalCd, policystats.Limit1, policystats.Limit2, policystats.Limit3, policystats.Deductible1, policystats.Deductible2, policystats.AnnualStatementLineCd, policystats.CoinsurancePct, policystats.CoveredPerilsCd, policystats.CommissionKey, policystats.CommissionAreaCd, policystats.RateAreaName, policystats.StatData, policystats.CustomerRef, policystats.ShortRateStatInd, policystats.TransactionCd, policystats.StateCd, policystats.BillMethod, policystats.StatementAccountNumber, policystats.StatementAccountRef, policystats.CarrierGroupCd, policystats.CarrierCd, policystats.ProducerCd, policystats.BusinessSourceCd, policystats.PreviousCarrierCd, policystats.ConstructionCd, policystats.YearBuilt, policystats.SqFt, policystats.Stories, policystats.OccupancyCd, policystats.Units, policystats.ProtectionClass, policystats.TerritoryCd, policystats.PolicyTypeCd, policystats.PolicyStatusCd, policystats.PolicyGroupCd, policystats.CancelReason, policystats.PayPlanCd, policystats.ClassCd, policystats.AgeOfHome, policystats.LocationAddress1, policystats.LocationAddress2, policystats.LocationAddress3, policystats.LocationAddress4, policystats.LocationCity, policystats.LocationCounty, policystats.LocationState, policystats.LocationZip, policystats.LocationRegionCd, policystats.LocationRegionISOCd, policystats.VehicleNumber, policystats.VehicleYear, policystats.VehicleManufacturer, policystats.VehicleModel, policystats.VehicleType, policystats.DriverNumber, policystats.DriverFirst, policystats.DriverMI, policystats.DriverAge, policystats.DriverLast, policystats.DriverGenderCd, policystats.RelationshipToInsuredCd, policystats.DriverStartDt, policystats.PointsChargeable, policystats.PointsCharged, policystats.Limit4, policystats.Limit5, policystats.Limit6, policystats.ControllingStateCd, policystats.ControllingProductVersionIdRef, policystats.DividendPlanCd, policystats.ConversionTemplateIdRef, policystats.ConversionGroup, policystats.ConversionJobRef, policystats.ConversionFileName, policystats.AgencyNumber, policystats.StatLineCd, policystats.BureauCd, policystats.MajorPerilCd, policystats.CommissionPct, policystats.CommissionAmt, policystats.VariableCd1, policystats.VariableCd2, policystats.SubLineCd, policystats.RiskTerritory, policystats.Exposure, policystats.ProductName, policystats.PolicySource, policystats.NumericTransactionCd, policystats.NumOfFamilies, policystats.BCEGS, policystats.ExceptionCd, policystats.ProtectDeviceCode, policystats.SprinklerCode, policystats.TransactionExpDt, policystats.Suggestion, policystats.UnderlyingPersonalLiability, policystats.UmbEndorsementInd, policystats.UmbPersLiabInd, policystats.UmbAutoPolicyInd, policystats.UmbRiskProfileInd, policystats.ExpenseMod, policystats.IndRiskPremMod, policystats.ActualCashValueInd, policystats.EqTerrCd, policystats.NAICNumber, policystats.ISSNumber, policystats.ISONumber, policystats.PolicyTerm, policystats.County, policystats.City, policystats.ExposureBasis, policystats.BurglaryOptionCd, policystats.SprinklerCd, policystats.NamedPerils, policystats.BuyBackCovg, policystats.SICCd, policystats.TerrorismCovCd, policystats.PolicyFormCd, policystats.CompanyNumber, policystats.MGAIndicator, policystats.MultiPolicyAffiliatedSameCo, policystats.PerPolIndCd, policystats.BondTypeCd, policystats.TypeOfBusiness, policystats.Subline, policystats.TypePolicyCode, policystats.ZipCode, policystats.Deductible3, policystats.ScheduleItemClass, policystats.SchedPremMod, policystats.BldgCounterNumber, policystats.LocationCounterNumber, policystats.BroadCov, policystats.ExtendReptPeriod ,policystats.updatetimestamp FROM policystats"},"isRESTModernSource":true,"customQuery":"SELECT policystats.SystemId, policystats.id, policystats.StatSequence, policystats.StatSequenceReplace, policystats.PolicyRef, policystats.ProductVersionIdRef, policystats.PolicyNumber, policystats.PolicyVersion, policystats.LineCd, policystats.TransactionNumber, policystats.CoverageCd, policystats.RiskCd, policystats.RiskTypeCd, policystats.SubTypeCd, policystats.CoverageItemCd, policystats.FeeCd, policystats.EffectiveDt, policystats.ExpirationDt, policystats.CombinedKey, policystats.AddDt, policystats.BookDt, policystats.TransactionEffectiveDt, policystats.AccountingDt, policystats.WrittenPremiumAmt, policystats.WrittenCommissionAmt, policystats.WrittenPremiumFeeAmt, policystats.WrittenCommissionFeeAmt, policystats.EarnDays, policystats.InforceChangeAmt, policystats.PolicyYear, policystats.TermDays, policystats.InsuranceTypeCd, policystats.StartDt, policystats.EndDt, policystats.StatusCd, policystats.NewRenewalCd, policystats.Limit1, policystats.Limit2, policystats.Limit3, policystats.Deductible1, policystats.Deductible2, policystats.AnnualStatementLineCd, policystats.CoinsurancePct, policystats.CoveredPerilsCd, policystats.CommissionKey, policystats.CommissionAreaCd, policystats.RateAreaName, policystats.StatData, policystats.CustomerRef, policystats.ShortRateStatInd, policystats.TransactionCd, policystats.StateCd, policystats.BillMethod, policystats.StatementAccountNumber, policystats.StatementAccountRef, policystats.CarrierGroupCd, policystats.CarrierCd, policystats.ProducerCd, policystats.BusinessSourceCd, policystats.PreviousCarrierCd, policystats.ConstructionCd, policystats.YearBuilt, policystats.SqFt, policystats.Stories, policystats.OccupancyCd, policystats.Units, policystats.ProtectionClass, policystats.TerritoryCd, policystats.PolicyTypeCd, policystats.PolicyStatusCd, policystats.PolicyGroupCd, policystats.CancelReason, policystats.PayPlanCd, policystats.ClassCd, policystats.AgeOfHome, policystats.LocationAddress1, policystats.LocationAddress2, policystats.LocationAddress3, policystats.LocationAddress4, policystats.LocationCity, policystats.LocationCounty, policystats.LocationState, policystats.LocationZip, policystats.LocationRegionCd, policystats.LocationRegionISOCd, policystats.VehicleNumber, policystats.VehicleYear, policystats.VehicleManufacturer, policystats.VehicleModel, policystats.VehicleType, policystats.DriverNumber, policystats.DriverFirst, policystats.DriverMI, policystats.DriverAge, policystats.DriverLast, policystats.DriverGenderCd, policystats.RelationshipToInsuredCd, policystats.DriverStartDt, policystats.PointsChargeable, policystats.PointsCharged, policystats.Limit4, policystats.Limit5, policystats.Limit6, policystats.ControllingStateCd, policystats.ControllingProductVersionIdRef, policystats.DividendPlanCd, policystats.ConversionTemplateIdRef, policystats.ConversionGroup, policystats.ConversionJobRef, policystats.ConversionFileName, policystats.AgencyNumber, policystats.StatLineCd, policystats.BureauCd, policystats.MajorPerilCd, policystats.CommissionPct, policystats.CommissionAmt, policystats.VariableCd1, policystats.VariableCd2, policystats.SubLineCd, policystats.RiskTerritory, policystats.Exposure, policystats.ProductName, policystats.PolicySource, policystats.NumericTransactionCd, policystats.NumOfFamilies, policystats.BCEGS, policystats.ExceptionCd, policystats.ProtectDeviceCode, policystats.SprinklerCode, policystats.TransactionExpDt, policystats.Suggestion, policystats.UnderlyingPersonalLiability, policystats.UmbEndorsementInd, policystats.UmbPersLiabInd, policystats.UmbAutoPolicyInd, policystats.UmbRiskProfileInd, policystats.ExpenseMod, policystats.IndRiskPremMod, policystats.ActualCashValueInd, policystats.EqTerrCd, policystats.NAICNumber, policystats.ISSNumber, policystats.ISONumber, policystats.PolicyTerm, policystats.County, policystats.City, policystats.ExposureBasis, policystats.BurglaryOptionCd, policystats.SprinklerCd, policystats.NamedPerils, policystats.BuyBackCovg, policystats.SICCd, policystats.TerrorismCovCd, policystats.PolicyFormCd, policystats.CompanyNumber, policystats.MGAIndicator, policystats.MultiPolicyAffiliatedSameCo, policystats.PerPolIndCd, policystats.BondTypeCd, policystats.TypeOfBusiness, policystats.Subline, policystats.TypePolicyCode, policystats.ZipCode, policystats.Deductible3, policystats.ScheduleItemClass, policystats.SchedPremMod, policystats.BldgCounterNumber, policystats.LocationCounterNumber, policystats.BroadCov, policystats.ExtendReptPeriod \n,policystats.updatetimestamp\nFROM\n policystats \n where policyref in\n (select policyref from policystats\n where\n (bookdt >= '$$m_strtdt' and bookdt < '$$m_Enddt')\n ##also get updated records\n or (updatetimestamp >= '$$m_strtdt' and updatetimestamp < '$$m_Enddt' and updatetimestamp > bookdt)\n)","isFileList":false,"handleSpecialChars":false,"handleDecimalRoundOff":false,"frsAsset":false,"dynamicFileName":false,"excludeDynamicFileNameField":false,"currentlyProcessedFileName":false,"retainFieldMetadata":false,"objectName":"DUMMY_Src_policystats","useExactSrcNames":false,"fetchMode":"ORIGINAL","tgtObjectAttributes":{},"runtimeParameterData":{"@type":"mtTaskRuntimeParameterData","isConnectionRuntimeParameter":true,"isObjectRuntimeParameter":false,"connectionParameterName":"DBConnection_SRCM"},"overridableProperties":[],"overriddenFields":[]},{"@type":"mtTaskParameter","id":99582459,"name":"$Tgt_PolicyStats_Stg$","type":"TARGET","label":"DBConnection_TGT","description":"","uiProperties":{"cnxtype":"Amazon Redshift v2","connectionParameterized":"true","paramName":"DBConnection_TGT","paramLabel":"","paramType-mapping":"Connection","logcnx":"DBConnection_TGT","default":"dbo/policystats_stg","objectParameterized":"false","visible":"false","defaultTargetUpdateColumns":"","supportApplyDDLChanges":"false","originalPath":"Tgt_PolicyStats_Stg"},"targetConnectionId":"@kz9Es8IGoicjZNLnrhio0E","targetObject":"dbo/policystats_stg","targetObjectLabel":"policystats_stg","newFlatFile":false,"newObject":false,"showBusinessNames":true,"naturalOrder":true,"truncateTarget":false,"bulkApiDBTarget":false,"operationType":"Insert","customFuncCfg":{"@type":"customFuncConfig","id":-1,"connections":[],"inputMap":[],"outputFields":[]},"targetRefsV2":{},"targetUpdateColumns":[],"extendedObject":{"@type":"extendedObject","singleMode":true,"filters":[],"sortFields":[]},"runtimeAttrs":{"Temporary Credential Duration":"21000"},"oprRuntimeAttrs":{"temporaryCredentialDuration":"21000"},"isRESTModernSource":true,"isFileList":false,"handleSpecialChars":false,"handleDecimalRoundOff":false,"frsAsset":false,"dynamicFileName":false,"excludeDynamicFileNameField":false,"currentlyProcessedFileName":false,"retainFieldMetadata":false,"objectName":"dbo/policystats_stg","objectLabel":"policystats_stg","useExactSrcNames":false,"fetchMode":"ORIGINAL","tgtObjectAttributes":{},"runtimeParameterData":{"@type":"mtTaskRuntimeParameterData","isConnectionRuntimeParameter":true,"isObjectRuntimeParameter":false,"connectionParameterName":"DBConnection_TGT"},"overridableProperties":[],"targetSchemaProviderType":"SELECTED_OBJECT","overriddenFields":[]}],"sequences":[],"inOutParameters":[{"@type":"mtTaskInOutParameter","id":"-1","name":"m_strtdt","description":"","initialValue":"","datatype":"STRING","precision":"120","scale":"0","retentionPolicy":"NEVER","aggregationType":"MAX","currentValue":""},{"@type":"mtTaskInOutParameter","id":"-1","name":"m_Enddt","description":"","initialValue":"","datatype":"STRING","precision":"120","scale":"0","retentionPolicy":"NEVER","aggregationType":"MAX","currentValue":""}],"connRuntimeAttrs":[]}]