[{"@type":"mappingTemplate","id":"@1","name":"cdi_map_acx_questionreply_bronze_question_reply_stg_ld","description":"","autoExpireObject":false,"bundleVersion":"0","assetFrsGuid":"5C1XoRLmcCIenRu9i1v3ir","templateId":"@3","deployTime":1747331010000,"hasParameters":true,"valid":true,"fixedConnection":false,"hasParametersDeployed":true,"fixedConnectionDeployed":false,"isSchemaValidationEnabled":false,"tasks":1,"mappingPreviewFileRecordId":"@2","documentType":"","allowMaxFieldLength":false,"references":[]}]