[{"@type":"mtTask","id":"@1","name":"s_m_Load_Quote_from_QuoteInfo","description":"Session pushed from PC to ICS : s_m_Load_Quote_from_QuoteInfo","runtimeEnvironmentId":"@94yEUbQ8g09k6LZ0ShdXQQ","maxLogs":10,"verbose":false,"lastRunTime":1713591021000,"mappingId":"@7PqHL66wiq9iTADeMMkqoT","frsGuid":"8AdTqkDljSlc7HgCo9Uwmh","shortDescription":"Session pushed from PC to ICS : s_m_Load_Quote_fro...","sessionPropertiesList":[{"name":"Allow Temporary Sequence for Pushdown","value":"NO","recommended":false},{"name":"Allow Temporary View for Pushdown","value":"NO","recommended":false},{"name":"Commit Interval","value":"10000","recommended":false},{"name":"Data Column Delimiter","value":"|","recommended":false},{"name":"DateTime Format String","value":"MM/DD/YYYY HH24:MI:SS.US","recommended":false},{"name":"Error Log File Name","value":"PMError.log","recommended":false},{"name":"Pushdown Optimization","value":"None","recommended":false},{"name":"Pushdown Optimization Context","value":"None","recommended":false},{"name":"Pushdown Optimization Fallback Option","value":"Partial PDO","recommended":false},{"name":"Treat source rows as","value":"Data driven","recommended":false}],"hidden":false,"enableCrossSchemaPushdown":false,"enableParallelRun":false,"autoTunedApplied":false,"autoTunedAppliedType":"NONE","parameterFileName":"Andover_Param_GW.param","parameterFileDir":"$PMRootDir/andover/parameters","paramFileType":"PARAM_FILE_LOCAL","schemaMode":"async","valid":true,"schemaValidationErrorCount":-1,"serverlessProperties":{},"taskProperties":[{"@type":"taskProperty","name":"parameterFileDir","currentValue":"$PMRootDir/andover/parameters","type":"STRING","label":"label.parameterFileDir","required":false},{"@type":"taskProperty","name":"parameterFileName","currentValue":"Andover_Param_GW.param","type":"STRING","label":"label.parameterFileName","required":false},{"@type":"taskProperty","name":"outboundMessageUrlQueueTime","currentValue":"","type":"NUMBER","label":"label.outboundMessageUrlQueueTime","required":false},{"@type":"taskProperty","name":"outboundMessageUrlToken","currentValue":"","type":"STRING","label":"label.outboundMessageUrlToken","required":false}],"jobPriority":"MEDIUM","optimizationPlan":"NONE","isMidstreamPreview":false,"parameters":[{"@type":"mtTaskParameter","id":86352780,"name":"$SQ_Quoteinfo_Stg$","type":"SOURCE","label":"DBConnection_SRC","description":"","uiProperties":{"cnxtype":"Amazon Redshift v2","connectionParameterized":"true","paramName":"DBConnection_SRC","paramLabel":"","paramType-mapping":"Connection","logcnx":"DBConnection_SRC","isSelectDistinct":"false","objectParameterized":"false","visible":"false","originalPath":"SQ_Quoteinfo_Stg"},"sourceConnectionId":"@5Zcq1VmIGjxlaDWgHTaKA5","sourceObject":"DUMMY_SQ_Quoteinfo_Stg","newFlatFile":false,"newObject":false,"showBusinessNames":true,"naturalOrder":true,"truncateTarget":false,"bulkApiDBTarget":false,"customFuncCfg":{"@type":"customFuncConfig","id":-1,"connections":[],"inputMap":[],"outputFields":[]},"targetRefsV2":{},"targetUpdateColumns":[],"runtimeAttrs":{},"isRESTModernSource":true,"customQuery":"SELECT Quoteinfo_Stg.SystemId, \nQuoteinfo_Stg.ApplicationNumber, \nQuoteinfo_Stg.CustomerNumber, \nQuoteinfo_Stg.Status, \nQuoteinfo_Stg.TypeCd, \nQuoteinfo_Stg.AddDt, \nQuoteinfo_Stg.AddTm, \nQuoteinfo_Stg.AddUser, \nQuoteinfo_Stg.UpdateDt, \nQuoteinfo_Stg.SubmittedDt, \nQuoteinfo_Stg.CloseDt, \nQuoteinfo_Stg.CloseTm, \nQuoteinfo_Stg.CarrierCd, \nQuoteinfo_Stg.ChangeDt,\nQuoteinfo_Stg.ControllingStateCd,\nQuoteinfo_Stg.EffectiveDt, \nQuoteinfo_Stg.ExpirationDt, \nQuoteinfo_Stg.WrittenPremiumAmt,\nQuoteinfo_Stg.InceptionDt,\nQuoteinfo_Stg.ProviderCd,\nQuoteinfo_Stg.SubTypeCd, \nQuoteinfo_Stg.TransactionCd, \nQuoteinfo_Stg.CommercialName, \nQuoteinfo_Stg.EmailAddr, \nbasicpolicyapp_stg.PolicyNumber, \nbasicpolicyapp_stg.PolicyVersion, \nbasicpolicyapp_stg.QuoteNumber, \nApplication_Stg.ApplicationNumber,\nLine_Stg.LineCd\nFROM\n dbo.Quoteinfo_Stg inner join dbo.Application_Stg\n on Quoteinfo_Stg.SystemId=Application_Stg.SystemId\n left join  dbo.basicpolicyapp_stg\n on basicpolicyapp_stg.SystemId=Quoteinfo_Stg.SystemId\n left join dbo.Line_Stg\n on Quoteinfo_Stg.SystemId = Line_Stg.SystemId\nand line_stg.CMMContainer='Application'","isFileList":false,"handleSpecialChars":false,"handleDecimalRoundOff":false,"frsAsset":false,"dynamicFileName":false,"excludeDynamicFileNameField":false,"currentlyProcessedFileName":false,"retainFieldMetadata":false,"objectName":"DUMMY_SQ_Quoteinfo_Stg","useExactSrcNames":false,"fetchMode":"ORIGINAL","tgtObjectAttributes":{},"runtimeParameterData":{"@type":"mtTaskRuntimeParameterData","isConnectionRuntimeParameter":true,"isObjectRuntimeParameter":false,"connectionParameterName":"DBConnection_SRC"},"overridableProperties":[],"overriddenFields":[]},{"@type":"mtTaskParameter","id":86352781,"name":"$Quote_Ins$","type":"TARGET","label":"DBConnection_TGT","description":"","uiProperties":{"cnxtype":"Amazon Redshift v2","connectionParameterized":"true","paramName":"DBConnection_TGT","paramLabel":"","paramType-mapping":"Connection","logcnx":"DBConnection_TGT","default":"dbo/quote","objectParameterized":"false","visible":"false","defaultTargetUpdateColumns":"","supportApplyDDLChanges":"false","originalPath":"Quote_Ins"},"targetConnectionId":"@5Zcq1VmIGjxlaDWgHTaKA5","targetObject":"dbo/quote","targetObjectLabel":"quote","newFlatFile":false,"newObject":false,"showBusinessNames":true,"naturalOrder":true,"truncateTarget":false,"bulkApiDBTarget":false,"operationType":"Insert","customFuncCfg":{"@type":"customFuncConfig","id":-1,"connections":[],"inputMap":[],"outputFields":[]},"targetRefsV2":{},"targetUpdateColumns":[],"extendedObject":{"@type":"extendedObject","singleMode":true,"filters":[],"sortFields":[]},"runtimeAttrs":{},"isRESTModernSource":true,"isFileList":false,"handleSpecialChars":false,"handleDecimalRoundOff":false,"frsAsset":false,"dynamicFileName":false,"excludeDynamicFileNameField":false,"currentlyProcessedFileName":false,"retainFieldMetadata":false,"objectName":"dbo/quote","objectLabel":"quote","useExactSrcNames":false,"fetchMode":"ORIGINAL","tgtObjectAttributes":{},"runtimeParameterData":{"@type":"mtTaskRuntimeParameterData","isConnectionRuntimeParameter":true,"isObjectRuntimeParameter":false,"connectionParameterName":"DBConnection_TGT"},"overridableProperties":[],"overriddenFields":[]},{"@type":"mtTaskParameter","id":86352782,"name":"$Quote_Manual_Ins$","type":"TARGET","label":"DBConnection_TGT","description":"","uiProperties":{"cnxtype":"Amazon Redshift v2","connectionParameterized":"true","paramName":"DBConnection_TGT","paramLabel":"","paramType-mapping":"Connection","logcnx":"DBConnection_TGT","default":"dbo/quote","objectParameterized":"false","visible":"false","defaultTargetUpdateColumns":"","supportApplyDDLChanges":"false","originalPath":"Quote_Manual_Ins"},"targetConnectionId":"@5Zcq1VmIGjxlaDWgHTaKA5","targetObject":"dbo/quote","targetObjectLabel":"quote","newFlatFile":false,"newObject":false,"showBusinessNames":true,"naturalOrder":true,"truncateTarget":false,"bulkApiDBTarget":false,"operationType":"Insert","customFuncCfg":{"@type":"customFuncConfig","id":-1,"connections":[],"inputMap":[],"outputFields":[]},"targetRefsV2":{},"targetUpdateColumns":[],"extendedObject":{"@type":"extendedObject","singleMode":true,"filters":[],"sortFields":[]},"runtimeAttrs":{},"isRESTModernSource":true,"isFileList":false,"handleSpecialChars":false,"handleDecimalRoundOff":false,"frsAsset":false,"dynamicFileName":false,"excludeDynamicFileNameField":false,"currentlyProcessedFileName":false,"retainFieldMetadata":false,"objectName":"dbo/quote","objectLabel":"quote","useExactSrcNames":false,"fetchMode":"ORIGINAL","tgtObjectAttributes":{},"runtimeParameterData":{"@type":"mtTaskRuntimeParameterData","isConnectionRuntimeParameter":true,"isObjectRuntimeParameter":false,"connectionParameterName":"DBConnection_TGT"},"overridableProperties":[],"overriddenFields":[]},{"@type":"mtTaskParameter","id":86352783,"name":"$Quote_Upd$","type":"TARGET","label":"DBConnection_TGT","description":"","uiProperties":{"cnxtype":"Amazon Redshift v2","connectionParameterized":"true","paramName":"DBConnection_TGT","paramLabel":"","paramType-mapping":"Connection","logcnx":"DBConnection_TGT","default":"dbo/quote","objectParameterized":"false","visible":"false","defaultTargetUpdateColumns":"QuoteKey","supportApplyDDLChanges":"false","originalPath":"Quote_Upd"},"targetConnectionId":"@5Zcq1VmIGjxlaDWgHTaKA5","targetObject":"dbo/quote","targetObjectLabel":"quote","newFlatFile":false,"newObject":false,"showBusinessNames":true,"naturalOrder":true,"truncateTarget":false,"bulkApiDBTarget":false,"operationType":"Rowbased","customFuncCfg":{"@type":"customFuncConfig","id":-1,"connections":[],"inputMap":[],"outputFields":[]},"targetRefsV2":{},"targetUpdateColumns":["QuoteKey"],"extendedObject":{"@type":"extendedObject","singleMode":true,"filters":[],"sortFields":[]},"runtimeAttrs":{},"isRESTModernSource":true,"isFileList":false,"handleSpecialChars":false,"handleDecimalRoundOff":false,"frsAsset":false,"dynamicFileName":false,"excludeDynamicFileNameField":false,"currentlyProcessedFileName":false,"retainFieldMetadata":false,"objectName":"dbo/quote","objectLabel":"quote","useExactSrcNames":false,"fetchMode":"ORIGINAL","tgtObjectAttributes":{},"runtimeParameterData":{"@type":"mtTaskRuntimeParameterData","isConnectionRuntimeParameter":true,"isObjectRuntimeParameter":false,"connectionParameterName":"DBConnection_TGT"},"overridableProperties":[],"overriddenFields":[]},{"@type":"mtTaskParameter","id":86352784,"name":"$LKP_LOBRef$","type":"LOOKUP","label":"DBConnection_TGT","description":"","uiProperties":{"cnxtype":"Amazon Redshift v2","connectionParameterized":"true","paramName":"DBConnection_TGT","paramLabel":"","paramType-mapping":"Connection","logcnx":"DBConnection_TGT","isCachedLookup":"true","multipleMatchPolicy":"Use Any Value","default":"dbo/lob_ref","objectParameterized":"false","visible":"false","originalPath":"LKP_LOBRef"},"lookupConnectionId":"@5Zcq1VmIGjxlaDWgHTaKA5","lookupObject":"dbo/lob_ref","lookupObjectLabel":"lob_ref","newFlatFile":false,"newObject":false,"showBusinessNames":true,"naturalOrder":true,"truncateTarget":false,"bulkApiDBTarget":false,"customFuncCfg":{"@type":"customFuncConfig","id":-1,"connections":[],"inputMap":[],"outputFields":[]},"targetRefsV2":{},"targetUpdateColumns":[],"runtimeAttrs":{"Cache File Name Prefix":"","Lookup Index Cache Size":"AUTO","S3 Bucket Name":"","Optional":"true","Lookup cache persistent":"false","Lookup source is static":"false","Case Sensitive String Comparison":"false","Re-cache from lookup source":"false","Insert Else Update":"false","Lookup caching enabled":"true","Lookup Data Cache Size":"AUTO","Tracing Level":"Normal","Sorted Input":"false","Lookup cache directory name":"$PMCacheDir","Output Old Value On Update":"false","Dynamic Lookup Cache":"false","Pre-build lookup cache":"AUTO","Null ordering":""},"oprRuntimeAttrs":{"S3BucketName":""},"isRESTModernSource":true,"isFileList":false,"handleSpecialChars":false,"handleDecimalRoundOff":false,"frsAsset":false,"dynamicFileName":false,"excludeDynamicFileNameField":false,"currentlyProcessedFileName":false,"retainFieldMetadata":false,"objectName":"dbo/lob_ref","objectLabel":"lob_ref","useExactSrcNames":false,"fetchMode":"ORIGINAL","tgtObjectAttributes":{},"runtimeParameterData":{"@type":"mtTaskRuntimeParameterData","isConnectionRuntimeParameter":true,"isObjectRuntimeParameter":false,"connectionParameterName":"DBConnection_TGT"},"overridableProperties":[],"overriddenFields":[]},{"@type":"mtTaskParameter","id":86352785,"name":"$lkp_Agents$","type":"LOOKUP","label":"DBConnection_TGT","description":"","uiProperties":{"cnxtype":"Amazon Redshift v2","connectionParameterized":"true","paramName":"DBConnection_TGT","paramLabel":"","paramType-mapping":"Connection","logcnx":"DBConnection_TGT","isCachedLookup":"true","multipleMatchPolicy":"Use Any Value","objectParameterized":"false","visible":"false","originalPath":"lkp_Agents"},"lookupConnectionId":"@5Zcq1VmIGjxlaDWgHTaKA5","lookupObject":"DUMMY_lkp_Agents","newFlatFile":false,"newObject":false,"showBusinessNames":true,"naturalOrder":true,"truncateTarget":false,"bulkApiDBTarget":false,"customFuncCfg":{"@type":"customFuncConfig","id":-1,"connections":[],"inputMap":[],"outputFields":[]},"targetRefsV2":{},"targetUpdateColumns":[],"runtimeAttrs":{"Unload Options":"","Lookup source is static":"false","Post-Sql":"","Enable Compression":"YES","Case Sensitive String Comparison":"false","Temporary Credential Duration":"900","Schema Name":"","Lookup Data Cache Size":"AUTO","Output Old Value On Update":"false","Pre-build lookup cache":"AUTO","Null ordering":"","Cache File Name Prefix":"","Lookup Index Cache Size":"AUTO","S3 Bucket Name":"","Optional":"true","Lookup cache persistent":"false","SQL Query":"","Read Mode":"Direct","Multipart Download Threshold Size":"5242880","Re-cache from lookup source":"false","Staging Directory Location":"","Treat NULL Value as NULL":"NO","Fetch Size":"10000","Insert Else Update":"false","Lookup caching enabled":"true","Source Table Name":"","Tracing Level":"Normal","Encryption Type":"None","Sorted Input":"false","Lookup cache directory name":"$PMCacheDir","Select Distinct":"NO","Download S3 Files In Multiple Parts":"NO","Dynamic Lookup Cache":"false","Pre-SQL":""},"oprRuntimeAttrs":{"postSql":"","selectDistinct":"NO","EncryptionType":"None","EnableCompression":"YES","sqlQuery":"","fetchSize":"10000","multipartDownloadThreshold":"5242880","temporaryCredentialDuration":"900","StagingDirectoryLocation":"","schemaName":"","TreatNullValueAsNull":"NO","sourceTableName":"","UnloadOptionsPropertyFile":"","DownloadS3FilesInMultipleParts":"NO","S3BucketName":"","readMode":"Direct","preSql":""},"isRESTModernSource":true,"customQuery":"SELECT Agents.AgencyCd as AgencyCd, Agents.AgencyCommercialName as AgencyCommercialName, Agents.AgentCd as AgentCd FROM dbo.Agents\nWHERE RowEffEndDt = '9999-12-31'","isFileList":false,"handleSpecialChars":false,"handleDecimalRoundOff":false,"frsAsset":false,"dynamicFileName":false,"excludeDynamicFileNameField":false,"currentlyProcessedFileName":false,"retainFieldMetadata":false,"objectName":"DUMMY_lkp_Agents","useExactSrcNames":false,"fetchMode":"ORIGINAL","tgtObjectAttributes":{},"runtimeParameterData":{"@type":"mtTaskRuntimeParameterData","isConnectionRuntimeParameter":true,"isObjectRuntimeParameter":false,"connectionParameterName":"DBConnection_TGT"},"overridableProperties":[],"overriddenFields":[]},{"@type":"mtTaskParameter","id":86352786,"name":"$lkp_InsuranceScore_Stg$","type":"LOOKUP","label":"DBConnection_TGT","description":"","uiProperties":{"cnxtype":"Amazon Redshift v2","connectionParameterized":"true","paramName":"DBConnection_TGT","paramLabel":"","paramType-mapping":"Connection","logcnx":"DBConnection_TGT","isCachedLookup":"true","multipleMatchPolicy":"Use Any Value","objectParameterized":"false","visible":"false","originalPath":"lkp_InsuranceScore_Stg"},"lookupConnectionId":"@5Zcq1VmIGjxlaDWgHTaKA5","lookupObject":"DUMMY_lkp_InsuranceScore_Stg","newFlatFile":false,"newObject":false,"showBusinessNames":true,"naturalOrder":true,"truncateTarget":false,"bulkApiDBTarget":false,"customFuncCfg":{"@type":"customFuncConfig","id":-1,"connections":[],"inputMap":[],"outputFields":[]},"targetRefsV2":{},"targetUpdateColumns":[],"runtimeAttrs":{"Unload Options":"","Lookup Data Filter":"","Lookup source is static":"false","Post-Sql":"","Enable Compression":"YES","Case Sensitive String Comparison":"false","Temporary Credential Duration":"900","Schema Name":"","Lookup Data Cache Size":"AUTO","Output Old Value On Update":"false","Pre-build lookup cache":"AUTO","Null ordering":"","Cache File Name Prefix":"","Lookup Index Cache Size":"AUTO","S3 Bucket Name":"","Optional":"true","Lookup cache persistent":"false","SQL Query":"","Read Mode":"Direct","Update Dynamic Cache Condition":"TRUE","Multipart Download Threshold Size":"5242880","Re-cache from lookup source":"false","Staging Directory Location":"","Treat NULL Value as NULL":"NO","Fetch Size":"10000","Insert Else Update":"false","Lookup caching enabled":"true","Source Table Name":"","Tracing Level":"Normal","Encryption Type":"None","Sorted Input":"false","Lookup cache directory name":"$PMCacheDir","Select Distinct":"NO","Download S3 Files In Multiple Parts":"NO","Dynamic Lookup Cache":"false","Pre-SQL":""},"oprRuntimeAttrs":{"postSql":"","selectDistinct":"NO","EncryptionType":"None","EnableCompression":"YES","sqlQuery":"","fetchSize":"10000","multipartDownloadThreshold":"5242880","temporaryCredentialDuration":"900","StagingDirectoryLocation":"","schemaName":"","TreatNullValueAsNull":"NO","sourceTableName":"","UnloadOptionsPropertyFile":"","DownloadS3FilesInMultipleParts":"NO","S3BucketName":"","readMode":"Direct","preSql":""},"isRESTModernSource":true,"customQuery":"SELECT Insurancescore_Stg.InsuranceScore as InsuranceScore, Insurancescore_Stg.SystemId as SystemId FROM dbo.Insurancescore_Stg where Insurancescore_Stg.cmmcontainer='Application'\nand insurancescoretypecd='InsuredInsuranceScore'","isFileList":false,"handleSpecialChars":false,"handleDecimalRoundOff":false,"frsAsset":false,"dynamicFileName":false,"excludeDynamicFileNameField":false,"currentlyProcessedFileName":false,"retainFieldMetadata":false,"objectName":"DUMMY_lkp_InsuranceScore_Stg","useExactSrcNames":false,"fetchMode":"ORIGINAL","tgtObjectAttributes":{},"runtimeParameterData":{"@type":"mtTaskRuntimeParameterData","isConnectionRuntimeParameter":true,"isObjectRuntimeParameter":false,"connectionParameterName":"DBConnection_TGT"},"overridableProperties":[],"overriddenFields":[]},{"@type":"mtTaskParameter","id":86352787,"name":"$lkp_Quote_Records$","type":"LOOKUP","label":"DBConnection_TGT","description":"","uiProperties":{"cnxtype":"Amazon Redshift v2","connectionParameterized":"true","paramName":"DBConnection_TGT","paramLabel":"","paramType-mapping":"Connection","logcnx":"DBConnection_TGT","isCachedLookup":"true","multipleMatchPolicy":"Use First Value","objectParameterized":"false","visible":"false","originalPath":"lkp_Quote_Records"},"lookupConnectionId":"@5Zcq1VmIGjxlaDWgHTaKA5","lookupObject":"DUMMY_lkp_Quote_Records","newFlatFile":false,"newObject":false,"showBusinessNames":true,"naturalOrder":true,"truncateTarget":false,"bulkApiDBTarget":false,"customFuncCfg":{"@type":"customFuncConfig","id":-1,"connections":[],"inputMap":[],"outputFields":[]},"targetRefsV2":{},"targetUpdateColumns":[],"runtimeAttrs":{"Unload Options":"","Lookup Data Filter":"","Lookup source is static":"false","Post-Sql":"","Enable Compression":"YES","Case Sensitive String Comparison":"false","Temporary Credential Duration":"3600","Schema Name":"","Lookup Data Cache Size":"AUTO","Output Old Value On Update":"false","Pre-build lookup cache":"AUTO","Null ordering":"","Cache File Name Prefix":"","Lookup Index Cache Size":"AUTO","S3 Bucket Name":"","Optional":"true","Lookup cache persistent":"false","SQL Query":"","Read Mode":"Direct","Update Dynamic Cache Condition":"TRUE","Multipart Download Threshold Size":"5242880","Re-cache from lookup source":"false","Staging Directory Location":"","Treat NULL Value as NULL":"NO","Fetch Size":"10000","Insert Else Update":"false","Lookup caching enabled":"true","Source Table Name":"","Tracing Level":"Normal","Encryption Type":"None","Sorted Input":"false","Lookup cache directory name":"$PMCacheDir","Select Distinct":"NO","Download S3 Files In Multiple Parts":"NO","Dynamic Lookup Cache":"false","Pre-SQL":""},"oprRuntimeAttrs":{"postSql":"","selectDistinct":"NO","EncryptionType":"None","EnableCompression":"YES","sqlQuery":"","fetchSize":"10000","multipartDownloadThreshold":"5242880","temporaryCredentialDuration":"3600","StagingDirectoryLocation":"","schemaName":"","TreatNullValueAsNull":"NO","sourceTableName":"","UnloadOptionsPropertyFile":"","DownloadS3FilesInMultipleParts":"NO","S3BucketName":"","readMode":"Direct","preSql":""},"isRESTModernSource":true,"customQuery":"SELECT Quote.QuoteNumber as QuoteNumber FROM dbo.Quote","isFileList":false,"handleSpecialChars":false,"handleDecimalRoundOff":false,"frsAsset":false,"dynamicFileName":false,"excludeDynamicFileNameField":false,"currentlyProcessedFileName":false,"retainFieldMetadata":false,"objectName":"DUMMY_lkp_Quote_Records","useExactSrcNames":false,"fetchMode":"ORIGINAL","tgtObjectAttributes":{},"runtimeParameterData":{"@type":"mtTaskRuntimeParameterData","isConnectionRuntimeParameter":true,"isObjectRuntimeParameter":false,"connectionParameterName":"DBConnection_TGT"},"overridableProperties":[],"overriddenFields":[]},{"@type":"mtTaskParameter","id":86352788,"name":"$lkp_Quote_SCD$","type":"LOOKUP","label":"DBConnection_TGT","description":"","uiProperties":{"cnxtype":"Amazon Redshift v2","connectionParameterized":"true","paramName":"DBConnection_TGT","paramLabel":"","paramType-mapping":"Connection","logcnx":"DBConnection_TGT","isCachedLookup":"true","multipleMatchPolicy":"Use Any Value","objectParameterized":"false","visible":"false","originalPath":"lkp_Quote_SCD"},"lookupConnectionId":"@5Zcq1VmIGjxlaDWgHTaKA5","lookupObject":"DUMMY_lkp_Quote_SCD","newFlatFile":false,"newObject":false,"showBusinessNames":true,"naturalOrder":true,"truncateTarget":false,"bulkApiDBTarget":false,"customFuncCfg":{"@type":"customFuncConfig","id":-1,"connections":[],"inputMap":[],"outputFields":[]},"targetRefsV2":{},"targetUpdateColumns":[],"runtimeAttrs":{"Unload Options":"","Lookup source is static":"false","Post-Sql":"","Enable Compression":"YES","Case Sensitive String Comparison":"false","Temporary Credential Duration":"900","Schema Name":"","Lookup Data Cache Size":"AUTO","Output Old Value On Update":"false","Pre-build lookup cache":"AUTO","Null ordering":"","Cache File Name Prefix":"","Lookup Index Cache Size":"AUTO","S3 Bucket Name":"","Optional":"true","Lookup cache persistent":"false","SQL Query":"","Read Mode":"Direct","Multipart Download Threshold Size":"5242880","Re-cache from lookup source":"false","Staging Directory Location":"","Treat NULL Value as NULL":"NO","Fetch Size":"10000","Insert Else Update":"false","Lookup caching enabled":"true","Source Table Name":"","Tracing Level":"Normal","Encryption Type":"None","Sorted Input":"false","Lookup cache directory name":"$PMCacheDir","Select Distinct":"NO","Download S3 Files In Multiple Parts":"NO","Dynamic Lookup Cache":"false","Pre-SQL":""},"oprRuntimeAttrs":{"postSql":"","selectDistinct":"NO","EncryptionType":"None","EnableCompression":"YES","sqlQuery":"","fetchSize":"10000","multipartDownloadThreshold":"5242880","temporaryCredentialDuration":"900","StagingDirectoryLocation":"","schemaName":"","TreatNullValueAsNull":"NO","sourceTableName":"","UnloadOptionsPropertyFile":"","DownloadS3FilesInMultipleParts":"NO","S3BucketName":"","readMode":"Direct","preSql":""},"isRESTModernSource":true,"customQuery":"SELECT Quote.QuoteKey as QuoteKey, Quote.QuoteHashKey as QuoteHashKey, Quote.QuoteNumber as QuoteNumber,QuoteSystemid as QuoteSystemId FROM dbo.Quote\nWHERE\nRowEffEndDt='9999-12-31'","isFileList":false,"handleSpecialChars":false,"handleDecimalRoundOff":false,"frsAsset":false,"dynamicFileName":false,"excludeDynamicFileNameField":false,"currentlyProcessedFileName":false,"retainFieldMetadata":false,"objectName":"DUMMY_lkp_Quote_SCD","useExactSrcNames":false,"fetchMode":"ORIGINAL","tgtObjectAttributes":{},"runtimeParameterData":{"@type":"mtTaskRuntimeParameterData","isConnectionRuntimeParameter":true,"isObjectRuntimeParameter":false,"connectionParameterName":"DBConnection_TGT"},"overridableProperties":[],"overriddenFields":[]},{"@type":"mtTaskParameter","id":86352789,"name":"$lkp_SourceCd$","type":"LOOKUP","label":"DBConnection_TGT","description":"","uiProperties":{"cnxtype":"Amazon Redshift v2","connectionParameterized":"true","paramName":"DBConnection_TGT","paramLabel":"","paramType-mapping":"Connection","logcnx":"DBConnection_TGT","isCachedLookup":"true","multipleMatchPolicy":"Use Any Value","default":"dbo/transactioninfo_stg","objectParameterized":"false","visible":"false","originalPath":"lkp_SourceCd"},"lookupConnectionId":"@5Zcq1VmIGjxlaDWgHTaKA5","lookupObject":"dbo/transactioninfo_stg","lookupObjectLabel":"transactioninfo_stg","newFlatFile":false,"newObject":false,"showBusinessNames":true,"naturalOrder":true,"truncateTarget":false,"bulkApiDBTarget":false,"customFuncCfg":{"@type":"customFuncConfig","id":-1,"connections":[],"inputMap":[],"outputFields":[]},"targetRefsV2":{},"targetUpdateColumns":[],"runtimeAttrs":{"Cache File Name Prefix":"","Lookup Index Cache Size":"AUTO","S3 Bucket Name":"","Lookup Data Filter":"","Optional":"true","Lookup cache persistent":"false","Lookup source is static":"false","Update Dynamic Cache Condition":"TRUE","Case Sensitive String Comparison":"false","Re-cache from lookup source":"false","Insert Else Update":"false","Lookup caching enabled":"true","Lookup Data Cache Size":"AUTO","Tracing Level":"Normal","Sorted Input":"false","Lookup cache directory name":"$PMCacheDir","Output Old Value On Update":"false","Dynamic Lookup Cache":"false","Pre-build lookup cache":"AUTO","Null ordering":""},"oprRuntimeAttrs":{"S3BucketName":""},"isRESTModernSource":true,"isFileList":false,"handleSpecialChars":false,"handleDecimalRoundOff":false,"frsAsset":false,"dynamicFileName":false,"excludeDynamicFileNameField":false,"currentlyProcessedFileName":false,"retainFieldMetadata":false,"objectName":"dbo/transactioninfo_stg","objectLabel":"transactioninfo_stg","useExactSrcNames":false,"fetchMode":"ORIGINAL","tgtObjectAttributes":{},"runtimeParameterData":{"@type":"mtTaskRuntimeParameterData","isConnectionRuntimeParameter":true,"isObjectRuntimeParameter":false,"connectionParameterName":"DBConnection_TGT"},"overridableProperties":[],"overriddenFields":[]}],"sequences":[],"inOutParameters":[],"connRuntimeAttrs":[]}]