[{"@type":"mappingTemplate","id":"@1","name":"cdi_map_adm_transfer_log_guidewire_metal_stg_load","description":"This job will read data from Maria DB(transferlogguidewire) and load to metal staging tables(metal.transfer_log_guidewire).","autoExpireObject":false,"bundleVersion":"0","assetFrsGuid":"dyaYLqsoksRcnBuqqwMIEY","templateId":"@3","deployTime":1767887560000,"hasParameters":true,"valid":true,"fixedConnection":false,"hasParametersDeployed":true,"fixedConnectionDeployed":false,"isSchemaValidationEnabled":false,"tasks":1,"mappingPreviewFileRecordId":"@2","documentType":"MAPPING","allowMaxFieldLength":false,"specialCharacterSupport":false,"references":[]}]