[{"@type":"mappingTemplate","id":"@1","name":"m_dq_dim_coverage","description":"","autoExpireObject":false,"bundleVersion":"0","assetFrsGuid":"ahYEVtavGCDdOp1csfv66l","templateId":"@3","hasParameters":true,"valid":true,"fixedConnection":true,"hasParametersDeployed":false,"fixedConnectionDeployed":false,"isSchemaValidationEnabled":false,"tasks":1,"mappingPreviewFileRecordId":"@2","documentType":"MAPPING","allowMaxFieldLength":false,"specialCharacterSupport":false,"references":[{"@type":"reference","refObjectId":"@dqHTiQhJYWolYaNB9bUmKf","refType":"connection"}]}]