[{"@type":"mappingTemplate","id":"@1","name":"m_mismatch","description":"","autoExpireObject":false,"bundleVersion":"0","assetFrsGuid":"4ETnT38WIPwbD33azg6Z8I","templateId":"@3","deployTime":1746039849000,"hasParameters":false,"valid":true,"fixedConnection":true,"hasParametersDeployed":false,"fixedConnectionDeployed":true,"isSchemaValidationEnabled":false,"tasks":0,"mappingPreviewFileRecordId":"@2","documentType":"MAPPING","allowMaxFieldLength":false,"specialCharacterSupport":false,"references":[{"@type":"reference","refObjectId":"@jPo49nVatmzbSnPefVZwCV","refType":"connection"},{"@type":"reference","refObjectId":"@cQv4Hm2m2aGl2pCgAfWwGT","refType":"connection"},{"@type":"reference","refObjectId":"@aYZ4ekzHgIPeKpiaoqDLKP","refType":"connection"}]}]