[{"@type":"mappingTemplate","id":"@1","name":"cdi_map_uw_agency_scores_bronze_agency_scores_stg_ld - Copy 1","description":"Mapping to load agency scores from flat file to Redshift table","autoExpireObject":false,"bundleVersion":"0","assetFrsGuid":"bzo9DBV7hsyfA0Vwa56oYo","templateId":"@3","deployTime":1740771593000,"hasParameters":true,"valid":true,"fixedConnection":false,"hasParametersDeployed":true,"fixedConnectionDeployed":false,"isSchemaValidationEnabled":false,"tasks":0,"mappingPreviewFileRecordId":"@2","documentType":"MAPPING","allowMaxFieldLength":false,"specialCharacterSupport":false,"references":[]}]