[{"@type":"mappingTemplate","id":"@1","name":"cdi_mps_bv_property_detection_bronze_betterview_property_detection_stg_ld","description":"","autoExpireObject":false,"bundleVersion":"0","assetFrsGuid":"ao1SBjRoioQbd4xs8cXXyh","templateId":"@3","hasParameters":true,"valid":true,"fixedConnection":false,"hasParametersDeployed":false,"fixedConnectionDeployed":false,"isSchemaValidationEnabled":false,"tasks":1,"mappingPreviewFileRecordId":"@2","documentType":"MAPPING","allowMaxFieldLength":false,"specialCharacterSupport":false,"references":[]}]