[{"@type":"mappingTemplate","id":"@1","name":"cdi_map_acx_coverage_item_metal_load","description":"This job reads data from ACX Guidewire DB and loads it into the Metal staging tables. It follows a one-to-one mapping with no transformations.","autoExpireObject":false,"bundleVersion":"0","assetFrsGuid":"4nmflygsxmWk1C5ciV1s8z","templateId":"@3","hasParameters":true,"valid":true,"fixedConnection":false,"hasParametersDeployed":false,"fixedConnectionDeployed":false,"isSchemaValidationEnabled":false,"tasks":1,"mappingPreviewFileRecordId":"@2","documentType":"MAPPING","allowMaxFieldLength":false,"specialCharacterSupport":false,"references":[]}]