[{"@type":"mappingTemplate","id":"@1","name":"m_dummy_readParams","description":"","autoExpireObject":false,"bundleVersion":"0","assetFrsGuid":"6FdPACoRcDQlaw3H97H7eP","templateId":"@3","deployTime":1711725496000,"hasParameters":true,"valid":true,"fixedConnection":false,"hasParametersDeployed":true,"fixedConnectionDeployed":false,"isSchemaValidationEnabled":false,"tasks":1,"mappingPreviewFileRecordId":"@2","documentType":"MAPPING","allowMaxFieldLength":false,"specialCharacterSupport":false,"references":[]}]