[{"@type":"mtTask","id":"@1","name":"s_m_Load_Line_to_Line_Stg_Ld","description":"Session pushed from PC to ICS : s_m_Load_Line_to_Line_Stg_Ld","runtimeEnvironmentId":"@3pADNCV9u0PcgrXjM7rx0t","maxLogs":10,"verbose":false,"lastRunTime":1709037537000,"mappingId":"@877THYEHcAcclkedReoZYp","frsGuid":"lG4jH00WuIEk9ej1sXeKYp","shortDescription":"Session pushed from PC to ICS : s_m_Load_Line_to_L...","sessionPropertiesList":[{"name":"Allow Temporary Sequence for Pushdown","value":"NO","recommended":false},{"name":"Allow Temporary View for Pushdown","value":"NO","recommended":false},{"name":"Data Column Delimiter","value":"|","recommended":false},{"name":"DTM buffer size","value":"56008793","recommended":false},{"name":"Error Log File Name","value":"PMError.log","recommended":false},{"name":"Pushdown Optimization","value":"None","recommended":false},{"name":"Pushdown Optimization Context","value":"None","recommended":false},{"name":"Pushdown Optimization Fallback Option","value":"Partial PDO","recommended":false}],"enableCrossSchemaPushdown":false,"enableParallelRun":false,"autoTunedApplied":false,"autoTunedAppliedType":"NONE","parameterFileName":"Andover_Param_GW.param","parameterFileDir":"$PMRootDir/andover/parameters","paramFileType":"PARAM_FILE_LOCAL","schemaMode":"async","valid":true,"schemaValidationErrorCount":-1,"serverlessProperties":{},"taskProperties":[{"@type":"taskProperty","name":"parameterFileDir","currentValue":"$PMRootDir/andover/parameters","type":"STRING","label":"label.parameterFileDir","required":false},{"@type":"taskProperty","name":"parameterFileName","currentValue":"Andover_Param_GW.param","type":"STRING","label":"label.parameterFileName","required":false}],"jobPriority":"MEDIUM","optimizationPlan":"NONE","parameters":[{"@type":"mtTaskParameter","id":78696215,"name":"$Src_line$","type":"SOURCE","label":"DBConnection_SRCM","description":"","uiProperties":{"cnxtype":"MySQL","connectionParameterized":"true","paramName":"DBConnection_SRCM","paramLabel":"","paramType-mapping":"Connection","logcnx":"DBConnection_SRCM","isSelectDistinct":"false","objectParameterized":"false","visible":"false","originalPath":"Src_line"},"sourceConnectionId":"@jPo49nVatmzbSnPefVZwCV","sourceObject":"DUMMY_Src_line","sourceObjectLabel":"DUMMY_Src_line","newFlatFile":false,"newObject":false,"showBusinessNames":true,"naturalOrder":true,"truncateTarget":false,"bulkApiDBTarget":false,"customFuncCfg":{"@type":"customFuncConfig","id":-1,"connections":[],"inputMap":[],"outputFields":[]},"targetRefsV2":{},"targetUpdateColumns":[],"runtimeAttrs":{"Sql Override":"SELECT line.SystemId, line.ParentId, line.CMMContainer, line.Id, line.StatusCd, line.LineCd, line.FullTermAmt, line.RatingService, line.WrittenPremiumAmt, line.EarnedAmt, line.CommissionAmt, line.FinalPremiumAmt, line.TransactionCommissionAmt, line.CoverageTriggerCd, line.RetroactiveDt, line.ContinuityDt, line.ExtendedReportingDt, line.ComprehensiveDedDefault, line.CollisionDedDefault, line.DebugKey, line.MultiPolicyDiscountInd, line.RelatedPolicyNumber, line.WaivePolicyFeeInd, line.MultiCarDiscountInd, line.UMPDWCDInd, line.EmployeeDiscountInd, line.FormType, line.GLOccurrenceLimit, line.GLAggregateLimit, line.FireLegalLiabilityLimit, line.MedicalExpensesLimit, line.AggregateLimitPerLocationInd, line.GLScheduledPremiumMod, line.ProductsAggregateLimit, line.RetainedLimit, line.FirstDollarDefenseInd, line.PersonalInjuryLimit, line.ProductsAndCompletedOpsAggLim, line.EmployeeBenefitsLimit, line.ClaimsMadeInd, line.GLDeductible, line.GLOccurrenceAggregateLimit, line.GLPropDamageLiabDeductible, line.GLDeductibleType, line.LimitType, line.BILimitSplit, line.PDLimitSplit, line.LiabilityLimitCSL, line.LiabilityDed, line.LiabilityVehicleDesignationCd, line.LiabilityPremiumMod, line.MedPayLimit, line.MedPayVehicleDesignationCd, line.UMBILimitSplit, line.UMLimitCSL, line.UMBIVehicleDesignationCd, line.ComprehensiveDed, line.ComprehensiveVehDesignationCd, line.CollisionDed, line.CollisionVehicleDesignationCd, line.PhysicalDamagePremiumMod, line.FleetFactor, line.UMPDLimitCSL, line.NumberEmployeesFullTime, line.NumberEmployeesPartTime, line.NumberEmployeesTempWorkers, line.NumberEmployeesLeased, line.NumberEmployeesSeasonalWorkers, line.NumberIndependentContractors, line.NumberVolunteers, line.NumberLawClerks, line.NumberClerical, line.NumberParaLegals, line.NumberLawyers, line.NumberNurses, line.NumberPhysicians, line.NumberNurseAssistants, line.PracticeName, line.DefenseIncludedInRetainedInd, line.CovELimit, line.CovFLimit, line.BILimit, line.PDLimit, line.UMBILimit, line.AutoPolicyInd, line.GLIncreasedLimits, line.PDLiabilityDeductible, line.LiquorLiabilityLimit, line.CustomerPolicyDiscountInd, line.SupportingPolicyDiscountInd, line.SupportingBAQOrPolicyNumber, line.RewriteRenewalOverrideInd, line.IRPMVariedInd, line.DeductiblesVariedInd, line.ExcludeAllMotorVehicleLiab, line.ExcludeAllMotorMoped, line.ExcludeAllMotorHomes, line.ExcludeAllRecVehLiab, line.PersUmbDed, line.TotMotOwnLeasBus, line.NumMotExcUmb, line.NumHouseAutoRec, line.NumOfYouthInexp, line.PrimaryUnderlyingPolNum, line.NumOfFamilyResFour, line.NumOfFamiliesPrimDwelling, line.NumOfFamilyResTwo, line.NumOfCondoUnits, line.NumOfBoatsInbOut, line.NumOfBoatsOver150HP, line.NumOfRecVeh, line.NumOfRecVehExcl, line.NumOfAssistedLiving, line.NumOfTrusts, line.HomeDayCare, line.NumOnPremises, line.AnyOffPremises, line.BusinessPursuits, line.IncidentalFarming, line.UnderPersLiab, line.UnderAutLiabPerOcc, line.NumOfAddlFamilyResFour, line.NumOfFamilyResFourExcl, line.NumOfAddlCondoUnits, line.NumOfAddlBoatsInbOut, line.NumOfAddlBoatsOver150HP, line.NumOfAddlRecVeh, line.NumOfAddlTrusts, line.HasActivePolicy, line.PersonalLiabilityLimit, line.CommercialLiabilityLimit, line.ExcessUMUIMLimit, line.CoverageTypeCd, line.UnderlyingBOPLiability, line.UnderlyingBOPPremium, line.OwnedAutosInd, line.NumOwnedAutos, line.OwnedWatercraftInd, line.UnderBOPFormBP0401, line.UnderBOPFormBP0412, line.UnderBOPFormBP0437, line.PriHomeAppPolNum, line.UnderlyingPersonalLiability, line.UmbEndorsementInd, line.UmbPersLiabInd, line.UmbAutoPolicyInd, line.UmbRiskProfileInd, line.UnderLyingLiabLimits, line.EmplLiabCovrInsured, line.ModifiedAutoInd, line.TypeCd, line.TerrorismRiskInd, line.ExpenseMod, line.PremisesLiability, line.DirectorsOfficersLiability, line.OnAssBoardOfDirectors, line.ProfessionalOccupation, line.ProfessionalLiability, line.EmployeeDishonesty, line.NumOfEmployees, line.IncreaseForgeryLimitsInd, line.EmployeeBenefitsLiability, line.FungiProperty, line.HiredAutoInd, line.NonOwnedAutoInd, line.SupEnhancementComplexesInd, line.OffPremiseDesc, line.AgreedAmountInd, line.CyberLiabilityLimit, line.CyberLiabilityBPPInd, line.CyberLiabilitySales, line.CyberLiabilityNumUnits, line.CyberLiabilityRetroDate, line.CyberLiabExtdRptPrd, line.CyberLiabExtdEffDt, line.CyberLiabExtdExpDt, line.MiscellaneousEndorsement, line.MiscellaneousEndorsementAmount, line.MiscellaneousEndorsementLimit, line.FormNumber, line.Description, line.CLIFirewallInd, line.CLIAntiVirusInd, line.CLISecurityInd, line.CLICreditCardInd, line.CLIPCIDSSInd, line.CLIOver5KRecordsInd, line.CLIComplaintsInd, line.CLIBreacheslInd, line.CLIDeclinedInd, line.LegalActionBarberBeauticianInd, line.LegalActBarberBeauticianDesc, line.LossRunsBarberBeauticianInd, line.YrsOfExpBarberBeautician, line.EmployeeLicensesInd, line.WorkOffPremisesInd, line.WorkOffPremisesFrequency, line.ToolsSterilizedInd, line.HairTreatmentRecords, line.ItemsOtherThanHairOrNailInd, line.ItemsOtherThanHairOrNailDesc, line.FinedByStateBoardInd, line.FinedByStateBoardDesc, line.ServicesProvidedInd, line.LegalActionOpticsHearingInd, line.LegalActionOpticsHearingDesc, line.CertifiedOpticsHearingInd, line.MedicalExamInPastSixMonthsInd, line.InformedOfHearingAidsInd, line.LegalActionFuneralDirectorInd, line.LegalActionFuneralDirectorDesc, line.LossRunsFuneralDirectorInd, line.AmbulanceServiceInd, line.LegalActionPrinterInd, line.LegalActionPrinterDesc, line.MaterialsPrinted, line.HighHazardMaterialsInd, line.LegalActionVeterinarianInd, line.LegalActionVeterinarianDesc, line.BoardingFacilitiesInd, line.BoardingFacilitiesDesc, line.NumOfFamilyResTwoOffPre, line.RowId, line.UmbrellaPolicyNumber, line.HasUnderlyingPolicyQuote, line.UnderlyingPolicyQTAPIsDeleted, line.UnderBOPFormBP0143, line.UnderBOPForm971431, line.UnderBOPForm971444, line.ExcludeAllWatercraft, line.RejectExcessUninsuredMotorists, line.URQOutputId, line.NumOfRisks, line.PoliciesWithNoHHFFee, line.NumOfFamilyResTwoOffPrePri1978, line.NumOfFamilyResTwoOffPre1978,\nline.TerritoryCd \nFROM\n line\nwhere  line.cmmcontainer = 'Policy'"},"isRESTModernSource":true,"customQuery":"SELECT distinct line.SystemId, line.ParentId, line.CMMContainer, line.Id, line.StatusCd, line.LineCd, line.FullTermAmt, line.RatingService, line.WrittenPremiumAmt, line.EarnedAmt, line.CommissionAmt, line.FinalPremiumAmt, line.TransactionCommissionAmt, line.CoverageTriggerCd, line.RetroactiveDt, line.ContinuityDt, line.ExtendedReportingDt, line.ComprehensiveDedDefault, line.CollisionDedDefault, line.DebugKey, line.MultiPolicyDiscountInd, line.RelatedPolicyNumber, line.WaivePolicyFeeInd, line.MultiCarDiscountInd, line.UMPDWCDInd, line.EmployeeDiscountInd, line.FormType, line.GLOccurrenceLimit, line.GLAggregateLimit, line.FireLegalLiabilityLimit, line.MedicalExpensesLimit, line.AggregateLimitPerLocationInd, line.GLScheduledPremiumMod, line.ProductsAggregateLimit, line.RetainedLimit, line.FirstDollarDefenseInd, line.PersonalInjuryLimit, line.ProductsAndCompletedOpsAggLim, line.EmployeeBenefitsLimit, line.ClaimsMadeInd, line.GLDeductible, line.GLOccurrenceAggregateLimit, line.GLPropDamageLiabDeductible, line.GLDeductibleType, line.LimitType, line.BILimitSplit, line.PDLimitSplit, line.LiabilityLimitCSL, line.LiabilityDed, line.LiabilityVehicleDesignationCd, line.LiabilityPremiumMod, line.MedPayLimit, line.MedPayVehicleDesignationCd, line.UMBILimitSplit, line.UMLimitCSL, line.UMBIVehicleDesignationCd, line.ComprehensiveDed, line.ComprehensiveVehDesignationCd, line.CollisionDed, line.CollisionVehicleDesignationCd, line.PhysicalDamagePremiumMod, line.FleetFactor, line.UMPDLimitCSL, line.NumberEmployeesFullTime, line.NumberEmployeesPartTime, line.NumberEmployeesTempWorkers, line.NumberEmployeesLeased, line.NumberEmployeesSeasonalWorkers, line.NumberIndependentContractors, line.NumberVolunteers, line.NumberLawClerks, line.NumberClerical, line.NumberParaLegals, line.NumberLawyers, line.NumberNurses, line.NumberPhysicians, line.NumberNurseAssistants, line.PracticeName, line.DefenseIncludedInRetainedInd, line.CovELimit, line.CovFLimit, line.BILimit, line.PDLimit, line.UMBILimit, line.AutoPolicyInd, line.GLIncreasedLimits, line.PDLiabilityDeductible, line.LiquorLiabilityLimit, line.CustomerPolicyDiscountInd, line.SupportingPolicyDiscountInd, line.SupportingBAQOrPolicyNumber, line.RewriteRenewalOverrideInd, line.IRPMVariedInd, line.DeductiblesVariedInd, line.ExcludeAllMotorVehicleLiab, line.ExcludeAllMotorMoped, line.ExcludeAllMotorHomes, line.ExcludeAllRecVehLiab, line.PersUmbDed, line.TotMotOwnLeasBus, line.NumMotExcUmb, line.NumHouseAutoRec, line.NumOfYouthInexp, line.PrimaryUnderlyingPolNum, line.NumOfFamilyResFour, line.NumOfFamiliesPrimDwelling, line.NumOfFamilyResTwo, line.NumOfCondoUnits, line.NumOfBoatsInbOut, line.NumOfBoatsOver150HP, line.NumOfRecVeh, line.NumOfRecVehExcl, line.NumOfAssistedLiving, line.NumOfTrusts, line.HomeDayCare, line.NumOnPremises, line.AnyOffPremises, line.BusinessPursuits, line.IncidentalFarming, line.UnderPersLiab, line.UnderAutLiabPerOcc, line.NumOfAddlFamilyResFour, line.NumOfFamilyResFourExcl, line.NumOfAddlCondoUnits, line.NumOfAddlBoatsInbOut, line.NumOfAddlBoatsOver150HP, line.NumOfAddlRecVeh, line.NumOfAddlTrusts, line.HasActivePolicy, line.PersonalLiabilityLimit, line.CommercialLiabilityLimit, line.ExcessUMUIMLimit, line.CoverageTypeCd, line.UnderlyingBOPLiability, line.UnderlyingBOPPremium, line.OwnedAutosInd, line.NumOwnedAutos, line.OwnedWatercraftInd, line.UnderBOPFormBP0401, line.UnderBOPFormBP0412, line.UnderBOPFormBP0437, line.PriHomeAppPolNum, line.UnderlyingPersonalLiability, line.UmbEndorsementInd, line.UmbPersLiabInd, line.UmbAutoPolicyInd, line.UmbRiskProfileInd, line.UnderLyingLiabLimits, line.EmplLiabCovrInsured, line.ModifiedAutoInd, line.TypeCd, line.TerrorismRiskInd, line.ExpenseMod, line.PremisesLiability, line.DirectorsOfficersLiability, line.OnAssBoardOfDirectors, line.ProfessionalOccupation, line.ProfessionalLiability, line.EmployeeDishonesty, line.NumOfEmployees, line.IncreaseForgeryLimitsInd, line.EmployeeBenefitsLiability, line.FungiProperty, line.HiredAutoInd, line.NonOwnedAutoInd, line.SupEnhancementComplexesInd, line.OffPremiseDesc, line.AgreedAmountInd, line.CyberLiabilityLimit, line.CyberLiabilityBPPInd, line.CyberLiabilitySales, line.CyberLiabilityNumUnits, line.CyberLiabilityRetroDate, line.CyberLiabExtdRptPrd, line.CyberLiabExtdEffDt, line.CyberLiabExtdExpDt, line.MiscellaneousEndorsement, line.MiscellaneousEndorsementAmount, line.MiscellaneousEndorsementLimit, line.FormNumber, line.Description, line.CLIFirewallInd, line.CLIAntiVirusInd, line.CLISecurityInd, line.CLICreditCardInd, line.CLIPCIDSSInd, line.CLIOver5KRecordsInd, line.CLIComplaintsInd, line.CLIBreacheslInd, line.CLIDeclinedInd, line.LegalActionBarberBeauticianInd, line.LegalActBarberBeauticianDesc, line.LossRunsBarberBeauticianInd, line.YrsOfExpBarberBeautician, line.EmployeeLicensesInd, line.WorkOffPremisesInd, line.WorkOffPremisesFrequency, line.ToolsSterilizedInd, line.HairTreatmentRecords, line.ItemsOtherThanHairOrNailInd, line.ItemsOtherThanHairOrNailDesc, line.FinedByStateBoardInd, line.FinedByStateBoardDesc, line.ServicesProvidedInd, line.LegalActionOpticsHearingInd, line.LegalActionOpticsHearingDesc, line.CertifiedOpticsHearingInd, line.MedicalExamInPastSixMonthsInd, line.InformedOfHearingAidsInd, line.LegalActionFuneralDirectorInd, line.LegalActionFuneralDirectorDesc, line.LossRunsFuneralDirectorInd, line.AmbulanceServiceInd, line.LegalActionPrinterInd, line.LegalActionPrinterDesc, line.MaterialsPrinted, line.HighHazardMaterialsInd, line.LegalActionVeterinarianInd, line.LegalActionVeterinarianDesc, line.BoardingFacilitiesInd, line.BoardingFacilitiesDesc, line.NumOfFamilyResTwoOffPre, line.RowId, line.UmbrellaPolicyNumber, line.HasUnderlyingPolicyQuote, line.UnderlyingPolicyQTAPIsDeleted, line.UnderBOPFormBP0143, line.UnderBOPForm971431, line.UnderBOPForm971444, line.ExcludeAllWatercraft, line.RejectExcessUninsuredMotorists, line.URQOutputId, line.NumOfRisks, line.PoliciesWithNoHHFFee, line.NumOfFamilyResTwoOffPrePri1978, line.NumOfFamilyResTwoOffPre1978,\nline.TerritoryCd \nFROM\n line\nwhere systemid in (select SystemId from advrxxchangedbeans where concat(adddt,addtm)>='$$m_strtdt' and concat(adddt,addtm) <='$$m_Enddt' and\n cmmcontainer in ('Policy','Application')) and line.cmmcontainer in ('Policy','Application')","isFileList":false,"handleSpecialChars":false,"handleDecimalRoundOff":false,"frsAsset":false,"dynamicFileName":false,"excludeDynamicFileNameField":false,"currentlyProcessedFileName":false,"retainFieldMetadata":false,"objectName":"DUMMY_Src_line","objectLabel":"DUMMY_Src_line","useExactSrcNames":false,"tgtObjectAttributes":{},"runtimeParameterData":{"@type":"mtTaskRuntimeParameterData","isConnectionRuntimeParameter":true,"isObjectRuntimeParameter":false,"connectionParameterName":"DBConnection_SRCM"},"overridableProperties":[],"overriddenFields":[]},{"@type":"mtTaskParameter","id":78696216,"name":"$Tgt_Line_Stg$","type":"TARGET","label":"DBConnection_TGT","description":"","uiProperties":{"cnxtype":"Amazon Redshift v2","connectionParameterized":"true","paramName":"DBConnection_TGT","paramLabel":"","paramType-mapping":"Connection","logcnx":"DBConnection_TGT","default":"dbo/line_stg","objectParameterized":"false","visible":"false","defaultTargetUpdateColumns":"","supportApplyDDLChanges":"false","originalPath":"Tgt_Line_Stg"},"targetConnectionId":"@aYZ4ekzHgIPeKpiaoqDLKP","targetObject":"dbo/line_stg","targetObjectLabel":"line_stg","newFlatFile":false,"newObject":false,"showBusinessNames":true,"naturalOrder":true,"truncateTarget":false,"bulkApiDBTarget":false,"operationType":"Insert","customFuncCfg":{"@type":"customFuncConfig","id":-1,"connections":[],"inputMap":[],"outputFields":[]},"targetRefsV2":{},"targetUpdateColumns":[],"extendedObject":{"@type":"extendedObject","singleMode":true,"filters":[],"sortFields":[]},"runtimeAttrs":{"Recovery Schema Name":"","Transfer Manager Thread Pool Size":"10","Override Target Query":"","Post-Sql":"","Enable Compression":"YES","S3 Server Side Encryption":"NO","WaitTime In Seconds For S3 File Consistency":"0","Error File Directory":"","Preserve record order on write":"NO","Require Null Value For Char And Varchar":"","Temporary Credential Duration":"7200","Schema Name":"","Analyze Target Table":"NO","Truncate Target Table Before Data Upload":"YES","S3 Client Side Encryption":"NO","Minimum Upload Part Size":"5242880","Number of files per batch":"0","Vacuum Target Table":"None","Prefix To Retain For Staging Files On S3":"","S3 Bucket Name":"nonproddatawarehouseredshiftclust-staging12d1754e-1w9c6risqayrf","Staging Directory Location":"","Max Errors Per Batch Upload Insert":"1","Copy Options":"","Batch Size":"2000000","Treat Source Rows As":"INSERT","Target Table Name":"","Pre-SQL":"","Success File Directory":""},"oprRuntimeAttrs":{"ErrorFileDirectory":"","numberOfFilesPerBatch":"0","S3ServerSideEncryption":"NO","CopyOptionsPropertyFile":"","SuccessFileDirectory":"","StagingDirectoryLocation":"","schemaName":"","AnalyzeTargetTable":"NO","dataIntegritySupport":"NO","PrefixToRetainForStagingFilesOnS3":"","minUploadPartSize":"5242880","targetTableName":"","postSql":"","BatchSize":"2000000","EnableCompression":"YES","TreatSourceRowsAs":"INSERT","RequireNullValueForCharAndVarchar":"","overrideTargetQuery":"","temporaryCredentialDuration":"7200","TruncateTargetTableBeforeDataUpload":"YES","WaitTimeInSecondsForS3FileConsistency":"0","VacuumTargetTable":"None","MaxErrorsPerBatchUploadForInsert":"1","S3ClientSideEncryption":"NO","recoverySchemaName":"","S3BucketName":"nonproddatawarehouseredshiftclust-staging12d1754e-1w9c6risqayrf","txManagerThreadPoolSize":"10","preSql":""},"isRESTModernSource":true,"isFileList":false,"handleSpecialChars":false,"handleDecimalRoundOff":false,"frsAsset":false,"dynamicFileName":false,"excludeDynamicFileNameField":false,"currentlyProcessedFileName":false,"retainFieldMetadata":false,"objectName":"dbo/line_stg","objectLabel":"line_stg","useExactSrcNames":false,"tgtObjectAttributes":{},"runtimeParameterData":{"@type":"mtTaskRuntimeParameterData","isConnectionRuntimeParameter":true,"isObjectRuntimeParameter":false,"connectionParameterName":"DBConnection_TGT"},"overridableProperties":[],"overriddenFields":[]}],"sequences":[],"inOutParameters":[{"@type":"mtTaskInOutParameter","id":"-1","name":"m_strtdt","description":"","initialValue":"","datatype":"STRING","precision":"120","scale":"0","retentionPolicy":"NEVER","aggregationType":"MAX","currentValue":""},{"@type":"mtTaskInOutParameter","id":"-1","name":"m_Enddt","description":"","initialValue":"","datatype":"STRING","precision":"120","scale":"0","retentionPolicy":"NEVER","aggregationType":"MAX","currentValue":""}],"connRuntimeAttrs":[]}]