[{"@type":"mappingTemplate","id":"@1","name":"Mapping20","description":"","autoExpireObject":false,"bundleVersion":"0","assetFrsGuid":"3o86ZCEH1BteC72OmJAcit","templateId":"@3","deployTime":1744750211000,"hasParameters":false,"valid":true,"fixedConnection":true,"hasParametersDeployed":false,"fixedConnectionDeployed":true,"isSchemaValidationEnabled":false,"tasks":0,"mappingPreviewFileRecordId":"@2","documentType":"MAPPING","allowMaxFieldLength":false,"specialCharacterSupport":false,"references":[{"@type":"reference","refObjectId":"@kTH2QjUVWI5iv5zfzJvWy4","refType":"connection"},{"@type":"reference","refObjectId":"@80Pk70PAcvxdvkVaUvjx4D","refType":"connection"}]}]