[{"@type":"mappingTemplate","id":"@1","name":"cdi_map_acx_coverage_item_metal_load_inserts_tst","description":"This job reads data from ACX Guidewire DB and loads it into the Metal staging tables. It follows a one-to-one mapping with no transformations.","autoExpireObject":false,"bundleVersion":"0","assetFrsGuid":"6wjaSf2NuQIkXMgaTnUNUC","templateId":"@3","deployTime":1769112390000,"hasParameters":false,"valid":true,"fixedConnection":true,"hasParametersDeployed":false,"fixedConnectionDeployed":true,"isSchemaValidationEnabled":false,"tasks":0,"mappingPreviewFileRecordId":"@2","documentType":"MAPPING","allowMaxFieldLength":false,"specialCharacterSupport":false,"references":[{"@type":"reference","refObjectId":"@1MPwv79N5kdekz7fZXQSas","refType":"connection"},{"@type":"reference","refObjectId":"@aYZ4ekzHgIPeKpiaoqDLKP","refType":"connection"}]}]