[{"@type":"mappingTemplate","id":"@1","name":"cdi_map_adm_agency_guidewire_metal_stg_load","description":"Maria DB and load to metal staging tables. incremental data_one to one mapping.","autoExpireObject":false,"bundleVersion":"0","assetFrsGuid":"bktdDsXFgGJkpdVrT9BeoS","templateId":"@3","deployTime":1764081299000,"hasParameters":true,"valid":true,"fixedConnection":true,"hasParametersDeployed":true,"fixedConnectionDeployed":true,"isSchemaValidationEnabled":false,"tasks":1,"mappingPreviewFileRecordId":"@2","documentType":"MAPPING","allowMaxFieldLength":false,"specialCharacterSupport":false,"references":[{"@type":"reference","refObjectId":"@4uzdhtCEfeKgnmfNINATi5","refType":"connection"}]}]