[{"@type":"mappingTemplate","id":"@1","name":"cdi_tsk_map_adm_transfer_log_guidewire_bronze_stg_load","description":"","autoExpireObject":false,"bundleVersion":"0","assetFrsGuid":"0V5XTR479J0gvPLDPMq6Oc","templateId":"@3","hasParameters":true,"valid":true,"fixedConnection":false,"hasParametersDeployed":false,"fixedConnectionDeployed":false,"isSchemaValidationEnabled":false,"tasks":0,"mappingPreviewFileRecordId":"@2","documentType":"MAPPING","allowMaxFieldLength":false,"specialCharacterSupport":false,"references":[]}]