[{"@type":"mappingTemplate","id":"@1","name":"m_Load_CommissionDetail_Stg_from_CommissionDetail","description":"IDMC Admin check out for remigration because of a corrupted mapping in IDMC QA and IDMC UAT.  Bob D.  8/4/24","autoExpireObject":false,"bundleVersion":"0","assetFrsGuid":"8RvnBstPi20fWm5PaXlzgR","templateId":"@3","deployTime":1735664415000,"hasParameters":true,"valid":true,"fixedConnection":false,"hasParametersDeployed":true,"fixedConnectionDeployed":false,"isSchemaValidationEnabled":false,"tasks":1,"mappingPreviewFileRecordId":"@2","documentType":"","references":[]}]