[{"@type":"mtTask","id":"@1","name":"s_m_Load_PolicyReinsuranceDetail_to_PolicyReinsuranceDetail_Stg","description":"Session pushed from PC to ICS : s_m_Load_PolicyReinsuranceDetail_to_PolicyReinsuranceDetail_Stg","runtimeEnvironmentId":"@3pADNCV9u0PcgrXjM7rx0t","maxLogs":10,"verbose":false,"lastRunTime":1711975285000,"mappingId":"@9tqxeJQhYhakWYL9FRgVYs","frsGuid":"kQ9KWecKDCci8G6JeI8Jyb","shortDescription":"Session pushed from PC to ICS : s_m_Load_PolicyRei...","sessionPropertiesList":[{"name":"Allow Temporary Sequence for Pushdown","value":"NO","recommended":false},{"name":"Allow Temporary View for Pushdown","value":"NO","recommended":false},{"name":"Cache LOOKUP() function","value":"YES","recommended":false},{"name":"Commit On End Of File","value":"YES","recommended":false},{"name":"Data Column Delimiter","value":"|","recommended":false},{"name":"Error Log File Name","value":"PMError.log","recommended":false},{"name":"Log Row Data","value":"YES","recommended":false},{"name":"Pushdown Optimization","value":"None","recommended":false},{"name":"Pushdown Optimization Context","value":"None","recommended":false},{"name":"Pushdown Optimization Fallback Option","value":"Partial PDO","recommended":false}],"enableCrossSchemaPushdown":false,"enableParallelRun":false,"autoTunedApplied":false,"autoTunedAppliedType":"NONE","parameterFileName":"Andover_Param_GW.param","parameterFileDir":"$PMRootDir/andover/parameters","paramFileType":"PARAM_FILE_LOCAL","schemaMode":"async","valid":true,"schemaValidationErrorCount":-1,"serverlessProperties":{},"taskProperties":[{"@type":"taskProperty","name":"parameterFileDir","currentValue":"$PMRootDir/andover/parameters","type":"STRING","label":"label.parameterFileDir","required":false},{"@type":"taskProperty","name":"parameterFileName","currentValue":"Andover_Param_GW.param","type":"STRING","label":"label.parameterFileName","required":false}],"parameters":[{"@type":"mtTaskParameter","id":82038869,"name":"$Src_policyreinsurancedetail$","type":"SOURCE","label":"DBConnection_SRCM","description":"","uiProperties":{"cnxtype":"MySQL","connectionParameterized":"true","paramName":"DBConnection_SRCM","paramLabel":"","paramType-mapping":"Connection","logcnx":"DBConnection_SRCM","isSelectDistinct":"false","objectParameterized":"false","visible":"false","originalPath":"Src_policyreinsurancedetail"},"sourceConnectionId":"@jPo49nVatmzbSnPefVZwCV","sourceObject":"DUMMY_Src_policyreinsurancedetail","newFlatFile":false,"newObject":false,"showBusinessNames":true,"naturalOrder":true,"truncateTarget":false,"bulkApiDBTarget":false,"customFuncCfg":{"@type":"customFuncConfig","id":-1,"connections":[],"inputMap":[],"outputFields":[]},"targetRefsV2":{},"targetUpdateColumns":[],"runtimeAttrs":{"Sql Override":"","Pre SQL":"","Post SQL":"","Schema Name":""},"isRESTModernSource":true,"customQuery":"SELECT distinct policyreinsurancedetail.SystemId, \npolicyreinsurancedetail.ParentId, \npolicyreinsurancedetail.CMMContainer, \npolicyreinsurancedetail.Id, \npolicyreinsurancedetail.GroupIdRef, \npolicyreinsurancedetail.GroupIdName, \npolicyreinsurancedetail.ReinsuranceTemplateIdRef, \npolicyreinsurancedetail.ProbableMaxLoss, \npolicyreinsurancedetail.TotalInsuredValue, \npolicyreinsurancedetail.PlacementAmt, \npolicyreinsurancedetail.StartLimitAmt, \npolicyreinsurancedetail.AmtToPlace, \npolicyreinsurancedetail.BasePremiumAmt, \npolicyreinsurancedetail.PMLOverrideInd, \npolicyreinsurancedetail.StatusCd, \npolicyreinsurancedetail.BaseWrittenPremiumAmt, \npolicyreinsurancedetail.BaseWrittenPremiumToDateAmt, \npolicyreinsurancedetail.ManuallyPlacedInd, \npolicyreinsurancedetail.CededProRateInd, \npolicyreinsurancedetail.Combustability, \npolicyreinsurancedetail.FatFryingConducted, \npolicyreinsurancedetail.FatFryingAreaPercent, \npolicyreinsurancedetail.ProtectionClass, \npolicyreinsurancedetail.Construction, \npolicyreinsurancedetail.Sprinklered, \npolicyreinsurancedetail.ExposureGrade, \npolicyreinsurancedetail.StartLimit, \npolicyreinsurancedetail.EndLimit, \npolicyreinsurancedetail.RowId \nFROM\n policyreinsurancedetail\nwhere systemid in \n(select SystemId from advrxxchangedbeans \nwhere concat(adddt,addtm)>='$$m_strtdt' and concat(adddt,addtm) <='$$m_Enddt' \nand cmmcontainer='Policy' ) \nand cmmcontainer='Policy'","isFileList":false,"handleSpecialChars":false,"handleDecimalRoundOff":false,"frsAsset":false,"dynamicFileName":false,"excludeDynamicFileNameField":false,"currentlyProcessedFileName":false,"retainFieldMetadata":false,"objectName":"DUMMY_Src_policyreinsurancedetail","useExactSrcNames":false,"tgtObjectAttributes":{},"runtimeParameterData":{"@type":"mtTaskRuntimeParameterData","isConnectionRuntimeParameter":true,"isObjectRuntimeParameter":false,"connectionParameterName":"DBConnection_SRCM"},"overridableProperties":[],"overriddenFields":[]},{"@type":"mtTaskParameter","id":82038870,"name":"$Tgt_policyreinsurancedetail_Stg$","type":"TARGET","label":"DBConnection_TGT","description":"","uiProperties":{"cnxtype":"Amazon Redshift v2","connectionParameterized":"true","paramName":"DBConnection_TGT","paramLabel":"","paramType-mapping":"Connection","logcnx":"DBConnection_TGT","default":"dbo/policyreinsurancedetail_stg","objectParameterized":"false","visible":"false","defaultTargetUpdateColumns":"","supportApplyDDLChanges":"false","originalPath":"Tgt_policyreinsurancedetail_Stg"},"targetConnectionId":"@aYZ4ekzHgIPeKpiaoqDLKP","targetObject":"dbo/policyreinsurancedetail_stg","targetObjectLabel":"policyreinsurancedetail_stg","newFlatFile":false,"newObject":false,"showBusinessNames":true,"naturalOrder":true,"truncateTarget":false,"bulkApiDBTarget":false,"operationType":"Insert","customFuncCfg":{"@type":"customFuncConfig","id":-1,"connections":[],"inputMap":[],"outputFields":[]},"targetRefsV2":{},"targetUpdateColumns":[],"extendedObject":{"@type":"extendedObject","singleMode":true,"filters":[],"sortFields":[]},"runtimeAttrs":{},"isRESTModernSource":true,"isFileList":false,"handleSpecialChars":false,"handleDecimalRoundOff":false,"frsAsset":false,"dynamicFileName":false,"excludeDynamicFileNameField":false,"currentlyProcessedFileName":false,"retainFieldMetadata":false,"objectName":"dbo/policyreinsurancedetail_stg","objectLabel":"policyreinsurancedetail_stg","useExactSrcNames":false,"tgtObjectAttributes":{},"runtimeParameterData":{"@type":"mtTaskRuntimeParameterData","isConnectionRuntimeParameter":true,"isObjectRuntimeParameter":false,"connectionParameterName":"DBConnection_TGT"},"overridableProperties":[],"overriddenFields":[]}],"sequences":[],"inOutParameters":[{"@type":"mtTaskInOutParameter","id":"-1","name":"m_strtdt","description":"","initialValue":"","datatype":"STRING","precision":"120","scale":"0","retentionPolicy":"NEVER","aggregationType":"MAX","currentValue":""},{"@type":"mtTaskInOutParameter","id":"-1","name":"m_Enddt","description":"","initialValue":"","datatype":"STRING","precision":"120","scale":"0","retentionPolicy":"NEVER","aggregationType":"MAX","currentValue":""}],"connRuntimeAttrs":[]}]