[{"@type":"mappingTemplate","id":"@1","name":"m_Load_Claimstats_to_ClaimTransaction_Ld","description":"Mapping to load Master Claim transaction from Stage table","autoExpireObject":false,"bundleVersion":"0","assetFrsGuid":"2lW51HbVSa6dhuRJdh9UWv","templateId":"@3","hasParameters":true,"valid":false,"fixedConnection":false,"hasParametersDeployed":false,"fixedConnectionDeployed":false,"isSchemaValidationEnabled":false,"tasks":0,"mappingPreviewFileRecordId":"@2","documentType":"","allowMaxFieldLength":false,"specialCharacterSupport":false,"references":[]}]