[{"@type":"mappingTemplate","id":"@1","name":"m_dq_parameter_v2","description":"","autoExpireObject":false,"bundleVersion":"0","assetFrsGuid":"ckbT5arJloqdUAGhkaTlma","templateId":"@3","hasParameters":true,"valid":true,"fixedConnection":true,"hasParametersDeployed":false,"fixedConnectionDeployed":false,"isSchemaValidationEnabled":false,"tasks":0,"mappingPreviewFileRecordId":"@2","documentType":"MAPPING","allowMaxFieldLength":false,"specialCharacterSupport":false,"references":[{"@type":"reference","refObjectId":"@dqHTiQhJYWolYaNB9bUmKf","refType":"connection"}]}]