[{"@type":"mtTask","id":"@1","name":"cdi_tsk_map_adm_agency_guidewire_metal_stg_load","description":"Metal load ","autoExpireObject":false,"runtimeEnvironmentId":"@3pADNCV9u0PcgrXjM7rx0t","maxLogs":10,"verbose":false,"lastRunTime":1764090658000,"mappingId":"@bktdDsXFgGJkpdVrT9BeoS","frsGuid":"4glhXAf2LxLgiWUukS4LOk","shortDescription":"Metal load ","sessionPropertiesList":[{"name":"Pushdown Optimization","value":"None","recommended":false},{"name":"Pushdown Optimization Context","value":"None","recommended":false},{"name":"Pushdown Optimization Fallback Option","value":"Partial PDO","recommended":false}],"hidden":false,"enableCrossSchemaPushdown":true,"enableParallelRun":false,"autoTunedApplied":false,"autoTunedAppliedType":"NONE","parameterFileName":"Andover_Param_ADM.param","parameterFileDir":"$PMRootDir/andover/parameters","paramFileType":"PARAM_FILE_LOCAL","schemaMode":"async","valid":true,"schemaValidationErrorCount":-1,"serverlessProperties":{},"taskProperties":[{"@type":"taskProperty","name":"parameterFileDir","currentValue":"$PMRootDir/andover/parameters","type":"STRING","label":"label.parameterFileDir","required":false},{"@type":"taskProperty","name":"parameterFileName","currentValue":"Andover_Param_ADM.param","type":"STRING","label":"label.parameterFileName","required":false},{"@type":"taskProperty","name":"outboundMessageUrlQueueTime","currentValue":"","type":"NUMBER","label":"label.outboundMessageUrlQueueTime","required":false},{"@type":"taskProperty","name":"outboundMessageUrlToken","currentValue":"","type":"STRING","label":"label.outboundMessageUrlToken","required":false}],"optimizationPlan":"NONE","isMidstreamPreview":false,"allowMaxFieldLength":false,"specialCharacterSupport":false,"useUserDefinedOrder":false,"parameters":[{"@type":"mtTaskParameter","id":141802663,"name":"$src_mariadb_adm_agency_guidewire$","type":"SOURCE","label":"DBConnection_ADM_SRC","description":"","uiProperties":{"cnxtype":"MySQL","connectionParameterized":"true","paramName":"DBConnection_ADM_SRC","paramLabel":"","paramType-mapping":"Connection","logcnx":"DBConnection_ADM_SRC","isSelectDistinct":"false","objectParameterized":"false","visible":"false","originalPath":"src_mariadb_adm_agency_guidewire"},"sourceConnectionId":"@4uzdhtCEfeKgnmfNINATi5","sourceObject":"DUMMY_src_mariadb_adm_agency_guidewire","newFlatFile":false,"newObject":false,"showBusinessNames":true,"naturalOrder":true,"truncateTarget":false,"bulkApiDBTarget":false,"customFuncCfg":{"@type":"customFuncConfig","id":-1,"connections":[],"inputMap":[],"outputFields":[]},"targetRefsV2":{},"targetUpdateColumns":[],"fieldOrderList":[],"runtimeAttrs":{},"isRESTModernSource":true,"customQuery":"select\n\tagency_nup,\n\t`type`,\n\tappointed_date,\n\tstatus,\n\tstatus_date,\n\tdba_name,\n\tfield_rep_email,\n\tdelivery_preference,\n\tdeliv_pref_claims,\n\tdeliv_pref_correspondence,\n\tnotes,\n\tclaims_contact,\n\tipartners,\n\tipartners_combined,\n\tontop_agency,\n\tfcra,\n\taccounting_entity_name1,\n\taccounting_entity_name2,\n\taccounting_commission_payto,\n\taccounting_commission_allowcombined,\n\taccounting_commission_paymentby,\n\taccounting_ach_accounttype1,\n\taccounting_ach_accounttype2,\n\taccounting_ach_bankname,\n\taccounting_ach_accountnum,\n\taccounting_ach_routingnum,\n\taccounting_trust_accounttype1,\n\taccounting_trust_accounttype2,\n\taccounting_trust_bankname,\n\taccounting_trust_accountnum,\n\taccounting_trust_routingnum,\n\tlexis_policy_participation,\n\tlexis_policy_startdate,\n\tlexis_policy_enddate,\n\tlexis_commission_participation,\n\tlexis_commission_startdate,\n\tlexis_commission_enddate,\n\tlexis_edocs_participation,\n\tlexis_edocs_startdate,\n\tlexis_edocs_enddate,\n\tNPN,\n\ttransfer_gw,\n\ttransfer_status,\n\tagency_alpha_workflow,\n\tdownload_lob,\n\tcreated,\n\tmodified\nfrom\n\t$$adm_source_schema.agencyguidewire\nORDER BY modified DESC","commandType":0,"isFileList":false,"handleSpecialChars":false,"handleDecimalRoundOff":false,"frsAsset":false,"dynamicFileName":false,"excludeDynamicFileNameField":false,"currentlyProcessedFileName":false,"retainFieldMetadata":false,"objectName":"DUMMY_src_mariadb_adm_agency_guidewire","useExactSrcNames":false,"userUpdated":true,"fetchMode":"ORIGINAL","tgtObjectAttributes":{},"runtimeParameterData":{"@type":"mtTaskRuntimeParameterData","isConnectionRuntimeParameter":false,"isObjectRuntimeParameter":false,"connectionParameterName":"DBConnection_ADM_SRC"},"overridableProperties":[],"overriddenFields":[]},{"@type":"mtTaskParameter","id":141802664,"name":"$tgt_adm_agency_guidewire$","type":"TARGET","label":"DBConnection_UDM_TGT","description":"","uiProperties":{"cnxtype":"Amazon Redshift v2","connectionParameterized":"true","paramName":"DBConnection_UDM_TGT","paramLabel":"","paramType-mapping":"Connection","logcnx":"DBConnection_UDM_TGT","default":"metal/adm_agency_guidewire","objectParameterized":"false","visible":"false","defaultTargetUpdateColumns":"","supportApplyDDLChanges":"false","originalPath":"tgt_adm_agency_guidewire"},"targetConnectionId":"@aYZ4ekzHgIPeKpiaoqDLKP","targetObject":"metal/adm_agency_guidewire","targetObjectLabel":"metal/adm_agency_guidewire","newFlatFile":false,"newObject":false,"showBusinessNames":true,"naturalOrder":true,"truncateTarget":false,"bulkApiDBTarget":false,"operationType":"Insert","customFuncCfg":{"@type":"customFuncConfig","id":-1,"connections":[],"inputMap":[],"outputFields":[]},"targetRefsV2":{},"targetUpdateColumns":[],"fieldOrderList":[],"extendedObject":{"@type":"extendedObject","singleMode":true,"filters":[],"sortFields":[]},"runtimeAttrs":{"Temporary Credential Duration":"43200"},"oprRuntimeAttrs":{"temporaryCredentialDuration":"43200"},"isRESTModernSource":true,"commandType":0,"isFileList":false,"handleSpecialChars":false,"handleDecimalRoundOff":false,"frsAsset":false,"dynamicFileName":false,"excludeDynamicFileNameField":false,"currentlyProcessedFileName":false,"retainFieldMetadata":false,"objectName":"metal/adm_agency_guidewire","objectLabel":"metal/adm_agency_guidewire","useExactSrcNames":false,"userUpdated":true,"fetchMode":"ORIGINAL","tgtObjectAttributes":{},"runtimeParameterData":{"@type":"mtTaskRuntimeParameterData","isConnectionRuntimeParameter":false,"isObjectRuntimeParameter":false,"connectionParameterName":"DBConnection_UDM_TGT"},"overridableProperties":[],"targetSchemaProviderType":"SELECTED_OBJECT","dbSchema":"","overriddenFields":[]}],"sequences":[],"inOutParameters":[{"@type":"mtTaskInOutParameter","id":"-1","name":"adm_source_schema","description":"","initialValue":"agencymanagement","datatype":"STRING","precision":"100","scale":"0","retentionPolicy":"NEVER","aggregationType":"MAX","currentValue":"agencymanagement"},{"@type":"mtTaskInOutParameter","id":"-1","name":"raw_schema","description":"","initialValue":"metal","datatype":"STRING","precision":"100","scale":"0","retentionPolicy":"NEVER","aggregationType":"MAX","currentValue":"metal"}],"connRuntimeAttrs":[]}]