[{"@type":"mtTask","id":"@1","name":"cdi_tsk_map_uw_silver_uw_dashboard_application_details_ld","autoExpireObject":false,"runtimeEnvironmentId":"@3pADNCV9u0PcgrXjM7rx0t","maxLogs":10,"verbose":false,"lastRunTime":1743195759000,"mappingId":"@b2pSlskcMKfkIXR7a21xGm","frsGuid":"08weIrkpwFvj0gQ1LwDSoF","sessionPropertiesList":[{"name":"Pushdown Optimization","value":"None","recommended":false},{"name":"Pushdown Optimization Context","value":"None","recommended":false},{"name":"Pushdown Optimization Fallback Option","value":"Partial PDO","recommended":false}],"hidden":false,"enableCrossSchemaPushdown":true,"enableParallelRun":false,"autoTunedApplied":false,"autoTunedAppliedType":"NONE","parameterFileName":"Andover_Param_GW.param","parameterFileDir":"$PMRootDir/andover/parameters","paramFileType":"PARAM_FILE_LOCAL","schemaMode":"async","valid":true,"schemaValidationErrorCount":-1,"serverlessProperties":{},"taskProperties":[{"@type":"taskProperty","name":"parameterFileDir","currentValue":"$PMRootDir/andover/parameters","type":"STRING","label":"label.parameterFileDir","required":false},{"@type":"taskProperty","name":"parameterFileName","currentValue":"Andover_Param_GW.param","type":"STRING","label":"label.parameterFileName","required":false},{"@type":"taskProperty","name":"outboundMessageUrlQueueTime","currentValue":"","type":"NUMBER","label":"label.outboundMessageUrlQueueTime","required":false},{"@type":"taskProperty","name":"outboundMessageUrlToken","currentValue":"","type":"STRING","label":"label.outboundMessageUrlToken","required":false}],"optimizationPlan":"NONE","isMidstreamPreview":false,"parameters":[{"@type":"mtTaskParameter","id":114307157,"name":"$src_query$","type":"SOURCE","label":"DBConnection_SRC","description":"","uiProperties":{"cnxtype":"Amazon Redshift v2","connectionParameterized":"true","paramName":"DBConnection_SRC","paramLabel":"","paramType-mapping":"Connection","logcnx":"DBConnection_SRC","isSelectDistinct":"false","objectParameterized":"false","visible":"false","originalPath":"src_query"},"sourceConnectionId":"@aYZ4ekzHgIPeKpiaoqDLKP","sourceObject":"DUMMY_src_query","newFlatFile":false,"newObject":false,"showBusinessNames":true,"naturalOrder":true,"truncateTarget":false,"bulkApiDBTarget":false,"customFuncCfg":{"@type":"customFuncConfig","id":-1,"connections":[],"inputMap":[],"outputFields":[]},"targetRefsV2":{},"targetUpdateColumns":[],"runtimeAttrs":{},"isRESTModernSource":true,"customQuery":"select\ndistinct prkr.policy_system_id,\nprkr.policy_cmm_container,\nprkr.policy_reference_id,\nprkr.shell_policy_indicator,\nprkr.policy_company,\nprkr.policy_number,\nprkr.policy_module_number,\nprkr.policy_key,\nbp.controllingstatecd,\nbp.subtypecd,\nbp.tier,\nb.tier as building_tier,\nb.h107ind,\nbp.effectivedt,\nbp.expirationdt,\nbp.inceptiondt,\nth.transactiondt,\nad.agencycd,\nad.commercialname,\nq.applicationnumber,\nq.adduser,\nq.adddt,\nq.submitteddt,\ntl.application_created_by_user,\ntl.application_submitted_by_user,\ntl.application_submitted_date,\t\t\t\ntgt.uw_dashboard_application_details_row_id, -- needed for expression in mapping\ntgt.uw_dashboard_application_details_md5_hash_value -- needed for expression in mapping\nfrom\ndbo.basicpolicy_stg bp\nleft join dbo.policy_risk_key_reference prkr on\nbp.systemid = prkr.policy_system_id\nand bp.cmmcontainer = prkr.policy_cmm_container\nleft join \n(SELECT \nsystemid, \ncmmcontainer, \ntier, \nh107ind,\nrank() OVER (PARTITION BY systemid, cmmcontainer ORDER BY tier, h107ind) AS rnk\nfrom\ndbo.building_stg\nWHERE status = 'Active') b on\nbp.systemid = b.systemid\nand bp.cmmcontainer = b.cmmcontainer\nAND b.rnk = 1\nleft join dbo.transactionhistory_stg th on\nbp.systemid = th.systemid\nand bp.cmmcontainer = th.cmmcontainer\nand bp.id = th.parentid\nand th.transactioncd = 'New Business'\nleft join dbo.quoteinfo_stg q on\nbp.systemid = q.policyref\nand q.applicationnumber <> ''\nleft join (\nselect\ndistinct tl.idref,\ntl.modelname,\nmax(case\nwhen name = 'Application Assignment' then addedbyuserid\nend) as application_created_by_user,\nmax(case\nwhen name = 'Submit For Approval' then addedbyuserid\nend) as application_submitted_by_user,\nmax(case\nwhen name = 'Submit For Approval' then adddt\nend) as application_submitted_date\nfrom\ndbo.task_stg t\njoin dbo.tasklink_stg tl \t  \non\ntl.systemid = t.systemid\nand tl.parentid = t.id\nwhere \"name\" in ('Application Assignment', 'Submit For Approval')\ngroup by\ntl.idref,\ntl.modelname ) tl on\nbp.systemid = tl.idref\nand bp.cmmcontainer = tl.modelname\nleft join dbo.agents_detail_stg ad on\nbp.providerref = ad.systemid\t\t\t\t\nleft join dbo.uw_dashboard_application_details tgt\non tgt.policy_system_id = bp.systemid \nand tgt.policy_cmm_container  = bp.cmmcontainer \nand coalesce(tgt.quote_application_number, '0') = coalesce(q.applicationnumber, '0')\nand tgt.uw_dashboard_application_details_row_effective_end_date = '9999-12-31'\nwhere\nprkr.policy_risk_key_reference_row_effective_end_date = '9999-12-31'\nAND prkr.policy_cmm_container = 'Policy'\n\nunion\n\nselect\ndistinct prkr.policy_system_id,\nprkr.policy_cmm_container,\nprkr.policy_reference_id,\nprkr.shell_policy_indicator,\nprkr.policy_company,\nprkr.policy_number,\nprkr.policy_module_number,\nprkr.policy_key,\nbpa.controllingstatecd,\nbpa.subtypecd,\nbpa.tier,\nba.building_application_tier as building_tier,\nba.building_application_h107_indicator,\nbpa.effectivedt,\nbpa.expirationdt,\nbpa.inceptiondt,\nth.transactiondt,\nad.agencycd,\nad.commercialname,\nq.applicationnumber,\nq.adduser,\nq.adddt,\nq.submitteddt,\ntl.application_created_by_user,\ntl.application_submitted_by_user,\ntl.application_submitted_date,\ntgt.uw_dashboard_application_details_row_id,\ntgt.uw_dashboard_application_details_md5_hash_value\nfrom\ndbo.basicpolicyapp_stg bpa\nleft join dbo.policy_risk_key_reference prkr on\nbpa.systemid = prkr.policy_system_id\nand bpa.cmmcontainer = prkr.policy_cmm_container\nleft join dbo.building_application_stg ba on\nbpa.systemid = ba.building_application_system_id\nand bpa.cmmcontainer = ba.building_application_cmm_container\nleft join dbo.transactionhistory_stg th on\nbpa.systemid = th.systemid\nand bpa.cmmcontainer = th.cmmcontainer\nand bpa.id = th.parentid\nand th.transactioncd = 'New Business'\nleft join dbo.quoteinfo_stg q on\nbpa.systemid = q.systemid\nand q.applicationnumber <> ''\nleft join (\nselect\ndistinct tl.idref,\ntl.modelname,\nmax(case\nwhen name = 'Application Assignment' then addedbyuserid\nend) as application_created_by_user,\nmax(case\nwhen name = 'Submit For Approval' then addedbyuserid\nend) as application_submitted_by_user,\nmax(case\nwhen name = 'Submit For Approval' then adddt\nend) as application_submitted_date\nfrom\ndbo.task_stg t\njoin dbo.tasklink_stg tl \non\ntl.systemid = t.systemid\nand tl.parentid = t.id\nwhere \"name\" in ('Application Assignment', 'Submit For Approval')\ngroup by\ntl.idref,\ntl.modelname ) tl on\nbpa.systemid = tl.idref\nand bpa.cmmcontainer = tl.modelname\nleft join dbo.agents_detail_stg ad on\nbpa.providerref = ad.systemid\nleft join dbo.uw_dashboard_application_details tgt\non tgt.policy_system_id = bpa.systemid \nand tgt.policy_cmm_container  = bpa.cmmcontainer \nand coalesce(tgt.quote_application_number, '0') = coalesce(q.applicationnumber, '0')\nand tgt.uw_dashboard_application_details_row_effective_end_date = '9999-12-31'\nwhere\nprkr.policy_risk_key_reference_row_effective_end_date = '9999-12-31'\nAND prkr.policy_cmm_container = 'Application'","isFileList":false,"handleSpecialChars":false,"handleDecimalRoundOff":false,"frsAsset":false,"dynamicFileName":false,"excludeDynamicFileNameField":false,"currentlyProcessedFileName":false,"retainFieldMetadata":false,"objectName":"DUMMY_src_query","useExactSrcNames":false,"userUpdated":true,"fetchMode":"ORIGINAL","tgtObjectAttributes":{},"runtimeParameterData":{"@type":"mtTaskRuntimeParameterData","isConnectionRuntimeParameter":false,"isObjectRuntimeParameter":false,"connectionParameterName":"DBConnection_SRC"},"overridableProperties":[],"overriddenFields":[]},{"@type":"mtTaskParameter","id":114307158,"name":"$tgt_uw_dashboard_application_details_close$","type":"TARGET","label":"DBConnection_TGT","description":"","uiProperties":{"cnxtype":"Amazon Redshift v2","connectionParameterized":"true","paramName":"DBConnection_TGT","paramLabel":"","paramType-mapping":"Connection","logcnx":"DBConnection_TGT","default":"dbo/uw_dashboard_application_details","objectParameterized":"false","visible":"false","defaultTargetUpdateColumns":"uw_dashboard_application_details_row_id","supportApplyDDLChanges":"false","originalPath":"tgt_uw_dashboard_application_details_close"},"targetConnectionId":"@aYZ4ekzHgIPeKpiaoqDLKP","targetObject":"dbo/uw_dashboard_application_details","targetObjectLabel":"dbo/uw_dashboard_application_details","newFlatFile":false,"newObject":false,"showBusinessNames":true,"naturalOrder":true,"truncateTarget":false,"bulkApiDBTarget":false,"operationType":"Update","customFuncCfg":{"@type":"customFuncConfig","id":-1,"connections":[],"inputMap":[],"outputFields":[]},"targetRefsV2":{},"targetUpdateColumns":["uw_dashboard_application_details_row_id"],"extendedObject":{"@type":"extendedObject","singleMode":true,"filters":[],"sortFields":[]},"runtimeAttrs":{},"isRESTModernSource":true,"isFileList":false,"handleSpecialChars":false,"handleDecimalRoundOff":false,"frsAsset":false,"dynamicFileName":false,"excludeDynamicFileNameField":false,"currentlyProcessedFileName":false,"retainFieldMetadata":false,"objectName":"dbo/uw_dashboard_application_details","objectLabel":"dbo/uw_dashboard_application_details","useExactSrcNames":false,"userUpdated":true,"fetchMode":"ORIGINAL","tgtObjectAttributes":{},"runtimeParameterData":{"@type":"mtTaskRuntimeParameterData","isConnectionRuntimeParameter":false,"isObjectRuntimeParameter":false,"connectionParameterName":"DBConnection_TGT"},"overridableProperties":[],"overriddenFields":[]},{"@type":"mtTaskParameter","id":114307159,"name":"$tgt_uw_dashboard_application_details_insert$","type":"TARGET","label":"DBConnection_TGT","description":"","uiProperties":{"cnxtype":"Amazon Redshift v2","connectionParameterized":"true","paramName":"DBConnection_TGT","paramLabel":"","paramType-mapping":"Connection","logcnx":"DBConnection_TGT","default":"dbo/uw_dashboard_application_details","objectParameterized":"false","visible":"false","defaultTargetUpdateColumns":"","supportApplyDDLChanges":"false","originalPath":"tgt_uw_dashboard_application_details_insert"},"targetConnectionId":"@aYZ4ekzHgIPeKpiaoqDLKP","targetObject":"dbo/uw_dashboard_application_details","targetObjectLabel":"dbo/uw_dashboard_application_details","newFlatFile":false,"newObject":false,"showBusinessNames":true,"naturalOrder":true,"truncateTarget":false,"bulkApiDBTarget":false,"operationType":"Insert","customFuncCfg":{"@type":"customFuncConfig","id":-1,"connections":[],"inputMap":[],"outputFields":[]},"targetRefsV2":{},"targetUpdateColumns":[],"extendedObject":{"@type":"extendedObject","singleMode":true,"filters":[],"sortFields":[]},"runtimeAttrs":{},"isRESTModernSource":true,"isFileList":false,"handleSpecialChars":false,"handleDecimalRoundOff":false,"frsAsset":false,"dynamicFileName":false,"excludeDynamicFileNameField":false,"currentlyProcessedFileName":false,"retainFieldMetadata":false,"objectName":"dbo/uw_dashboard_application_details","objectLabel":"dbo/uw_dashboard_application_details","useExactSrcNames":false,"userUpdated":true,"fetchMode":"ORIGINAL","tgtObjectAttributes":{},"runtimeParameterData":{"@type":"mtTaskRuntimeParameterData","isConnectionRuntimeParameter":false,"isObjectRuntimeParameter":false,"connectionParameterName":"DBConnection_TGT"},"overridableProperties":[],"overriddenFields":[]},{"@type":"mtTaskParameter","id":114307160,"name":"$tgt_uw_dashboard_application_details_update$","type":"TARGET","label":"DBConnection_TGT","description":"","uiProperties":{"cnxtype":"Amazon Redshift v2","connectionParameterized":"true","paramName":"DBConnection_TGT","paramLabel":"","paramType-mapping":"Connection","logcnx":"DBConnection_TGT","default":"dbo/uw_dashboard_application_details","objectParameterized":"false","visible":"false","defaultTargetUpdateColumns":"","supportApplyDDLChanges":"false","originalPath":"tgt_uw_dashboard_application_details_update"},"targetConnectionId":"@aYZ4ekzHgIPeKpiaoqDLKP","targetObject":"dbo/uw_dashboard_application_details","targetObjectLabel":"dbo/uw_dashboard_application_details","newFlatFile":false,"newObject":false,"showBusinessNames":true,"naturalOrder":true,"truncateTarget":false,"bulkApiDBTarget":false,"operationType":"Insert","customFuncCfg":{"@type":"customFuncConfig","id":-1,"connections":[],"inputMap":[],"outputFields":[]},"targetRefsV2":{},"targetUpdateColumns":[],"extendedObject":{"@type":"extendedObject","singleMode":true,"filters":[],"sortFields":[]},"runtimeAttrs":{},"isRESTModernSource":true,"isFileList":false,"handleSpecialChars":false,"handleDecimalRoundOff":false,"frsAsset":false,"dynamicFileName":false,"excludeDynamicFileNameField":false,"currentlyProcessedFileName":false,"retainFieldMetadata":false,"objectName":"dbo/uw_dashboard_application_details","objectLabel":"dbo/uw_dashboard_application_details","useExactSrcNames":false,"userUpdated":true,"fetchMode":"ORIGINAL","tgtObjectAttributes":{},"runtimeParameterData":{"@type":"mtTaskRuntimeParameterData","isConnectionRuntimeParameter":false,"isObjectRuntimeParameter":false,"connectionParameterName":"DBConnection_TGT"},"overridableProperties":[],"overriddenFields":[]}],"sequences":[],"inOutParameters":[],"connRuntimeAttrs":[]}]