[{"@type":"mappingTemplate","id":"@1","name":"cdi_map_batch_load_status_update-old","description":"","autoExpireObject":false,"bundleVersion":"0","assetFrsGuid":"9jEzfp3sOoxbwjRiUBcp4s","templateId":"@3","deployTime":1749012603000,"hasParameters":false,"valid":true,"fixedConnection":true,"hasParametersDeployed":false,"fixedConnectionDeployed":true,"isSchemaValidationEnabled":false,"tasks":1,"mappingPreviewFileRecordId":"@2","documentType":"MAPPING","allowMaxFieldLength":false,"specialCharacterSupport":false,"references":[{"@type":"reference","refObjectId":"@aYZ4ekzHgIPeKpiaoqDLKP","refType":"connection"}]}]