[{"@type":"mtTask","id":"@1","name":"s_m_load_outputitem_to_outputitem_stg","description":"Session pushed from PC to ICS : s_m_load_outputitem_to_outputitem_stg","runtimeEnvironmentId":"@3pADNCV9u0PcgrXjM7rx0t","maxLogs":10,"verbose":false,"lastRunTime":1709036145000,"mappingId":"@gb3yqPfma4FeFVGJojUYsB","frsGuid":"5xcPpnRTxJfjLP3UtMaDaW","shortDescription":"Session pushed from PC to ICS : s_m_load_outputite...","sessionPropertiesList":[{"name":"Allow Temporary Sequence for Pushdown","value":"NO","recommended":false},{"name":"Allow Temporary View for Pushdown","value":"NO","recommended":false},{"name":"Data Column Delimiter","value":"|","recommended":false},{"name":"Error Log File Name","value":"PMError.log","recommended":false},{"name":"Pushdown Optimization","value":"None","recommended":false},{"name":"Pushdown Optimization Context","value":"None","recommended":false},{"name":"Pushdown Optimization Fallback Option","value":"Partial PDO","recommended":false}],"enableCrossSchemaPushdown":false,"enableParallelRun":false,"autoTunedApplied":false,"autoTunedAppliedType":"NONE","parameterFileName":"Andover_Param_GW.param","parameterFileDir":"$PMRootDir/andover/parameters","paramFileType":"PARAM_FILE_LOCAL","schemaMode":"async","valid":true,"schemaValidationErrorCount":-1,"serverlessProperties":{},"taskProperties":[{"@type":"taskProperty","name":"parameterFileDir","currentValue":"$PMRootDir/andover/parameters","type":"STRING","label":"label.parameterFileDir","required":false},{"@type":"taskProperty","name":"parameterFileName","currentValue":"Andover_Param_GW.param","type":"STRING","label":"label.parameterFileName","required":false}],"jobPriority":"MEDIUM","optimizationPlan":"NONE","parameters":[{"@type":"mtTaskParameter","id":76334395,"name":"$SQ_outputitem$","type":"SOURCE","label":"DBConnection_SRCM","description":"","uiProperties":{"cnxtype":"MySQL","connectionParameterized":"true","paramName":"DBConnection_SRCM","paramLabel":"","paramType-mapping":"Connection","logcnx":"DBConnection_SRCM","isSelectDistinct":"false","objectParameterized":"false","visible":"false","originalPath":"SQ_outputitem"},"sourceConnectionId":"@jPo49nVatmzbSnPefVZwCV","sourceObject":"DUMMY_SQ_outputitem","sourceObjectLabel":"DUMMY_SQ_outputitem","newFlatFile":false,"newObject":false,"showBusinessNames":true,"naturalOrder":true,"truncateTarget":false,"bulkApiDBTarget":false,"customFuncCfg":{"@type":"customFuncConfig","id":-1,"connections":[],"inputMap":[],"outputFields":[]},"targetRefsV2":{},"targetUpdateColumns":[],"runtimeAttrs":{"Sql Override":"SELECT distinct outputitem.SystemId, outputitem.ParentId, outputitem.CMMContainer, outputitem.Id, outputitem.IncludeInd, outputitem.ItemName, outputitem.ItemDescription, outputitem.Name, outputitem.FormCd, outputitem.DeliveryCd, outputitem.DestinationCd, outputitem.DefaultInd, outputitem.MergeFileURL, outputitem.FormURL, outputitem.RecipientCd, outputitem.DistributionRef, outputitem.OverrideInd, outputitem.MailProofCd, outputitem.CoversheetFormTemplateIdRef, outputitem.OutputTemplateRecipientIdRef, outputitem.NumSimplexPrintPages, outputitem.NumDuplexPrintPages, outputitem.DocumentTypeCd, outputitem.PrintEngineCd, outputitem.SourceIdRef, outputitem.ESignatureTemplateIdRef, outputitem.FormatTemplateIdRef, outputitem.ESignatureRef, outputitem.TemplateId, outputitem.PDFURL, outputitem.RowId \nFROM\n outputitem\njoin\n(select systemid from advrxxchangedbeans \nwhere concat(adddt,addtm)>='2022-06-26 00:00:00'  and concat(adddt,addtm) <='2022-06-28 00:00:00'  and\n cmmcontainer='Distribution') beans\n on outputitem.DistributionRef = beans.SystemId\n where DocumentTypeCd = 'Correspondence'","Pre SQL":"","Post SQL":"","Schema Name":""},"isRESTModernSource":true,"customQuery":"SELECT distinct outputitem.SystemId, outputitem.ParentId, outputitem.CMMContainer, outputitem.Id, outputitem.IncludeInd, outputitem.ItemName, outputitem.ItemDescription, outputitem.Name, outputitem.FormCd, outputitem.DeliveryCd, outputitem.DestinationCd, outputitem.DefaultInd, outputitem.MergeFileURL, outputitem.FormURL, outputitem.RecipientCd, outputitem.DistributionRef, outputitem.OverrideInd, outputitem.MailProofCd, outputitem.CoversheetFormTemplateIdRef, outputitem.OutputTemplateRecipientIdRef, outputitem.NumSimplexPrintPages, outputitem.NumDuplexPrintPages, outputitem.DocumentTypeCd, outputitem.PrintEngineCd, outputitem.SourceIdRef, outputitem.ESignatureTemplateIdRef, outputitem.FormatTemplateIdRef, outputitem.ESignatureRef, outputitem.TemplateId, outputitem.PDFURL, outputitem.RowId \nFROM\n outputitem\njoin\n(select systemid from advrxxchangedbeans \nwhere concat(adddt,addtm)>='$$m_strtdt'  and concat(adddt,addtm) <='$$m_Enddt'  and\n cmmcontainer='Distribution') beans\n on outputitem.DistributionRef = beans.SystemId\n  where DocumentTypeCd = 'Correspondence'","isFileList":false,"handleSpecialChars":false,"handleDecimalRoundOff":false,"frsAsset":false,"dynamicFileName":false,"excludeDynamicFileNameField":false,"currentlyProcessedFileName":false,"retainFieldMetadata":false,"objectName":"DUMMY_SQ_outputitem","objectLabel":"DUMMY_SQ_outputitem","useExactSrcNames":false,"tgtObjectAttributes":{},"runtimeParameterData":{"@type":"mtTaskRuntimeParameterData","isConnectionRuntimeParameter":true,"isObjectRuntimeParameter":false,"connectionParameterName":"DBConnection_SRCM"},"overridableProperties":[],"overriddenFields":[]},{"@type":"mtTaskParameter","id":76334396,"name":"$outputitem_stg$","type":"TARGET","label":"DBConnection_TGT","description":"","uiProperties":{"cnxtype":"Amazon Redshift v2","connectionParameterized":"true","paramName":"DBConnection_TGT","paramLabel":"","paramType-mapping":"Connection","logcnx":"DBConnection_TGT","default":"dbo/outputitem_stg","objectParameterized":"false","visible":"false","defaultTargetUpdateColumns":"","supportApplyDDLChanges":"true","originalPath":"outputitem_stg"},"targetConnectionId":"@aYZ4ekzHgIPeKpiaoqDLKP","targetObject":"dbo/outputitem_stg","targetObjectLabel":"outputitem_stg","newFlatFile":false,"newObject":false,"showBusinessNames":true,"naturalOrder":true,"truncateTarget":true,"bulkApiDBTarget":false,"operationType":"Insert","customFuncCfg":{"@type":"customFuncConfig","id":-1,"connections":[],"inputMap":[],"outputFields":[]},"targetRefsV2":{},"targetUpdateColumns":[],"extendedObject":{"@type":"extendedObject","singleMode":true,"filters":[],"sortFields":[]},"runtimeAttrs":{"Temporary Credential Duration":"7200"},"oprRuntimeAttrs":{"temporaryCredentialDuration":"7200"},"isRESTModernSource":true,"isFileList":false,"handleSpecialChars":false,"handleDecimalRoundOff":false,"frsAsset":false,"dynamicFileName":false,"excludeDynamicFileNameField":false,"currentlyProcessedFileName":false,"retainFieldMetadata":false,"objectName":"dbo/outputitem_stg","objectLabel":"outputitem_stg","useExactSrcNames":false,"tgtObjectAttributes":{},"targetSchemaMode":"DONT_APPLY_CHANGES","runtimeParameterData":{"@type":"mtTaskRuntimeParameterData","isConnectionRuntimeParameter":true,"isObjectRuntimeParameter":false,"connectionParameterName":"DBConnection_TGT"},"overridableProperties":[],"overriddenFields":[]}],"sequences":[],"inOutParameters":[{"@type":"mtTaskInOutParameter","id":"-1","name":"m_strtdt","description":"","initialValue":"2023-10-19 00:00:00.000","datatype":"STRING","precision":"120","scale":"0","retentionPolicy":"NEVER","aggregationType":"MAX","currentValue":""},{"@type":"mtTaskInOutParameter","id":"-1","name":"m_Enddt","description":"","initialValue":"2023-10-21 00:00:00.000","datatype":"STRING","precision":"120","scale":"0","retentionPolicy":"NEVER","aggregationType":"MAX","currentValue":""}],"connRuntimeAttrs":[]}]