[{"@type":"mappingTemplate","id":"@1","name":"cdi_map_batch_load_summary","description":"The framework must log each batch execution with a unique batch ID and for each target table.","autoExpireObject":false,"bundleVersion":"0","assetFrsGuid":"8mu59aYtedIlVvBqGNyuUK","templateId":"@3","deployTime":1746547102000,"hasParameters":true,"valid":true,"fixedConnection":false,"hasParametersDeployed":true,"fixedConnectionDeployed":false,"isSchemaValidationEnabled":false,"tasks":1,"mappingPreviewFileRecordId":"@2","documentType":"MAPPING","allowMaxFieldLength":false,"references":[]}]