[{"@type":"mappingTemplate","id":"@1","name":"cdi_map_adm_field_reps_metal_stg_load","description":"This mapping task loads data from the ADM fieldReps table to the Redshift metal layer table - adm_field_reps.","autoExpireObject":false,"bundleVersion":"0","assetFrsGuid":"6zOZF3MWzMilr37s0vvNMP","templateId":"@3","deployTime":1760636255000,"hasParameters":true,"valid":true,"fixedConnection":false,"hasParametersDeployed":true,"fixedConnectionDeployed":false,"isSchemaValidationEnabled":false,"tasks":1,"mappingPreviewFileRecordId":"@2","documentType":"MAPPING","allowMaxFieldLength":false,"specialCharacterSupport":false,"references":[]}]