[{"@type":"mtTask","id":"@1","name":"s_m_Load_Coverageitem_stg_From_Coverageitem","description":"Session pushed from PC to ICS : s_m_Load_Coverageitem_stg_From_Coverageitem","autoExpireObject":false,"runtimeEnvironmentId":"@3pADNCV9u0PcgrXjM7rx0t","maxLogs":10,"verbose":false,"mappingId":"@3WmV90K4vIJisL788EtwS5","frsGuid":"7o0tCPzVRsSchfFlGEKeMZ","shortDescription":"Session pushed from PC to ICS : s_m_Load_Coveragei...","sessionPropertiesList":[{"name":"Allow Temporary Sequence for Pushdown","value":"NO","recommended":false},{"name":"Allow Temporary View for Pushdown","value":"NO","recommended":false},{"name":"Cache LOOKUP() function","value":"YES","recommended":false},{"name":"Commit On End Of File","value":"YES","recommended":false},{"name":"Data Column Delimiter","value":"|","recommended":false},{"name":"Error Log File Name","value":"PMError.log","recommended":false},{"name":"Log Row Data","value":"YES","recommended":false},{"name":"Pushdown Optimization","value":"None","recommended":false},{"name":"Pushdown Optimization Context","value":"None","recommended":false},{"name":"Pushdown Optimization Fallback Option","value":"Partial PDO","recommended":false}],"hidden":false,"enableCrossSchemaPushdown":false,"enableParallelRun":false,"autoTunedApplied":false,"autoTunedAppliedType":"NONE","parameterFileName":"Andover_Param_GW.param","parameterFileDir":"$PMRootDir/andover/parameters","paramFileType":"PARAM_FILE_LOCAL","schemaMode":"async","valid":true,"schemaValidationErrorCount":-1,"serverlessProperties":{},"taskProperties":[{"@type":"taskProperty","name":"parameterFileDir","currentValue":"$PMRootDir/andover/parameters","type":"STRING","label":"label.parameterFileDir","required":false},{"@type":"taskProperty","name":"parameterFileName","currentValue":"Andover_Param_GW.param","type":"STRING","label":"label.parameterFileName","required":false},{"@type":"taskProperty","name":"outboundMessageUrlQueueTime","currentValue":"","type":"NUMBER","label":"label.outboundMessageUrlQueueTime","required":false},{"@type":"taskProperty","name":"outboundMessageUrlToken","currentValue":"","type":"STRING","label":"label.outboundMessageUrlToken","required":false}],"optimizationPlan":"NONE","isMidstreamPreview":false,"allowMaxFieldLength":false,"specialCharacterSupport":false,"useUserDefinedOrder":false,"parameters":[{"@type":"mtTaskParameter","id":145163734,"name":"$Src_Coverageitem$","type":"SOURCE","label":"DBConnection_SRCM","description":"","uiProperties":{"cnxtype":"MySQL","connectionParameterized":"true","paramName":"DBConnection_SRCM","paramLabel":"","paramType-mapping":"Connection","logcnx":"DBConnection_SRCM","isSelectDistinct":"false","objectParameterized":"false","visible":"false","originalPath":"Src_Coverageitem"},"sourceConnectionId":"@jPo49nVatmzbSnPefVZwCV","sourceObject":"DUMMY_Src_Coverageitem","newFlatFile":false,"newObject":false,"showBusinessNames":true,"naturalOrder":true,"truncateTarget":false,"bulkApiDBTarget":false,"customFuncCfg":{"@type":"customFuncConfig","id":-1,"connections":[],"inputMap":[],"outputFields":[]},"targetRefsV2":{},"targetUpdateColumns":[],"fieldOrderList":[],"runtimeAttrs":{},"isRESTModernSource":true,"customQuery":"SELECT distinct Coverageitem.SystemId, Coverageitem.ParentId, Coverageitem.CMMContainer, Coverageitem.Id, Coverageitem.Status, Coverageitem.CoverageItemCd, Coverageitem.FullTermAmt, Coverageitem.FullTermManualAmt, Coverageitem.FinalPremiumAmt, Coverageitem.WrittenPremiumAmt, Coverageitem.EarnedAmt, Coverageitem.SequenceNumber, Coverageitem.ItemDesc, Coverageitem.PrevFinalAmt, Coverageitem.PrevWrittenAmt, Coverageitem.TransactionCommissionAmt, Coverageitem.ShortRateAmt, Coverageitem.FutureStatusCd, Coverageitem.DriverIdRef, Coverageitem.NumFamilies, Coverageitem.AdditionalPlanChargePct, Coverageitem.NumOfUnits, Coverageitem.Manufacturer, Coverageitem.Model, Coverageitem.ModelYr, Coverageitem.VehBodyTypeCd, Coverageitem.EngineType, Coverageitem.EngineDesc, Coverageitem.StatedAmt, Coverageitem.BreakageCovInd, Coverageitem.OutboardMotorVal, Coverageitem.TrailerType, Coverageitem.TrailerValue, Coverageitem.UnattachedEquipType, Coverageitem.UnattachedEquipValue, Coverageitem.EngineCC, Coverageitem.InExpOper, Coverageitem.VehicleVIN, Coverageitem.ResidencyDet, Coverageitem.SchoolName, Coverageitem.ItemType, Coverageitem.Horsepower, Coverageitem.Length, Coverageitem.OperatingArea, Coverageitem.PBHullDed, Coverageitem.PBHullValue, Coverageitem.PBMotorValue, Coverageitem.PBPersonalEffectValue, Coverageitem.MoreThan1Eng, Coverageitem.Identical2ndEng, Coverageitem.PBLiability, Coverageitem.PBMedPayment, Coverageitem.PBAgreedAmount, Coverageitem.PBDtLastSurvey, Coverageitem.PBHullMaterial, Coverageitem.PBMaxSpeed, Coverageitem.PBWaterNav, Coverageitem.PBAICount, Coverageitem.PBEngineYear1, Coverageitem.PBEngineModel1, Coverageitem.PBEngineHP1, Coverageitem.PBEngineFuel1, Coverageitem.PBEngineYear2, Coverageitem.PBEngineModel2, Coverageitem.PBEngineHP2, Coverageitem.PBEngineFuel2, Coverageitem.PBAI1, Coverageitem.PBAIName1, Coverageitem.PBAIStreet1, Coverageitem.PBAICity1, Coverageitem.PBAIState1, Coverageitem.PBAIZip1, Coverageitem.PBAILoanNum1, Coverageitem.PBAI2, Coverageitem.PBAIName2, Coverageitem.PBAIStreet2, Coverageitem.PBAICity2, Coverageitem.PBAIState2, Coverageitem.PBAIZip2, Coverageitem.PBAILoanNum2, Coverageitem.CommercialTowingInd, Coverageitem.AgreedAmountOutInd, Coverageitem.CoastGuardCertInd, Coverageitem.EducationalExpInd, Coverageitem.ShipToShoreInd, Coverageitem.MarineCompassInd, Coverageitem.DepthFinderInd, Coverageitem.VaporDetectInd, Coverageitem.CO2HalonFireInd, Coverageitem.RadarSystemInd, Coverageitem.LoranGPSInd, Coverageitem.HullDed, Coverageitem.Diesel, Coverageitem.HullValue, Coverageitem.OutBoardMotVal, Coverageitem.TrailerDesc, Coverageitem.TrailerVal, Coverageitem.UnattachEquipDesc, Coverageitem.UnattachEquipValue, Coverageitem.ParentItemNumber, Coverageitem.RatingInd, Coverageitem.RowId \nFROM\n Coverageitem join advrxxchangedbeans\non Coverageitem.CMMContainer = advrxxchangedbeans.CMMContainer\nand Coverageitem.SystemId = advrxxchangedbeans.SystemId\nwhere Coverageitem.cmmcontainer =  'Policy'\n and  concat(advrxxchangedbeans.adddt,advrxxchangedbeans.addtm)>='$$m_strtdt' \n and concat(advrxxchangedbeans.adddt,advrxxchangedbeans.addtm) <='$$m_Enddt'","commandType":0,"isFileList":false,"handleSpecialChars":false,"handleDecimalRoundOff":false,"frsAsset":false,"dynamicFileName":false,"excludeDynamicFileNameField":false,"currentlyProcessedFileName":false,"retainFieldMetadata":false,"objectName":"DUMMY_Src_Coverageitem","useExactSrcNames":false,"userUpdated":true,"fetchMode":"ORIGINAL","tgtObjectAttributes":{},"runtimeParameterData":{"@type":"mtTaskRuntimeParameterData","isConnectionRuntimeParameter":true,"isObjectRuntimeParameter":false,"connectionParameterName":"DBConnection_SRCM"},"overridableProperties":[],"overriddenFields":[]},{"@type":"mtTaskParameter","id":145163735,"name":"$Tgt_Coverageitem_stg$","type":"TARGET","label":"DBConnection_TGT","description":"","uiProperties":{"cnxtype":"Amazon Redshift v2","connectionParameterized":"true","paramName":"DBConnection_TGT","paramLabel":"","paramType-mapping":"Connection","logcnx":"DBConnection_TGT","default":"dbo/coverageitem_stg","objectParameterized":"false","visible":"false","defaultTargetUpdateColumns":"","supportApplyDDLChanges":"false","originalPath":"Tgt_Coverageitem_stg"},"targetConnectionId":"@aYZ4ekzHgIPeKpiaoqDLKP","targetObject":"dbo/coverageitem_stg","targetObjectLabel":"coverageitem_stg","newFlatFile":false,"newObject":false,"showBusinessNames":true,"naturalOrder":true,"truncateTarget":false,"bulkApiDBTarget":false,"operationType":"Insert","customFuncCfg":{"@type":"customFuncConfig","id":-1,"connections":[],"inputMap":[],"outputFields":[]},"targetRefsV2":{},"targetUpdateColumns":[],"fieldOrderList":[],"extendedObject":{"@type":"extendedObject","singleMode":true,"filters":[],"sortFields":[]},"runtimeAttrs":{},"isRESTModernSource":true,"commandType":0,"isFileList":false,"handleSpecialChars":false,"handleDecimalRoundOff":false,"frsAsset":false,"dynamicFileName":false,"excludeDynamicFileNameField":false,"currentlyProcessedFileName":false,"retainFieldMetadata":false,"objectName":"dbo/coverageitem_stg","objectLabel":"coverageitem_stg","useExactSrcNames":false,"userUpdated":true,"fetchMode":"ORIGINAL","tgtObjectAttributes":{"parent":""},"runtimeParameterData":{"@type":"mtTaskRuntimeParameterData","isConnectionRuntimeParameter":true,"isObjectRuntimeParameter":false,"connectionParameterName":"DBConnection_TGT"},"overridableProperties":[],"targetSchemaProviderType":"SELECTED_OBJECT","overriddenFields":[]}],"sequences":[],"inOutParameters":[{"@type":"mtTaskInOutParameter","id":"-1","name":"m_strtdt","description":"","initialValue":"","datatype":"STRING","precision":"120","scale":"0","retentionPolicy":"NEVER","aggregationType":"MAX","currentValue":""},{"@type":"mtTaskInOutParameter","id":"-1","name":"m_Enddt","description":"","initialValue":"","datatype":"STRING","precision":"120","scale":"0","retentionPolicy":"NEVER","aggregationType":"MAX","currentValue":""}],"connRuntimeAttrs":[]}]