[{"@type":"mtTask","id":"@1","name":"s_m_Load_t_agency_to_Agency_stg","description":"session to load mysql to sql server tables t_agency--Agency_stg","runtimeEnvironmentId":"@3pADNCV9u0PcgrXjM7rx0t","maxLogs":10,"verbose":false,"lastRunTime":1718743770000,"mappingId":"@9MJj93zwKfWlClBqZCN1WY","frsGuid":"6FHUdk8MC7sb3IMmSzK9Qc","shortDescription":"session to load mysql to sql server tables t_agenc...","sessionPropertiesList":[{"name":"Allow Temporary Sequence for Pushdown","value":"NO","recommended":false},{"name":"Allow Temporary View for Pushdown","value":"NO","recommended":false},{"name":"Commit Interval","value":"10000","recommended":false},{"name":"Commit On End Of File","value":"YES","recommended":false},{"name":"Commit Type","value":"Target","recommended":false},{"name":"Data Column Delimiter","value":"|","recommended":false},{"name":"Error Log File Name","value":"PMError.log","recommended":false},{"name":"Pre 85 Timestamp Compatibility","value":"YES","recommended":false},{"name":"Pushdown Optimization","value":"None","recommended":false},{"name":"Pushdown Optimization Context","value":"None","recommended":false},{"name":"Pushdown Optimization Fallback Option","value":"Partial PDO","recommended":false},{"name":"Stop on errors","value":"1","recommended":false},{"name":"Treat source rows as","value":"Insert","recommended":false}],"hidden":false,"enableCrossSchemaPushdown":false,"enableParallelRun":false,"autoTunedApplied":false,"autoTunedAppliedType":"NONE","parameterFileName":"Andover_Param_GW.param","parameterFileDir":"$PMRootDir/andover/parameters","paramFileType":"PARAM_FILE_LOCAL","schemaMode":"async","valid":true,"schemaValidationErrorCount":-1,"serverlessProperties":{},"taskProperties":[{"@type":"taskProperty","name":"parameterFileDir","currentValue":"$PMRootDir/andover/parameters","type":"STRING","label":"label.parameterFileDir","required":false},{"@type":"taskProperty","name":"parameterFileName","currentValue":"Andover_Param_GW.param","type":"STRING","label":"label.parameterFileName","required":false},{"@type":"taskProperty","name":"outboundMessageUrlQueueTime","currentValue":"","type":"NUMBER","label":"label.outboundMessageUrlQueueTime","required":false},{"@type":"taskProperty","name":"outboundMessageUrlToken","currentValue":"","type":"STRING","label":"label.outboundMessageUrlToken","required":false}],"optimizationPlan":"NONE","isMidstreamPreview":false,"parameters":[{"@type":"mtTaskParameter","id":91645767,"name":"$SQ_t_agency$","type":"SOURCE","label":"DBConnection_SRC_Portal","description":"","uiProperties":{"cnxtype":"MySQL","connectionParameterized":"true","paramName":"DBConnection_SRC_Portal","paramLabel":"","paramType-mapping":"Connection","logcnx":"DBConnection_SRC_Portal","isSelectDistinct":"false","objectParameterized":"false","visible":"false","originalPath":"SQ_t_agency"},"sourceConnectionId":"@l5iDwC7GuqvlYtiadtm6sY","sourceObject":"DUMMY_SQ_t_agency","newFlatFile":false,"newObject":false,"showBusinessNames":true,"naturalOrder":true,"truncateTarget":false,"bulkApiDBTarget":false,"customFuncCfg":{"@type":"customFuncConfig","id":-1,"connections":[],"inputMap":[],"outputFields":[]},"targetRefsV2":{},"targetUpdateColumns":[],"runtimeAttrs":{},"isRESTModernSource":true,"customQuery":"SELECT distinct  t_agency.agency_nup, t_agency.agency_num, t_agency.location_num, t_agency.location_type, t_agency.agency_is_super, t_agency.agency_is_enabled, t_agency.agency_name, t_agency.agency_str_1, t_agency.agency_str_2, t_agency.agency_city, t_agency.agency_st, t_agency.agency_zip, t_agency.agency_contact_firstname, t_agency.agency_contact_lastname, t_agency.agency_contact_phone, t_agency.agency_contact_fax, t_agency.agency_contact_email_address, t_agency.agency_claims_email_address, t_agency.agency_website_address, t_agency.agency_MK_appointment_date, t_agency.agency_CA_appointment_date, t_agency.agency_BS_appointment_date, t_agency.agency_MK_cancellation_date, t_agency.agency_CA_cancellation_date, t_agency.agency_BS_cancellation_date, t_agency.user_who_modified, t_agency.last_modified, t_agency.create_date, t_agency.agency_is_grouped, t_agency.agency_connection_type, t_agency.agency_alternative_phone, t_agency.agency_agent_type, t_agency.agency_second_name, t_agency.agency_adjustment_period, t_agency.agency_combine_producer_code, t_agency.agency_branch, t_agency.agency_str_3, t_agency.agency_fieldman, t_agency.agency_MK_closed_date, t_agency.agency_CA_closed_date, t_agency.agency_BS_closed_date, t_agency.agency_MK_new_date, t_agency.agency_CA_new_date, t_agency.agency_BS_new_date, t_agency.agency_MK_renew_date, t_agency.agency_CA_renew_date, t_agency.agency_BS_renew_date, t_agency.agency_MK_commission, t_agency.agency_CA_commission, t_agency.agency_BS_commission, t_agency.agency_MK_checked, t_agency.agency_CA_checked, t_agency.agency_BS_checked, t_agency.agency_MK_add_to_experience, t_agency.agency_CA_add_to_experience, t_agency.agency_BS_add_to_experience, t_agency.agency_MK_direct_bill, t_agency.agency_CA_direct_bill, t_agency.agency_BS_direct_bill, t_agency.agency_MK_optional, t_agency.agency_CA_optional, t_agency.agency_BS_optional, t_agency.license_CT_MK, t_agency.license_CT_CA, t_agency.license_CT_BS, t_agency.license_IL_MK, t_agency.license_IL_CA, t_agency.license_IL_BS, t_agency.license_MA_MK, t_agency.license_MA_CA, t_agency.license_MA_BS, t_agency.license_ME_MK, t_agency.license_ME_CA, t_agency.license_ME_BS, t_agency.license_NH_MK, t_agency.license_NH_CA, t_agency.license_NH_BS, t_agency.license_NJ_MK, t_agency.license_NJ_CA, t_agency.license_NJ_BS, t_agency.license_NY_MK, t_agency.license_NY_CA, t_agency.license_NY_BS, t_agency.license_RI_MK, t_agency.license_RI_CA, t_agency.license_RI_BS, t_agency.default_choicePoint_acct, t_agency.agency_locator_on, t_agency.is_boa_enabled, t_agency.fid_num, t_agency.fid_type, addressguidewire.address1, addressguidewire.address2, addressguidewire.city, addressguidewire.state, addressguidewire.zip \nFROM\n t_agency left join  addressguidewire\non t_agency.agency_nup=addressguidewire.agency_nup\nand addressguidewire.type='M'","isFileList":false,"handleSpecialChars":false,"handleDecimalRoundOff":false,"frsAsset":false,"dynamicFileName":false,"excludeDynamicFileNameField":false,"currentlyProcessedFileName":false,"retainFieldMetadata":false,"objectName":"DUMMY_SQ_t_agency","useExactSrcNames":false,"fetchMode":"ORIGINAL","tgtObjectAttributes":{},"runtimeParameterData":{"@type":"mtTaskRuntimeParameterData","isConnectionRuntimeParameter":true,"isObjectRuntimeParameter":false,"connectionParameterName":"DBConnection_SRC_Portal"},"overridableProperties":[],"overriddenFields":[]},{"@type":"mtTaskParameter","id":91645768,"name":"$Agency_Stg_1$","type":"TARGET","label":"DBConnection_TGT","description":"","uiProperties":{"cnxtype":"Amazon Redshift v2","connectionParameterized":"true","paramName":"DBConnection_TGT","paramLabel":"","paramType-mapping":"Connection","logcnx":"DBConnection_TGT","default":"dbo/agency_stg","objectParameterized":"false","visible":"false","defaultTargetUpdateColumns":"","supportApplyDDLChanges":"true","originalPath":"Agency_Stg_1"},"targetConnectionId":"@aYZ4ekzHgIPeKpiaoqDLKP","targetObject":"dbo/agency_stg","targetObjectLabel":"agency_stg","newFlatFile":false,"newObject":false,"showBusinessNames":true,"naturalOrder":true,"truncateTarget":false,"bulkApiDBTarget":false,"operationType":"Insert","customFuncCfg":{"@type":"customFuncConfig","id":-1,"connections":[],"inputMap":[],"outputFields":[]},"targetRefsV2":{},"targetUpdateColumns":[],"extendedObject":{"@type":"extendedObject","singleMode":true,"filters":[],"sortFields":[]},"runtimeAttrs":{},"isRESTModernSource":true,"isFileList":false,"handleSpecialChars":false,"handleDecimalRoundOff":false,"frsAsset":false,"dynamicFileName":false,"excludeDynamicFileNameField":false,"currentlyProcessedFileName":false,"retainFieldMetadata":false,"objectName":"dbo/agency_stg","objectLabel":"agency_stg","useExactSrcNames":false,"fetchMode":"ORIGINAL","tgtObjectAttributes":{},"runtimeParameterData":{"@type":"mtTaskRuntimeParameterData","isConnectionRuntimeParameter":true,"isObjectRuntimeParameter":false,"connectionParameterName":"DBConnection_TGT"},"overridableProperties":[],"targetSchemaProviderType":"SELECTED_OBJECT","overriddenFields":[]},{"@type":"mtTaskParameter","id":91645769,"name":"$Agency_Stg_2$","type":"TARGET","label":"DBConnection_TGT","description":"","uiProperties":{"cnxtype":"Amazon Redshift v2","connectionParameterized":"true","paramName":"DBConnection_TGT","paramLabel":"","paramType-mapping":"Connection","logcnx":"DBConnection_TGT","default":"dbo/agency_stg","objectParameterized":"false","visible":"false","defaultTargetUpdateColumns":"","supportApplyDDLChanges":"false","originalPath":"Agency_Stg_2"},"targetConnectionId":"@aYZ4ekzHgIPeKpiaoqDLKP","targetObject":"dbo/agency_stg","targetObjectLabel":"agency_stg","newFlatFile":false,"newObject":false,"showBusinessNames":true,"naturalOrder":true,"truncateTarget":false,"bulkApiDBTarget":false,"operationType":"Insert","customFuncCfg":{"@type":"customFuncConfig","id":-1,"connections":[],"inputMap":[],"outputFields":[]},"targetRefsV2":{},"targetUpdateColumns":[],"extendedObject":{"@type":"extendedObject","singleMode":true,"filters":[],"sortFields":[]},"runtimeAttrs":{},"isRESTModernSource":true,"isFileList":false,"handleSpecialChars":false,"handleDecimalRoundOff":false,"frsAsset":false,"dynamicFileName":false,"excludeDynamicFileNameField":false,"currentlyProcessedFileName":false,"retainFieldMetadata":false,"objectName":"dbo/agency_stg","objectLabel":"agency_stg","useExactSrcNames":false,"fetchMode":"ORIGINAL","tgtObjectAttributes":{},"runtimeParameterData":{"@type":"mtTaskRuntimeParameterData","isConnectionRuntimeParameter":true,"isObjectRuntimeParameter":false,"connectionParameterName":"DBConnection_TGT"},"overridableProperties":[],"targetSchemaProviderType":"SELECTED_OBJECT","overriddenFields":[]}],"sequences":[],"inOutParameters":[],"connRuntimeAttrs":[]}]