[{"@type":"mtTask","id":"@1","name":"cdi_tsk_map_uw_123","autoExpireObject":false,"runtimeEnvironmentId":"@3pADNCV9u0PcgrXjM7rx0t","maxLogs":10,"verbose":false,"mappingId":"@5bQlpOFwXWkhEtAWUMITWt","frsGuid":"iYlTHqbWp0ijT501pckE6k","sessionPropertiesList":[{"name":"Pushdown Optimization","value":"None","recommended":false},{"name":"Pushdown Optimization Context","value":"None","recommended":false},{"name":"Pushdown Optimization Fallback Option","value":"Partial PDO","recommended":false}],"hidden":false,"enableCrossSchemaPushdown":true,"enableParallelRun":false,"autoTunedApplied":false,"autoTunedAppliedType":"NONE","paramFileType":"PARAM_FILE_LOCAL","schemaMode":"async","valid":true,"schemaValidationErrorCount":-1,"serverlessProperties":{},"taskProperties":[{"@type":"taskProperty","name":"parameterFileDir","currentValue":"","type":"STRING","label":"label.parameterFileDir","required":false},{"@type":"taskProperty","name":"parameterFileName","currentValue":"","type":"STRING","label":"label.parameterFileName","required":false},{"@type":"taskProperty","name":"outboundMessageUrlQueueTime","currentValue":"","type":"NUMBER","label":"label.outboundMessageUrlQueueTime","required":false},{"@type":"taskProperty","name":"outboundMessageUrlToken","currentValue":"","type":"STRING","label":"label.outboundMessageUrlToken","required":false}],"optimizationPlan":"NONE","isMidstreamPreview":false,"allowMaxFieldLength":false,"specialCharacterSupport":false,"useUserDefinedOrder":false,"parameters":[{"@type":"mtTaskParameter","id":114192113,"name":"$src_query$","type":"SOURCE","label":"src_query","uiProperties":{"connectionParameterized":"false","isSelectDistinct":"false","objectParameterized":"false","visible":"false","originalPath":"src_query"},"sourceConnectionId":"@aYZ4ekzHgIPeKpiaoqDLKP","sourceObject":"DUMMY_src_query","newFlatFile":false,"newObject":false,"showBusinessNames":false,"naturalOrder":true,"truncateTarget":false,"bulkApiDBTarget":false,"customFuncCfg":{"@type":"customFuncConfig","id":-1,"connections":[],"inputMap":[],"outputFields":[]},"targetRefsV2":{},"targetUpdateColumns":[],"fieldOrderList":[],"runtimeAttrs":{},"oprRuntimeAttrs":{"postSql":"","selectDistinct":"NO","EncryptionType":"None","EnableCompression":"YES","sqlQuery":"","fetchSize":"10000","multipartDownloadThreshold":"5242880","temporaryCredentialDuration":"43200","StagingDirectoryLocation":"","schemaName":"","TreatNullValueAsNull":"NO","sourceTableName":"","UnloadOptionsPropertyFile":"","DownloadS3FilesInMultipleParts":"NO","S3BucketName":"","readMode":"Direct","preSql":""},"isRESTModernSource":true,"customQuery":"select\n\tdistinct\n    prkr.policy_system_id as policy_risk_key_reference_system_id,\n\tprkr.policy_number as policy_number,\n\tprkr.policy_module_number as policy_module_number,\n\tprkr.policy_key as policy_key,\n\tprkr.line_system_id as line_system_id,\n\tprkr.line_of_business as line_of_business,\n\tbp.statuscd,\n\tbp.expirationdt,\n\tc.system_id as system_id,\n\tc.index_name as index_name,\n\tc.customer_number as customer_number,\n\tc.status as status,\n\tp.systemid as policy_system_id,\n\tp.customerref as policy_customer_number,\n\tp.accountref as policy_account_number,\n\ta.systemid as application_system_id,\n\tcast(a.applicationnumber as VARCHAR(255)) as application_number,\n\t-- Cast to VARCHAR to match  data type\n\ta.customerref as application_customer_number,\n\ttgt.uw_dashboard_customer_details_row_id as tgt_customer_details_row_id,\n\ttgt.uw_dashboard_customer_details_md5_hash_value as tgt_customer_details_md5_hash_value\nfrom\n\tdbo.customer_stg c\nleft join dbo.policy_stg p\n    on\n\tc.system_id = p.customerref\nleft join dbo.policy_risk_key_reference prkr\n    on\n\tp.systemid = prkr.policy_system_id\n\tand p.cmmcontainer = prkr.policy_cmm_container\nleft join dbo.basicpolicy_stg bp\n    on\n\tprkr.policy_system_id = bp.systemid\n\tand prkr.policy_cmm_container = bp.cmmcontainer\nleft join dbo.application_stg a\n    on\n\tp.systemid = a.policyref\nleft join dbo.uw_dashboard_customer_details tgt\n    on\n\tprkr.line_system_id = tgt.line_system_id\n\tand c.system_id = tgt.customer_system_id\n\tand tgt.uw_dashboard_customer_details_row_effective_end_date = '9999-12-31'\n\tand a.systemid = tgt.application_system_id\nwhere\n\tprkr.policy_risk_key_reference_row_effective_end_date = '9999-12-31'\n\t--and\n\t--prkr.policy_key= 'HP13234264003'\nunion\nselect\n\tdistinct\n    prkr.policy_system_id as policy_risk_key_reference_system_id,\n\tprkr.policy_number as policy_number,\n\tprkr.policy_module_number as policy_module_number,\n\tprkr.policy_key as policy_key,\n\tprkr.line_system_id as line_system_id,\n\tprkr.line_of_business as line_of_business,\n\tbp.statuscd,\n\tbp.expirationdt,\n\tc.system_id as system_id,\n\tc.index_name as index_name,\n\tc.customer_number as customer_number,\n\tc.status as status,\n\tp.systemid as policy_system_id,\n\tp.customerref as policy_customer_number,\n\tp.accountref as policy_account_number,\n\ta.systemid as application_system_id,\n\tcast(a.applicationnumber as VARCHAR(255)) as application_number,\n\t-- Cast to VARCHAR to match  data type\n\ta.customerref as application_customer_number,\n\ttgt.uw_dashboard_customer_details_row_id as tgt_customer_details_row_id,\n\ttgt.uw_dashboard_customer_details_md5_hash_value as tgt_customer_details_md5_hash_value\nfrom\n\tdbo.customer_stg c\nleft join dbo.application_stg a\n    on\n\ta.customerref = c.system_id\nleft join dbo.policy_risk_key_reference prkr\n    on\n\ta.systemid = prkr.policy_system_id\n\tand a.cmmcontainer = prkr.policy_cmm_container\nleft join dbo.basicpolicyapp_stg bp\n    on\n\tprkr.policy_system_id = bp.systemid\n\tand prkr.policy_cmm_container = bp.cmmcontainer\nleft join dbo.policy_stg p\n    on\n\tp.systemid = a.policyref\nleft join dbo.uw_dashboard_customer_details tgt\n    on\n\tprkr.line_system_id = tgt.line_system_id\n\tand c.system_id = tgt.customer_system_id\n\tand tgt.uw_dashboard_customer_details_row_effective_end_date = '9999-12-31'\n\tand a.systemid = tgt.application_system_id\nwhere\n\tprkr.policy_risk_key_reference_row_effective_end_date = '9999-12-31'\n--and\n--prkr.policy_key= 'HP13234264003';","commandType":0,"isFileList":false,"handleSpecialChars":false,"handleDecimalRoundOff":false,"frsAsset":false,"dynamicFileName":false,"excludeDynamicFileNameField":false,"currentlyProcessedFileName":false,"retainFieldMetadata":false,"objectName":"DUMMY_src_query","useExactSrcNames":false,"userUpdated":true,"tgtObjectAttributes":{},"runtimeParameterData":{"@type":"mtTaskRuntimeParameterData","isConnectionRuntimeParameter":false,"isObjectRuntimeParameter":false},"overridableProperties":[],"overriddenFields":[]},{"@type":"mtTaskParameter","id":114192114,"name":"$tgt_uw_dashboard_customer_details_close$","type":"TARGET","label":"DBConnection_TGT","description":"","uiProperties":{"cnxtype":"Amazon Redshift v2","connectionParameterized":"true","paramName":"DBConnection_TGT","paramLabel":"","paramType-mapping":"Connection","logcnx":"DBConnection_TGT","default":"dbo/uw_dashboard_customer_details","objectParameterized":"false","visible":"false","defaultTargetUpdateColumns":"uw_dashboard_customer_details_row_id","supportApplyDDLChanges":"false","originalPath":"tgt_uw_dashboard_customer_details_close"},"targetConnectionId":"@aYZ4ekzHgIPeKpiaoqDLKP","targetObject":"dbo/uw_dashboard_customer_details","targetObjectLabel":"dbo/uw_dashboard_customer_details","newFlatFile":false,"newObject":false,"showBusinessNames":true,"naturalOrder":true,"truncateTarget":false,"bulkApiDBTarget":false,"operationType":"Update","customFuncCfg":{"@type":"customFuncConfig","id":-1,"connections":[],"inputMap":[],"outputFields":[]},"targetRefsV2":{},"targetUpdateColumns":["uw_dashboard_customer_details_row_id"],"fieldOrderList":[],"extendedObject":{"@type":"extendedObject","singleMode":true,"filters":[],"sortFields":[]},"runtimeAttrs":{},"isRESTModernSource":true,"commandType":0,"isFileList":false,"handleSpecialChars":false,"handleDecimalRoundOff":false,"frsAsset":false,"dynamicFileName":false,"excludeDynamicFileNameField":false,"currentlyProcessedFileName":false,"retainFieldMetadata":false,"objectName":"dbo/uw_dashboard_customer_details","objectLabel":"dbo/uw_dashboard_customer_details","useExactSrcNames":false,"userUpdated":true,"tgtObjectAttributes":{},"runtimeParameterData":{"@type":"mtTaskRuntimeParameterData","isConnectionRuntimeParameter":false,"isObjectRuntimeParameter":false,"connectionParameterName":"DBConnection_TGT"},"overridableProperties":[],"dbSchema":"","overriddenFields":[]},{"@type":"mtTaskParameter","id":114192115,"name":"$tgt_uw_dashboard_customer_details_insert$","type":"TARGET","label":"DBConnection_TGT","description":"","uiProperties":{"cnxtype":"Amazon Redshift v2","connectionParameterized":"true","paramName":"DBConnection_TGT","paramLabel":"","paramType-mapping":"Connection","logcnx":"DBConnection_TGT","default":"dbo/uw_dashboard_customer_details","objectParameterized":"false","visible":"false","defaultTargetUpdateColumns":"","supportApplyDDLChanges":"false","originalPath":"tgt_uw_dashboard_customer_details_insert"},"targetConnectionId":"@aYZ4ekzHgIPeKpiaoqDLKP","targetObject":"dbo/uw_dashboard_customer_details","targetObjectLabel":"dbo/uw_dashboard_customer_details","newFlatFile":false,"newObject":false,"showBusinessNames":true,"naturalOrder":true,"truncateTarget":false,"bulkApiDBTarget":false,"operationType":"Insert","customFuncCfg":{"@type":"customFuncConfig","id":-1,"connections":[],"inputMap":[],"outputFields":[]},"targetRefsV2":{},"targetUpdateColumns":[],"fieldOrderList":[],"extendedObject":{"@type":"extendedObject","singleMode":true,"filters":[],"sortFields":[]},"runtimeAttrs":{},"isRESTModernSource":true,"commandType":0,"isFileList":false,"handleSpecialChars":false,"handleDecimalRoundOff":false,"frsAsset":false,"dynamicFileName":false,"excludeDynamicFileNameField":false,"currentlyProcessedFileName":false,"retainFieldMetadata":false,"objectName":"dbo/uw_dashboard_customer_details","objectLabel":"dbo/uw_dashboard_customer_details","useExactSrcNames":false,"userUpdated":true,"tgtObjectAttributes":{"parent":""},"runtimeParameterData":{"@type":"mtTaskRuntimeParameterData","isConnectionRuntimeParameter":false,"isObjectRuntimeParameter":false,"connectionParameterName":"DBConnection_TGT"},"overridableProperties":[],"dbSchema":"","overriddenFields":[]},{"@type":"mtTaskParameter","id":114192116,"name":"$tgt_uw_dashboard_customer_details_update$","type":"TARGET","label":"DBConnection_TGT","description":"","uiProperties":{"cnxtype":"Amazon Redshift v2","connectionParameterized":"true","paramName":"DBConnection_TGT","paramLabel":"","paramType-mapping":"Connection","logcnx":"DBConnection_TGT","default":"dbo/uw_dashboard_customer_details","objectParameterized":"false","visible":"false","defaultTargetUpdateColumns":"","supportApplyDDLChanges":"false","originalPath":"tgt_uw_dashboard_customer_details_update"},"targetConnectionId":"@aYZ4ekzHgIPeKpiaoqDLKP","targetObject":"dbo/uw_dashboard_customer_details","targetObjectLabel":"dbo/uw_dashboard_customer_details","newFlatFile":false,"newObject":false,"showBusinessNames":true,"naturalOrder":true,"truncateTarget":false,"bulkApiDBTarget":false,"operationType":"Insert","customFuncCfg":{"@type":"customFuncConfig","id":-1,"connections":[],"inputMap":[],"outputFields":[]},"targetRefsV2":{},"targetUpdateColumns":[],"fieldOrderList":[],"extendedObject":{"@type":"extendedObject","singleMode":true,"filters":[],"sortFields":[]},"runtimeAttrs":{},"isRESTModernSource":true,"commandType":0,"isFileList":false,"handleSpecialChars":false,"handleDecimalRoundOff":false,"frsAsset":false,"dynamicFileName":false,"excludeDynamicFileNameField":false,"currentlyProcessedFileName":false,"retainFieldMetadata":false,"objectName":"dbo/uw_dashboard_customer_details","objectLabel":"dbo/uw_dashboard_customer_details","useExactSrcNames":false,"userUpdated":true,"tgtObjectAttributes":{},"runtimeParameterData":{"@type":"mtTaskRuntimeParameterData","isConnectionRuntimeParameter":false,"isObjectRuntimeParameter":false,"connectionParameterName":"DBConnection_TGT"},"overridableProperties":[],"dbSchema":"","overriddenFields":[]}],"sequences":[],"inOutParameters":[],"connRuntimeAttrs":[]}]