[{"@type":"mappingTemplate","id":"@1","name":"cdi_mps_map_lc_update_src_file","description":"","autoExpireObject":false,"bundleVersion":"0","assetFrsGuid":"8m0HhiMiywGhlhKTwNhV0z","templateId":"@3","hasParameters":true,"valid":true,"fixedConnection":true,"hasParametersDeployed":false,"fixedConnectionDeployed":false,"isSchemaValidationEnabled":false,"tasks":1,"mappingPreviewFileRecordId":"@2","documentType":"MAPPING","allowMaxFieldLength":false,"specialCharacterSupport":false,"references":[{"@type":"reference","refObjectId":"@4PR5UG8LgQbgjcPh0nvIgA","refType":"connection"}]}]