[{"@type":"mtTask","id":"@1","name":"s_m_Audit_Load_Balancing_Source_to_Master_Ld","description":"Session pushed from PC to ICS : s_m_Audit_Load_Balancing_Source_to_Master_Ld","runtimeEnvironmentId":"@l5ReTxe0L4Udpq0dXr0vIZ","maxLogs":10,"verbose":false,"mappingId":"@9ddQ9HA1R0BkRgiJosa0cA","frsGuid":"axL7nKCUUmTkGQnMgT4ZI2","shortDescription":"Session pushed from PC to ICS : s_m_Audit_Load_Bal...","sessionPropertiesList":[{"name":"Allow Temporary Sequence for Pushdown","value":"NO","recommended":false},{"name":"Allow Temporary View for Pushdown","value":"NO","recommended":false},{"name":"Data Column Delimiter","value":"|","recommended":false},{"name":"Error Log File Name","value":"PMError.log","recommended":false},{"name":"Pushdown Optimization","value":"None","recommended":false},{"name":"Pushdown Optimization Context","value":"None","recommended":false},{"name":"Pushdown Optimization Fallback Option","value":"Partial PDO","recommended":false}],"hidden":false,"enableCrossSchemaPushdown":false,"enableParallelRun":false,"autoTunedApplied":false,"autoTunedAppliedType":"NONE","paramFileType":"PARAM_FILE_LOCAL","schemaMode":"async","valid":true,"schemaValidationErrorCount":-1,"serverlessProperties":{},"taskProperties":[{"@type":"taskProperty","name":"parameterFileDir","currentValue":"","type":"STRING","label":"label.parameterFileDir","required":false},{"@type":"taskProperty","name":"parameterFileName","currentValue":"","type":"STRING","label":"label.parameterFileName","required":false},{"@type":"taskProperty","name":"outboundMessageUrlQueueTime","currentValue":"","type":"NUMBER","label":"label.outboundMessageUrlQueueTime","required":false},{"@type":"taskProperty","name":"outboundMessageUrlToken","currentValue":"","type":"STRING","label":"label.outboundMessageUrlToken","required":false}],"jobPriority":"MEDIUM","optimizationPlan":"NONE","isMidstreamPreview":false,"parameters":[{"@type":"mtTaskParameter","id":92454282,"name":"$SQ_Load_Balancing_Source_to_Master$","type":"SOURCE","label":"DBConnection_TGT","description":"","uiProperties":{"cnxtype":"Amazon Redshift v2","connectionParameterized":"true","paramName":"DBConnection_TGT","paramLabel":"","paramType-mapping":"Connection","logcnx":"DBConnection_TGT","isSelectDistinct":"false","objectParameterized":"false","visible":"false","originalPath":"SQ_Load_Balancing_Source_to_Master"},"sourceConnectionId":"@kz9Es8IGoicjZNLnrhio0E","sourceObject":"DUMMY_SQ_Load_Balancing_Source_to_Master","newFlatFile":false,"newObject":false,"showBusinessNames":true,"naturalOrder":true,"truncateTarget":false,"bulkApiDBTarget":false,"customFuncCfg":{"@type":"customFuncConfig","id":-1,"connections":[],"inputMap":[],"outputFields":[]},"targetRefsV2":{},"targetUpdateColumns":[],"runtimeAttrs":{},"isRESTModernSource":true,"customQuery":"SELECT dbo.load_balancing_source_to_master.Source_Policy_Count, dbo.load_balancing_source_to_master.Source_Claim_count,\n       dbo.load_balancing_source_to_master.Source_MTDWrittenPremiumAmt, dbo.load_balancing_source_to_master.Source_MTDEarnedPremiumAmount,\n       dbo.load_balancing_source_to_master.Source_LossExpense, dbo.load_balancing_source_to_master.Source_LossPaid,\n       dbo.load_balancing_source_to_master.Source_AgencyCommissionCnt, dbo.load_balancing_source_to_master.Source_AgencyCommissionAmt,\n       dbo.load_balancing_source_to_master.Master_Policy_Count, dbo.load_balancing_source_to_master.Master_Claim_count,\n       dbo.load_balancing_source_to_master.Master_MTDWrittenPremiumAmt, dbo.load_balancing_source_to_master.Master_MTDEarnedPremiumAmount,\n       dbo.load_balancing_source_to_master.Master_LossExpense, dbo.load_balancing_source_to_master.Master_LossPaid,\n       dbo.load_balancing_source_to_master.Master_AgencyCommissionCnt, dbo.load_balancing_source_to_master.Master_AgencyCommissionAmt,\n       dbo.load_balancing_source_to_master.Variance_Policy_Count, dbo.load_balancing_source_to_master.Variance_Claim_count,\n       dbo.load_balancing_source_to_master.Variance_MTDWrittenPremiumAmt,\n       dbo.load_balancing_source_to_master.Variance_MTDEarnedPremiumAmount,\n       dbo.load_balancing_source_to_master.Variance_LossExpense, dbo.load_balancing_source_to_master.Variance_LossPaid,\n       dbo.load_balancing_source_to_master.Variance_AgencyCommissionCnt, dbo.load_balancing_source_to_master.Variance_AgencyCommissionAmt,\n       dbo.load_balancing_source_to_master.RowInsDt, dbo.load_balancing_source_to_master.Master_CededPremium,\n       dbo.load_balancing_source_to_master.Master_CededLossPaid, dbo.load_balancing_source_to_master.Variance_CededPremium,\n       dbo.load_balancing_source_to_master.Variance_CededLossPaid, dbo.load_balancing_source_to_master.Source_CededPremium,\n       dbo.load_balancing_source_to_master.Source_CededLossPaid\nFROM\n dbo.load_balancing_source_to_master where RowInsDt in (\nselect Max(RowInsDt) from dbo.load_balancing_source_to_master)","isFileList":false,"handleSpecialChars":false,"handleDecimalRoundOff":false,"frsAsset":false,"dynamicFileName":false,"excludeDynamicFileNameField":false,"currentlyProcessedFileName":false,"retainFieldMetadata":false,"objectName":"DUMMY_SQ_Load_Balancing_Source_to_Master","useExactSrcNames":false,"fetchMode":"ORIGINAL","tgtObjectAttributes":{},"runtimeParameterData":{"@type":"mtTaskRuntimeParameterData","isConnectionRuntimeParameter":true,"isObjectRuntimeParameter":false,"connectionParameterName":"DBConnection_TGT"},"overridableProperties":[],"overriddenFields":[]},{"@type":"mtTaskParameter","id":92454283,"name":"$SQ_master_stats$","type":"SOURCE","label":"DBConnection_TGT","description":"","uiProperties":{"cnxtype":"Amazon Redshift v2","connectionParameterized":"true","paramName":"DBConnection_TGT","paramLabel":"","paramType-mapping":"Connection","logcnx":"DBConnection_TGT","isSelectDistinct":"false","objectParameterized":"false","visible":"false","originalPath":"SQ_master_stats"},"sourceConnectionId":"@kz9Es8IGoicjZNLnrhio0E","sourceObject":"DUMMY_SQ_master_stats","newFlatFile":false,"newObject":false,"showBusinessNames":true,"naturalOrder":true,"truncateTarget":false,"bulkApiDBTarget":false,"customFuncCfg":{"@type":"customFuncConfig","id":-1,"connections":[],"inputMap":[],"outputFields":[]},"targetRefsV2":{},"targetUpdateColumns":[],"runtimeAttrs":{},"isRESTModernSource":true,"customQuery":"select coalesce(Policy_Count,0) as Policy_Count,\ncoalesce(Claim_count,0) as Claim_Count, \ncoalesce(MTDWrittenPremiumAmt,0) as MTDWrittenPremiumAmt, \nCAST(0 AS DECIMAL(28, 6)) as MTDEarnedPremiumAmt, \ncoalesce(MTDLossExpense,0) as MTDLossExpense,\ncoalesce(MTDLossPaid,0) as MTDLossPaid,\nCAST(COALESCE(AgencyCommissionCnt, 0) AS BIGINT) as AgencyCommissionCnt,\nCAST(COALESCE(AgencyCommissionAmt, 0) AS DECIMAL(28, 6)) as AgencyCommissionAmt,\nAccount_Entered_Dt,\ncoalesce(CededPremium,0) as CededPremium,\ncoalesce(CededLossPaid,0) as CededLossPaid\n\nfrom \n(select max(CededLoss.AccountEnteredDt) as Account_Entered_Dt,\nmax(Policy_Count) as Policy_Count,\nmax(Claim_count) as Claim_count,\nmax(MTDWrittenPremiumAmt) as MTDWrittenPremiumAmt,\n0 as MTDEarnedPremiumAmt,\nmax(LossExpense) as MTDLossExpense,\nmax(LossPaid) as MTDLossPaid,\n0 as Fact_MTDWrittenPremiumAmt,\n0 as Fact_MTDEarnedPremiumAmt,\nmax(CededPremium) as CededPremium,\nmax(CededLossPAid) as CededLossPaid,\nmax(CommissionCnt) as AgencyCommissionCnt,\nmax(CommissionAmt) as AgencyCommissionAmt\nfrom \n(select count(policykey) as Policy_Count from \n(select distinct policykey from dbo.policydetail where PolicyInceptionDt <= GETDATE() - 1)x\nwhere policykey not in ('SBP37027088000','SBP37068579000'))BP\nleft join \n(select count(claimnumber) as Claim_count from \n(select distinct claimnumber from dbo.claimdetail where LossReportedDt <= GETDATE() - 1 and RowEffEndDt > GETDATE())r)C\non 1=1\nleft join\n(select coalesce(sum(LossULAEExpense) + sum(LossALAEExpense), 0) as LossExpense,\ncoalesce(sum(LossPaidAmt), 0) as LossPaid \nfrom dbo.claimtransaction \nwhere\nroweffenddt = '9999-12-31'\nand date_part(y,LossAccountEnteredDate) = date_part(y,getdate() - 1)\nand date_part(mon,LossAccountEnteredDate) = date_part(mon,getdate() - 1)\nand BookDt < cast(CURRENT_TIMESTAMP as date))CMS\non 1=1\nleft join \n(select coalesce(sum(WrittenPremiumAmt), 0) as MTDWrittenPremiumAmt\nfrom dbo.PolicyTransaction\nwhere \nRowEffEndDt = '9999-12-31'\nand date_part(y,TransactionAccountingDt) = date_part(y,getdate() - 1)\nand date_part(mon,TransactionAccountingDt) = date_part(mon,getdate() - 1) \nand BookDt < cast(CURRENT_TIMESTAMP as date))PSS\non 1=1\n/*left join\n(select coalesce(sum(MTDEarnedPremiumAmount), 0) as MTDEarnedPremiumAmt\nfrom dbo.EarnedPremiumFact\nwhere substring(reportperiod,1,4)=date_part(y,getdate() - 1)\nand cast(substring(reportperiod,5,2) as integer)=date_part(mon,getdate() - 1)\n) EP\non 1=1*/\n/*left join \n(select account_entered_dt,coalesce(sum(written_premium),0) as Fact_MTDWrittenPremiumAmt,coalesce(sum(Earned_Premium),0) as Fact_MTDEarnedPremiumAmt from  dbo.Fact_Agg_GW_Premiums\nwhere date_part(y,account_entered_dt)=date_part(y,getdate() - 1)\nand date_part(mon,account_entered_dt)=date_part(mon,getdate() - 1)\ngroup by account_entered_dt\n)Fact\non 1=1*/\nleft join \n(select AccountEnteredDt, coalesce(sum(PaidAmt),0) as CededLossPAid from  dbo.ClaimReinsuranceTransaction\nwhere date_part(y,AccountEnteredDt)=date_part(y,getdate() - 1)\nand date_part(mon,AccountEnteredDt)=date_part(mon,getdate() - 1)\nand BookDt < cast(getdate() as date)\ngroup by AccountEnteredDt\n)CededLoss\non 1=1\nleft join \n(select AccountEnteredDt, coalesce(sum(WrittenPremiumAmt),0) as CededPremium from  dbo.PolicyreinsuranceTransaction\nwhere date_part(y,AccountEnteredDt)=date_part(y,getdate() - 1)\nand date_part(mon,AccountEnteredDt)=date_part(mon,getdate() - 1)\nand BookDt < cast(getdate() as date)\nand RowEffEndDt = '9999-12-31'\ngroup by AccountEnteredDt\n)CededPremium\non 1=1\nleft join\n(\nSelect count(*) as CommissionCnt ,coalesce(sum(commissionamt),0) as CommissionAmt from dbo.AgencyCommissionDetail \n)ag\non 1=1\n)MTDLoadBalancing","isFileList":false,"handleSpecialChars":false,"handleDecimalRoundOff":false,"frsAsset":false,"dynamicFileName":false,"excludeDynamicFileNameField":false,"currentlyProcessedFileName":false,"retainFieldMetadata":false,"objectName":"DUMMY_SQ_master_stats","useExactSrcNames":false,"fetchMode":"ORIGINAL","tgtObjectAttributes":{},"runtimeParameterData":{"@type":"mtTaskRuntimeParameterData","isConnectionRuntimeParameter":true,"isObjectRuntimeParameter":false,"connectionParameterName":"DBConnection_TGT"},"overridableProperties":[],"overriddenFields":[]},{"@type":"mtTaskParameter","id":92454284,"name":"$SQ_source_stats$","type":"SOURCE","label":"DBConnection_SRCM","description":"","uiProperties":{"cnxtype":"MySQL","connectionParameterized":"true","paramName":"DBConnection_SRCM","paramLabel":"","paramType-mapping":"Connection","logcnx":"DBConnection_SRCM","isSelectDistinct":"false","objectParameterized":"false","visible":"false","originalPath":"SQ_source_stats"},"sourceConnectionId":"@3i0v7vbVe83ddsCcsSxzQb","sourceObject":"DUMMY_SQ_source_stats","newFlatFile":false,"newObject":false,"showBusinessNames":true,"naturalOrder":true,"truncateTarget":false,"bulkApiDBTarget":false,"customFuncCfg":{"@type":"customFuncConfig","id":-1,"connections":[],"inputMap":[],"outputFields":[]},"targetRefsV2":{},"targetUpdateColumns":[],"runtimeAttrs":{},"isRESTModernSource":true,"customQuery":"SELECT\ncoalesce(Policy_Count,0) as Policy_Count,\ncoalesce(Claim_count,0) as Claim_Count,\ncoalesce(MTDWrittenPremiumAmt,0) as MTDWrittenPremiumAmt,\nCAST(coalesce(MTDEarnedPremiumAmount,0) AS DECIMAL(28, 6)) as MTDEarnedPremiumAmount,\ncoalesce(LossExpense,0) as LossExpense,\ncoalesce(LossPaid,0) as LossPaid,\ncoalesce(AgencyCommissionCnt,0) as AgencyCommissionCnt,\ncoalesce(AgencyCommissionAmt,0) as AgencyCommissionAmt,\ncoalesce(CededPremium,0) as CededPremium,\ncoalesce(CededLossPaid,0) as CededLossPaid\nFROM\n(select\nmax(Policy_Count) as Policy_Count,\nmax(Claim_count) as Claim_count,\nmax(MTDWrittenPremiumAmt) as MTDWrittenPremiumAmt,\n0 as MTDEarnedPremiumAmount,\n(sum(ULAEExpense)+sum(ALAEExpense)) as LossExpense,\nsum(LossPaid) as LossPaid ,\nmax(CommissionCnt) as AgencyCommissionCnt,\nSum(CommissionAmt ) as AgencyCommissionAmt,\nmax(cp.CededPremiumAmt) as CededPremium\n,max(cl.CededPaidloss) as CededlossPaid\nfrom\n(select count(policykey) as Policy_Count\nfrom\n(select distinct concat(policynumber,policyversion) as policykey\nfrom basicpolicy where cmmcontainer='policy'\nand inceptiondt <= date_add(current_date() , INTERVAL -1 DAY)\n)x)BP\nleft join\n(select count(claimnumber) as Claim_count\nfrom\n(select distinct claimnumber\nfrom claim\nwhere\nclaim.cmmcontainer='Claim'\nand ReportedDt <= date_add(current_date() , INTERVAL -1 DAY)\n)r)C\non 1=1\nleft join\n(SELECT\nsum(case when Reservecd in ('Adjustment') then PaidAmt else 0 end) as ULAEExpense,\nsum(case when ReserveCd='DEFENSE' then PaidAmt else 0 end) as ALAEExpense,\nsum(case when ReserveCd='Indemnity' then PaidAmt else 0 end) as LossPaid\nfrom ClaimStats  ClaimStats_stg\nwhere year(bookdt) = year(date_add(current_date() , INTERVAL -1 DAY))\nand month(bookdt) = month(date_add(current_date() , INTERVAL -1 DAY))\nand bookdt < current_date())CS\non 1=1\nleft join\n(select\ncoalesce(sum(WrittenPremiumAmt),0) as MTDWrittenPremiumAmt\nfrom policystats\nwhere year(accountingDt) = year(date_add(current_date() , INTERVAL -1 DAY))\nand month(accountingDt) = month(date_add(current_date() , INTERVAL -1 DAY))\nand BookDt < current_date() )PSS\non 1=1\nleft join\n(\nSelect count(*) as CommissionCnt,sum(coalesce(CommissionAmt,0)) as CommissionAmt from CommissionDetail\n)agency\non 1=1\n/*left join\n(select sum(coalesce(mtdearnedpremiumamt,0)) as MTDEarnedPremiumAmount from policysummarystats\nwhere reportperiod = concat(cast(year(date_add(current_date() , INTERVAL -1 DAY)) as char), cast(month(date_add(current_date() , INTERVAL -1 DAY)) as char))\nand coalesce(feecd,'') not like '%HealthyHomesFundFee%' #exclude CT healthy homes\nand updatedt<current_date()\n)ep\non 1=1*/\nleft join\n(select\ncoalesce(sum(WrittenPremiumAmt),0) as CededPremiumAmt\nfrom policyReinsurancestats\nwhere year(accountingDt) = year(date_add(current_date() , INTERVAL -1 DAY))\nand month(accountingDt) = month(date_add(current_date() , INTERVAL -1 DAY))\nand BookDt < current_date()\n )CP\non 1=1\nleft join\n(select\nsum(coalesce(PaidAmt,0)) as CededPaidLoss\nfrom claimreinsurancestats\nwhere year(BookDt) = year(date_add(current_date() , INTERVAL -1 DAY))\nand month(BookDt) = month(date_add(current_date() , INTERVAL -1 DAY))\nand BookDt < current_date() )CL\non 1=1\n)SRCLoadBalancing","isFileList":false,"handleSpecialChars":false,"handleDecimalRoundOff":false,"frsAsset":false,"dynamicFileName":false,"excludeDynamicFileNameField":false,"currentlyProcessedFileName":false,"retainFieldMetadata":false,"objectName":"DUMMY_SQ_source_stats","useExactSrcNames":false,"fetchMode":"ORIGINAL","tgtObjectAttributes":{},"runtimeParameterData":{"@type":"mtTaskRuntimeParameterData","isConnectionRuntimeParameter":true,"isObjectRuntimeParameter":false,"connectionParameterName":"DBConnection_SRCM"},"overridableProperties":[],"overriddenFields":[]},{"@type":"mtTaskParameter","id":92454285,"name":"$Load_Balancing_Source_to_Master_ERR$","type":"TARGET","label":"DBConnection_TGT","description":"","uiProperties":{"cnxtype":"Amazon Redshift v2","connectionParameterized":"true","paramName":"DBConnection_TGT","paramLabel":"","paramType-mapping":"Connection","logcnx":"DBConnection_TGT","default":"dbo/load_balancing_source_to_master","objectParameterized":"false","visible":"false","defaultTargetUpdateColumns":"","supportApplyDDLChanges":"false","originalPath":"Load_Balancing_Source_to_Master_ERR"},"targetConnectionId":"@kz9Es8IGoicjZNLnrhio0E","targetObject":"dbo/load_balancing_source_to_master","targetObjectLabel":"load_balancing_source_to_master","newFlatFile":false,"newObject":false,"showBusinessNames":true,"naturalOrder":true,"truncateTarget":false,"bulkApiDBTarget":false,"operationType":"Insert","customFuncCfg":{"@type":"customFuncConfig","id":-1,"connections":[],"inputMap":[],"outputFields":[]},"targetRefsV2":{},"targetUpdateColumns":[],"extendedObject":{"@type":"extendedObject","singleMode":true,"filters":[],"sortFields":[]},"runtimeAttrs":{},"isRESTModernSource":true,"isFileList":false,"handleSpecialChars":false,"handleDecimalRoundOff":false,"frsAsset":false,"dynamicFileName":false,"excludeDynamicFileNameField":false,"currentlyProcessedFileName":false,"retainFieldMetadata":false,"objectName":"dbo/load_balancing_source_to_master","objectLabel":"load_balancing_source_to_master","useExactSrcNames":false,"fetchMode":"ORIGINAL","tgtObjectAttributes":{},"runtimeParameterData":{"@type":"mtTaskRuntimeParameterData","isConnectionRuntimeParameter":true,"isObjectRuntimeParameter":false,"connectionParameterName":"DBConnection_TGT"},"overridableProperties":[],"targetSchemaProviderType":"SELECTED_OBJECT","overriddenFields":[]},{"@type":"mtTaskParameter","id":92454286,"name":"$Load_Balancing_Source_to_Master_INS$","type":"TARGET","label":"DBConnection_TGT","description":"","uiProperties":{"cnxtype":"Amazon Redshift v2","connectionParameterized":"true","paramName":"DBConnection_TGT","paramLabel":"","paramType-mapping":"Connection","logcnx":"DBConnection_TGT","default":"dbo/load_balancing_source_to_master","objectParameterized":"false","visible":"false","defaultTargetUpdateColumns":"","supportApplyDDLChanges":"false","originalPath":"Load_Balancing_Source_to_Master_INS"},"targetConnectionId":"@kz9Es8IGoicjZNLnrhio0E","targetObject":"dbo/load_balancing_source_to_master","targetObjectLabel":"load_balancing_source_to_master","newFlatFile":false,"newObject":false,"showBusinessNames":true,"naturalOrder":true,"truncateTarget":false,"bulkApiDBTarget":false,"operationType":"Insert","customFuncCfg":{"@type":"customFuncConfig","id":-1,"connections":[],"inputMap":[],"outputFields":[]},"targetRefsV2":{},"targetUpdateColumns":[],"extendedObject":{"@type":"extendedObject","singleMode":true,"filters":[],"sortFields":[]},"runtimeAttrs":{},"isRESTModernSource":true,"isFileList":false,"handleSpecialChars":false,"handleDecimalRoundOff":false,"frsAsset":false,"dynamicFileName":false,"excludeDynamicFileNameField":false,"currentlyProcessedFileName":false,"retainFieldMetadata":false,"objectName":"dbo/load_balancing_source_to_master","objectLabel":"load_balancing_source_to_master","useExactSrcNames":false,"fetchMode":"ORIGINAL","tgtObjectAttributes":{},"runtimeParameterData":{"@type":"mtTaskRuntimeParameterData","isConnectionRuntimeParameter":true,"isObjectRuntimeParameter":false,"connectionParameterName":"DBConnection_TGT"},"overridableProperties":[],"targetSchemaProviderType":"SELECTED_OBJECT","overriddenFields":[]}],"sequences":[],"inOutParameters":[],"connRuntimeAttrs":[]}]