[{"@type":"mappingTemplate","id":"@1","name":"cdi_map_acx_ai_bronze_additional_interest_application_stg_ld","description":"Straight passthrough of application data from Guidewire’s ai table to stage load. This table will be a truncate and load of incremental data.\n\nWe will want to join to advrxxchangedbeans on systemid and cmmcontainer in the source query to limit the data to incremental records. As  part of this, we’ll need to add $$m_strtdt and $$m_enddt to the mapping as parameters and add as a join condition against adddt and addtm as well.","autoExpireObject":false,"bundleVersion":"0","assetFrsGuid":"32NKaqKYrlaehGD9ycIneQ","templateId":"@3","hasParameters":true,"valid":true,"fixedConnection":false,"hasParametersDeployed":false,"fixedConnectionDeployed":false,"isSchemaValidationEnabled":false,"tasks":1,"mappingPreviewFileRecordId":"@2","documentType":"","allowMaxFieldLength":false,"specialCharacterSupport":false,"references":[]}]