[{"@type":"mtTask","id":"@1","name":"s_m_load_msgr_facts_pms_new_vw4","description":"Session pushed from PC to ICS : s_m_load_msgr_facts_pms_new_vw4","autoExpireObject":false,"runtimeEnvironmentId":"@3pADNCV9u0PcgrXjM7rx0t","maxLogs":10,"verbose":false,"mappingId":"@iOJLEJbJ8OrcZtefta1iGV","frsGuid":"jn56qEBzhmccFPPokfcjee","shortDescription":"Session pushed from PC to ICS : s_m_load_msgr_fact...","sessionPropertiesList":[{"name":"Allow Temporary Sequence for Pushdown","value":"NO","recommended":false},{"name":"Allow Temporary View for Pushdown","value":"NO","recommended":false},{"name":"Data Column Delimiter","value":"|","recommended":false},{"name":"Error Log File Name","value":"PMError.log","recommended":false},{"name":"Pushdown Optimization","value":"None","recommended":false},{"name":"Pushdown Optimization Context","value":"None","recommended":false},{"name":"Pushdown Optimization Fallback Option","value":"Partial PDO","recommended":false}],"hidden":false,"enableCrossSchemaPushdown":false,"enableParallelRun":false,"autoTunedApplied":false,"autoTunedAppliedType":"NONE","parameterFileName":"Andover_Parm_Peregrine.txt","parameterFileDir":"$PMRootDir/andover/parameters","paramFileType":"PARAM_FILE_LOCAL","schemaMode":"async","valid":false,"schemaValidationErrorCount":-1,"serverlessProperties":{},"taskProperties":[{"@type":"taskProperty","name":"parameterFileDir","currentValue":"$PMRootDir/andover/parameters","type":"STRING","label":"label.parameterFileDir","required":false},{"@type":"taskProperty","name":"parameterFileName","currentValue":"Andover_Parm_Peregrine.txt","type":"STRING","label":"label.parameterFileName","required":false},{"@type":"taskProperty","name":"outboundMessageUrlQueueTime","currentValue":"","type":"NUMBER","label":"label.outboundMessageUrlQueueTime","required":false},{"@type":"taskProperty","name":"outboundMessageUrlToken","currentValue":"","type":"STRING","label":"label.outboundMessageUrlToken","required":false}],"optimizationPlan":"NONE","isMidstreamPreview":false,"allowMaxFieldLength":false,"specialCharacterSupport":false,"useUserDefinedOrder":false,"parameters":[{"@type":"mtTaskParameter","id":98464044,"name":"$SQ_PMS_Fact_Loss$","type":"SOURCE","label":"SQ_PMS_Fact_Loss","uiProperties":{"connectionParameterized":"false","isSelectDistinct":"false","objectParameterized":"false","visible":"false","originalPath":"SQ_PMS_Fact_Loss"},"sourceConnectionId":"@aYZ4ekzHgIPeKpiaoqDLKP","sourceObject":"DUMMY_SQ_PMS_Fact_Loss","newFlatFile":false,"newObject":false,"showBusinessNames":false,"naturalOrder":true,"truncateTarget":false,"bulkApiDBTarget":false,"customFuncCfg":{"@type":"customFuncConfig","id":-1,"connections":[],"inputMap":[],"outputFields":[]},"targetRefsV2":{},"targetUpdateColumns":[],"fieldOrderList":[],"runtimeAttrs":{},"oprRuntimeAttrs":{"postSql":"","selectDistinct":"NO","EncryptionType":"None","EnableCompression":"YES","sqlQuery":"","fetchSize":"10000","multipartDownloadThreshold":"5242880","temporaryCredentialDuration":"900","StagingDirectoryLocation":"","schemaName":"","TreatNullValueAsNull":"NO","sourceTableName":"","UnloadOptionsPropertyFile":"","DownloadS3FilesInMultipleParts":"NO","S3BucketName":"","readMode":"Direct","preSql":""},"isRESTModernSource":true,"customQuery":"SELECT PMS_Fact_Loss.Policy_Key_Code, \nPMS_Fact_Loss.Policy_Key, \nPMS_Fact_Loss.Claim_Key, \nPMS_Fact_Loss.Major_Peril_ID, \nPMS_Fact_Loss.Risk_State_ID, \nPMS_Fact_Loss.Loss_Cause, \nPMS_Fact_Loss.Loss_Cause_Desc, \nPMS_Fact_Loss.StateLine, \nPMS_Fact_Loss.Account_Entered_Dt, \nPMS_Fact_Loss.Accident_Dt, \nPMS_Fact_Loss.Reported_Dt, \nPMS_Fact_Loss.Claim_Type, \nPMS_Fact_Loss.Loss_Adjustor_No, \nPMS_Fact_Loss.Loss_Paid_Amt, \nPMS_Fact_Loss.Loss_Paid_Recovery_Amt, \nPMS_Fact_Loss.Loss_Salvage, \nPMS_Fact_Loss.Loss_Subrogation_Amt, \nPMS_Fact_Loss.Loss_Ulae_Expense, \nPMS_Fact_Loss.Loss_Alae_Expense, \nPMS_Fact_Loss.Loss_Reserve_Amt, \nPMS_Fact_Loss.Loss_Reserve_For_Incurred_Loss, \nPMS_Fact_Loss.Transaction_CD, \nPMS_Fact_Loss.Transaction_Dt,\nPMS_Fact_Loss.annual_statement_line\nFROM\n dbo.PMS_Fact_Loss \nwhere Account_Entered_Dt >=dateadd(month, -1, cast(getdate() as date))\n\nORDER BY\nPMS_Fact_Loss.Policy_Key_Code, \nPMS_Fact_Loss.Policy_Key, \nPMS_Fact_Loss.Claim_Key, \nPMS_Fact_Loss.Major_Peril_ID, \nPMS_Fact_Loss.Risk_State_ID, \nPMS_Fact_Loss.Loss_Cause, \nPMS_Fact_Loss.Loss_Cause_Desc, \nPMS_Fact_Loss.StateLine, \nPMS_Fact_Loss.Account_Entered_Dt, \nPMS_Fact_Loss.Accident_Dt, \nPMS_Fact_Loss.Reported_Dt, \nPMS_Fact_Loss.Claim_Type, \nPMS_Fact_Loss.Loss_Adjustor_No,\nPMS_Fact_Loss.Transaction_CD, \nPMS_Fact_Loss.Transaction_Dt","commandType":0,"isFileList":false,"handleSpecialChars":false,"handleDecimalRoundOff":false,"frsAsset":false,"dynamicFileName":false,"excludeDynamicFileNameField":false,"currentlyProcessedFileName":false,"retainFieldMetadata":false,"objectName":"DUMMY_SQ_PMS_Fact_Loss","useExactSrcNames":false,"userUpdated":true,"tgtObjectAttributes":{},"runtimeParameterData":{"@type":"mtTaskRuntimeParameterData","isConnectionRuntimeParameter":false,"isObjectRuntimeParameter":false},"overridableProperties":[],"overriddenFields":[]},{"@type":"mtTaskParameter","id":98464045,"name":"$SQ_PMS_Fact_Loss1$","type":"SOURCE","label":"SQ_PMS_Fact_Loss1","uiProperties":{"connectionParameterized":"false","isSelectDistinct":"false","objectParameterized":"false","visible":"false","originalPath":"SQ_PMS_Fact_Loss1"},"sourceConnectionId":"@aYZ4ekzHgIPeKpiaoqDLKP","sourceObject":"DUMMY_SQ_PMS_Fact_Loss1","newFlatFile":false,"newObject":false,"showBusinessNames":false,"naturalOrder":true,"truncateTarget":false,"bulkApiDBTarget":false,"customFuncCfg":{"@type":"customFuncConfig","id":-1,"connections":[],"inputMap":[],"outputFields":[]},"targetRefsV2":{},"targetUpdateColumns":[],"fieldOrderList":[],"runtimeAttrs":{},"oprRuntimeAttrs":{"postSql":"","selectDistinct":"NO","EncryptionType":"None","EnableCompression":"YES","sqlQuery":"","fetchSize":"10000","multipartDownloadThreshold":"5242880","temporaryCredentialDuration":"900","StagingDirectoryLocation":"","schemaName":"","TreatNullValueAsNull":"NO","sourceTableName":"","UnloadOptionsPropertyFile":"","DownloadS3FilesInMultipleParts":"NO","S3BucketName":"","readMode":"Direct","preSql":""},"isRESTModernSource":true,"customQuery":"SELECT PMS_Fact_Loss.Policy_Key_Code, \nPMS_Fact_Loss.Policy_Key, \nPMS_Fact_Loss.Claim_Key, \nPMS_Fact_Loss.Major_Peril_ID, \nPMS_Fact_Loss.Risk_State_ID, \nPMS_Fact_Loss.Loss_Cause, \nPMS_Fact_Loss.Loss_Cause_Desc, \nPMS_Fact_Loss.StateLine, \nPMS_Fact_Loss.Account_Entered_Dt, \nPMS_Fact_Loss.Accident_Dt, \nPMS_Fact_Loss.Reported_Dt, \nPMS_Fact_Loss.Claim_Type, \nPMS_Fact_Loss.Loss_Adjustor_No, \nPMS_Fact_Loss.Loss_Paid_Amt, \nPMS_Fact_Loss.Loss_Paid_Recovery_Amt, \nPMS_Fact_Loss.Loss_Salvage, \nPMS_Fact_Loss.Loss_Subrogation_Amt, \nPMS_Fact_Loss.Loss_Ulae_Expense, \nPMS_Fact_Loss.Loss_Alae_Expense, \nPMS_Fact_Loss.Loss_Reserve_Amt, \nPMS_Fact_Loss.Loss_Reserve_For_Incurred_Loss, \nPMS_Fact_Loss.Transaction_CD, \nPMS_Fact_Loss.Transaction_Dt,\nPMS_Fact_Loss.annual_statement_line \nFROM\n dbo.PMS_Fact_Loss \nWHERE \n\t--YEAR(Account_Entered_Dt) < 2008\n--and Account_Entered_Dt >= dateadd(year, -2, getdate())\n\nAccount_Entered_Dt >=dateadd(month, -1, cast(getdate() as date))\n\nORDER BY PMS_Fact_Loss.Policy_Key_Code, \nPMS_Fact_Loss.Policy_Key, \nPMS_Fact_Loss.Claim_Key, \nPMS_Fact_Loss.Major_Peril_ID, \nPMS_Fact_Loss.Risk_State_ID, \nPMS_Fact_Loss.Loss_Cause, \nPMS_Fact_Loss.Loss_Cause_Desc, \nPMS_Fact_Loss.StateLine, \nPMS_Fact_Loss.Account_Entered_Dt, \nPMS_Fact_Loss.Accident_Dt, \nPMS_Fact_Loss.Reported_Dt, \nPMS_Fact_Loss.Claim_Type, \nPMS_Fact_Loss.Loss_Adjustor_No,\nPMS_Fact_Loss.Transaction_CD, \nPMS_Fact_Loss.Transaction_Dt","commandType":0,"isFileList":false,"handleSpecialChars":false,"handleDecimalRoundOff":false,"frsAsset":false,"dynamicFileName":false,"excludeDynamicFileNameField":false,"currentlyProcessedFileName":false,"retainFieldMetadata":false,"objectName":"DUMMY_SQ_PMS_Fact_Loss1","useExactSrcNames":false,"userUpdated":true,"tgtObjectAttributes":{},"runtimeParameterData":{"@type":"mtTaskRuntimeParameterData","isConnectionRuntimeParameter":false,"isObjectRuntimeParameter":false},"overridableProperties":[],"overriddenFields":[]},{"@type":"mtTaskParameter","id":98464046,"name":"$msgr_facts_pms_new_vw4$","type":"TARGET","label":"DBConnection_TGT","description":"","uiProperties":{"cnxtype":"Amazon Redshift v2","connectionParameterized":"true","paramName":"DBConnection_TGT","paramLabel":"","paramType-mapping":"Connection","logcnx":"DBConnection_TGT","default":"dbo/msgr_facts_pms_new_vw4","objectParameterized":"false","visible":"false","defaultTargetUpdateColumns":"","supportApplyDDLChanges":"false","originalPath":"msgr_facts_pms_new_vw4"},"targetConnectionId":"@aYZ4ekzHgIPeKpiaoqDLKP","targetObject":"dbo/msgr_facts_pms_new_vw4","targetObjectLabel":"msgr_facts_pms_new_vw4","newFlatFile":false,"newObject":false,"showBusinessNames":true,"naturalOrder":true,"truncateTarget":false,"bulkApiDBTarget":false,"operationType":"Insert","customFuncCfg":{"@type":"customFuncConfig","id":-1,"connections":[],"inputMap":[],"outputFields":[]},"targetRefsV2":{},"targetUpdateColumns":[],"fieldOrderList":[],"extendedObject":{"@type":"extendedObject","singleMode":true,"filters":[],"sortFields":[]},"runtimeAttrs":{},"isRESTModernSource":true,"commandType":0,"isFileList":false,"handleSpecialChars":false,"handleDecimalRoundOff":false,"frsAsset":false,"dynamicFileName":false,"excludeDynamicFileNameField":false,"currentlyProcessedFileName":false,"retainFieldMetadata":false,"objectName":"dbo/msgr_facts_pms_new_vw4","objectLabel":"msgr_facts_pms_new_vw4","useExactSrcNames":false,"userUpdated":true,"tgtObjectAttributes":{},"runtimeParameterData":{"@type":"mtTaskRuntimeParameterData","isConnectionRuntimeParameter":true,"isObjectRuntimeParameter":false,"connectionParameterName":"DBConnection_TGT"},"overridableProperties":[],"overriddenFields":[]}],"sequences":[],"inOutParameters":[],"connRuntimeAttrs":[]}]