[{"@type":"mappingTemplate","id":"@1","name":"cdi_tsk_adm_agency_guidewire_bronze_load","description":"loads from Metal staging layer to the Bronze tables. SCD2(maintains history of the records, active records are open ended and old ones have closed date)\n","autoExpireObject":false,"bundleVersion":"0","assetFrsGuid":"63EUMz2c9UicNJsZMf60ar","templateId":"@3","deployTime":1749502065000,"hasParameters":true,"valid":true,"fixedConnection":false,"hasParametersDeployed":true,"fixedConnectionDeployed":false,"isSchemaValidationEnabled":false,"tasks":1,"mappingPreviewFileRecordId":"@2","documentType":"MAPPING","allowMaxFieldLength":false,"specialCharacterSupport":false,"references":[]}]