[{"@type":"mappingTemplate","id":"@1","name":"cdi_map_s3_client_underwriter_metal_load","description":"","autoExpireObject":false,"bundleVersion":"0","assetFrsGuid":"6YzJ1IgbB7UeLdkjzsTxAl","templateId":"@3","deployTime":1754580479000,"hasParameters":true,"valid":true,"fixedConnection":true,"hasParametersDeployed":true,"fixedConnectionDeployed":true,"isSchemaValidationEnabled":false,"tasks":1,"mappingPreviewFileRecordId":"@2","documentType":"MAPPING","allowMaxFieldLength":false,"specialCharacterSupport":false,"references":[{"@type":"reference","refObjectId":"@jHNGNneTPODkaNxInlboEG","refType":"structureDefinition"}]}]