[{"@type":"mappingTemplate","id":"@1","name":"m_PL_Feed_Summations","description":"","autoExpireObject":false,"bundleVersion":"0","assetFrsGuid":"9aOzZXfADg9ecqbxSVaA65","templateId":"@3","deployTime":1768841820000,"hasParameters":true,"valid":true,"fixedConnection":false,"hasParametersDeployed":true,"fixedConnectionDeployed":false,"isSchemaValidationEnabled":false,"tasks":3,"mappingPreviewFileRecordId":"@2","documentType":"","allowMaxFieldLength":false,"specialCharacterSupport":false,"references":[]}]