[{"@type":"mappingTemplate","id":"@1","name":"m_Load_Claims_stg_to_MasterClaim_Ld","description":"Mapping to load master Claim table from Stage table","autoExpireObject":false,"bundleVersion":"0","assetFrsGuid":"7Oe2pVMq7wCjJ75uCcuQkc","templateId":"@3","hasParameters":true,"valid":true,"fixedConnection":true,"hasParametersDeployed":false,"fixedConnectionDeployed":false,"isSchemaValidationEnabled":false,"tasks":1,"mappingPreviewFileRecordId":"@2","documentType":"","allowMaxFieldLength":false,"specialCharacterSupport":false,"references":[{"@type":"reference","refObjectId":"@aYZ4ekzHgIPeKpiaoqDLKP","refType":"connection"}]}]