[{"@type":"mappingTemplate","id":"@1","name":"cdi_map_adm_field_reps_metal_stg_load","description":"","autoExpireObject":false,"bundleVersion":"0","assetFrsGuid":"fqrrNqo5tm6ii4cpwX8ACv","templateId":"@3","deployTime":1753800983000,"hasParameters":true,"valid":true,"fixedConnection":false,"hasParametersDeployed":true,"fixedConnectionDeployed":false,"isSchemaValidationEnabled":false,"tasks":1,"mappingPreviewFileRecordId":"@2","documentType":"MAPPING","allowMaxFieldLength":false,"specialCharacterSupport":false,"references":[]}]