[{"@type":"mappingTemplate","id":"@1","name":"m_stp_post_task_api","description":"","autoExpireObject":false,"bundleVersion":"0","assetFrsGuid":"504SOSoHklLkMkICJXHRUL","templateId":"@3","deployTime":1759777201000,"hasParameters":false,"valid":true,"fixedConnection":true,"hasParametersDeployed":false,"fixedConnectionDeployed":true,"isSchemaValidationEnabled":false,"tasks":1,"mappingPreviewFileRecordId":"@2","documentType":"MAPPING","allowMaxFieldLength":false,"specialCharacterSupport":false,"references":[{"@type":"reference","refObjectId":"@j3qh6AtmZUDfDLPHQirAsn","refType":"businessService"},{"@type":"reference","refObjectId":"@j3qh6AtmZUDfDLPHQirAsn@stpposttask","refType":"businessOperation"},{"@type":"reference","refObjectId":"@aYZ4ekzHgIPeKpiaoqDLKP","refType":"connection"}]}]