[{"@type":"mtTask","id":"@1","name":"cdi_tsk_map_acx_insured_bronze_insured_application_stg_ld","description":"","autoExpireObject":false,"runtimeEnvironmentId":"@3pADNCV9u0PcgrXjM7rx0t","maxLogs":10,"verbose":false,"lastRunTime":1754684828000,"mappingId":"@04CZPiDOr6lgDAckHaNnWs","frsGuid":"78MKZdF1aobkajOEZQr2Yu","shortDescription":"","sessionPropertiesList":[{"name":"Allow Temporary Sequence for Pushdown","value":"NO","recommended":false},{"name":"Allow Temporary View for Pushdown","value":"NO","recommended":false},{"name":"Data Column Delimiter","value":"|","recommended":false},{"name":"Error Log File Name","value":"PMError.log","recommended":false},{"name":"Pushdown Optimization","value":"None","recommended":false},{"name":"Pushdown Optimization Context","value":"None","recommended":false},{"name":"Pushdown Optimization Fallback Option","value":"Partial PDO","recommended":false}],"hidden":false,"enableCrossSchemaPushdown":false,"enableParallelRun":false,"autoTunedApplied":false,"autoTunedAppliedType":"NONE","parameterFileName":"Andover_Param_GW.param","parameterFileDir":"$PMRootDir/andover/parameters","paramFileType":"PARAM_FILE_LOCAL","schemaMode":"async","valid":true,"schemaValidationErrorCount":-1,"serverlessProperties":{},"taskProperties":[{"@type":"taskProperty","name":"parameterFileDir","currentValue":"$PMRootDir/andover/parameters","type":"STRING","label":"label.parameterFileDir","required":false},{"@type":"taskProperty","name":"parameterFileName","currentValue":"Andover_Param_GW.param","type":"STRING","label":"label.parameterFileName","required":false},{"@type":"taskProperty","name":"outboundMessageUrlQueueTime","currentValue":"","type":"NUMBER","label":"label.outboundMessageUrlQueueTime","required":false},{"@type":"taskProperty","name":"outboundMessageUrlToken","currentValue":"","type":"STRING","label":"label.outboundMessageUrlToken","required":false}],"jobPriority":"MEDIUM","optimizationPlan":"NONE","isMidstreamPreview":false,"allowMaxFieldLength":false,"specialCharacterSupport":false,"useUserDefinedOrder":false,"parameters":[{"@type":"mtTaskParameter","id":124043587,"name":"$Src_insured$","type":"SOURCE","label":"DBConnection_SRCM","description":"","uiProperties":{"cnxtype":"MySQL","connectionParameterized":"true","paramName":"DBConnection_SRCM","paramLabel":"","paramType-mapping":"Connection","logcnx":"DBConnection_SRCM","isSelectDistinct":"false","objectParameterized":"false","visible":"false","originalPath":"Src_insured"},"sourceConnectionId":"@1MPwv79N5kdekz7fZXQSas","sourceObject":"DUMMY_Src_insured","newFlatFile":false,"newObject":false,"showBusinessNames":true,"naturalOrder":true,"truncateTarget":false,"bulkApiDBTarget":false,"customFuncCfg":{"@type":"customFuncConfig","id":-1,"connections":[],"inputMap":[],"outputFields":[]},"targetRefsV2":{},"targetUpdateColumns":[],"fieldOrderList":[],"runtimeAttrs":{"Sql Override":"Select\t\t\t\t\t\t\ni.SystemId,\t\t\t\t\t\t\ni.ParentId,\t\t\t\t\t\t\ni.CMMContainer,\t\t\t\t\t\t\ni.Id,\t\t\t\t\t\t\ni.IndexName,\t\t\t\t\t\t\ni.StatusCd,\t\t\t\t\t\t\ni.EntityTypeCd,\t\t\t\t\t\t\ni.PreferredDeliveryMethod,\t\t\t\t\t\t\ni.TemporaryAddressOverrideInd,\t\t\t\t\t\t\ni.NoEmailInd,\t\t\t\t\t\t\ni.InspectionContact,\t\t\t\t\t\t\ni.InspectionContactNumber,\t\t\t\t\t\t\ni.InspectionContactPhoneType,\t\t\t\t\t\t\ni.RowId\t\t\t\t\t\t\nfrom insured i\t\t\t\t\t\t\t\nwhere i.CmmContainer in ('Application')\t"},"isRESTModernSource":true,"customQuery":"Select\t\t\t\t\t\t\ni.SystemId,\t\t\t\t\t\t\ni.ParentId,\t\t\t\t\t\t\ni.CMMContainer,\t\t\t\t\t\t\ni.Id,\t\t\t\t\t\t\ni.IndexName,\t\t\t\t\t\t\ni.StatusCd,\t\t\t\t\t\t\ni.EntityTypeCd,\t\t\t\t\t\t\ni.PreferredDeliveryMethod,\t\t\t\t\t\t\ni.TemporaryAddressOverrideInd,\t\t\t\t\t\t\ni.NoEmailInd,\t\t\t\t\t\t\ni.InspectionContact,\t\t\t\t\t\t\ni.InspectionContactNumber,\t\t\t\t\t\t\ni.InspectionContactPhoneType,\t\t\t\t\t\t\ni.RowId\t\t\t\t\t\t\nfrom insured i\t\t\t\t\t\t\njoin advrxxchangedbeans b\t\t\t\t\t\t\non i.Systemid=b.Systemid\t\t\t\t\t\t\nand i.CmmContainer=b.CmmContainer\t\t\t\t\t\t\nwhere i.CmmContainer in ('Application')\t\t\t\t\t\t\nand concat(adddt,addtm)>='$$m_strtdt' and concat(adddt,addtm) <='$$m_Enddt'","commandType":0,"isFileList":false,"handleSpecialChars":false,"handleDecimalRoundOff":false,"frsAsset":false,"dynamicFileName":false,"excludeDynamicFileNameField":false,"currentlyProcessedFileName":false,"retainFieldMetadata":false,"objectName":"DUMMY_Src_insured","useExactSrcNames":false,"userUpdated":true,"fetchMode":"ORIGINAL","tgtObjectAttributes":{},"runtimeParameterData":{"@type":"mtTaskRuntimeParameterData","isConnectionRuntimeParameter":true,"isObjectRuntimeParameter":false,"connectionParameterName":"DBConnection_SRCM"},"overridableProperties":[],"overriddenFields":[]},{"@type":"mtTaskParameter","id":124043588,"name":"$Tgt_insured_application_stg$","type":"TARGET","label":"DBConnection_TGT","description":"","uiProperties":{"cnxtype":"Amazon Redshift v2","connectionParameterized":"true","paramName":"DBConnection_TGT","paramLabel":"","paramType-mapping":"Connection","logcnx":"DBConnection_TGT","default":"dbo/insured_application_stg","objectParameterized":"false","visible":"false","defaultTargetUpdateColumns":"","supportApplyDDLChanges":"false","originalPath":"Tgt_insured_application_stg"},"targetConnectionId":"@aYZ4ekzHgIPeKpiaoqDLKP","targetObject":"dbo/insured_application_stg","targetObjectLabel":"dbo/insured_application_stg","newFlatFile":false,"newObject":false,"showBusinessNames":true,"naturalOrder":true,"truncateTarget":false,"bulkApiDBTarget":false,"operationType":"Insert","customFuncCfg":{"@type":"customFuncConfig","id":-1,"connections":[],"inputMap":[],"outputFields":[]},"targetRefsV2":{},"targetUpdateColumns":[],"fieldOrderList":[],"extendedObject":{"@type":"extendedObject","singleMode":true,"filters":[],"sortFields":[]},"runtimeAttrs":{},"isRESTModernSource":true,"commandType":0,"isFileList":false,"handleSpecialChars":false,"handleDecimalRoundOff":false,"frsAsset":false,"dynamicFileName":false,"excludeDynamicFileNameField":false,"currentlyProcessedFileName":false,"retainFieldMetadata":false,"objectName":"dbo/insured_application_stg","objectLabel":"dbo/insured_application_stg","useExactSrcNames":false,"userUpdated":true,"fetchMode":"ORIGINAL","tgtObjectAttributes":{},"runtimeParameterData":{"@type":"mtTaskRuntimeParameterData","isConnectionRuntimeParameter":true,"isObjectRuntimeParameter":false,"connectionParameterName":"DBConnection_TGT"},"overridableProperties":[],"overriddenFields":[]}],"sequences":[],"inOutParameters":[{"@type":"mtTaskInOutParameter","id":"-1","name":"m_Enddt","description":"","initialValue":"","datatype":"STRING","precision":"120","scale":"0","retentionPolicy":"NEVER","aggregationType":"MAX","currentValue":""},{"@type":"mtTaskInOutParameter","id":"-1","name":"m_strtdt","description":"","initialValue":"","datatype":"STRING","precision":"120","scale":"0","retentionPolicy":"NEVER","aggregationType":"MAX","currentValue":""}],"connRuntimeAttrs":[]}]