[{"@type":"mappingTemplate","id":"@1","name":"m_load_tasklink_to_tasklink_stg","description":"","autoExpireObject":false,"bundleVersion":"0","assetFrsGuid":"hxfXnBveEKdfGJGeHrSKs2","templateId":"@3","deployTime":1767814935000,"hasParameters":true,"valid":true,"fixedConnection":false,"hasParametersDeployed":true,"fixedConnectionDeployed":false,"isSchemaValidationEnabled":false,"tasks":1,"mappingPreviewFileRecordId":"@2","documentType":"","allowMaxFieldLength":false,"specialCharacterSupport":false,"references":[]}]