[{"@type":"mappingTemplate","id":"@1","name":"cdi_map_adm_group_guidewire_metal_stg_load","description":"this job will read data from Maria DB and load to metal staging tables. This is one to one mapping without any changes.","autoExpireObject":false,"bundleVersion":"0","assetFrsGuid":"0wavzm5pqEgjfxOgKXbmyy","templateId":"@3","deployTime":1753469352000,"hasParameters":true,"valid":true,"fixedConnection":false,"hasParametersDeployed":true,"fixedConnectionDeployed":false,"isSchemaValidationEnabled":false,"tasks":1,"mappingPreviewFileRecordId":"@2","documentType":"MAPPING","allowMaxFieldLength":false,"specialCharacterSupport":false,"references":[]}]