[{"@type":"mappingTemplate","id":"@1","name":"cdi_map_batch_load_adm_acx","description":"","autoExpireObject":false,"bundleVersion":"0","assetFrsGuid":"iAlzotHy9yaihSJyxV27o8","templateId":"@3","deployTime":1753235640000,"hasParameters":true,"valid":true,"fixedConnection":true,"hasParametersDeployed":true,"fixedConnectionDeployed":true,"isSchemaValidationEnabled":false,"tasks":1,"mappingPreviewFileRecordId":"@2","documentType":"MAPPING","allowMaxFieldLength":false,"specialCharacterSupport":false,"references":[{"@type":"reference","refObjectId":"@aYZ4ekzHgIPeKpiaoqDLKP","refType":"connection"}]}]