[{"@type":"mappingTemplate","id":"@1","name":"m_Ceded_PMSFactLoss_ReinsuranceTransaction","description":"","autoExpireObject":false,"bundleVersion":"0","assetFrsGuid":"90uCdYp5WG6jimxZY8fOWZ","templateId":"@3","deployTime":1768840521000,"hasParameters":true,"valid":true,"fixedConnection":false,"hasParametersDeployed":true,"fixedConnectionDeployed":false,"isSchemaValidationEnabled":false,"tasks":0,"mappingPreviewFileRecordId":"@2","documentType":"","allowMaxFieldLength":false,"specialCharacterSupport":false,"references":[{"@type":"reference","refObjectId":"@7qQou9kdovncSJVSqiuvWC","refType":"mappletTemplate"}]}]