[{"@type":"mappingTemplate","id":"@1","name":"m_Load_Location_stg_from_Location","description":"This mapping will load the staging table location_stg with incremental data from the GuideWire table Location","autoExpireObject":false,"bundleVersion":"0","assetFrsGuid":"6FzmP0Iaz24bdFYVd7d8Ap","templateId":"@3","deployTime":1767814992000,"hasParameters":true,"valid":true,"fixedConnection":false,"hasParametersDeployed":true,"fixedConnectionDeployed":false,"isSchemaValidationEnabled":false,"tasks":1,"mappingPreviewFileRecordId":"@2","documentType":"","allowMaxFieldLength":false,"specialCharacterSupport":false,"references":[]}]