[{"@type":"mappingTemplate","id":"@1","name":"Load Import Policy Info 02 from Flat File","description":"Mapping pushed from PC to ICS : Load Import Policy Info 02 from Flat File","autoExpireObject":false,"bundleVersion":"0","assetFrsGuid":"5FtZQWmS1JvhK6TiG3aTIC","templateId":"@2","deployTime":1698944481000,"hasParameters":true,"valid":true,"fixedConnection":false,"hasParametersDeployed":true,"fixedConnectionDeployed":false,"isSchemaValidationEnabled":false,"tasks":0,"allowMaxFieldLength":false,"specialCharacterSupport":false,"references":[]}]