[{"@type":"mappingTemplate","id":"@1","name":"cdi_map_acx_silver_policy_risk_key_reference_ld - Copy 1","description":"","autoExpireObject":false,"bundleVersion":"0","assetFrsGuid":"64XMIK2O22edWWiYjfudIV","templateId":"@3","hasParameters":true,"valid":true,"fixedConnection":false,"hasParametersDeployed":false,"fixedConnectionDeployed":false,"isSchemaValidationEnabled":false,"tasks":0,"mappingPreviewFileRecordId":"@2","documentType":"MAPPING","allowMaxFieldLength":false,"specialCharacterSupport":false,"references":[]}]