[{"@type":"mtTask","id":"@1","name":"s_m_load_emailinfo_to_emailinfo_stg","description":"","runtimeEnvironmentId":"@3pADNCV9u0PcgrXjM7rx0t","maxLogs":10,"verbose":false,"lastRunTime":1712603446000,"mappingId":"@2BolVHmGWADcgNZp94Mo0n","frsGuid":"9Q9oS0SPmw8hWjJQGnywqe","shortDescription":"","sessionPropertiesList":[{"name":"Allow Temporary Sequence for Pushdown","value":"NO","recommended":false},{"name":"Allow Temporary View for Pushdown","value":"NO","recommended":false},{"name":"DateTime Format String","value":"MM/DD/YYYY HH24:MI:SS.US","recommended":false},{"name":"Pushdown Optimization","value":"None","recommended":false},{"name":"Pushdown Optimization Context","value":"None","recommended":false},{"name":"Pushdown Optimization Fallback Option","value":"Partial PDO","recommended":false}],"hidden":false,"enableCrossSchemaPushdown":false,"enableParallelRun":false,"autoTunedApplied":false,"autoTunedAppliedType":"NONE","parameterFileName":"Andover_Param_GW.param","parameterFileDir":"$PMRootDir/andover/parameters","paramFileType":"PARAM_FILE_LOCAL","schemaMode":"async","valid":true,"schemaValidationErrorCount":-1,"parameterFileEncoding":"UTF-8","serverlessProperties":{},"taskProperties":[{"@type":"taskProperty","name":"parameterFileDir","currentValue":"$PMRootDir/andover/parameters","type":"STRING","label":"label.parameterFileDir","required":false},{"@type":"taskProperty","name":"parameterFileName","currentValue":"Andover_Param_GW.param","type":"STRING","label":"label.parameterFileName","required":false}],"isMidstreamPreview":false,"parameters":[{"@type":"mtTaskParameter","id":78666145,"name":"$SQ_emailinfo$","type":"SOURCE","label":"DBConnection_SRCM","description":"","uiProperties":{"cnxtype":"MySQL","connectionParameterized":"true","paramName":"DBConnection_SRCM","paramLabel":"","paramType-mapping":"Connection","logcnx":"DBConnection_SRCM","isSelectDistinct":"false","objectParameterized":"false","visible":"false","originalPath":"SQ_emailinfo"},"sourceConnectionId":"@jPo49nVatmzbSnPefVZwCV","sourceObject":"DUMMY_SQ_emailinfo","sourceObjectLabel":"DUMMY_SQ_emailinfo","newFlatFile":false,"newObject":false,"showBusinessNames":true,"naturalOrder":true,"truncateTarget":false,"bulkApiDBTarget":false,"customFuncCfg":{"@type":"customFuncConfig","id":-1,"connections":[],"inputMap":[],"outputFields":[]},"targetRefsV2":{},"targetUpdateColumns":[],"runtimeAttrs":{"Sql Override":"SELECT distinct emailinfo.SystemId, \nemailinfo.ParentId, \nemailinfo.CMMContainer, \nemailinfo.Id, \nemailinfo.EmailTypeCd, \nemailinfo.EmailAddr, \nemailinfo.PreferredInd, \nemailinfo.RowId \nFROM\n emailinfo\nwhere EmailTypeCd in ('InsuredEmail', 'ClaimantEmail')\nand emailinfo.CMMContainer in ('Policy', 'Application', 'Claim')\nand EmailAddr is not null","Pre SQL":"","Post SQL":"","Schema Name":""},"isRESTModernSource":true,"customQuery":"SELECT distinct emailinfo.SystemId, \nemailinfo.ParentId, \nemailinfo.CMMContainer, \nemailinfo.Id, \nemailinfo.EmailTypeCd, \nemailinfo.EmailAddr, \nemailinfo.PreferredInd, \nemailinfo.RowId \nFROM\n emailinfo\njoin advrxxchangedbeans\non emailinfo.SystemId = advrxxchangedbeans.SystemId\nand emailinfo.CMMContainer = advrxxchangedbeans.CMMContainer\nand concat(adddt,addtm)>='$$start_date' \nand concat(adddt,addtm) <='$$end_date'\nwhere EmailTypeCd in ('InsuredEmail', 'ClaimantEmail')\nand emailinfo.CMMContainer in ('Policy', 'Application', 'Claim')\nand EmailAddr is not null","isFileList":false,"handleSpecialChars":false,"handleDecimalRoundOff":false,"frsAsset":false,"dynamicFileName":false,"excludeDynamicFileNameField":false,"currentlyProcessedFileName":false,"retainFieldMetadata":false,"objectName":"DUMMY_SQ_emailinfo","objectLabel":"DUMMY_SQ_emailinfo","useExactSrcNames":false,"tgtObjectAttributes":{},"runtimeParameterData":{"@type":"mtTaskRuntimeParameterData","isConnectionRuntimeParameter":true,"isObjectRuntimeParameter":false,"connectionParameterName":"DBConnection_SRCM"},"overridableProperties":[],"overriddenFields":[]},{"@type":"mtTaskParameter","id":78666146,"name":"$emailinfo_stg$","type":"TARGET","label":"DBConnection_TGT","description":"","uiProperties":{"cnxtype":"Amazon Redshift v2","connectionParameterized":"true","paramName":"DBConnection_TGT","paramLabel":"","paramType-mapping":"Connection","logcnx":"DBConnection_TGT","default":"dbo/emailinfo_stg","objectParameterized":"false","visible":"false","defaultTargetUpdateColumns":"","supportApplyDDLChanges":"true","originalPath":"emailinfo_stg"},"targetConnectionId":"@aYZ4ekzHgIPeKpiaoqDLKP","targetObject":"dbo/emailinfo_stg","targetObjectLabel":"emailinfo_stg","newFlatFile":false,"newObject":false,"showBusinessNames":true,"naturalOrder":true,"truncateTarget":false,"bulkApiDBTarget":false,"operationType":"Insert","customFuncCfg":{"@type":"customFuncConfig","id":-1,"connections":[],"inputMap":[],"outputFields":[]},"targetRefsV2":{},"targetUpdateColumns":[],"extendedObject":{"@type":"extendedObject","singleMode":true,"filters":[],"sortFields":[]},"runtimeAttrs":{"Recovery Schema Name":"","Transfer Manager Thread Pool Size":"10","Override Target Query":"","Post-Sql":"","Enable Compression":"YES","S3 Server Side Encryption":"NO","WaitTime In Seconds For S3 File Consistency":"0","Error File Directory":"","Preserve record order on write":"NO","Require Null Value For Char And Varchar":"","Temporary Credential Duration":"7200","Schema Name":"","Analyze Target Table":"NO","Truncate Target Table Before Data Upload":"YES","S3 Client Side Encryption":"NO","Minimum Upload Part Size":"5242880","Number of files per batch":"0","Vacuum Target Table":"None","Prefix To Retain For Staging Files On S3":"","S3 Bucket Name":"nonproddatawarehouseredshiftclust-staging12d1754e-1w9c6risqayrf","Staging Directory Location":"","Max Errors Per Batch Upload Insert":"1","Copy Options":"","Batch Size":"2000000","Treat Source Rows As":"INSERT","Target Table Name":"","Pre-SQL":"","Success File Directory":""},"oprRuntimeAttrs":{"ErrorFileDirectory":"","numberOfFilesPerBatch":"0","S3ServerSideEncryption":"NO","CopyOptionsPropertyFile":"","SuccessFileDirectory":"","StagingDirectoryLocation":"","schemaName":"","AnalyzeTargetTable":"NO","dataIntegritySupport":"NO","PrefixToRetainForStagingFilesOnS3":"","minUploadPartSize":"5242880","targetTableName":"","postSql":"","BatchSize":"2000000","EnableCompression":"YES","TreatSourceRowsAs":"INSERT","RequireNullValueForCharAndVarchar":"","overrideTargetQuery":"","temporaryCredentialDuration":"7200","TruncateTargetTableBeforeDataUpload":"YES","WaitTimeInSecondsForS3FileConsistency":"0","VacuumTargetTable":"None","MaxErrorsPerBatchUploadForInsert":"1","S3ClientSideEncryption":"NO","recoverySchemaName":"","S3BucketName":"nonproddatawarehouseredshiftclust-staging12d1754e-1w9c6risqayrf","txManagerThreadPoolSize":"10","preSql":""},"isRESTModernSource":true,"isFileList":false,"handleSpecialChars":false,"handleDecimalRoundOff":false,"frsAsset":false,"dynamicFileName":false,"excludeDynamicFileNameField":false,"currentlyProcessedFileName":false,"retainFieldMetadata":false,"objectName":"dbo/emailinfo_stg","objectLabel":"emailinfo_stg","useExactSrcNames":false,"tgtObjectAttributes":{},"targetSchemaMode":"DONT_APPLY_CHANGES","runtimeParameterData":{"@type":"mtTaskRuntimeParameterData","isConnectionRuntimeParameter":true,"isObjectRuntimeParameter":false,"connectionParameterName":"DBConnection_TGT"},"overridableProperties":[],"overriddenFields":[]}],"sequences":[],"inOutParameters":[{"@type":"mtTaskInOutParameter","id":"-1","name":"start_date","description":"","initialValue":"","datatype":"STRING","precision":"100","scale":"0","retentionPolicy":"NEVER","aggregationType":"MAX","currentValue":""},{"@type":"mtTaskInOutParameter","id":"-1","name":"end_date","description":"","initialValue":"","datatype":"STRING","precision":"100","scale":"0","retentionPolicy":"NEVER","aggregationType":"MAX","currentValue":""}],"connRuntimeAttrs":[]}]