[{"@type":"mtTask","id":"@1","name":"s_m_Load_Transactioninfo_To_Transactioninfo_Stg","description":"Session pushed from PC to ICS : s_m_Load_Transactioninfo_To_Transactioninfo_Stg","runtimeEnvironmentId":"@3pADNCV9u0PcgrXjM7rx0t","maxLogs":10,"verbose":false,"lastRunTime":1712148344000,"mappingId":"@gKk27nr30awbnDBHNFOGIM","frsGuid":"6BDgXtSDwKJdzyZNcWmk2Q","shortDescription":"Session pushed from PC to ICS : s_m_Load_Transacti...","sessionPropertiesList":[{"name":"Allow Temporary Sequence for Pushdown","value":"NO","recommended":false},{"name":"Allow Temporary View for Pushdown","value":"NO","recommended":false},{"name":"Cache LOOKUP() function","value":"YES","recommended":false},{"name":"Commit On End Of File","value":"YES","recommended":false},{"name":"Data Column Delimiter","value":"|","recommended":false},{"name":"Error Log File Name","value":"PMError.log","recommended":false},{"name":"Log Row Data","value":"YES","recommended":false},{"name":"Pushdown Optimization","value":"None","recommended":false},{"name":"Pushdown Optimization Context","value":"None","recommended":false},{"name":"Pushdown Optimization Fallback Option","value":"Partial PDO","recommended":false},{"name":"Stop on errors","value":"1","recommended":false},{"name":"Treat source rows as","value":"Insert","recommended":false}],"enableCrossSchemaPushdown":false,"enableParallelRun":false,"autoTunedApplied":false,"autoTunedAppliedType":"NONE","parameterFileName":"Andover_Param_GW.param","parameterFileDir":"$PMRootDir/andover/parameters","paramFileType":"PARAM_FILE_LOCAL","schemaMode":"async","valid":true,"schemaValidationErrorCount":-1,"serverlessProperties":{},"taskProperties":[{"@type":"taskProperty","name":"parameterFileDir","currentValue":"$PMRootDir/andover/parameters","type":"STRING","label":"label.parameterFileDir","required":false},{"@type":"taskProperty","name":"parameterFileName","currentValue":"Andover_Param_GW.param","type":"STRING","label":"label.parameterFileName","required":false}],"parameters":[{"@type":"mtTaskParameter","id":82848910,"name":"$Src_transactioninfo$","type":"SOURCE","label":"DBConnection_SRCM","description":"","uiProperties":{"cnxtype":"MySQL","connectionParameterized":"true","paramName":"DBConnection_SRCM","paramLabel":"","paramType-mapping":"Connection","logcnx":"DBConnection_SRCM","isSelectDistinct":"false","objectParameterized":"false","visible":"false","originalPath":"Src_transactioninfo"},"sourceConnectionId":"@jPo49nVatmzbSnPefVZwCV","sourceObject":"DUMMY_Src_transactioninfo","sourceObjectLabel":"DUMMY_Src_transactioninfo","newFlatFile":false,"newObject":false,"showBusinessNames":true,"naturalOrder":true,"truncateTarget":false,"bulkApiDBTarget":false,"customFuncCfg":{"@type":"customFuncConfig","id":-1,"connections":[],"inputMap":[],"outputFields":[]},"targetRefsV2":{},"targetUpdateColumns":[],"runtimeAttrs":{},"isRESTModernSource":true,"customQuery":"SELECT distinct transactioninfo.SystemId, transactioninfo.ParentId, transactioninfo.CMMContainer, transactioninfo.Id, transactioninfo.TransactionCd, transactioninfo.TransactionEffectiveDt, transactioninfo.TransactionEffectiveTm, transactioninfo.TransactionUser, transactioninfo.TransactionDt, transactioninfo.TransactionTm, transactioninfo.TransactionShortDescription, transactioninfo.TransactionLongDescription, transactioninfo.ChangeInfoRef, transactioninfo.TransactionNumber, transactioninfo.SubmissionNumber, transactioninfo.InforceChangePremiumAmt, transactioninfo.InforcePremiumAmt, transactioninfo.WrittenPremiumAmt, transactioninfo.CancelTypeCd, transactioninfo.CancelRequestedByCd, transactioninfo.PremiumCalculationDt, transactioninfo.RewriteToProductVersion, transactioninfo.NewPolicyEffectiveDt, transactioninfo.NewPolicyExpirationDt, transactioninfo.ReleaseHoldReason, transactioninfo.BookDt, transactioninfo.MasterTransactionNumber, transactioninfo.ReplacementOfTransactionNumber, transactioninfo.UnApplyOfTransactionNumber, transactioninfo.StatProcessedInd, transactioninfo.OutputTypeCd, transactioninfo.HoldType, transactioninfo.SourceCd, transactioninfo.DelayInvoiceInd, transactioninfo.CheckNumber, transactioninfo.PaymentTypeCd, transactioninfo.PaymentAmt, transactioninfo.ConversionTemplateIdRef, transactioninfo.ConversionGroup, transactioninfo.ConversionJobRef, transactioninfo.RenewalProviderRef, transactioninfo.RenewalSubProducerCd, transactioninfo.CommissionChangeInd, transactioninfo.PrevStatusCd, transactioninfo.FutureTermAutoTransactionInd, transactioninfo.UnapplySource, transactioninfo.ChargeReinstatementFeeInd, transactioninfo.OverrideInd, transactioninfo.SignatureDocument, transactioninfo.RowId \nFROM\n transactioninfo  transactioninfo   inner join advrxxchangedbeans advrxxchangedbeans\non  transactioninfo.Systemid=advrxxchangedbeans.Systemid\nand  transactioninfo.cmmcontainer=advrxxchangedbeans.cmmcontainer\nwhere  transactioninfo.CmmContainer='Application'\nand concat(adddt,addtm)>='$$M_StartDt' and concat(adddt,addtm) <='$$M_EndDt'","isFileList":false,"handleSpecialChars":false,"handleDecimalRoundOff":false,"frsAsset":false,"dynamicFileName":false,"excludeDynamicFileNameField":false,"currentlyProcessedFileName":false,"retainFieldMetadata":false,"objectName":"DUMMY_Src_transactioninfo","objectLabel":"DUMMY_Src_transactioninfo","useExactSrcNames":false,"tgtObjectAttributes":{},"runtimeParameterData":{"@type":"mtTaskRuntimeParameterData","isConnectionRuntimeParameter":true,"isObjectRuntimeParameter":false,"connectionParameterName":"DBConnection_SRCM"},"overridableProperties":[],"overriddenFields":[]},{"@type":"mtTaskParameter","id":82848911,"name":"$Tgt_transactioninfo_stg$","type":"TARGET","label":"DBConnection_TGT","description":"","uiProperties":{"cnxtype":"Amazon Redshift v2","connectionParameterized":"true","paramName":"DBConnection_TGT","paramLabel":"","paramType-mapping":"Connection","logcnx":"DBConnection_TGT","default":"dbo/transactioninfo_stg","objectParameterized":"false","visible":"false","defaultTargetUpdateColumns":"","supportApplyDDLChanges":"false","originalPath":"Tgt_transactioninfo_stg"},"targetConnectionId":"@aYZ4ekzHgIPeKpiaoqDLKP","targetObject":"dbo/transactioninfo_stg","targetObjectLabel":"transactioninfo_stg","newFlatFile":false,"newObject":false,"showBusinessNames":true,"naturalOrder":true,"truncateTarget":false,"bulkApiDBTarget":false,"operationType":"Insert","customFuncCfg":{"@type":"customFuncConfig","id":-1,"connections":[],"inputMap":[],"outputFields":[]},"targetRefsV2":{},"targetUpdateColumns":[],"extendedObject":{"@type":"extendedObject","singleMode":true,"filters":[],"sortFields":[]},"runtimeAttrs":{"Temporary Credential Duration":"7200"},"oprRuntimeAttrs":{"temporaryCredentialDuration":"7200"},"isRESTModernSource":true,"isFileList":false,"handleSpecialChars":false,"handleDecimalRoundOff":false,"frsAsset":false,"dynamicFileName":false,"excludeDynamicFileNameField":false,"currentlyProcessedFileName":false,"retainFieldMetadata":false,"objectName":"dbo/transactioninfo_stg","objectLabel":"transactioninfo_stg","useExactSrcNames":false,"tgtObjectAttributes":{},"runtimeParameterData":{"@type":"mtTaskRuntimeParameterData","isConnectionRuntimeParameter":true,"isObjectRuntimeParameter":false,"connectionParameterName":"DBConnection_TGT"},"overridableProperties":[],"overriddenFields":[]}],"sequences":[],"inOutParameters":[{"@type":"mtTaskInOutParameter","id":"-1","name":"M_StartDt","description":"","initialValue":"","datatype":"STRING","precision":"120","scale":"0","retentionPolicy":"NEVER","aggregationType":"MAX","currentValue":""},{"@type":"mtTaskInOutParameter","id":"-1","name":"M_EndDt","description":"","initialValue":"","datatype":"STRING","precision":"120","scale":"0","retentionPolicy":"NEVER","aggregationType":"MAX","currentValue":""}],"connRuntimeAttrs":[]}]