[{"@type":"mtTask","id":"@1","name":"s_m_loading_dim_claim","description":"","runtimeEnvironmentId":"@3pADNCV9u0PcgrXjM7rx0t","maxLogs":10,"verbose":false,"lastRunTime":1704315872000,"mappingId":"@lvWXP8nsNwLdNaVh2RykAg","frsGuid":"aeWt6jmLFKBjMp92lhD0wY","shortDescription":"","sessionPropertiesList":[{"name":"Allow Temporary Sequence for Pushdown","value":"NO","recommended":false},{"name":"Allow Temporary View for Pushdown","value":"NO","recommended":false},{"name":"Pushdown Optimization","value":"None","recommended":false},{"name":"Pushdown Optimization Context","value":"None","recommended":false},{"name":"Pushdown Optimization Fallback Option","value":"Partial PDO","recommended":false}],"enableCrossSchemaPushdown":true,"enableParallelRun":true,"autoTunedApplied":false,"autoTunedAppliedType":"NONE","parameterFileName":"Andover_Param_MSGR_Refactor.param","parameterFileDir":"$PMRootDir/andover/parameters","paramFileType":"PARAM_FILE_LOCAL","schemaMode":"async","valid":true,"schemaValidationErrorCount":-1,"parameterFileEncoding":"UTF-8","serverlessProperties":{},"taskProperties":[{"@type":"taskProperty","name":"parameterFileDir","currentValue":"$PMRootDir/andover/parameters","type":"STRING","label":"label.parameterFileDir","required":false},{"@type":"taskProperty","name":"parameterFileName","currentValue":"Andover_Param_MSGR_Refactor.param","type":"STRING","label":"label.parameterFileName","required":false}],"parameters":[{"@type":"mtTaskParameter","id":76077082,"name":"$SQ_ClaimDetails_GW$","type":"SOURCE","label":"DBConnection_SRC","description":"","uiProperties":{"cnxtype":"Amazon Redshift v2","connectionParameterized":"true","paramName":"DBConnection_SRC","paramLabel":"","paramType-mapping":"Connection","logcnx":"DBConnection_SRC","isSelectDistinct":"false","objectParameterized":"false","visible":"false","originalPath":"SQ_ClaimDetails_GW"},"sourceConnectionId":"@dqHTiQhJYWolYaNB9bUmKf","sourceObject":"DUMMY_SQ_ClaimDetails_GW","sourceObjectLabel":"DUMMY_SQ_ClaimDetails_GW","newFlatFile":false,"newObject":false,"showBusinessNames":true,"naturalOrder":true,"truncateTarget":false,"bulkApiDBTarget":false,"customFuncCfg":{"@type":"customFuncConfig","id":-1,"connections":[],"inputMap":[],"outputFields":[]},"targetRefsV2":{},"targetUpdateColumns":[],"runtimeAttrs":{},"isRESTModernSource":true,"customQuery":"select 'Guidewire'                                          as datasource_name,\n                    ClaimNumber                                   as claim_key,\n                    ClaimNumber                                   as claim_number,\n                    COALESCE(CatastropheNumber, 'Non-Cat')        as cat_desc,\n                    COALESCE(CatGroupDesc, 'Non-Cat')             as cat_group_desc,\n                    COALESCE(CatastropheNumber, 'Not Applicable') as catastrophe_number\n                    ,cs.Claim_Status_Display_Value                 as claim_status\n             from int_msgr.claimdetail C\n                     left join int_msgr.claimStatus_ref cs ON c.claimstatuscd = CS.claim_status\n                      left join cert_msgr.dim_claims tc on ClaimNumber = claim_key\n             WHERE c.roweffenddt = '9999-12-31 00:00:00'::timestamp\n               AND c.claimnumber LIKE 'CLM%'\n               AND c.claimstatuscd <> 'Deleted'\n              AND (roweffstrtdt > etl_updated_dt OR tc.claim_key is null)","isFileList":false,"handleSpecialChars":false,"handleDecimalRoundOff":false,"frsAsset":false,"dynamicFileName":false,"excludeDynamicFileNameField":false,"currentlyProcessedFileName":false,"retainFieldMetadata":false,"objectName":"DUMMY_SQ_ClaimDetails_GW","objectLabel":"DUMMY_SQ_ClaimDetails_GW","useExactSrcNames":false,"tgtObjectAttributes":{},"runtimeParameterData":{"@type":"mtTaskRuntimeParameterData","isConnectionRuntimeParameter":false,"isObjectRuntimeParameter":false,"connectionParameterName":"DBConnection_SRC"},"overridableProperties":[],"overriddenFields":[]},{"@type":"mtTaskParameter","id":76077083,"name":"$SRC_master_claims_pms$","type":"SOURCE","label":"DBConnection_SRC","description":"","uiProperties":{"cnxtype":"Amazon Redshift v2","connectionParameterized":"true","paramName":"DBConnection_SRC","paramLabel":"","paramType-mapping":"Connection","logcnx":"DBConnection_SRC","isSelectDistinct":"false","objectParameterized":"false","visible":"false","originalPath":"SRC_master_claims_pms"},"sourceConnectionId":"@dqHTiQhJYWolYaNB9bUmKf","sourceObject":"DUMMY_SRC_master_claims_pms","sourceObjectLabel":"DUMMY_SRC_master_claims_pms","newFlatFile":false,"newObject":false,"showBusinessNames":true,"naturalOrder":true,"truncateTarget":false,"bulkApiDBTarget":false,"customFuncCfg":{"@type":"customFuncConfig","id":-1,"connections":[],"inputMap":[],"outputFields":[]},"targetRefsV2":{},"targetUpdateColumns":[],"runtimeAttrs":{},"isRESTModernSource":true,"customQuery":"select 'PMS'                                 as datasource_name,\n                    c.claim_key::varchar                  as claim_key,\n                    c.claim_number::varchar               as claim_number,\n                    COALESCE(c.cat_desc, 'Non-Cat')       as cat_desc,\n                    COALESCE(c.cat_group_desc, 'Non-Cat') as cat_group_desc,\n                    'Not Applicable'                      as catastrophe_number\n                  ,cs.Claim_Status_Display_Value         as claim_status\n             from int_msgr.pms_master_claim c\n                   left join int_msgr.claimStatus_ref cs ON c.claim_status = CS.claim_status\n                left join cert_msgr.dim_claims tc on c.claim_number = tc.claim_number\n           where c.last_upd_dt > etl_updated_dt\n              OR tc.claim_number is null","isFileList":false,"handleSpecialChars":false,"handleDecimalRoundOff":false,"frsAsset":false,"dynamicFileName":false,"excludeDynamicFileNameField":false,"currentlyProcessedFileName":false,"retainFieldMetadata":false,"objectName":"DUMMY_SRC_master_claims_pms","objectLabel":"DUMMY_SRC_master_claims_pms","useExactSrcNames":false,"tgtObjectAttributes":{},"runtimeParameterData":{"@type":"mtTaskRuntimeParameterData","isConnectionRuntimeParameter":false,"isObjectRuntimeParameter":false,"connectionParameterName":"DBConnection_SRC"},"overridableProperties":[],"overriddenFields":[]},{"@type":"mtTaskParameter","id":76077084,"name":"$tg_dim_claims_upsert$","type":"TARGET","label":"DBConnection_TGT","description":"","uiProperties":{"cnxtype":"Amazon Redshift v2","connectionParameterized":"true","paramName":"DBConnection_TGT","paramLabel":"","paramType-mapping":"Connection","logcnx":"DBConnection_TGT","default":"cert_msgr/dim_claims","objectParameterized":"false","visible":"false","defaultTargetUpdateColumns":"claim_key","supportApplyDDLChanges":"false","originalPath":"tg_dim_claims_upsert"},"targetConnectionId":"@dqHTiQhJYWolYaNB9bUmKf","targetObject":"cert_msgr/dim_claims","targetObjectLabel":"dim_claims","newFlatFile":false,"newObject":false,"showBusinessNames":true,"naturalOrder":true,"truncateTarget":false,"bulkApiDBTarget":false,"operationType":"Upsert","customFuncCfg":{"@type":"customFuncConfig","id":-1,"connections":[],"inputMap":[],"outputFields":[]},"targetRefsV2":{},"targetUpdateColumns":["claim_key"],"extendedObject":{"@type":"extendedObject","singleMode":true,"filters":[],"sortFields":[]},"runtimeAttrs":{},"isRESTModernSource":true,"isFileList":false,"handleSpecialChars":false,"handleDecimalRoundOff":false,"frsAsset":false,"dynamicFileName":false,"excludeDynamicFileNameField":false,"currentlyProcessedFileName":false,"retainFieldMetadata":false,"objectName":"cert_msgr/dim_claims","objectLabel":"dim_claims","useExactSrcNames":false,"tgtObjectAttributes":{},"runtimeParameterData":{"@type":"mtTaskRuntimeParameterData","isConnectionRuntimeParameter":false,"isObjectRuntimeParameter":false,"connectionParameterName":"DBConnection_TGT"},"overridableProperties":[],"overriddenFields":[]}],"sequences":[],"inOutParameters":[],"connRuntimeAttrs":[]}]