[{"@type":"mappingTemplate","id":"@1","name":"m_Load_PolicyReinsuranceStats_Stg_to_PolicyReinsuranceTransaction","description":"","autoExpireObject":false,"bundleVersion":"0","assetFrsGuid":"9PmzRafeJb6hq9AYb2DdWI","templateId":"@3","hasParameters":true,"valid":true,"fixedConnection":false,"hasParametersDeployed":false,"fixedConnectionDeployed":false,"isSchemaValidationEnabled":false,"tasks":0,"mappingPreviewFileRecordId":"@2","documentType":"MAPPING","allowMaxFieldLength":false,"specialCharacterSupport":false,"references":[]}]