[{"@type":"mtTask","id":"@1","name":"cdi_tsk_map_adm_t_agency_bronze_load","description":"This job is responsible for reading data from the Metal staging layer and loading it into the Bronze SCD Type 2 tables. It ensures historical tracking of changes by identifying new, changed, and unchanged records, applying the appropriate logic to insert new versions or retire old ones with end dates as part of the SCD2 process.","autoExpireObject":false,"runtimeEnvironmentId":"@3pADNCV9u0PcgrXjM7rx0t","maxLogs":10,"verbose":true,"lastRunTime":1753996647000,"mappingId":"@ag3RBfxkbssdOb7pyCOkEC","frsGuid":"6L9lrZLzsWhb8YnFgmDeSx","shortDescription":"This job is responsible for reading data from the ...","sessionPropertiesList":[{"name":"Pushdown Optimization","value":"None","recommended":false},{"name":"Pushdown Optimization Context","value":"None","recommended":false},{"name":"Pushdown Optimization Fallback Option","value":"Partial PDO","recommended":false}],"hidden":false,"enableCrossSchemaPushdown":true,"enableParallelRun":false,"autoTunedApplied":false,"autoTunedAppliedType":"NONE","parameterFileName":"Andover_Param_ADM.param","parameterFileDir":"$PMRootDir/andover/parameters","paramFileType":"PARAM_FILE_LOCAL","schemaMode":"async","valid":true,"schemaValidationErrorCount":-1,"serverlessProperties":{},"taskProperties":[{"@type":"taskProperty","name":"parameterFileDir","currentValue":"$PMRootDir/andover/parameters","type":"STRING","label":"label.parameterFileDir","required":false},{"@type":"taskProperty","name":"parameterFileName","currentValue":"Andover_Param_ADM.param","type":"STRING","label":"label.parameterFileName","required":false},{"@type":"taskProperty","name":"outboundMessageUrlQueueTime","currentValue":"","type":"NUMBER","label":"label.outboundMessageUrlQueueTime","required":false},{"@type":"taskProperty","name":"outboundMessageUrlToken","currentValue":"","type":"STRING","label":"label.outboundMessageUrlToken","required":false}],"optimizationPlan":"NONE","isMidstreamPreview":false,"allowMaxFieldLength":false,"specialCharacterSupport":false,"useUserDefinedOrder":false,"parameters":[{"@type":"mtTaskParameter","id":129157984,"name":"$src_delta_changes_agency$","type":"SOURCE","label":"DBConnection_UDM_SRC","description":"","uiProperties":{"cnxtype":"Amazon Redshift v2","connectionParameterized":"true","paramName":"DBConnection_UDM_SRC","paramLabel":"","paramType-mapping":"Connection","logcnx":"DBConnection_UDM_SRC","isSelectDistinct":"false","objectParameterized":"false","visible":"false","originalPath":"src_delta_changes_agency"},"sourceConnectionId":"@aYZ4ekzHgIPeKpiaoqDLKP","sourceObject":"DUMMY_src_delta_changes_agency","newFlatFile":false,"newObject":false,"showBusinessNames":true,"naturalOrder":true,"truncateTarget":false,"bulkApiDBTarget":false,"customFuncCfg":{"@type":"customFuncConfig","id":-1,"connections":[],"inputMap":[],"outputFields":[]},"targetRefsV2":{},"targetUpdateColumns":[],"fieldOrderList":[],"runtimeAttrs":{},"isRESTModernSource":true,"customQuery":"WITH current_batch AS (\n    SELECT \n        bls.batch_id,\n        bls.source_start_cutoff_datetime,\n        bls.source_end_cutoff_datetime\n    FROM metal.batch_load_summary bls\n    WHERE bls.source_system_code = 'ADM'\n      AND bls.batch_status = 'Inprogress'\n      AND bls.batch_id = (\n          SELECT MAX(batch_id)\n          FROM metal.batch_load_summary\n          WHERE source_system_code = 'ADM'\n            AND batch_status = 'Inprogress'\n      )\n)\n\nSELECT DISTINCT\n    metal_agency.source_name,\n    metal_agency.load_type,\n    metal_agency.agency_nup,\n    metal_agency.agency_num,\n    metal_agency.location_num,\n    metal_agency.location_type,\n    metal_agency.agency_is_super,\n    metal_agency.agency_is_enabled,\n    metal_agency.agency_name,\n    metal_agency.agency_second_name,\n    metal_agency.agency_str_1,\n    metal_agency.agency_str_2,\n    metal_agency.agency_str_3,\n    metal_agency.agency_city,\n    metal_agency.agency_st,\n    metal_agency.agency_zip,\n    metal_agency.agency_contact_firstname,\n    metal_agency.agency_contact_lastname,\n    metal_agency.agency_contact_phone,\n    metal_agency.agency_contact_fax,\n    metal_agency.agency_contact_email_address,\n    metal_agency.agency_claims_email_address,\n    metal_agency.agency_website_address,\n    metal_agency.agency_is_grouped,\n    metal_agency.agency_connection_type,\n    metal_agency.agency_alternative_phone,\n    metal_agency.agency_agent_type,\n    metal_agency.agency_adjustment_period,\n    metal_agency.agency_combine_producer_code,\n    metal_agency.agency_branch,\n    metal_agency.agency_fieldman,\n    metal_agency.default_choicepoint_acct,\n    metal_agency.gw_choicepoint_acct,\n    metal_agency.agency_locator_on,\n    metal_agency.is_boa_enabled,\n    metal_agency.fid_num,\n    metal_agency.fid_type,\n    metal_agency.lexis_ivans_y_number,\n    metal_agency.user_who_modified,\n    metal_agency.last_modified,\n    metal_agency.create_date,\n\tmetal_agency.agency_group_id,\n    current_batch.batch_id\nFROM metal.adm_t_agency metal_agency\nCROSS JOIN current_batch\nORDER BY \n    metal_agency.agency_nup,\n    metal_agency.agency_num,\n    metal_agency.create_date,\n    metal_agency.last_modified;","commandType":0,"isFileList":false,"handleSpecialChars":false,"handleDecimalRoundOff":false,"frsAsset":false,"dynamicFileName":false,"excludeDynamicFileNameField":false,"currentlyProcessedFileName":false,"retainFieldMetadata":false,"objectName":"DUMMY_src_delta_changes_agency","useExactSrcNames":false,"userUpdated":true,"fetchMode":"ORIGINAL","tgtObjectAttributes":{},"runtimeParameterData":{"@type":"mtTaskRuntimeParameterData","isConnectionRuntimeParameter":false,"isObjectRuntimeParameter":false,"connectionParameterName":"DBConnection_UDM_SRC"},"overridableProperties":[],"overriddenFields":[]},{"@type":"mtTaskParameter","id":129157985,"name":"$src_tgt_query$","type":"SOURCE","label":"DBConnection_UDM_SRC","description":"","uiProperties":{"cnxtype":"Amazon Redshift v2","connectionParameterized":"true","paramName":"DBConnection_UDM_SRC","paramLabel":"","paramType-mapping":"Connection","logcnx":"DBConnection_UDM_SRC","isSelectDistinct":"false","objectParameterized":"false","visible":"false","originalPath":"src_tgt_query"},"sourceConnectionId":"@aYZ4ekzHgIPeKpiaoqDLKP","sourceObject":"DUMMY_src_tgt_query","newFlatFile":false,"newObject":false,"showBusinessNames":true,"naturalOrder":true,"truncateTarget":false,"bulkApiDBTarget":false,"customFuncCfg":{"@type":"customFuncConfig","id":-1,"connections":[],"inputMap":[],"outputFields":[]},"targetRefsV2":{},"targetUpdateColumns":[],"fieldOrderList":[],"runtimeAttrs":{},"isRESTModernSource":true,"customQuery":"SELECT \nt_agency_row_id, \nt_agency_row_md5checksum, \nagency_id,\nagency_number,\nagency_id, agency_number ,\nt_agency_datetime_modified,\nt_agency_row_effective_end_datetime\nFROM bronze.adm_t_agency\nwhere t_agency_row_effective_end_datetime = '9999-12-31 00:00:00.000'","commandType":0,"isFileList":false,"handleSpecialChars":false,"handleDecimalRoundOff":false,"frsAsset":false,"dynamicFileName":false,"excludeDynamicFileNameField":false,"currentlyProcessedFileName":false,"retainFieldMetadata":false,"objectName":"DUMMY_src_tgt_query","useExactSrcNames":false,"userUpdated":true,"fetchMode":"ORIGINAL","tgtObjectAttributes":{},"runtimeParameterData":{"@type":"mtTaskRuntimeParameterData","isConnectionRuntimeParameter":false,"isObjectRuntimeParameter":false,"connectionParameterName":"DBConnection_UDM_SRC"},"overridableProperties":[],"overriddenFields":[]},{"@type":"mtTaskParameter","id":129157986,"name":"$tgt_bronze_adm_t_agency_inserts$","type":"TARGET","label":"DBConnection_UDM_TGT","description":"","uiProperties":{"cnxtype":"Amazon Redshift v2","connectionParameterized":"true","paramName":"DBConnection_UDM_TGT","paramLabel":"","paramType-mapping":"Connection","logcnx":"DBConnection_UDM_TGT","default":"bronze/adm_t_agency","objectParameterized":"false","visible":"false","defaultTargetUpdateColumns":"","supportApplyDDLChanges":"false","originalPath":"tgt_bronze_adm_t_agency_inserts"},"targetConnectionId":"@aYZ4ekzHgIPeKpiaoqDLKP","targetObject":"bronze/adm_t_agency","targetObjectLabel":"bronze/adm_t_agency","newFlatFile":false,"newObject":false,"showBusinessNames":true,"naturalOrder":true,"truncateTarget":false,"bulkApiDBTarget":false,"operationType":"Insert","customFuncCfg":{"@type":"customFuncConfig","id":-1,"connections":[],"inputMap":[],"outputFields":[]},"targetRefsV2":{},"targetUpdateColumns":[],"fieldOrderList":[],"extendedObject":{"@type":"extendedObject","singleMode":true,"filters":[],"sortFields":[]},"runtimeAttrs":{},"isRESTModernSource":true,"commandType":0,"isFileList":false,"handleSpecialChars":false,"handleDecimalRoundOff":false,"frsAsset":false,"dynamicFileName":false,"excludeDynamicFileNameField":false,"currentlyProcessedFileName":false,"retainFieldMetadata":false,"objectName":"bronze/adm_t_agency","objectLabel":"bronze/adm_t_agency","useExactSrcNames":false,"userUpdated":true,"fetchMode":"ORIGINAL","tgtObjectAttributes":{},"runtimeParameterData":{"@type":"mtTaskRuntimeParameterData","isConnectionRuntimeParameter":false,"isObjectRuntimeParameter":false,"connectionParameterName":"DBConnection_UDM_TGT"},"overridableProperties":[],"dbSchema":"","overriddenFields":[]},{"@type":"mtTaskParameter","id":129157987,"name":"$tgt_bronze_adm_t_agency_updates$","type":"TARGET","label":"DBConnection_UDM_TGT","description":"","uiProperties":{"cnxtype":"Amazon Redshift v2","connectionParameterized":"true","paramName":"DBConnection_UDM_TGT","paramLabel":"","paramType-mapping":"Connection","logcnx":"DBConnection_UDM_TGT","default":"bronze/adm_t_agency","objectParameterized":"false","visible":"false","defaultTargetUpdateColumns":"t_agency_row_id","supportApplyDDLChanges":"false","originalPath":"tgt_bronze_adm_t_agency_updates"},"targetConnectionId":"@aYZ4ekzHgIPeKpiaoqDLKP","targetObject":"bronze/adm_t_agency","targetObjectLabel":"bronze/adm_t_agency","newFlatFile":false,"newObject":false,"showBusinessNames":true,"naturalOrder":true,"truncateTarget":false,"bulkApiDBTarget":false,"operationType":"Update","customFuncCfg":{"@type":"customFuncConfig","id":-1,"connections":[],"inputMap":[],"outputFields":[]},"targetRefsV2":{},"targetUpdateColumns":["t_agency_row_id"],"fieldOrderList":[],"extendedObject":{"@type":"extendedObject","singleMode":true,"filters":[],"sortFields":[]},"runtimeAttrs":{},"isRESTModernSource":true,"commandType":0,"isFileList":false,"handleSpecialChars":false,"handleDecimalRoundOff":false,"frsAsset":false,"dynamicFileName":false,"excludeDynamicFileNameField":false,"currentlyProcessedFileName":false,"retainFieldMetadata":false,"objectName":"bronze/adm_t_agency","objectLabel":"bronze/adm_t_agency","useExactSrcNames":false,"userUpdated":true,"fetchMode":"ORIGINAL","tgtObjectAttributes":{},"runtimeParameterData":{"@type":"mtTaskRuntimeParameterData","isConnectionRuntimeParameter":false,"isObjectRuntimeParameter":false,"connectionParameterName":"DBConnection_UDM_TGT"},"overridableProperties":[],"dbSchema":"","overriddenFields":[]},{"@type":"mtTaskParameter","id":129157988,"name":"$tgt_bronze_adm_t_agency_upserts$","type":"TARGET","label":"DBConnection_UDM_TGT","description":"","uiProperties":{"cnxtype":"Amazon Redshift v2","connectionParameterized":"true","paramName":"DBConnection_UDM_TGT","paramLabel":"","paramType-mapping":"Connection","logcnx":"DBConnection_UDM_TGT","default":"bronze/adm_t_agency","objectParameterized":"false","visible":"false","defaultTargetUpdateColumns":"","supportApplyDDLChanges":"false","originalPath":"tgt_bronze_adm_t_agency_upserts"},"targetConnectionId":"@aYZ4ekzHgIPeKpiaoqDLKP","targetObject":"bronze/adm_t_agency","targetObjectLabel":"bronze/adm_t_agency","newFlatFile":false,"newObject":false,"showBusinessNames":true,"naturalOrder":true,"truncateTarget":false,"bulkApiDBTarget":false,"operationType":"Insert","customFuncCfg":{"@type":"customFuncConfig","id":-1,"connections":[],"inputMap":[],"outputFields":[]},"targetRefsV2":{},"targetUpdateColumns":[],"fieldOrderList":[],"extendedObject":{"@type":"extendedObject","singleMode":true,"filters":[],"sortFields":[]},"runtimeAttrs":{},"isRESTModernSource":true,"commandType":0,"isFileList":false,"handleSpecialChars":false,"handleDecimalRoundOff":false,"frsAsset":false,"dynamicFileName":false,"excludeDynamicFileNameField":false,"currentlyProcessedFileName":false,"retainFieldMetadata":false,"objectName":"bronze/adm_t_agency","objectLabel":"bronze/adm_t_agency","useExactSrcNames":false,"userUpdated":true,"fetchMode":"ORIGINAL","tgtObjectAttributes":{},"runtimeParameterData":{"@type":"mtTaskRuntimeParameterData","isConnectionRuntimeParameter":false,"isObjectRuntimeParameter":false,"connectionParameterName":"DBConnection_UDM_TGT"},"overridableProperties":[],"dbSchema":"","overriddenFields":[]}],"sequences":[],"inOutParameters":[],"connRuntimeAttrs":[]}]