[{"@type":"mappingTemplate","id":"@1","name":"cdi_map_bv_property_building_bronze_betterview_property_building_stg_ld","description":"","autoExpireObject":false,"bundleVersion":"0","assetFrsGuid":"5QVwG2KnhiplwoRqHXI7WH","templateId":"@3","deployTime":1742324889000,"hasParameters":true,"valid":true,"fixedConnection":false,"hasParametersDeployed":true,"fixedConnectionDeployed":false,"isSchemaValidationEnabled":false,"tasks":1,"mappingPreviewFileRecordId":"@2","documentType":"MAPPING","references":[]}]