[{"@type":"mappingTemplate","id":"@1","name":"m_load_msgr_part_three_old","description":"","autoExpireObject":false,"bundleVersion":"0","assetFrsGuid":"3BFqo8bxXMrbTXn0uYHTw8","templateId":"@3","deployTime":1729867344000,"hasParameters":true,"valid":true,"fixedConnection":false,"hasParametersDeployed":true,"fixedConnectionDeployed":false,"isSchemaValidationEnabled":false,"tasks":1,"mappingPreviewFileRecordId":"@2","documentType":"","allowMaxFieldLength":false,"specialCharacterSupport":false,"references":[]}]