[{"@type":"mappingTemplate","id":"@1","name":"cdi_map_adm_transfer_log_guidewire_bronze_load","description":"","autoExpireObject":false,"bundleVersion":"0","assetFrsGuid":"87PkkOfjCLvkZwgIA2z06g","templateId":"@3","deployTime":1766417420000,"hasParameters":true,"valid":true,"fixedConnection":false,"hasParametersDeployed":true,"fixedConnectionDeployed":false,"isSchemaValidationEnabled":false,"tasks":1,"mappingPreviewFileRecordId":"@2","documentType":"MAPPING","allowMaxFieldLength":false,"specialCharacterSupport":false,"references":[]}]