[{"@type":"mappingTemplate","id":"@1","name":"m_load_earned_premium","description":"Mapping to Load Coverage data from PolcySummaryStats","autoExpireObject":false,"bundleVersion":"0","assetFrsGuid":"lC9gLFJPNs2jelmm1BRWIc","templateId":"@3","deployTime":1708433616000,"hasParameters":true,"valid":true,"fixedConnection":false,"hasParametersDeployed":true,"fixedConnectionDeployed":false,"isSchemaValidationEnabled":false,"tasks":0,"mappingPreviewFileRecordId":"@2","documentType":"","allowMaxFieldLength":false,"specialCharacterSupport":false,"references":[]}]