[{"@type":"mappingTemplate","id":"@1","name":"m_load_ClaimSubro_SelfService_Opened_Combined","description":"Loads the GW data into ClaimSubro Self service combned to provide MTD data for Subrogation related measures on the basis of Subrogation Open date","bundleVersion":"0","templateId":"@3","deployTime":1701097005000,"hasParameters":true,"valid":true,"fixedConnection":false,"hasParametersDeployed":true,"fixedConnectionDeployed":false,"isSchemaValidationEnabled":false,"tasks":1,"mappingPreviewFileRecordId":"@2","documentType":"","references":[]}]