[{"@type":"mappingTemplate","id":"@1","name":"m_Master_Description_12_SQL_SERVER_TO_Redshift_Truncate_Load","description":"","autoExpireObject":false,"bundleVersion":"0","assetFrsGuid":"5lTkXbPcfYAg26Ff97eHcL","templateId":"@3","deployTime":1720708082000,"hasParameters":true,"valid":true,"fixedConnection":false,"hasParametersDeployed":true,"fixedConnectionDeployed":false,"isSchemaValidationEnabled":false,"tasks":1,"mappingPreviewFileRecordId":"@2","documentType":"MAPPING","allowMaxFieldLength":false,"references":[]}]