[{"@type":"mtTask","id":"@1","name":"cdi_tsk_map_acx_search_criteria_embedded_analytics_bronze_load","autoExpireObject":false,"runtimeEnvironmentId":"@3pADNCV9u0PcgrXjM7rx0t","maxLogs":10,"verbose":false,"mappingId":"@4CTRLxuXWU5eomSFtlyFQq","frsGuid":"1aFjo7m4pA6hBnJQ0KYdov","sessionPropertiesList":[{"name":"Pushdown Optimization","value":"None","recommended":false},{"name":"Pushdown Optimization Context","value":"None","recommended":false},{"name":"Pushdown Optimization Fallback Option","value":"Partial PDO","recommended":false}],"hidden":false,"enableCrossSchemaPushdown":true,"enableParallelRun":false,"autoTunedApplied":false,"autoTunedAppliedType":"NONE","parameterFileName":"Andover_Param_ACX.param","parameterFileDir":"$PMRootDir/andover/parameters","paramFileType":"PARAM_FILE_LOCAL","schemaMode":"async","valid":true,"schemaValidationErrorCount":-1,"serverlessProperties":{},"taskProperties":[{"@type":"taskProperty","name":"parameterFileDir","currentValue":"$PMRootDir/andover/parameters","type":"STRING","label":"label.parameterFileDir","required":false},{"@type":"taskProperty","name":"parameterFileName","currentValue":"Andover_Param_ACX.param","type":"STRING","label":"label.parameterFileName","required":false},{"@type":"taskProperty","name":"outboundMessageUrlQueueTime","currentValue":"","type":"NUMBER","label":"label.outboundMessageUrlQueueTime","required":false},{"@type":"taskProperty","name":"outboundMessageUrlToken","currentValue":"","type":"STRING","label":"label.outboundMessageUrlToken","required":false}],"optimizationPlan":"NONE","isMidstreamPreview":false,"allowMaxFieldLength":false,"specialCharacterSupport":false,"useUserDefinedOrder":false,"parameters":[{"@type":"mtTaskParameter","id":133489722,"name":"$src_acx_search_criteria_ea_stg$","type":"SOURCE","label":"DBConnection_ACX_SRC","description":"","uiProperties":{"cnxtype":"Amazon Redshift v2","connectionParameterized":"true","paramName":"DBConnection_ACX_SRC","paramLabel":"","paramType-mapping":"Connection","logcnx":"DBConnection_ACX_SRC","isSelectDistinct":"false","objectParameterized":"false","visible":"false","originalPath":"src_acx_search_criteria_ea_stg"},"sourceConnectionId":"@aYZ4ekzHgIPeKpiaoqDLKP","sourceObject":"DUMMY_src_acx_search_criteria_ea_stg","newFlatFile":false,"newObject":false,"showBusinessNames":true,"naturalOrder":true,"truncateTarget":false,"bulkApiDBTarget":false,"customFuncCfg":{"@type":"customFuncConfig","id":-1,"connections":[],"inputMap":[],"outputFields":[]},"targetRefsV2":{},"targetUpdateColumns":[],"fieldOrderList":[],"runtimeAttrs":{},"isRESTModernSource":true,"customQuery":"with current_batch as (\nselect\n\tbls.batch_id,\n\tbls.source_start_cutoff_datetime,\n\tbls.source_end_cutoff_datetime\nfrom\n\t$$operational_schema.batch_load_summary bls\nwhere\n\tbls.source_system_code = '$$sourcesystemcode'\n\tand bls.batch_status = 'Inprogress'\n\tand bls.batch_id = (\n\tselect\n\t\tMAX(batch_id)\n\tfrom\n\t\t$$operational_schema.batch_load_summary\n\twhere\n\t\tsource_system_code = '$$sourcesystemcode'\n\t\tand batch_status = 'Inprogress'\n      )\n)\t\n\t\n\tselect\n\tdistinct\nTRIM(metal_ascea.source_name) as source_name,\nTRIM(metal_ascea.load_type) as load_type,\nTRIM(metal_ascea.system_id) as system_id,\nTRIM(metal_ascea.parent_id) as parent_id,\nTRIM(metal_ascea.cmm_container) as cmm_container,\nTRIM(metal_ascea.id) as id,\nTRIM(metal_ascea.search_criteria_name) as search_criteria_name,\nTRIM(metal_ascea.search_criteria_value) as search_criteria_value,\nTRIM(metal_ascea.type) as type,\nTRIM(metal_ascea.key_parent_bean_ref_id) as key_parent_bean_ref_id,\nCAST(TRIM(metal_ascea.row_id) AS BIGINT) AS row_id,\ncurrent_batch.batch_id as batch_id\nfrom\n\t$$raw_schema.acx_search_criteria_ea metal_ascea\ncross join current_batch\norder by\n\tmetal_ascea.system_id,\nmetal_ascea.id,\nmetal_ascea.cmm_container;","commandType":0,"isFileList":false,"handleSpecialChars":false,"handleDecimalRoundOff":false,"frsAsset":false,"dynamicFileName":false,"excludeDynamicFileNameField":false,"currentlyProcessedFileName":false,"retainFieldMetadata":false,"objectName":"DUMMY_src_acx_search_criteria_ea_stg","useExactSrcNames":false,"userUpdated":true,"tgtObjectAttributes":{},"runtimeParameterData":{"@type":"mtTaskRuntimeParameterData","isConnectionRuntimeParameter":false,"isObjectRuntimeParameter":false,"connectionParameterName":"DBConnection_ACX_SRC"},"overridableProperties":[],"overriddenFields":[]},{"@type":"mtTaskParameter","id":133489723,"name":"$src_tgt_query$","type":"SOURCE","label":"DBConnection_ACX_SRC","description":"","uiProperties":{"cnxtype":"Amazon Redshift v2","connectionParameterized":"true","paramName":"DBConnection_ACX_SRC","paramLabel":"","paramType-mapping":"Connection","logcnx":"DBConnection_ACX_SRC","isSelectDistinct":"false","objectParameterized":"false","visible":"false","originalPath":"src_tgt_query"},"sourceConnectionId":"@aYZ4ekzHgIPeKpiaoqDLKP","sourceObject":"DUMMY_src_tgt_query","newFlatFile":false,"newObject":false,"showBusinessNames":true,"naturalOrder":true,"truncateTarget":false,"bulkApiDBTarget":false,"customFuncCfg":{"@type":"customFuncConfig","id":-1,"connections":[],"inputMap":[],"outputFields":[]},"targetRefsV2":{},"targetUpdateColumns":[],"fieldOrderList":[],"runtimeAttrs":{},"isRESTModernSource":true,"customQuery":"select DISTINCT\n\tsystem_id,\n\tcmm_container,\n\tid,\n\trow_id,\n\tacx_search_criteria_ea_row_id,\n\tacx_search_criteria_ea_row_md5checksum,\n\tacx_search_criteria_ea_row_effective_end_datetime\nfrom\n\t$$staging_schema.acx_search_criteria_ea\nwhere\n\tacx_search_criteria_ea_row_effective_end_datetime = '9999-12-31 00:00:00.000'\norder by system_id, cmm_container,id;","commandType":0,"isFileList":false,"handleSpecialChars":false,"handleDecimalRoundOff":false,"frsAsset":false,"dynamicFileName":false,"excludeDynamicFileNameField":false,"currentlyProcessedFileName":false,"retainFieldMetadata":false,"objectName":"DUMMY_src_tgt_query","useExactSrcNames":false,"userUpdated":true,"tgtObjectAttributes":{},"runtimeParameterData":{"@type":"mtTaskRuntimeParameterData","isConnectionRuntimeParameter":false,"isObjectRuntimeParameter":false,"connectionParameterName":"DBConnection_ACX_SRC"},"overridableProperties":[],"overriddenFields":[]},{"@type":"mtTaskParameter","id":133489724,"name":"$tgt_insert_records$","type":"TARGET","label":"DBConnection_ACX_TGT","description":"","uiProperties":{"cnxtype":"Amazon Redshift v2","connectionParameterized":"true","paramName":"DBConnection_ACX_TGT","paramLabel":"","paramType-mapping":"Connection","logcnx":"DBConnection_ACX_TGT","default":"bronze/acx_search_criteria_ea","objectParameterized":"false","visible":"false","defaultTargetUpdateColumns":"","supportApplyDDLChanges":"false","originalPath":"tgt_insert_records"},"targetConnectionId":"@aYZ4ekzHgIPeKpiaoqDLKP","targetObject":"bronze/acx_search_criteria_ea","targetObjectLabel":"bronze/acx_search_criteria_ea","newFlatFile":false,"newObject":false,"showBusinessNames":true,"naturalOrder":true,"truncateTarget":false,"bulkApiDBTarget":false,"operationType":"Insert","customFuncCfg":{"@type":"customFuncConfig","id":-1,"connections":[],"inputMap":[],"outputFields":[]},"targetRefsV2":{},"targetUpdateColumns":[],"fieldOrderList":[],"extendedObject":{"@type":"extendedObject","singleMode":true,"filters":[],"sortFields":[]},"runtimeAttrs":{},"isRESTModernSource":true,"commandType":0,"isFileList":false,"handleSpecialChars":false,"handleDecimalRoundOff":false,"frsAsset":false,"dynamicFileName":false,"excludeDynamicFileNameField":false,"currentlyProcessedFileName":false,"retainFieldMetadata":false,"objectName":"bronze/acx_search_criteria_ea","objectLabel":"bronze/acx_search_criteria_ea","useExactSrcNames":false,"userUpdated":true,"tgtObjectAttributes":{},"runtimeParameterData":{"@type":"mtTaskRuntimeParameterData","isConnectionRuntimeParameter":false,"isObjectRuntimeParameter":false,"connectionParameterName":"DBConnection_ACX_TGT"},"overridableProperties":[],"dbSchema":"","overriddenFields":[]},{"@type":"mtTaskParameter","id":133489725,"name":"$tgt_update_closeout$","type":"TARGET","label":"DBConnection_ACX_TGT","description":"","uiProperties":{"cnxtype":"Amazon Redshift v2","connectionParameterized":"true","paramName":"DBConnection_ACX_TGT","paramLabel":"","paramType-mapping":"Connection","logcnx":"DBConnection_ACX_TGT","default":"bronze/acx_search_criteria_ea","objectParameterized":"false","visible":"false","defaultTargetUpdateColumns":"acx_search_criteria_ea_row_id","supportApplyDDLChanges":"false","originalPath":"tgt_update_closeout"},"targetConnectionId":"@aYZ4ekzHgIPeKpiaoqDLKP","targetObject":"bronze/acx_search_criteria_ea","targetObjectLabel":"bronze/acx_search_criteria_ea","newFlatFile":false,"newObject":false,"showBusinessNames":true,"naturalOrder":true,"truncateTarget":false,"bulkApiDBTarget":false,"operationType":"Update","customFuncCfg":{"@type":"customFuncConfig","id":-1,"connections":[],"inputMap":[],"outputFields":[]},"targetRefsV2":{},"targetUpdateColumns":["acx_search_criteria_ea_row_id"],"fieldOrderList":[],"extendedObject":{"@type":"extendedObject","singleMode":true,"filters":[],"sortFields":[]},"runtimeAttrs":{},"isRESTModernSource":true,"commandType":0,"isFileList":false,"handleSpecialChars":false,"handleDecimalRoundOff":false,"frsAsset":false,"dynamicFileName":false,"excludeDynamicFileNameField":false,"currentlyProcessedFileName":false,"retainFieldMetadata":false,"objectName":"bronze/acx_search_criteria_ea","objectLabel":"bronze/acx_search_criteria_ea","useExactSrcNames":false,"userUpdated":true,"tgtObjectAttributes":{},"runtimeParameterData":{"@type":"mtTaskRuntimeParameterData","isConnectionRuntimeParameter":false,"isObjectRuntimeParameter":false,"connectionParameterName":"DBConnection_ACX_TGT"},"overridableProperties":[],"dbSchema":"","overriddenFields":[]},{"@type":"mtTaskParameter","id":133489726,"name":"$tgt_update_records$","type":"TARGET","label":"DBConnection_ACX_TGT","description":"","uiProperties":{"cnxtype":"Amazon Redshift v2","connectionParameterized":"true","paramName":"DBConnection_ACX_TGT","paramLabel":"","paramType-mapping":"Connection","logcnx":"DBConnection_ACX_TGT","default":"bronze/acx_search_criteria_ea","objectParameterized":"false","visible":"false","defaultTargetUpdateColumns":"","supportApplyDDLChanges":"false","originalPath":"tgt_update_records"},"targetConnectionId":"@aYZ4ekzHgIPeKpiaoqDLKP","targetObject":"bronze/acx_search_criteria_ea","targetObjectLabel":"bronze/acx_search_criteria_ea","newFlatFile":false,"newObject":false,"showBusinessNames":true,"naturalOrder":true,"truncateTarget":false,"bulkApiDBTarget":false,"operationType":"Insert","customFuncCfg":{"@type":"customFuncConfig","id":-1,"connections":[],"inputMap":[],"outputFields":[]},"targetRefsV2":{},"targetUpdateColumns":[],"fieldOrderList":[],"extendedObject":{"@type":"extendedObject","singleMode":true,"filters":[],"sortFields":[]},"runtimeAttrs":{},"isRESTModernSource":true,"commandType":0,"isFileList":false,"handleSpecialChars":false,"handleDecimalRoundOff":false,"frsAsset":false,"dynamicFileName":false,"excludeDynamicFileNameField":false,"currentlyProcessedFileName":false,"retainFieldMetadata":false,"objectName":"bronze/acx_search_criteria_ea","objectLabel":"bronze/acx_search_criteria_ea","useExactSrcNames":false,"userUpdated":true,"tgtObjectAttributes":{},"runtimeParameterData":{"@type":"mtTaskRuntimeParameterData","isConnectionRuntimeParameter":false,"isObjectRuntimeParameter":false,"connectionParameterName":"DBConnection_ACX_TGT"},"overridableProperties":[],"dbSchema":"","overriddenFields":[]}],"sequences":[],"inOutParameters":[{"@type":"mtTaskInOutParameter","id":"-1","name":"raw_schema","description":"","initialValue":"metal","datatype":"STRING","precision":"100","scale":"0","retentionPolicy":"NEVER","aggregationType":"MAX","currentValue":"metal"},{"@type":"mtTaskInOutParameter","id":"-1","name":"staging_schema","description":"","initialValue":"bronze","datatype":"STRING","precision":"100","scale":"0","retentionPolicy":"NEVER","aggregationType":"MAX","currentValue":"bronze"},{"@type":"mtTaskInOutParameter","id":"-1","name":"operational_schema","description":"","initialValue":"operations","datatype":"STRING","precision":"100","scale":"0","retentionPolicy":"NEVER","aggregationType":"MAX","currentValue":"operations"},{"@type":"mtTaskInOutParameter","id":"-1","name":"sourcesystemcode","description":"","initialValue":"ACX","datatype":"STRING","precision":"100","scale":"0","retentionPolicy":"NEVER","aggregationType":"MAX","currentValue":"ACX"}],"connRuntimeAttrs":[]}]