[{"@type":"mappingTemplate","id":"@1","name":"m_Load_Form_to_Form_Stg_Ld","description":"","autoExpireObject":false,"bundleVersion":"0","assetFrsGuid":"bsdFKHePL8WeUoybgrFY0G","templateId":"@3","deployTime":1767814953000,"hasParameters":true,"valid":true,"fixedConnection":false,"hasParametersDeployed":true,"fixedConnectionDeployed":false,"isSchemaValidationEnabled":false,"tasks":1,"mappingPreviewFileRecordId":"@2","documentType":"","allowMaxFieldLength":false,"specialCharacterSupport":false,"references":[]}]