[{"@type":"mappingTemplate","id":"@1","name":"cdi_map_adm_producer_license_metal_stg_load","description":"","autoExpireObject":false,"bundleVersion":"0","assetFrsGuid":"0BYhB5kc4Swct0wCDzjnk3","templateId":"@3","hasParameters":true,"valid":true,"fixedConnection":false,"hasParametersDeployed":false,"fixedConnectionDeployed":false,"isSchemaValidationEnabled":false,"tasks":0,"mappingPreviewFileRecordId":"@2","documentType":"MAPPING","allowMaxFieldLength":false,"specialCharacterSupport":false,"references":[]}]