[{"@type":"mtTask","id":"@1","name":"s_m_load_msgr_facts_pms_new","description":"Session pushed from PC to ICS : s_m_load_msgr_facts_pms_new","runtimeEnvironmentId":"@3pADNCV9u0PcgrXjM7rx0t","maxLogs":10,"verbose":false,"lastRunTime":1717792007000,"mappingId":"@hqHBZeBQ7QGlgpyrOtheOS","frsGuid":"2nuIhjnspFYbmJ2AdRI4oI","shortDescription":"Session pushed from PC to ICS : s_m_load_msgr_fact...","sessionPropertiesList":[{"name":"Allow Temporary Sequence for Pushdown","value":"NO","recommended":false},{"name":"Allow Temporary View for Pushdown","value":"NO","recommended":false},{"name":"Data Column Delimiter","value":"|","recommended":false},{"name":"Error Log File Name","value":"PMError.log","recommended":false},{"name":"Pushdown Optimization","value":"None","recommended":false},{"name":"Pushdown Optimization Context","value":"None","recommended":false},{"name":"Pushdown Optimization Fallback Option","value":"Partial PDO","recommended":false}],"hidden":false,"enableCrossSchemaPushdown":false,"enableParallelRun":false,"autoTunedApplied":false,"autoTunedAppliedType":"NONE","parameterFileName":"Andover_Parm_Peregrine.txt","parameterFileDir":"$PMRootDir/andover/parameters","paramFileType":"PARAM_FILE_LOCAL","schemaMode":"async","valid":true,"schemaValidationErrorCount":-1,"serverlessProperties":{},"taskProperties":[{"@type":"taskProperty","name":"parameterFileDir","currentValue":"$PMRootDir/andover/parameters","type":"STRING","label":"label.parameterFileDir","required":false},{"@type":"taskProperty","name":"parameterFileName","currentValue":"Andover_Parm_Peregrine.txt","type":"STRING","label":"label.parameterFileName","required":false},{"@type":"taskProperty","name":"outboundMessageUrlQueueTime","currentValue":"","type":"NUMBER","label":"label.outboundMessageUrlQueueTime","required":false},{"@type":"taskProperty","name":"outboundMessageUrlToken","currentValue":"","type":"STRING","label":"label.outboundMessageUrlToken","required":false}],"optimizationPlan":"NONE","isMidstreamPreview":false,"parameters":[{"@type":"mtTaskParameter","id":88988727,"name":"$SQ_msgr_facts_pms_new_vw3$","type":"SOURCE","label":"DBConnection_SRC","description":"","uiProperties":{"cnxtype":"Amazon Redshift v2","connectionParameterized":"true","paramName":"DBConnection_SRC","paramLabel":"","paramType-mapping":"Connection","logcnx":"DBConnection_SRC","isSelectDistinct":"false","objectParameterized":"false","visible":"false","originalPath":"SQ_msgr_facts_pms_new_vw3"},"sourceConnectionId":"@aYZ4ekzHgIPeKpiaoqDLKP","sourceObject":"DUMMY_SQ_msgr_facts_pms_new_vw3","newFlatFile":false,"newObject":false,"showBusinessNames":true,"naturalOrder":true,"truncateTarget":false,"bulkApiDBTarget":false,"customFuncCfg":{"@type":"customFuncConfig","id":-1,"connections":[],"inputMap":[],"outputFields":[]},"targetRefsV2":{},"targetUpdateColumns":[],"runtimeAttrs":{},"isRESTModernSource":true,"customQuery":"SELECT msgr_facts_pms_new_vw3.Policy_Key_Code, msgr_facts_pms_new_vw3.Policy_Key, msgr_facts_pms_new_vw3.Major_Peril_ID, msgr_facts_pms_new_vw3.Risk_State_ID, msgr_facts_pms_new_vw3.Inforce_Policy_Key, msgr_facts_pms_new_vw3.Claim_Key, msgr_facts_pms_new_vw3.Claim_Type, msgr_facts_pms_new_vw3.Loss_Cause, msgr_facts_pms_new_vw3.Loss_Cause_Desc, msgr_facts_pms_new_vw3.Independent_Adjuster, msgr_facts_pms_new_vw3.Accident_Dt, msgr_facts_pms_new_vw3.Reported_Dt, msgr_facts_pms_new_vw3.Account_Entered_Dt, msgr_facts_pms_new_vw3.Claim_Paid_Dt, msgr_facts_pms_new_vw3.Earned_Premium, msgr_facts_pms_new_vw3.Unearned_Premium, msgr_facts_pms_new_vw3.Commission_Amt, msgr_facts_pms_new_vw3.Taxes_Service_Charges, msgr_facts_pms_new_vw3.Written_Premium, msgr_facts_pms_new_vw3.Inforce_Premium, msgr_facts_pms_new_vw3.Loss_Paid_Amt, msgr_facts_pms_new_vw3.Loss_Paid_Recovery_Amt, msgr_facts_pms_new_vw3.Loss_Salvage_Amt, msgr_facts_pms_new_vw3.Loss_Subrogation_Amt, msgr_facts_pms_new_vw3.Loss_ULAE_Expense, msgr_facts_pms_new_vw3.Loss_ALAE_Expense, msgr_facts_pms_new_vw3.Loss_Reserve_Amt, msgr_facts_pms_new_vw3.Loss_Reserve_For_Incurred_Loss, msgr_facts_pms_new_vw3.Incurred_Loss_Amt, msgr_facts_pms_new_vw3.Loss_OS_Adj_Exp \nFROM\n dbo.msgr_facts_pms_new_vw3\nwhere Account_Entered_Dt >=dateadd(month, -1, cast(getdate() as date))","isFileList":false,"handleSpecialChars":false,"handleDecimalRoundOff":false,"frsAsset":false,"dynamicFileName":false,"excludeDynamicFileNameField":false,"currentlyProcessedFileName":false,"retainFieldMetadata":false,"objectName":"DUMMY_SQ_msgr_facts_pms_new_vw3","useExactSrcNames":false,"fetchMode":"ORIGINAL","tgtObjectAttributes":{},"runtimeParameterData":{"@type":"mtTaskRuntimeParameterData","isConnectionRuntimeParameter":true,"isObjectRuntimeParameter":false,"connectionParameterName":"DBConnection_SRC"},"overridableProperties":[],"overriddenFields":[]},{"@type":"mtTaskParameter","id":88988728,"name":"$SQ_msgr_facts_pms_new_vw4$","type":"SOURCE","label":"DBConnection_SRC","description":"","uiProperties":{"cnxtype":"Amazon Redshift v2","connectionParameterized":"true","paramName":"DBConnection_SRC","paramLabel":"","paramType-mapping":"Connection","logcnx":"DBConnection_SRC","isSelectDistinct":"false","objectParameterized":"false","visible":"false","originalPath":"SQ_msgr_facts_pms_new_vw4"},"sourceConnectionId":"@aYZ4ekzHgIPeKpiaoqDLKP","sourceObject":"DUMMY_SQ_msgr_facts_pms_new_vw4","newFlatFile":false,"newObject":false,"showBusinessNames":true,"naturalOrder":true,"truncateTarget":false,"bulkApiDBTarget":false,"customFuncCfg":{"@type":"customFuncConfig","id":-1,"connections":[],"inputMap":[],"outputFields":[]},"targetRefsV2":{},"targetUpdateColumns":[],"runtimeAttrs":{},"isRESTModernSource":true,"customQuery":"SELECT msgr_facts_pms_new_vw4.Policy_Key_Code, msgr_facts_pms_new_vw4.Policy_Key, msgr_facts_pms_new_vw4.Major_Peril_ID, msgr_facts_pms_new_vw4.Risk_State_ID, msgr_facts_pms_new_vw4.Inforce_Policy_Key, msgr_facts_pms_new_vw4.Claim_Key, msgr_facts_pms_new_vw4.Claim_Type, msgr_facts_pms_new_vw4.Loss_Cause, msgr_facts_pms_new_vw4.Loss_Cause_Desc, msgr_facts_pms_new_vw4.Independent_Adjuster, msgr_facts_pms_new_vw4.Accident_Dt, msgr_facts_pms_new_vw4.Reported_Dt, msgr_facts_pms_new_vw4.Account_Entered_Dt, msgr_facts_pms_new_vw4.Claim_Paid_Dt, msgr_facts_pms_new_vw4.Earned_Premium, msgr_facts_pms_new_vw4.Unearned_Premium, msgr_facts_pms_new_vw4.Commission_Amt, msgr_facts_pms_new_vw4.Taxes_Service_Charges, msgr_facts_pms_new_vw4.Written_Premium, msgr_facts_pms_new_vw4.Inforce_Premium, msgr_facts_pms_new_vw4.Loss_Paid_Amt, msgr_facts_pms_new_vw4.Loss_Paid_Recovery_Amt, msgr_facts_pms_new_vw4.Loss_Salvage_Amt, msgr_facts_pms_new_vw4.Loss_Subrogation_Amt, msgr_facts_pms_new_vw4.Loss_ULAE_Expense, msgr_facts_pms_new_vw4.Loss_ALAE_Expense, msgr_facts_pms_new_vw4.Loss_Reserve_Amt, msgr_facts_pms_new_vw4.Loss_Reserve_For_Incurred_Loss, msgr_facts_pms_new_vw4.Incurred_Loss_Amt, msgr_facts_pms_new_vw4.Loss_OS_Adj_Exp \nFROM\n dbo.msgr_facts_pms_new_vw4\nwhere Account_Entered_Dt >=dateadd(month, -1, cast(getdate() as date))","isFileList":false,"handleSpecialChars":false,"handleDecimalRoundOff":false,"frsAsset":false,"dynamicFileName":false,"excludeDynamicFileNameField":false,"currentlyProcessedFileName":false,"retainFieldMetadata":false,"objectName":"DUMMY_SQ_msgr_facts_pms_new_vw4","useExactSrcNames":false,"fetchMode":"ORIGINAL","tgtObjectAttributes":{},"runtimeParameterData":{"@type":"mtTaskRuntimeParameterData","isConnectionRuntimeParameter":true,"isObjectRuntimeParameter":false,"connectionParameterName":"DBConnection_SRC"},"overridableProperties":[],"overriddenFields":[]},{"@type":"mtTaskParameter","id":88988729,"name":"$msgr_facts_pms_new_vw$","type":"TARGET","label":"DBConnection_TGT","description":"","uiProperties":{"cnxtype":"Amazon Redshift v2","connectionParameterized":"true","paramName":"DBConnection_TGT","paramLabel":"","paramType-mapping":"Connection","logcnx":"DBConnection_TGT","default":"dbo/msgr_facts_pms_new_vw","objectParameterized":"false","visible":"false","defaultTargetUpdateColumns":"","supportApplyDDLChanges":"false","originalPath":"msgr_facts_pms_new_vw"},"targetConnectionId":"@aYZ4ekzHgIPeKpiaoqDLKP","targetObject":"dbo/msgr_facts_pms_new_vw","targetObjectLabel":"msgr_facts_pms_new_vw","newFlatFile":false,"newObject":false,"showBusinessNames":true,"naturalOrder":true,"truncateTarget":false,"bulkApiDBTarget":false,"operationType":"Insert","customFuncCfg":{"@type":"customFuncConfig","id":-1,"connections":[],"inputMap":[],"outputFields":[]},"targetRefsV2":{},"targetUpdateColumns":[],"extendedObject":{"@type":"extendedObject","singleMode":true,"filters":[],"sortFields":[]},"runtimeAttrs":{},"isRESTModernSource":true,"isFileList":false,"handleSpecialChars":false,"handleDecimalRoundOff":false,"frsAsset":false,"dynamicFileName":false,"excludeDynamicFileNameField":false,"currentlyProcessedFileName":false,"retainFieldMetadata":false,"objectName":"dbo/msgr_facts_pms_new_vw","objectLabel":"msgr_facts_pms_new_vw","useExactSrcNames":false,"fetchMode":"ORIGINAL","tgtObjectAttributes":{},"runtimeParameterData":{"@type":"mtTaskRuntimeParameterData","isConnectionRuntimeParameter":true,"isObjectRuntimeParameter":false,"connectionParameterName":"DBConnection_TGT"},"overridableProperties":[],"targetSchemaProviderType":"SELECTED_OBJECT","overriddenFields":[]}],"sequences":[],"inOutParameters":[],"connRuntimeAttrs":[]}]