[{"@type":"mappingTemplate","id":"@1","name":"cdi_map_uw_silver_uw_dashboard_coverage_details_ld","description":"","autoExpireObject":false,"bundleVersion":"0","assetFrsGuid":"5J2czJoU62BfoeJezKMFyB","templateId":"@3","deployTime":1752511841000,"hasParameters":true,"valid":true,"fixedConnection":false,"hasParametersDeployed":true,"fixedConnectionDeployed":false,"isSchemaValidationEnabled":false,"tasks":1,"mappingPreviewFileRecordId":"@2","documentType":"MAPPING","allowMaxFieldLength":false,"specialCharacterSupport":false,"references":[]}]