[{"@type":"mappingTemplate","id":"@1","name":"m_Load_PolicyReinsuranceStats_Stg_to_PolicyReinsuranceTransaction_unused","description":"","autoExpireObject":false,"bundleVersion":"0","assetFrsGuid":"kTOqRVTjv2tcJnavhxh5ck","templateId":"@3","deployTime":1736504240000,"hasParameters":true,"valid":true,"fixedConnection":false,"hasParametersDeployed":true,"fixedConnectionDeployed":false,"isSchemaValidationEnabled":false,"tasks":1,"mappingPreviewFileRecordId":"@2","documentType":"MAPPING","allowMaxFieldLength":false,"specialCharacterSupport":false,"references":[]}]