[{"@type":"fileRecord","id":"@24","name":"metadata","type":"JSON","size":19244,"attachTime":1741361548000},{"@type":"fileRecord","id":"@25","name":"request","type":"XSD","size":8785,"attachTime":1741361548000},{"@type":"fileRecord","id":"@22","name":"extension","type":"XML","size":29453,"attachTime":1741361548000},{"@type":"fileRecord","id":"@23","name":"fault","type":"XSD","size":4711,"attachTime":1741361548000},{"@type":"fileRecord","id":"@59","name":"metadata","type":"JSON","size":4828,"attachTime":1741361548000},{"@type":"fileRecord","id":"@16","name":"response","type":"XSD","size":13811,"attachTime":1741361548000},{"@type":"fileRecord","id":"@58","name":"fault","type":"XSD","size":4691,"attachTime":1741361548000},{"@type":"fileRecord","id":"@15","name":"request","type":"XSD","size":7714,"attachTime":1741361548000},{"@type":"fileRecord","id":"@19","name":"metadata","type":"JSON","size":18318,"attachTime":1741361548000},{"@type":"fileRecord","id":"@2","name":"extension","type":"XML","size":22220,"attachTime":1741361548000},{"@type":"fileRecord","id":"@17","name":"extension","type":"XML","size":28712,"attachTime":1741361548000},{"@type":"fileRecord","id":"@18","name":"fault","type":"XSD","size":4697,"attachTime":1741361548000},{"@type":"fileRecord","id":"@5","name":"request","type":"XSD","size":7737,"attachTime":1741361548000},{"@type":"fileRecord","id":"@6","name":"response","type":"XSD","size":8754,"attachTime":1741361548000},{"@type":"fileRecord","id":"@3","name":"fault","type":"XSD","size":4693,"attachTime":1741361548000},{"@type":"fileRecord","id":"@4","name":"metadata","type":"JSON","size":6432,"attachTime":1741361548000},{"@type":"fileRecord","id":"@9","name":"metadata","type":"JSON","size":6227,"attachTime":1741361548000},{"@type":"fileRecord","id":"@60","name":"request","type":"XSD","size":5981,"attachTime":1741361548000},{"@type":"fileRecord","id":"@7","name":"extension","type":"XML","size":22103,"attachTime":1741361548000},{"@type":"fileRecord","id":"@8","name":"fault","type":"XSD","size":4699,"attachTime":1741361548000},{"@type":"fileRecord","id":"@21","name":"response","type":"XSD","size":14807,"attachTime":1741361548000},{"@type":"fileRecord","id":"@61","name":"response","type":"XSD","size":6014,"attachTime":1741361548000},{"@type":"fileRecord","id":"@20","name":"request","type":"XSD","size":8154,"attachTime":1741361548000},{"@type":"fileRecord","id":"@28","name":"fault","type":"XSD","size":4701,"attachTime":1741361548000},{"@type":"fileRecord","id":"@29","name":"metadata","type":"JSON","size":16091,"attachTime":1741361548000},{"@type":"fileRecord","id":"@26","name":"response","type":"XSD","size":14877,"attachTime":1741361548000},{"@type":"fileRecord","id":"@27","name":"extension","type":"XML","size":27513,"attachTime":1741361548000},{"@type":"fileRecord","id":"@32","name":"extension","type":"XML","size":24383,"attachTime":1741361548000},{"@type":"fileRecord","id":"@33","name":"fault","type":"XSD","size":4689,"attachTime":1741361548000},{"@type":"fileRecord","id":"@30","name":"request","type":"XSD","size":7884,"attachTime":1741361548000},{"@type":"fileRecord","id":"@31","name":"response","type":"XSD","size":13881,"attachTime":1741361548000},{"@type":"fileRecord","id":"@36","name":"response","type":"XSD","size":11063,"attachTime":1741361548000},{"@type":"fileRecord","id":"@48","name":"fault","type":"XSD","size":4687,"attachTime":1741361548000},{"@type":"fileRecord","id":"@37","name":"extension","type":"XML","size":24590,"attachTime":1741361548000},{"@type":"fileRecord","id":"@49","name":"metadata","type":"JSON","size":8219,"attachTime":1741361548000},{"@type":"fileRecord","id":"@34","name":"metadata","type":"JSON","size":9350,"attachTime":1741361548000},{"@type":"fileRecord","id":"@46","name":"response","type":"XSD","size":10171,"attachTime":1741361548000},{"@type":"fileRecord","id":"@35","name":"request","type":"XSD","size":7528,"attachTime":1741361548000},{"@type":"fileRecord","id":"@47","name":"extension","type":"XML","size":24218,"attachTime":1741361548000},{"@type":"fileRecord","id":"@40","name":"request","type":"XSD","size":7714,"attachTime":1741361548000},{"@type":"fileRecord","id":"@52","name":"extension","type":"XML","size":23349,"attachTime":1741361548000},{"@type":"fileRecord","id":"@41","name":"response","type":"XSD","size":11053,"attachTime":1741361548000},{"@type":"fileRecord","id":"@53","name":"fault","type":"XSD","size":4687,"attachTime":1741361548000},{"@type":"fileRecord","id":"@38","name":"fault","type":"XSD","size":4687,"attachTime":1741361548000},{"@type":"fileRecord","id":"@50","name":"request","type":"XSD","size":7519,"attachTime":1741361548000},{"@type":"fileRecord","id":"@39","name":"metadata","type":"JSON","size":9570,"attachTime":1741361548000},{"@type":"fileRecord","id":"@51","name":"response","type":"XSD","size":10971,"attachTime":1741361548000},{"@type":"fileRecord","id":"@44","name":"metadata","type":"JSON","size":7978,"attachTime":1741361548000},{"@type":"fileRecord","id":"@45","name":"request","type":"XSD","size":7794,"attachTime":1741361548000},{"@type":"fileRecord","id":"@10","name":"request","type":"XSD","size":7573,"attachTime":1741361548000},{"@type":"fileRecord","id":"@42","name":"extension","type":"XML","size":23754,"attachTime":1741361548000},{"@type":"fileRecord","id":"@43","name":"fault","type":"XSD","size":4705,"attachTime":1741361548000},{"@type":"fileRecord","id":"@54","name":"metadata","type":"JSON","size":7216,"attachTime":1741361548000},{"@type":"fileRecord","id":"@11","name":"response","type":"XSD","size":8784,"attachTime":1741361548000},{"@type":"fileRecord","id":"@56","name":"response","type":"XSD","size":10108,"attachTime":1741361548000},{"@type":"fileRecord","id":"@55","name":"request","type":"XSD","size":7519,"attachTime":1741361548000},{"@type":"fileRecord","id":"@13","name":"fault","type":"XSD","size":4687,"attachTime":1741361548000},{"@type":"fileRecord","id":"@14","name":"metadata","type":"JSON","size":15331,"attachTime":1741361548000},{"@type":"fileRecord","id":"@12","name":"extension","type":"XML","size":27240,"attachTime":1741361548000},{"@type":"fileRecord","id":"@57","name":"extension","type":"XML","size":17736,"attachTime":1741361548000}]