[{"@type":"mtTask","id":"@1","name":"s_m_Load_Claimsummarystats_stg_To_ClaimReserves","description":"Session pushed from PC to ICS : s_m_Load_Claimsummarystats_stg_To_ClaimReserves","runtimeEnvironmentId":"@l5ReTxe0L4Udpq0dXr0vIZ","maxLogs":10,"verbose":false,"lastRunTime":1720188979000,"mappingId":"@6MOhFZPUTUGdnXgGH35OQE","frsGuid":"lX2g4W40k2CgkRDVMY2NYY","shortDescription":"Session pushed from PC to ICS : s_m_Load_Claimsumm...","sessionPropertiesList":[{"name":"Allow Temporary Sequence for Pushdown","value":"NO","recommended":false},{"name":"Allow Temporary View for Pushdown","value":"NO","recommended":false},{"name":"Commit On End Of File","value":"YES","recommended":false},{"name":"Commit Type","value":"Target","recommended":false},{"name":"Data Column Delimiter","value":"|","recommended":false},{"name":"Default buffer block size","value":"50mb","recommended":false},{"name":"DTM buffer size","value":"1gb","recommended":false},{"name":"Error Log File Directory","value":"$PMBadFileDir\\","recommended":false},{"name":"Error Log File Name","value":"PMError.log","recommended":false},{"name":"Log Row Data","value":"YES","recommended":false},{"name":"Override tracing","value":"Normal","recommended":false},{"name":"Pushdown Optimization","value":"None","recommended":false},{"name":"Pushdown Optimization Context","value":"None","recommended":false},{"name":"Pushdown Optimization Fallback Option","value":"Partial PDO","recommended":false},{"name":"Treat source rows as","value":"Insert","recommended":false}],"hidden":false,"enableCrossSchemaPushdown":false,"enableParallelRun":false,"autoTunedApplied":false,"autoTunedAppliedType":"NONE","parameterFileName":"Andover_Param_GW.param","parameterFileDir":"$PMRootDir/andover/parameters","paramFileType":"PARAM_FILE_LOCAL","schemaMode":"async","valid":true,"schemaValidationErrorCount":-1,"serverlessProperties":{},"taskProperties":[{"@type":"taskProperty","name":"parameterFileDir","currentValue":"$PMRootDir/andover/parameters","type":"STRING","label":"label.parameterFileDir","required":false},{"@type":"taskProperty","name":"parameterFileName","currentValue":"Andover_Param_GW.param","type":"STRING","label":"label.parameterFileName","required":false},{"@type":"taskProperty","name":"outboundMessageUrlQueueTime","currentValue":"","type":"NUMBER","label":"label.outboundMessageUrlQueueTime","required":false},{"@type":"taskProperty","name":"outboundMessageUrlToken","currentValue":"","type":"STRING","label":"label.outboundMessageUrlToken","required":false}],"jobPriority":"MEDIUM","optimizationPlan":"NONE","isMidstreamPreview":false,"parameters":[{"@type":"mtTaskParameter","id":91166209,"name":"$SQ_ClaimSummaryStats_stg$","type":"SOURCE","label":"DBConnection_SRC","description":"","uiProperties":{"cnxtype":"Amazon Redshift v2","connectionParameterized":"true","paramName":"DBConnection_SRC","paramLabel":"","paramType-mapping":"Connection","logcnx":"DBConnection_SRC","isSelectDistinct":"false","objectParameterized":"false","visible":"false","originalPath":"SQ_ClaimSummaryStats_stg"},"sourceConnectionId":"@kz9Es8IGoicjZNLnrhio0E","sourceObject":"DUMMY_SQ_ClaimSummaryStats_stg","newFlatFile":false,"newObject":false,"showBusinessNames":true,"naturalOrder":true,"truncateTarget":false,"bulkApiDBTarget":false,"customFuncCfg":{"@type":"customFuncConfig","id":-1,"connections":[],"inputMap":[],"outputFields":[]},"targetRefsV2":{},"targetUpdateColumns":[],"runtimeAttrs":{},"isRESTModernSource":true,"customQuery":"SELECT ClaimSummaryStats_stg.ReportPeriod, ClaimSummaryStats_stg.PolicyNumber, ClaimSummaryStats_stg.PolicyVersion, ClaimSummaryStats_stg.PolicyRef, ClaimSummaryStats_stg.LineCd, ClaimSummaryStats_stg.RiskCd, ClaimSummaryStats_stg.CoverageCd, ClaimSummaryStats_stg.ClaimNumber, ClaimSummaryStats_stg.ClaimRef, ClaimSummaryStats_stg.ClaimantCd, ClaimSummaryStats_stg.FeatureCd, ClaimSummaryStats_stg.ReserveCd, ClaimSummaryStats_stg.ReserveTypeCd, ClaimSummaryStats_stg.EffectiveDt, ClaimSummaryStats_stg.AnnualStatementLineCd, ClaimSummaryStats_stg.StateCd, ClaimSummaryStats_stg.LitigationInd, ClaimSummaryStats_stg.LossDt, ClaimSummaryStats_stg.ReportDt, ClaimSummaryStats_stg.FirstClosedDt, ClaimSummaryStats_stg.OpenedDt, ClaimSummaryStats_stg.ClosedDt, ClaimSummaryStats_stg.DenialDt, ClaimSummaryStats_stg.FirstIndemnityPaymentDt, ClaimSummaryStats_stg.MTDReserveChangeAmt, ClaimSummaryStats_stg.OutstandingAmt, ClaimSummaryStats_stg.MTDPaidAmt, ClaimSummaryStats_stg.MTDPostedRecoveryAmt, ClaimSummaryStats_stg.LossCauseCd, ClaimSummaryStats_stg.ClaimStatusCd, ClaimSummaryStats_stg.CatastropheNumber, ClaimSummaryStats_stg.RecordOnly, ClaimSummaryStats_stg.ExaminerProviderCd, ClaimSummaryStats_stg.MajorPerilCd, ClaimSummaryStats_stg.ClaimantTransactionCd, ClaimSummaryStats_stg.AdjusterProviderCd, ClaimSummaryStats_stg.StatLineCd, ClaimSummaryStats_stg.ClassificationCd \nFROM\n dbo.ClaimSummaryStats_stg","isFileList":false,"handleSpecialChars":false,"handleDecimalRoundOff":false,"frsAsset":false,"dynamicFileName":false,"excludeDynamicFileNameField":false,"currentlyProcessedFileName":false,"retainFieldMetadata":false,"objectName":"DUMMY_SQ_ClaimSummaryStats_stg","useExactSrcNames":false,"fetchMode":"ORIGINAL","tgtObjectAttributes":{},"runtimeParameterData":{"@type":"mtTaskRuntimeParameterData","isConnectionRuntimeParameter":true,"isObjectRuntimeParameter":false,"connectionParameterName":"DBConnection_SRC"},"overridableProperties":[],"overriddenFields":[]},{"@type":"mtTaskParameter","id":91166210,"name":"$ClaimReserves$","type":"TARGET","label":"DBConnection_TGT","description":"","uiProperties":{"cnxtype":"Amazon Redshift v2","connectionParameterized":"true","paramName":"DBConnection_TGT","paramLabel":"","paramType-mapping":"Connection","logcnx":"DBConnection_TGT","default":"dbo/claimreserves","objectParameterized":"false","visible":"false","defaultTargetUpdateColumns":"","supportApplyDDLChanges":"false","originalPath":"ClaimReserves"},"targetConnectionId":"@kz9Es8IGoicjZNLnrhio0E","targetObject":"dbo/claimreserves","targetObjectLabel":"claimreserves","newFlatFile":false,"newObject":false,"showBusinessNames":true,"naturalOrder":true,"truncateTarget":false,"bulkApiDBTarget":false,"operationType":"Insert","customFuncCfg":{"@type":"customFuncConfig","id":-1,"connections":[],"inputMap":[],"outputFields":[]},"targetRefsV2":{},"targetUpdateColumns":[],"extendedObject":{"@type":"extendedObject","singleMode":true,"filters":[],"sortFields":[]},"runtimeAttrs":{},"isRESTModernSource":true,"isFileList":false,"handleSpecialChars":false,"handleDecimalRoundOff":false,"frsAsset":false,"dynamicFileName":false,"excludeDynamicFileNameField":false,"currentlyProcessedFileName":false,"retainFieldMetadata":false,"objectName":"dbo/claimreserves","objectLabel":"claimreserves","useExactSrcNames":false,"fetchMode":"ORIGINAL","tgtObjectAttributes":{},"runtimeParameterData":{"@type":"mtTaskRuntimeParameterData","isConnectionRuntimeParameter":true,"isObjectRuntimeParameter":false,"connectionParameterName":"DBConnection_TGT"},"overridableProperties":[],"targetSchemaProviderType":"SELECTED_OBJECT","overriddenFields":[]},{"@type":"mtTaskParameter","id":91166211,"name":"$LKPTRANS$","type":"LOOKUP","label":"DBConnection_TGT","description":"","uiProperties":{"cnxtype":"Amazon Redshift v2","connectionParameterized":"true","paramName":"DBConnection_TGT","paramLabel":"","paramType-mapping":"Connection","logcnx":"DBConnection_TGT","isCachedLookup":"true","multipleMatchPolicy":"Use Any Value","default":"dbo/policydetail","objectParameterized":"false","visible":"false","originalPath":"LKPTRANS"},"lookupConnectionId":"@kz9Es8IGoicjZNLnrhio0E","lookupObject":"dbo/policydetail","lookupObjectLabel":"policydetail","newFlatFile":false,"newObject":false,"showBusinessNames":true,"naturalOrder":true,"truncateTarget":false,"bulkApiDBTarget":false,"customFuncCfg":{"@type":"customFuncConfig","id":-1,"connections":[],"inputMap":[],"outputFields":[]},"targetRefsV2":{},"targetUpdateColumns":[],"runtimeAttrs":{"Cache File Name Prefix":"","Lookup Index Cache Size":" 1GB","Lookup Data Filter":"","Optional":"true","Lookup cache persistent":"false","Lookup source is static":"false","Update Dynamic Cache Condition":"TRUE","Case Sensitive String Comparison":"false","Use Lookup Field Default Value":"false","Re-cache from lookup source":"false","Insert Else Update":"false","Lookup caching enabled":"true","Lookup Data Cache Size":"1GB","Tracing Level":"Normal","Sorted Input":"false","Lookup cache directory name":"$PMCacheDir","Output Old Value On Update":"false","Dynamic Lookup Cache":"false","Pre-build lookup cache":"AUTO","Null ordering":""},"isRESTModernSource":true,"isFileList":false,"handleSpecialChars":false,"handleDecimalRoundOff":false,"frsAsset":false,"dynamicFileName":false,"excludeDynamicFileNameField":false,"currentlyProcessedFileName":false,"retainFieldMetadata":false,"objectName":"dbo/policydetail","objectLabel":"policydetail","useExactSrcNames":false,"fetchMode":"ORIGINAL","tgtObjectAttributes":{},"runtimeParameterData":{"@type":"mtTaskRuntimeParameterData","isConnectionRuntimeParameter":true,"isObjectRuntimeParameter":false,"connectionParameterName":"DBConnection_TGT"},"overridableProperties":[],"overriddenFields":[]},{"@type":"mtTaskParameter","id":91166212,"name":"$LKP_Claimdetail$","type":"LOOKUP","label":"DBConnection_TGT","description":"","uiProperties":{"cnxtype":"Amazon Redshift v2","connectionParameterized":"true","paramName":"DBConnection_TGT","paramLabel":"","paramType-mapping":"Connection","logcnx":"DBConnection_TGT","isCachedLookup":"true","multipleMatchPolicy":"Use Any Value","default":"dbo/claimdetail","objectParameterized":"false","visible":"false","originalPath":"LKP_Claimdetail"},"lookupConnectionId":"@kz9Es8IGoicjZNLnrhio0E","lookupObject":"dbo/claimdetail","lookupObjectLabel":"claimdetail","newFlatFile":false,"newObject":false,"showBusinessNames":true,"naturalOrder":true,"truncateTarget":false,"bulkApiDBTarget":false,"customFuncCfg":{"@type":"customFuncConfig","id":-1,"connections":[],"inputMap":[],"outputFields":[]},"targetRefsV2":{},"targetUpdateColumns":[],"runtimeAttrs":{"Cache File Name Prefix":"","Lookup Index Cache Size":"AUTO","Lookup Data Filter":"","Optional":"true","Lookup cache persistent":"false","Lookup source is static":"false","Update Dynamic Cache Condition":"TRUE","Case Sensitive String Comparison":"false","Re-cache from lookup source":"false","Insert Else Update":"false","Lookup caching enabled":"true","Lookup Data Cache Size":"AUTO","Tracing Level":"Normal","Sorted Input":"false","Lookup cache directory name":"$PMCacheDir","Output Old Value On Update":"false","Dynamic Lookup Cache":"false","Pre-build lookup cache":"AUTO","Null ordering":""},"isRESTModernSource":true,"isFileList":false,"handleSpecialChars":false,"handleDecimalRoundOff":false,"frsAsset":false,"dynamicFileName":false,"excludeDynamicFileNameField":false,"currentlyProcessedFileName":false,"retainFieldMetadata":false,"objectName":"dbo/claimdetail","objectLabel":"claimdetail","useExactSrcNames":false,"fetchMode":"ORIGINAL","tgtObjectAttributes":{},"runtimeParameterData":{"@type":"mtTaskRuntimeParameterData","isConnectionRuntimeParameter":true,"isObjectRuntimeParameter":false,"connectionParameterName":"DBConnection_TGT"},"overridableProperties":[],"overriddenFields":[]},{"@type":"mtTaskParameter","id":91166213,"name":"$LKP_LOBRef$","type":"LOOKUP","label":"DBConnection_TGT","description":"","uiProperties":{"cnxtype":"Amazon Redshift v2","connectionParameterized":"true","paramName":"DBConnection_TGT","paramLabel":"","paramType-mapping":"Connection","logcnx":"DBConnection_TGT","isCachedLookup":"true","multipleMatchPolicy":"Use Any Value","default":"dbo/lob_ref","objectParameterized":"false","visible":"false","originalPath":"LKP_LOBRef"},"lookupConnectionId":"@kz9Es8IGoicjZNLnrhio0E","lookupObject":"dbo/lob_ref","lookupObjectLabel":"lob_ref","newFlatFile":false,"newObject":false,"showBusinessNames":true,"naturalOrder":true,"truncateTarget":false,"bulkApiDBTarget":false,"customFuncCfg":{"@type":"customFuncConfig","id":-1,"connections":[],"inputMap":[],"outputFields":[]},"targetRefsV2":{},"targetUpdateColumns":[],"runtimeAttrs":{"Cache File Name Prefix":"","Lookup Index Cache Size":"AUTO","Lookup Data Filter":"","Optional":"true","Lookup cache persistent":"false","Lookup source is static":"false","Update Dynamic Cache Condition":"TRUE","Case Sensitive String Comparison":"false","Re-cache from lookup source":"false","Insert Else Update":"false","Lookup caching enabled":"true","Lookup Data Cache Size":"AUTO","Tracing Level":"Normal","Sorted Input":"false","Lookup cache directory name":"$PMCacheDir","Output Old Value On Update":"false","Dynamic Lookup Cache":"false","Pre-build lookup cache":"AUTO","Null ordering":""},"isRESTModernSource":true,"isFileList":false,"handleSpecialChars":false,"handleDecimalRoundOff":false,"frsAsset":false,"dynamicFileName":false,"excludeDynamicFileNameField":false,"currentlyProcessedFileName":false,"retainFieldMetadata":false,"objectName":"dbo/lob_ref","objectLabel":"lob_ref","useExactSrcNames":false,"fetchMode":"ORIGINAL","tgtObjectAttributes":{},"runtimeParameterData":{"@type":"mtTaskRuntimeParameterData","isConnectionRuntimeParameter":true,"isObjectRuntimeParameter":false,"connectionParameterName":"DBConnection_TGT"},"overridableProperties":[],"overriddenFields":[]},{"@type":"mtTaskParameter","id":91166214,"name":"$lkp_Loss_Coverage_Type$","type":"LOOKUP","label":"DBConnection_TGT","description":"","uiProperties":{"cnxtype":"Amazon Redshift v2","connectionParameterized":"true","paramName":"DBConnection_TGT","paramLabel":"","paramType-mapping":"Connection","logcnx":"DBConnection_TGT","isCachedLookup":"true","multipleMatchPolicy":"Use Any Value","default":"dbo/lkp_loss_coverage_type","objectParameterized":"false","visible":"false","originalPath":"lkp_Loss_Coverage_Type"},"lookupConnectionId":"@kz9Es8IGoicjZNLnrhio0E","lookupObject":"dbo/lkp_loss_coverage_type","lookupObjectLabel":"lkp_loss_coverage_type","newFlatFile":false,"newObject":false,"showBusinessNames":true,"naturalOrder":true,"truncateTarget":false,"bulkApiDBTarget":false,"customFuncCfg":{"@type":"customFuncConfig","id":-1,"connections":[],"inputMap":[],"outputFields":[]},"targetRefsV2":{},"targetUpdateColumns":[],"runtimeAttrs":{"Cache File Name Prefix":"","Lookup Index Cache Size":"AUTO","Lookup Data Filter":"","Optional":"true","Lookup cache persistent":"false","Lookup source is static":"false","Update Dynamic Cache Condition":"TRUE","Case Sensitive String Comparison":"false","Re-cache from lookup source":"false","Insert Else Update":"false","Lookup caching enabled":"true","Lookup Data Cache Size":"AUTO","Tracing Level":"Normal","Sorted Input":"false","Lookup cache directory name":"$PMCacheDir","Output Old Value On Update":"false","Dynamic Lookup Cache":"false","Pre-build lookup cache":"AUTO","Null ordering":""},"isRESTModernSource":true,"isFileList":false,"handleSpecialChars":false,"handleDecimalRoundOff":false,"frsAsset":false,"dynamicFileName":false,"excludeDynamicFileNameField":false,"currentlyProcessedFileName":false,"retainFieldMetadata":false,"objectName":"dbo/lkp_loss_coverage_type","objectLabel":"lkp_loss_coverage_type","useExactSrcNames":false,"fetchMode":"ORIGINAL","tgtObjectAttributes":{},"runtimeParameterData":{"@type":"mtTaskRuntimeParameterData","isConnectionRuntimeParameter":true,"isObjectRuntimeParameter":false,"connectionParameterName":"DBConnection_TGT"},"overridableProperties":[],"overriddenFields":[]},{"@type":"mtTaskParameter","id":91166215,"name":"$lkp_Loss_Coverage_Type_no_covercd$","type":"LOOKUP","label":"DBConnection_TGT","description":"","uiProperties":{"cnxtype":"Amazon Redshift v2","connectionParameterized":"true","paramName":"DBConnection_TGT","paramLabel":"","paramType-mapping":"Connection","logcnx":"DBConnection_TGT","isCachedLookup":"true","multipleMatchPolicy":"Use Any Value","default":"dbo/lkp_loss_coverage_type","objectParameterized":"false","visible":"false","originalPath":"lkp_Loss_Coverage_Type_no_covercd"},"lookupConnectionId":"@kz9Es8IGoicjZNLnrhio0E","lookupObject":"dbo/lkp_loss_coverage_type","lookupObjectLabel":"lkp_loss_coverage_type","newFlatFile":false,"newObject":false,"showBusinessNames":true,"naturalOrder":true,"truncateTarget":false,"bulkApiDBTarget":false,"customFuncCfg":{"@type":"customFuncConfig","id":-1,"connections":[],"inputMap":[],"outputFields":[]},"targetRefsV2":{},"targetUpdateColumns":[],"runtimeAttrs":{"Cache File Name Prefix":"","Lookup Index Cache Size":"AUTO","Lookup Data Filter":"","Optional":"true","Lookup cache persistent":"false","Lookup source is static":"false","Update Dynamic Cache Condition":"TRUE","Case Sensitive String Comparison":"false","Re-cache from lookup source":"false","Insert Else Update":"false","Lookup caching enabled":"true","Lookup Data Cache Size":"AUTO","Tracing Level":"Normal","Sorted Input":"false","Lookup cache directory name":"$PMCacheDir","Output Old Value On Update":"false","Dynamic Lookup Cache":"false","Pre-build lookup cache":"AUTO","Null ordering":""},"isRESTModernSource":true,"isFileList":false,"handleSpecialChars":false,"handleDecimalRoundOff":false,"frsAsset":false,"dynamicFileName":false,"excludeDynamicFileNameField":false,"currentlyProcessedFileName":false,"retainFieldMetadata":false,"objectName":"dbo/lkp_loss_coverage_type","objectLabel":"lkp_loss_coverage_type","useExactSrcNames":false,"fetchMode":"ORIGINAL","tgtObjectAttributes":{},"runtimeParameterData":{"@type":"mtTaskRuntimeParameterData","isConnectionRuntimeParameter":true,"isObjectRuntimeParameter":false,"connectionParameterName":"DBConnection_TGT"},"overridableProperties":[],"overriddenFields":[]},{"@type":"mtTaskParameter","id":91166216,"name":"$lkp_Loss_Coverage_Type_no_losscause$","type":"LOOKUP","label":"DBConnection_TGT","description":"","uiProperties":{"cnxtype":"Amazon Redshift v2","connectionParameterized":"true","paramName":"DBConnection_TGT","paramLabel":"","paramType-mapping":"Connection","logcnx":"DBConnection_TGT","isCachedLookup":"true","multipleMatchPolicy":"Use Any Value","default":"dbo/lkp_loss_coverage_type","objectParameterized":"false","visible":"false","originalPath":"lkp_Loss_Coverage_Type_no_losscause"},"lookupConnectionId":"@kz9Es8IGoicjZNLnrhio0E","lookupObject":"dbo/lkp_loss_coverage_type","lookupObjectLabel":"lkp_loss_coverage_type","newFlatFile":false,"newObject":false,"showBusinessNames":true,"naturalOrder":true,"truncateTarget":false,"bulkApiDBTarget":false,"customFuncCfg":{"@type":"customFuncConfig","id":-1,"connections":[],"inputMap":[],"outputFields":[]},"targetRefsV2":{},"targetUpdateColumns":[],"runtimeAttrs":{"Cache File Name Prefix":"","Lookup Index Cache Size":"AUTO","Lookup Data Filter":"","Optional":"true","Lookup cache persistent":"false","Lookup source is static":"false","Update Dynamic Cache Condition":"TRUE","Case Sensitive String Comparison":"false","Re-cache from lookup source":"false","Insert Else Update":"false","Lookup caching enabled":"true","Lookup Data Cache Size":"AUTO","Tracing Level":"Normal","Sorted Input":"false","Lookup cache directory name":"$PMCacheDir","Output Old Value On Update":"false","Dynamic Lookup Cache":"false","Pre-build lookup cache":"AUTO","Null ordering":""},"isRESTModernSource":true,"isFileList":false,"handleSpecialChars":false,"handleDecimalRoundOff":false,"frsAsset":false,"dynamicFileName":false,"excludeDynamicFileNameField":false,"currentlyProcessedFileName":false,"retainFieldMetadata":false,"objectName":"dbo/lkp_loss_coverage_type","objectLabel":"lkp_loss_coverage_type","useExactSrcNames":false,"fetchMode":"ORIGINAL","tgtObjectAttributes":{},"runtimeParameterData":{"@type":"mtTaskRuntimeParameterData","isConnectionRuntimeParameter":true,"isObjectRuntimeParameter":false,"connectionParameterName":"DBConnection_TGT"},"overridableProperties":[],"overriddenFields":[]},{"@type":"mtTaskParameter","id":91166217,"name":"$lkp_Loss_Coverage_Type_no_losscauseand_nocover$","type":"LOOKUP","label":"DBConnection_TGT","description":"","uiProperties":{"cnxtype":"Amazon Redshift v2","connectionParameterized":"true","paramName":"DBConnection_TGT","paramLabel":"","paramType-mapping":"Connection","logcnx":"DBConnection_TGT","isCachedLookup":"true","multipleMatchPolicy":"Use Any Value","default":"dbo/lkp_loss_coverage_type","objectParameterized":"false","visible":"false","originalPath":"lkp_Loss_Coverage_Type_no_losscauseand_nocover"},"lookupConnectionId":"@kz9Es8IGoicjZNLnrhio0E","lookupObject":"dbo/lkp_loss_coverage_type","lookupObjectLabel":"lkp_loss_coverage_type","newFlatFile":false,"newObject":false,"showBusinessNames":true,"naturalOrder":true,"truncateTarget":false,"bulkApiDBTarget":false,"customFuncCfg":{"@type":"customFuncConfig","id":-1,"connections":[],"inputMap":[],"outputFields":[]},"targetRefsV2":{},"targetUpdateColumns":[],"runtimeAttrs":{"Cache File Name Prefix":"","Lookup Index Cache Size":"AUTO","Lookup Data Filter":"","Optional":"true","Lookup cache persistent":"false","Lookup source is static":"false","Update Dynamic Cache Condition":"TRUE","Case Sensitive String Comparison":"false","Re-cache from lookup source":"false","Insert Else Update":"false","Lookup caching enabled":"true","Lookup Data Cache Size":"AUTO","Tracing Level":"Normal","Sorted Input":"false","Lookup cache directory name":"$PMCacheDir","Output Old Value On Update":"false","Dynamic Lookup Cache":"false","Pre-build lookup cache":"AUTO","Null ordering":""},"isRESTModernSource":true,"isFileList":false,"handleSpecialChars":false,"handleDecimalRoundOff":false,"frsAsset":false,"dynamicFileName":false,"excludeDynamicFileNameField":false,"currentlyProcessedFileName":false,"retainFieldMetadata":false,"objectName":"dbo/lkp_loss_coverage_type","objectLabel":"lkp_loss_coverage_type","useExactSrcNames":false,"fetchMode":"ORIGINAL","tgtObjectAttributes":{},"runtimeParameterData":{"@type":"mtTaskRuntimeParameterData","isConnectionRuntimeParameter":true,"isObjectRuntimeParameter":false,"connectionParameterName":"DBConnection_TGT"},"overridableProperties":[],"overriddenFields":[]},{"@type":"mtTaskParameter","id":91166218,"name":"$lkp_coverageId$","type":"LOOKUP","label":"DBConnection_TGT","description":"","uiProperties":{"cnxtype":"Amazon Redshift v2","connectionParameterized":"true","paramName":"DBConnection_TGT","paramLabel":"","paramType-mapping":"Connection","logcnx":"DBConnection_TGT","isCachedLookup":"true","multipleMatchPolicy":"Use Any Value","objectParameterized":"false","visible":"false","originalPath":"lkp_coverageId"},"lookupConnectionId":"@kz9Es8IGoicjZNLnrhio0E","lookupObject":"DUMMY_lkp_coverageId","newFlatFile":false,"newObject":false,"showBusinessNames":true,"naturalOrder":true,"truncateTarget":false,"bulkApiDBTarget":false,"customFuncCfg":{"@type":"customFuncConfig","id":-1,"connections":[],"inputMap":[],"outputFields":[]},"targetRefsV2":{},"targetUpdateColumns":[],"runtimeAttrs":{"Cache File Name Prefix":"","Lookup Index Cache Size":" 1GB","Lookup Data Filter":"","Optional":"true","Lookup cache persistent":"false","Lookup source is static":"false","Update Dynamic Cache Condition":"TRUE","Case Sensitive String Comparison":"false","Use Lookup Field Default Value":"false","Re-cache from lookup source":"false","Insert Else Update":"false","Lookup caching enabled":"true","Lookup Data Cache Size":" 1GB","Tracing Level":"Normal","Sorted Input":"false","Lookup cache directory name":"$PMCacheDir","Output Old Value On Update":"false","Dynamic Lookup Cache":"false","Pre-build lookup cache":"AUTO","Null ordering":""},"isRESTModernSource":true,"customQuery":"SELECT DISTINCT Coverage.CoverageId as CoverageId, \nCoverage.CoverageSystemId  as CoverageSystemId, \nCoverage.PolicyKey as PolicyKey, \nCoverage.CoverageCd as CoverageCd \nFROM dbo.Coverage\nJOIN dbo.claimsummarystats_stg cs \nON Coverage.CoverageSystemId = cs.policyref \nWHERE Coverage.RowEffEndDt = '9999-12-31'","isFileList":false,"handleSpecialChars":false,"handleDecimalRoundOff":false,"frsAsset":false,"dynamicFileName":false,"excludeDynamicFileNameField":false,"currentlyProcessedFileName":false,"retainFieldMetadata":false,"objectName":"DUMMY_lkp_coverageId","useExactSrcNames":false,"fetchMode":"ORIGINAL","tgtObjectAttributes":{},"runtimeParameterData":{"@type":"mtTaskRuntimeParameterData","isConnectionRuntimeParameter":true,"isObjectRuntimeParameter":false,"connectionParameterName":"DBConnection_TGT"},"overridableProperties":[],"overriddenFields":[]},{"@type":"mtTaskParameter","id":91166219,"name":"$lkp_featureId$","type":"LOOKUP","label":"DBConnection_TGT","description":"","uiProperties":{"cnxtype":"Amazon Redshift v2","connectionParameterized":"true","paramName":"DBConnection_TGT","paramLabel":"","paramType-mapping":"Connection","logcnx":"DBConnection_TGT","isCachedLookup":"true","multipleMatchPolicy":"Use Any Value","default":"dbo/feature","objectParameterized":"false","visible":"false","originalPath":"lkp_featureId"},"lookupConnectionId":"@kz9Es8IGoicjZNLnrhio0E","lookupObject":"dbo/feature","lookupObjectLabel":"feature","newFlatFile":false,"newObject":false,"showBusinessNames":true,"naturalOrder":true,"truncateTarget":false,"bulkApiDBTarget":false,"customFuncCfg":{"@type":"customFuncConfig","id":-1,"connections":[],"inputMap":[],"outputFields":[]},"targetRefsV2":{},"targetUpdateColumns":[],"runtimeAttrs":{"Cache File Name Prefix":"","Lookup Index Cache Size":" 1GB","Lookup Data Filter":"","Optional":"true","Lookup cache persistent":"false","Lookup source is static":"false","Update Dynamic Cache Condition":"TRUE","Case Sensitive String Comparison":"false","Use Lookup Field Default Value":"false","Re-cache from lookup source":"false","Insert Else Update":"false","Lookup caching enabled":"true","Lookup Data Cache Size":" 1GB","Tracing Level":"Normal","Sorted Input":"false","Lookup cache directory name":"$PMCacheDir","Output Old Value On Update":"false","Dynamic Lookup Cache":"false","Pre-build lookup cache":"AUTO","Null ordering":""},"isRESTModernSource":true,"isFileList":false,"handleSpecialChars":false,"handleDecimalRoundOff":false,"frsAsset":false,"dynamicFileName":false,"excludeDynamicFileNameField":false,"currentlyProcessedFileName":false,"retainFieldMetadata":false,"objectName":"dbo/feature","objectLabel":"feature","useExactSrcNames":false,"fetchMode":"ORIGINAL","tgtObjectAttributes":{},"runtimeParameterData":{"@type":"mtTaskRuntimeParameterData","isConnectionRuntimeParameter":true,"isObjectRuntimeParameter":false,"connectionParameterName":"DBConnection_TGT"},"overridableProperties":[],"overriddenFields":[]},{"@type":"mtTaskParameter","id":91166220,"name":"$lkp_riskid$","type":"LOOKUP","label":"DBConnection_TGT","description":"","uiProperties":{"cnxtype":"Amazon Redshift v2","connectionParameterized":"true","paramName":"DBConnection_TGT","paramLabel":"","paramType-mapping":"Connection","logcnx":"DBConnection_TGT","isCachedLookup":"true","multipleMatchPolicy":"Use Any Value","objectParameterized":"false","visible":"false","originalPath":"lkp_riskid"},"lookupConnectionId":"@kz9Es8IGoicjZNLnrhio0E","lookupObject":"DUMMY_lkp_riskid","newFlatFile":false,"newObject":false,"showBusinessNames":true,"naturalOrder":true,"truncateTarget":false,"bulkApiDBTarget":false,"customFuncCfg":{"@type":"customFuncConfig","id":-1,"connections":[],"inputMap":[],"outputFields":[]},"targetRefsV2":{},"targetUpdateColumns":[],"runtimeAttrs":{"Cache File Name Prefix":"","Lookup Index Cache Size":" 1GB","Lookup Data Filter":"","Optional":"true","Lookup cache persistent":"false","Lookup source is static":"false","Update Dynamic Cache Condition":"TRUE","Case Sensitive String Comparison":"false","Use Lookup Field Default Value":"false","Re-cache from lookup source":"false","Insert Else Update":"false","Lookup caching enabled":"true","Lookup Data Cache Size":" 1GB","Tracing Level":"Normal","Sorted Input":"false","Lookup cache directory name":"$PMCacheDir","Output Old Value On Update":"false","Dynamic Lookup Cache":"false","Pre-build lookup cache":"AUTO","Null ordering":""},"isRESTModernSource":true,"customQuery":"SELECT DISTINCT Risk.RiskId as RiskId, \nRisk.PolicyKey as PolicyKey, \nRisk.RiskSystemId as RiskSystemId, \nRisk.BulidingNumber as BulidingNumber \nFROM dbo.Risk\nJOIN dbo.claimsummarystats_stg cs \nON Risk.RiskSystemId = cs.policyref \nWHERE Risk.RowEffEndDt = '9999-12-31'","isFileList":false,"handleSpecialChars":false,"handleDecimalRoundOff":false,"frsAsset":false,"dynamicFileName":false,"excludeDynamicFileNameField":false,"currentlyProcessedFileName":false,"retainFieldMetadata":false,"objectName":"DUMMY_lkp_riskid","useExactSrcNames":false,"fetchMode":"ORIGINAL","tgtObjectAttributes":{},"runtimeParameterData":{"@type":"mtTaskRuntimeParameterData","isConnectionRuntimeParameter":true,"isObjectRuntimeParameter":false,"connectionParameterName":"DBConnection_TGT"},"overridableProperties":[],"overriddenFields":[]},{"@type":"mtTaskParameter","id":91166221,"name":"$lkp_riskid1$","type":"LOOKUP","label":"DBConnection_TGT","description":"","uiProperties":{"cnxtype":"Amazon Redshift v2","connectionParameterized":"true","paramName":"DBConnection_TGT","paramLabel":"","paramType-mapping":"Connection","logcnx":"DBConnection_TGT","isCachedLookup":"true","multipleMatchPolicy":"Use Any Value","objectParameterized":"false","visible":"false","originalPath":"lkp_riskid1"},"lookupConnectionId":"@kz9Es8IGoicjZNLnrhio0E","lookupObject":"DUMMY_lkp_riskid1","newFlatFile":false,"newObject":false,"showBusinessNames":true,"naturalOrder":true,"truncateTarget":false,"bulkApiDBTarget":false,"customFuncCfg":{"@type":"customFuncConfig","id":-1,"connections":[],"inputMap":[],"outputFields":[]},"targetRefsV2":{},"targetUpdateColumns":[],"runtimeAttrs":{"Cache File Name Prefix":"","Lookup Index Cache Size":"1GB","Lookup Data Filter":"","Optional":"true","Lookup cache persistent":"false","Lookup source is static":"false","Update Dynamic Cache Condition":"TRUE","Case Sensitive String Comparison":"false","Use Lookup Field Default Value":"false","Re-cache from lookup source":"false","Insert Else Update":"false","Lookup caching enabled":"true","Lookup Data Cache Size":" 1GB","Tracing Level":"Normal","Sorted Input":"false","Lookup cache directory name":"$PMCacheDir","Output Old Value On Update":"false","Dynamic Lookup Cache":"false","Pre-build lookup cache":"AUTO","Null ordering":""},"isRESTModernSource":true,"customQuery":"SELECT DISTINCT Risk.RiskId as RiskId, \nRisk.PolicyKey as PolicyKey, \nRisk.RiskSystemId as RiskSystemId \nFROM dbo.Risk \nJOIN dbo.claimsummarystats_stg cs \nON Risk.RiskSystemId = cs.policyref \nwhere RowEffEndDt='9999-12-31 00:00:00.000'","isFileList":false,"handleSpecialChars":false,"handleDecimalRoundOff":false,"frsAsset":false,"dynamicFileName":false,"excludeDynamicFileNameField":false,"currentlyProcessedFileName":false,"retainFieldMetadata":false,"objectName":"DUMMY_lkp_riskid1","useExactSrcNames":false,"fetchMode":"ORIGINAL","tgtObjectAttributes":{},"runtimeParameterData":{"@type":"mtTaskRuntimeParameterData","isConnectionRuntimeParameter":true,"isObjectRuntimeParameter":false,"connectionParameterName":"DBConnection_TGT"},"overridableProperties":[],"overriddenFields":[]}],"sequences":[],"inOutParameters":[],"connRuntimeAttrs":[]}]