[{"@type":"mtTask","id":"@1","name":"s_m_Load_Location_stg_from_Location","description":"Session pushed from PC to ICS : s_m_Load_Location_stg_from_Location","runtimeEnvironmentId":"@3pADNCV9u0PcgrXjM7rx0t","maxLogs":10,"verbose":false,"lastRunTime":1732715167000,"mappingId":"@9YhBfhGGrEKgEj1MtBKXGM","frsGuid":"1v1w5qJC7pagCus3AOm76K","shortDescription":"Session pushed from PC to ICS : s_m_Load_Location_...","sessionPropertiesList":[{"name":"Allow Temporary Sequence for Pushdown","value":"NO","recommended":false},{"name":"Allow Temporary View for Pushdown","value":"NO","recommended":false},{"name":"Data Column Delimiter","value":"|","recommended":false},{"name":"Error Log File Name","value":"PMError.log","recommended":false},{"name":"Override tracing","value":"Normal","recommended":false},{"name":"Pushdown Optimization","value":"None","recommended":false},{"name":"Pushdown Optimization Context","value":"None","recommended":false},{"name":"Pushdown Optimization Fallback Option","value":"Partial PDO","recommended":false},{"name":"Stop on errors","value":"1","recommended":false}],"hidden":false,"enableCrossSchemaPushdown":false,"enableParallelRun":false,"autoTunedApplied":false,"autoTunedAppliedType":"NONE","parameterFileName":"Andover_Param_GW.param","parameterFileDir":"$PMRootDir/andover/parameters","paramFileType":"PARAM_FILE_LOCAL","schemaMode":"async","valid":true,"schemaValidationErrorCount":-1,"serverlessProperties":{},"taskProperties":[{"@type":"taskProperty","name":"parameterFileDir","currentValue":"$PMRootDir/andover/parameters","type":"STRING","label":"label.parameterFileDir","required":false},{"@type":"taskProperty","name":"parameterFileName","currentValue":"Andover_Param_GW.param","type":"STRING","label":"label.parameterFileName","required":false},{"@type":"taskProperty","name":"outboundMessageUrlQueueTime","currentValue":"","type":"NUMBER","label":"label.outboundMessageUrlQueueTime","required":false},{"@type":"taskProperty","name":"outboundMessageUrlToken","currentValue":"","type":"STRING","label":"label.outboundMessageUrlToken","required":false}],"jobPriority":"MEDIUM","optimizationPlan":"NONE","isMidstreamPreview":false,"parameters":[{"@type":"mtTaskParameter","id":104091356,"name":"$Src_O_location$","type":"SOURCE","label":"DBConnection_SRCM","description":"","uiProperties":{"cnxtype":"MySQL","connectionParameterized":"true","paramName":"DBConnection_SRCM","paramLabel":"","paramType-mapping":"Connection","logcnx":"DBConnection_SRCM","isSelectDistinct":"false","objectParameterized":"false","visible":"false","originalPath":"Src_O_location"},"sourceConnectionId":"@jPo49nVatmzbSnPefVZwCV","sourceObject":"DUMMY_Src_O_location","newFlatFile":false,"newObject":false,"showBusinessNames":true,"naturalOrder":true,"truncateTarget":false,"bulkApiDBTarget":false,"customFuncCfg":{"@type":"customFuncConfig","id":-1,"connections":[],"inputMap":[],"outputFields":[]},"targetRefsV2":{},"targetUpdateColumns":[],"runtimeAttrs":{"Sql Override":"SELECT location.SystemId, location.ParentId, location.CMMContainer, location.Id, location.LocationTypeCd, location.LocationNumber, location.Status, location.LocationDesc, location.FutureStatusCd, location.PrimaryInd, location.ProductVersionIdRef, location.CoveredStateIdRef, location.ProtectionClass, location.CrimeTerritoryCd, location.TerritoryCd, location.FireTerritoryCd, location.InlandMarineTerritoryCd, location.LiabilityTerritoryCd, location.EQClass, location.EQZone, location.EQSubZone, location.EQTerritoryCd, location.PropertyTerritoryIICd, location.BusinessAutoTerritoryCd, location.UnderlyingCarrierName, location.UnderlyingPolicyTypeCd, location.UnderlyingPolicyNumber, location.UnderlyingPolicyEffectiveDt, location.UnderlyingPolicyExpirationDt, location.UnderlyingCSLOccurrenceLimit, location.UnderlyingBIOccurrenceLimit, location.UnderlyingBIPerPersonLimit, location.UnderlyingPDOccurrenceLimit, location.UnderlyingGLPolicyTypeCd, location.UnderlyingGLOccurrenceLimit, location.UnderlyingGLAggregateLimit, location.UnderlyingProductAggLimit, location.UnderlyingDamageToRentedLimit, location.UnderlyingMedicalExpenseLimit, location.UnderlyingPersonalAdvInjLimit, location.UnderlyingDiseasePerEmplLimit, location.UnderlyingELOccurrenceLimit, location.UnderlyingDiseasePolicyLimit, location.AddDt, location.RemoveDt, location.BasicGroup1, location.District, location.BasicGroup2, location.FireDepartment, location.EQCauseOfLossForm, location.SpecialCauseOfLoss, location.FloodCoverageApply, location.MultiplePropertiesCreditApply, location.IncreaseFireDepartmentLimit, location.MultipleBuildingsAsOneUnit, location.IncreaseLimitForNewLocation, location.BOPTerritoryCd, location.LegalDesc, location.RuralAddrInd, location.LocationDirections, location.GeoCodedLocation, location.BusinessOpsDetail, location.LegalCounty, location.RatingTown, location.Deductible, location.ForcedDeductible, location.InsideCityLimitsInd, location.EightMilesFireStationInd, location.FiveMilesCityLimitsInd, location.RespondingFDTransportInd, location.NBApprovedInd, location.ThousandFeetFireHydrantInd, location.ProofOfPaymentDuesInd, location.LegalDescFormat, location.DisplayProtectionClass, location.ProtectionId, location.ProtectionClass2, location.isUnlisted, location.UWFlag01, location.UWFlag02, location.UWFlag03, location.UWFlag04, location.LocationGeoSelected, location.SelectedProtectionClass, location.PrimaryMeridian, location.GeoCodeCounty, location.AllowPLSSDirty, location.Zone, location.LocationCounterNumber, location.WindHailDeductible, location.UnderlyingPolicyInd, location.PolicyLoadError, location.UnderlyingPolicyLoadedInd, location.UnderlyingQuoteOrAppInd, location.ExcludedInd, location.UnderlyingUMUIMPerPersonLimit, location.UnderlyingUMUIMOccurenceLimit, location.UnderlyingUMUIMCSLOccLimit, location.UnderlyingCombinedSingleLimit, location.UnderlyingLiabilityLimit, location.UnderlyingLimitType, location.NameOfTrust, location.NameOfTrustee, location.ResidencyName, location.UnderlyingPropPolicyType, location.LimitType, location.UnderlyingBOPPremium, location.LocationRemarks, location.ExcludedDeleteInd, location.NumVehiclesCovered, location.NumRecVehiclesCovered, location.NumWatercraftCovered,\n location.RiskDefinitionReview, location.RiskDefinitionNotes \nFROM\n location\nwhere  location.cmmcontainer='Policy'"},"isRESTModernSource":true,"customQuery":"SELECT distinct location.SystemId, location.ParentId, location.CMMContainer, location.Id, location.LocationTypeCd, location.LocationNumber, location.Status, location.LocationDesc, location.FutureStatusCd, location.PrimaryInd, location.ProductVersionIdRef, location.CoveredStateIdRef, location.ProtectionClass, location.CrimeTerritoryCd, location.TerritoryCd, location.FireTerritoryCd, location.InlandMarineTerritoryCd, location.LiabilityTerritoryCd, location.EQClass, location.EQZone, location.EQSubZone, location.EQTerritoryCd, location.PropertyTerritoryIICd, location.BusinessAutoTerritoryCd, location.UnderlyingCarrierName, location.UnderlyingPolicyTypeCd, location.UnderlyingPolicyNumber, location.UnderlyingPolicyEffectiveDt, location.UnderlyingPolicyExpirationDt, location.UnderlyingCSLOccurrenceLimit, location.UnderlyingBIOccurrenceLimit, location.UnderlyingBIPerPersonLimit, location.UnderlyingPDOccurrenceLimit, location.UnderlyingGLPolicyTypeCd, location.UnderlyingGLOccurrenceLimit, location.UnderlyingGLAggregateLimit, location.UnderlyingProductAggLimit, location.UnderlyingDamageToRentedLimit, location.UnderlyingMedicalExpenseLimit, location.UnderlyingPersonalAdvInjLimit, location.UnderlyingDiseasePerEmplLimit, location.UnderlyingELOccurrenceLimit, location.UnderlyingDiseasePolicyLimit, location.AddDt, location.RemoveDt, location.BasicGroup1, location.District, location.BasicGroup2, location.FireDepartment, location.EQCauseOfLossForm, location.SpecialCauseOfLoss, location.FloodCoverageApply, location.MultiplePropertiesCreditApply, location.IncreaseFireDepartmentLimit, location.MultipleBuildingsAsOneUnit, location.IncreaseLimitForNewLocation, location.BOPTerritoryCd, location.LegalDesc, location.RuralAddrInd, location.LocationDirections, location.GeoCodedLocation, location.BusinessOpsDetail, location.LegalCounty, location.RatingTown, location.Deductible, location.ForcedDeductible, location.InsideCityLimitsInd, location.EightMilesFireStationInd, location.FiveMilesCityLimitsInd, location.RespondingFDTransportInd, location.NBApprovedInd, location.ThousandFeetFireHydrantInd, location.ProofOfPaymentDuesInd, location.LegalDescFormat, location.DisplayProtectionClass, location.ProtectionId, location.ProtectionClass2, location.isUnlisted, location.UWFlag01, location.UWFlag02, location.UWFlag03, location.UWFlag04, location.LocationGeoSelected, location.SelectedProtectionClass, location.PrimaryMeridian, location.GeoCodeCounty, location.AllowPLSSDirty, location.Zone, location.LocationCounterNumber, location.WindHailDeductible, location.UnderlyingPolicyInd, location.PolicyLoadError, location.UnderlyingPolicyLoadedInd, location.UnderlyingQuoteOrAppInd, location.ExcludedInd, location.UnderlyingUMUIMPerPersonLimit, location.UnderlyingUMUIMOccurenceLimit, location.UnderlyingUMUIMCSLOccLimit, location.UnderlyingCombinedSingleLimit, location.UnderlyingLiabilityLimit, location.UnderlyingLimitType, location.NameOfTrust, location.NameOfTrustee, location.ResidencyName, location.UnderlyingPropPolicyType, location.LimitType, location.UnderlyingBOPPremium, location.LocationRemarks, location.ExcludedDeleteInd, location.NumVehiclesCovered, location.NumRecVehiclesCovered, location.NumWatercraftCovered, location.RiskDefinitionReview, location.RiskDefinitionNotes\nFROM\n location\nwhere systemid in (select SystemId from advrxxchangedbeans where concat(adddt,addtm)>='$$m_strtdt' and concat(adddt,addtm) <='$$m_Enddt' and\n cmmcontainer='Policy') and location.cmmcontainer='Policy'","isFileList":false,"handleSpecialChars":false,"handleDecimalRoundOff":false,"frsAsset":false,"dynamicFileName":false,"excludeDynamicFileNameField":false,"currentlyProcessedFileName":false,"retainFieldMetadata":false,"objectName":"DUMMY_Src_O_location","useExactSrcNames":false,"userUpdated":true,"fetchMode":"ORIGINAL","tgtObjectAttributes":{},"runtimeParameterData":{"@type":"mtTaskRuntimeParameterData","isConnectionRuntimeParameter":true,"isObjectRuntimeParameter":false,"connectionParameterName":"DBConnection_SRCM"},"overridableProperties":[],"overriddenFields":[]},{"@type":"mtTaskParameter","id":104091357,"name":"$Tgt_location_stg$","type":"TARGET","label":"DBConnection_TGT","description":"","uiProperties":{"cnxtype":"Amazon Redshift v2","connectionParameterized":"true","paramName":"DBConnection_TGT","paramLabel":"","paramType-mapping":"Connection","logcnx":"DBConnection_TGT","default":"dbo/location_stg","objectParameterized":"false","visible":"false","defaultTargetUpdateColumns":"","supportApplyDDLChanges":"false","originalPath":"Tgt_location_stg"},"targetConnectionId":"@aYZ4ekzHgIPeKpiaoqDLKP","targetObject":"dbo/location_stg","targetObjectLabel":"location_stg","newFlatFile":false,"newObject":false,"showBusinessNames":true,"naturalOrder":true,"truncateTarget":false,"bulkApiDBTarget":false,"operationType":"Insert","customFuncCfg":{"@type":"customFuncConfig","id":-1,"connections":[],"inputMap":[],"outputFields":[]},"targetRefsV2":{},"targetUpdateColumns":[],"extendedObject":{"@type":"extendedObject","singleMode":true,"filters":[],"sortFields":[]},"runtimeAttrs":{"Temporary Credential Duration":"7200"},"oprRuntimeAttrs":{"temporaryCredentialDuration":"7200"},"isRESTModernSource":true,"isFileList":false,"handleSpecialChars":false,"handleDecimalRoundOff":false,"frsAsset":false,"dynamicFileName":false,"excludeDynamicFileNameField":false,"currentlyProcessedFileName":false,"retainFieldMetadata":false,"objectName":"dbo/location_stg","objectLabel":"location_stg","useExactSrcNames":false,"userUpdated":true,"fetchMode":"ORIGINAL","tgtObjectAttributes":{},"runtimeParameterData":{"@type":"mtTaskRuntimeParameterData","isConnectionRuntimeParameter":true,"isObjectRuntimeParameter":false,"connectionParameterName":"DBConnection_TGT"},"overridableProperties":[],"overriddenFields":[]}],"sequences":[],"inOutParameters":[{"@type":"mtTaskInOutParameter","id":"-1","name":"m_strtdt","description":"","initialValue":"","datatype":"STRING","precision":"120","scale":"0","retentionPolicy":"NEVER","aggregationType":"MAX","currentValue":""},{"@type":"mtTaskInOutParameter","id":"-1","name":"m_Enddt","description":"","initialValue":"","datatype":"STRING","precision":"120","scale":"0","retentionPolicy":"NEVER","aggregationType":"MAX","currentValue":""}],"connRuntimeAttrs":[]}]