[{"@type":"mappingTemplate","id":"@1","name":"cdi_map_uw_silver_uw_dashboard_question_reply_details_ld","description":"This mapping loads data from the Redshift underwriting_dashboard_question_reply_stg table to the Redshift uw_dashboard_question_reply_details table","autoExpireObject":false,"bundleVersion":"0","assetFrsGuid":"38FX7kMkiMcgxc61QmQi8s","templateId":"@3","deployTime":1742836389000,"hasParameters":true,"valid":true,"fixedConnection":false,"hasParametersDeployed":true,"fixedConnectionDeployed":false,"isSchemaValidationEnabled":false,"tasks":1,"mappingPreviewFileRecordId":"@2","documentType":"MAPPING","allowMaxFieldLength":false,"specialCharacterSupport":false,"references":[]}]