[{"@type":"mappingTemplate","id":"@1","name":"cdi_map_acx_ea_assessment_summary_bronze_load_back_up","description":"Loads from Metal staging layer to the Bronze tables. SCD2(maintains history of the records, active records are open ended and old ones have closed date).","autoExpireObject":false,"bundleVersion":"0","assetFrsGuid":"1ABOmO5pr7elV5o5zSFv8U","templateId":"@3","deployTime":1757960427000,"hasParameters":true,"valid":true,"fixedConnection":true,"hasParametersDeployed":true,"fixedConnectionDeployed":true,"isSchemaValidationEnabled":false,"tasks":1,"mappingPreviewFileRecordId":"@2","documentType":"MAPPING","allowMaxFieldLength":false,"specialCharacterSupport":false,"references":[{"@type":"reference","refObjectId":"@aYZ4ekzHgIPeKpiaoqDLKP","refType":"connection"}]}]