[{"@type":"mappingTemplate","id":"@1","name":"cdi_map_file_adm_t_agency_hist_stg_load","description":"","autoExpireObject":false,"bundleVersion":"0","assetFrsGuid":"7qRElzk0QmOgAhksIhUZ8u","templateId":"@3","deployTime":1747149499000,"hasParameters":true,"valid":true,"fixedConnection":true,"hasParametersDeployed":true,"fixedConnectionDeployed":true,"isSchemaValidationEnabled":false,"tasks":1,"mappingPreviewFileRecordId":"@2","documentType":"MAPPING","allowMaxFieldLength":false,"specialCharacterSupport":false,"references":[{"@type":"reference","refObjectId":"@80Pk70PAcvxdvkVaUvjx4D","refType":"connection"}]}]