[{"@type":"mappingTemplate","id":"@1","name":"m_Load_Coverage_to_Coverage_Stg_Ld","description":"","autoExpireObject":false,"bundleVersion":"0","assetFrsGuid":"dTzlIVGy0CnjaU9DaZlYqs","templateId":"@3","deployTime":1767815038000,"hasParameters":true,"valid":true,"fixedConnection":false,"hasParametersDeployed":true,"fixedConnectionDeployed":false,"isSchemaValidationEnabled":false,"tasks":1,"mappingPreviewFileRecordId":"@2","documentType":"","allowMaxFieldLength":false,"specialCharacterSupport":false,"references":[]}]