[{"@type":"mappingTemplate","id":"@1","name":"cdi_map_uw_silver_uw_dashboard_coverage_details_ld","description":"","autoExpireObject":false,"bundleVersion":"0","assetFrsGuid":"9vigp7KTRpgg1252C4vIcz","templateId":"@3","deployTime":1744657921000,"hasParameters":true,"valid":true,"fixedConnection":false,"hasParametersDeployed":true,"fixedConnectionDeployed":false,"isSchemaValidationEnabled":false,"tasks":1,"mappingPreviewFileRecordId":"@2","documentType":"MAPPING","allowMaxFieldLength":false,"references":[]}]