[{"@type":"mappingTemplate","id":"@1","name":"m_dq_fact_policy_premium_trans_v1","description":"Mapping with completely parameterized sources, but a hardcoded data quality table.","bundleVersion":"0","templateId":"@3","hasParameters":true,"valid":true,"fixedConnection":true,"hasParametersDeployed":false,"fixedConnectionDeployed":false,"isSchemaValidationEnabled":false,"tasks":0,"mappingPreviewFileRecordId":"@2","documentType":"MAPPING","references":[{"@type":"reference","refObjectId":"@dqHTiQhJYWolYaNB9bUmKf","refType":"connection"}]}]