[{"@type":"mappingTemplate","id":"@1","name":"m_dq_dim_policy_v2","description":"Mapping with parameterized target table and hardcoded source and data quality tables. This is used in the mapping task.","autoExpireObject":false,"bundleVersion":"0","assetFrsGuid":"6VA9GnTpbiugDKbBLyetkc","templateId":"@3","deployTime":1706883598000,"hasParameters":true,"valid":true,"fixedConnection":true,"hasParametersDeployed":true,"fixedConnectionDeployed":true,"isSchemaValidationEnabled":false,"tasks":1,"mappingPreviewFileRecordId":"@2","documentType":"MAPPING","allowMaxFieldLength":false,"specialCharacterSupport":false,"references":[{"@type":"reference","refObjectId":"@dqHTiQhJYWolYaNB9bUmKf","refType":"connection"}]}]