[{"@type":"mappingTemplate","id":"@1","name":"m_load_lkp_address_key_gw-1","description":"","autoExpireObject":false,"bundleVersion":"0","assetFrsGuid":"jisPZxpizqjizWtbShnvWJ","templateId":"@3","deployTime":1707328159000,"hasParameters":false,"valid":true,"fixedConnection":true,"hasParametersDeployed":false,"fixedConnectionDeployed":true,"isSchemaValidationEnabled":false,"tasks":0,"mappingPreviewFileRecordId":"@2","documentType":"MAPPING","allowMaxFieldLength":false,"specialCharacterSupport":false,"references":[{"@type":"reference","refObjectId":"@jPo49nVatmzbSnPefVZwCV","refType":"connection"},{"@type":"reference","refObjectId":"@aYZ4ekzHgIPeKpiaoqDLKP","refType":"connection"}]}]