[{"@type":"mtTask","id":"@1","name":"s_m_Load_Master_Agency_Detail_from_Import_SRC_as_alias","description":"Session to load the Master_Agency_Detail from mysql data to stage to SQLserver for EDW reports using SCD type 2","autoExpireObject":false,"runtimeEnvironmentId":"@3pADNCV9u0PcgrXjM7rx0t","maxLogs":10,"verbose":false,"mappingId":"@7WI234JQAtSeQLPL0H240y","frsGuid":"20CMpw9WmCndTZDgfNmByw","shortDescription":"Session to load the Master_Agency_Detail from mysq...","sessionPropertiesList":[{"name":"Allow Temporary Sequence for Pushdown","value":"NO","recommended":false},{"name":"Allow Temporary View for Pushdown","value":"NO","recommended":false},{"name":"Cache LOOKUP() function","value":"YES","recommended":false},{"name":"Commit On End Of File","value":"YES","recommended":false},{"name":"Data Column Delimiter","value":"|","recommended":false},{"name":"Error Log File Name","value":"PMError.log","recommended":false},{"name":"Log Row Data","value":"YES","recommended":false},{"name":"Pushdown Optimization","value":"None","recommended":false},{"name":"Pushdown Optimization Context","value":"None","recommended":false},{"name":"Pushdown Optimization Fallback Option","value":"Partial PDO","recommended":false},{"name":"Stop on errors","value":"1","recommended":false}],"hidden":false,"enableCrossSchemaPushdown":false,"enableParallelRun":false,"autoTunedApplied":false,"autoTunedAppliedType":"NONE","parameterFileName":"Andover_Param_GW.param","parameterFileDir":"$PMRootDir/andover/parameters","paramFileType":"PARAM_FILE_LOCAL","schemaMode":"async","valid":false,"schemaValidationErrorCount":-1,"serverlessProperties":{},"taskProperties":[{"@type":"taskProperty","name":"parameterFileDir","currentValue":"$PMRootDir/andover/parameters","type":"STRING","label":"label.parameterFileDir","required":false},{"@type":"taskProperty","name":"parameterFileName","currentValue":"Andover_Param_GW.param","type":"STRING","label":"label.parameterFileName","required":false},{"@type":"taskProperty","name":"outboundMessageUrlQueueTime","currentValue":"","type":"NUMBER","label":"label.outboundMessageUrlQueueTime","required":false},{"@type":"taskProperty","name":"outboundMessageUrlToken","currentValue":"","type":"STRING","label":"label.outboundMessageUrlToken","required":false}],"optimizationPlan":"NONE","isMidstreamPreview":false,"allowMaxFieldLength":false,"specialCharacterSupport":false,"useUserDefinedOrder":false,"parameters":[{"@type":"mtTaskParameter","id":142105495,"name":"$Src_Agency_Group_Gw_Domain_AgencyEmail$","type":"SOURCE","label":"DBConnection_SRC","description":"","uiProperties":{"cnxtype":"Amazon Redshift v2","connectionParameterized":"true","paramName":"DBConnection_SRC","paramLabel":"","paramType-mapping":"Connection","logcnx":"DBConnection_SRC","isSelectDistinct":"false","objectParameterized":"false","visible":"false","originalPath":"Src_Agency_Group_Gw_Domain_AgencyEmail"},"sourceObject":"DUMMY_Src_Agency_Group_Gw_Domain_AgencyEmail","newFlatFile":false,"newObject":false,"showBusinessNames":true,"naturalOrder":true,"truncateTarget":false,"bulkApiDBTarget":false,"customFuncCfg":{"@type":"customFuncConfig","id":-1,"connections":[],"inputMap":[],"outputFields":[]},"targetRefsV2":{},"targetUpdateColumns":[],"fieldOrderList":[],"runtimeAttrs":{},"oprRuntimeAttrs":{"postSql":"","selectDistinct":"NO","EncryptionType":"None","EnableCompression":"YES","sqlQuery":"","fetchSize":"10000","multipartDownloadThreshold":"5242880","temporaryCredentialDuration":"900","StagingDirectoryLocation":"","schemaName":"","TreatNullValueAsNull":"NO","sourceTableName":"","UnloadOptionsPropertyFile":"","DownloadS3FilesInMultipleParts":"NO","S3BucketName":"","readMode":"Direct","preSql":""},"isRESTModernSource":true,"customQuery":"SELECT\nAgency_Code as src_Agency_Code,\nAgency_Name as src_Agency_Name,\nAgency_Address as src_Agency_Address,\nAgency_City as src_Agency_City,\nAgency_State as src_Agency_State,\nAgency_Zip as src_Agency_Zip,\nAgency_Contact_Phone as src_Agency_Contact_Phone,\nAgency_Contact_Fax as src_Agency_Contact_Fax,\nAgency_fieldman as src_Agency_fieldman,\nAgency_Group_Code as src_Agency_Group_Code,\nField_Representative_Number as src_Field_Representative_Number,\nField_Representative_State as src_Field_Representative_State,\nField_Representative_Name as src_Field_Representative_Name,\nAgency_Email1 as src_Agency_Email1,\nAgency_Email2 as src_Agency_Email2,\nAgency_Email3 as src_Agency_Email3,\nAgency_Email4 as src_Agency_Email4,\nAgency_Email5 as src_Agency_Email5,\nAgency_Email6 as src_Agency_Email6,\nAgency_Email7 as src_Agency_Email7,\nAgency_Email8 as src_Agency_Email8,\nAgency_Email9 as src_Agency_Email9,\nAgency_Email10 as src_Agency_Email10,\nStatus as src_Status,\nM_Address1 as src_M_Address1,\nM_Address2 as src_M_Address2,\nM_City as src_M_City,\nM_State as src_M_State,\nM_Zip as src_M_Zip,\nappointed_date as src_appointed_date,\nagency_alpha_workflow as src_agency_alpha_workflow\nfrom\n(\nselect\ndistinct\nLTRIM(RTRIM(ta.agency_nup)) Agency_Nup ,\nLTRIM(RTRIM(ta.agency_num)) Agency_Code ,\nLTRIM(RTRIM(ta.agency_name)) Agency_Name ,\nLTRIM(RTRIM(\nCONCAT(\nCOALESCE(ta.agency_str_1,''),\nCOALESCE(CONCAT(' ',ta.agency_str_2),'')\n)\n)) as Agency_Address ,\nLTRIM(RTRIM(ta.agency_city)) Agency_City ,\nLTRIM(RTRIM(ta.agency_st)) Agency_State ,\ncase when LTRIM(RTRIM(ta.agency_zip)) is null or len(LTRIM(RTRIM(ta.agency_zip)))= 0\nthen null\nelse LTRIM(RTRIM(ta.agency_zip))\nend as Agency_Zip ,\ncase when replace(LTRIM(RTRIM(ta.agency_contact_phone)),' ','-') is null or len(replace(LTRIM(RTRIM(ta.agency_contact_phone)),' ','-'))= 0\nthen null\nelse replace(LTRIM(RTRIM(ta.agency_contact_phone)),' ','-')\nend as Agency_Contact_Phone ,\ncase when replace(LTRIM(RTRIM(ta.agency_contact_fax)),' ','-') is null or len(replace(LTRIM(RTRIM(ta.agency_contact_fax)),' ','-'))= 0\nthen null\nelse replace(LTRIM(RTRIM(ta.agency_contact_fax)),' ','-')\nend as Agency_Contact_Fax ,\nLTRIM(RTRIM(gw.groups_number)) Agency_Group_Code ,\ncase when LTRIM(RTRIM(gw.fieldrep)) is null or LEN(LTRIM(RTRIM(gw.fieldrep)))= 0\nthen null\nelse LTRIM(RTRIM(gw.fieldrep))::text\nend as Field_Representative_Number ,\ncase when LTRIM(RTRIM(gw.fieldrep_state)) is null or LEN(LTRIM(RTRIM(gw.fieldrep_state)))= 0\nthen null\nelse RTRIM(LTRIM(RTRIM(gw.fieldrep_state)),6)\nend as Field_Representative_State ,\ncase when LTRIM(RTRIM(dd.name)) is null or LEN(LTRIM(RTRIM(dd.name)))= 0\nthen null\nelse LTRIM(RTRIM(dd.name))\nend as Field_Representative_Name ,\ncase when LTRIM(RTRIM(ae.email_addr1)) is null or LEN(LTRIM(RTRIM(ae.email_addr1)))= 0\nthen null\nelse LTRIM(RTRIM(ae.email_addr1))\nend as Agency_Email1 ,\ncase when LTRIM(RTRIM(ae.email_addr2)) is null or LEN(LTRIM(RTRIM(ae.email_addr2)))= 0\nthen null\nelse LTRIM(RTRIM(ae.email_addr2))\nend as Agency_Email2 ,\ncase when LTRIM(RTRIM(ae.email_addr3)) is null or LEN(LTRIM(RTRIM(ae.email_addr3)))= 0\nthen null\nelse LTRIM(RTRIM(ae.email_addr3))\nend as Agency_Email3 ,\ncase when LTRIM(RTRIM(ae.email_addr4)) is null or LEN(LTRIM(RTRIM(ae.email_addr4)))= 0\nthen null\nelse LTRIM(RTRIM(ae.email_addr4))\nend as Agency_Email4 ,\ncase when LTRIM(RTRIM(ae.email_addr5)) is null or LEN(LTRIM(RTRIM(ae.email_addr5)))= 0\nthen null\nelse LTRIM(RTRIM(ae.email_addr5))\nend as Agency_Email5 ,\ncase when LTRIM(RTRIM(ae.email_addr6)) is null or LEN(LTRIM(RTRIM(ae.email_addr6)))= 0\nthen null\nelse LTRIM(RTRIM(ae.email_addr6))\nend as Agency_Email6 ,\ncase when LTRIM(RTRIM(ae.email_addr7)) is null or LEN(LTRIM(RTRIM(ae.email_addr7)))= 0\nthen null\nelse LTRIM(RTRIM(ae.email_addr7))\nend as Agency_Email7 ,\ncase when LTRIM(RTRIM(ae.email_addr8)) is null or LEN(LTRIM(RTRIM(ae.email_addr8)))= 0\nthen null else LTRIM(RTRIM(ae.email_addr8))\nend as Agency_Email8 ,\ncase when LTRIM(RTRIM(ae.email_addr9)) is null or LEN(LTRIM(RTRIM(ae.email_addr9)))= 0\nthen null\nelse LTRIM(RTRIM(ae.email_addr9))\nend as Agency_Email9 ,\ncase when LTRIM(RTRIM(ae.email_addr10)) is null or LEN(LTRIM(RTRIM(ae.email_addr10)))= 0\nthen null\nelse LTRIM(RTRIM(ae.email_addr10))\nend as Agency_Email10 ,\nltrim(rtrim(ta.agency_fieldman)) as Agency_fieldman ,\ncase when agl.Id is null\nthen 'Cancelled'\nelse 'Active'\nend as Status ,\nrow_number() over (partition by LTRIM(RTRIM(ta.agency_num)) order by ta.last_modified desc) as rn ,\nag.address1 as M_Address1 ,\nag.address2 as M_Address2 ,\nag.city as M_City ,\nag.state as M_State ,\nag.zip M_Zip,\nagg.appointed_date,\nagg.agency_alpha_workflow\nfrom\nbronze.adm_t_agency ta\nleft join bronze.adm_agency_license agl \non agl.Agency_Id = ta.agency_nup\nand agl.adm_agency_license_row_effective_end_datetime = '9999-12-31'\nleft join  bronze.adm_address_guidewire ag\non ta.agency_nup = ag.agency_nup \nand ag.adm_address_guidewire_row_effective_end_datetime = '9999-12-31'\nand ag.type='M'\nleft join bronze.adm_t_members tm \non ta.agency_nup = tm.members_agency_id\nand tm.adm_t_members_row_effective_end_datetime = '9999-12-31'\nleft join bronze.adm_group_guidewire gw \non tm.members_group_id = gw.groups_nup\nand gw.adm_group_guidewire_row_effective_end_datetime = '9999-12-31'\nleft join bronze.adm_field_reps dd\non ta.agency_fieldman = dd.id\nand dd.adm_field_reps_row_effective_end_datetime = '9999-12-31'\nleft join bronze.adm_agency_guidewire agg\non ta.agency_nup = agg.agency_nup\nand agg.status = 'A'\nand agg.adm_agency_guidewire_row_effective_end_datetime = '9999-12-31'\nleft join (\nselect agency_nup,\nmax(case when email_rnk = 1 then email_address else null end) as email_addr1,\nmax(case when email_rnk = 2 then email_address else null end) as email_addr2,\nmax(case when email_rnk = 3 then email_address else null end) as email_addr3,\nmax(case when email_rnk = 4 then email_address else null end) as email_addr4,\nmax(case when email_rnk = 5 then email_address else null end) as email_addr5,\nmax(case when email_rnk = 6 then email_address else null end) as email_addr6,\nmax(case when email_rnk = 7 then email_address else null end) as email_addr7,\nmax(case when email_rnk = 8 then email_address else null end) as email_addr8,\nmax(case when email_rnk = 9 then email_address else null end) as email_addr9,\nmax(case when email_rnk = 10 then email_address else null end) as email_addr10\nfrom(\nselect agency_nup,\nemail_address,\nrank() over (partition by agency_nup order by id) as email_rnk\nfrom bronze.adm_agency_email\nwhere adm_agency_email_row_effective_end_datetime = '9999-12-31')\ngroup by agency_nup\n) ae \non ae.agency_nup = ta.agency_nup\nwhere\nlocation_type = 'P' \nand ta.adm_t_agency_row_effective_end_datetime = '9999-12-31'\n)a\nwhere\na.rn = 1\norder by\nAgency_nup asc;","commandType":0,"isFileList":false,"handleSpecialChars":false,"handleDecimalRoundOff":false,"frsAsset":false,"dynamicFileName":false,"excludeDynamicFileNameField":false,"currentlyProcessedFileName":false,"retainFieldMetadata":false,"objectName":"DUMMY_Src_Agency_Group_Gw_Domain_AgencyEmail","useExactSrcNames":false,"userUpdated":true,"fetchMode":"ORIGINAL","tgtObjectAttributes":{},"runtimeParameterData":{"@type":"mtTaskRuntimeParameterData","isConnectionRuntimeParameter":true,"isObjectRuntimeParameter":false,"connectionParameterName":"DBConnection_SRC"},"overridableProperties":[],"overriddenFields":[]},{"@type":"mtTaskParameter","id":142105496,"name":"$Tgt_Master_Agency_Detail_Insert$","type":"TARGET","label":"DBConnection_TGT","description":"","uiProperties":{"cnxtype":"Amazon Redshift v2","connectionParameterized":"true","paramName":"DBConnection_TGT","paramLabel":"","paramType-mapping":"Connection","logcnx":"DBConnection_TGT","default":"dbo/master_agency_detail","objectParameterized":"false","visible":"false","defaultTargetUpdateColumns":"","supportApplyDDLChanges":"false","originalPath":"Tgt_Master_Agency_Detail_Insert"},"targetConnectionId":"@aYZ4ekzHgIPeKpiaoqDLKP","targetObject":"dbo/master_agency_detail","targetObjectLabel":"master_agency_detail","newFlatFile":false,"newObject":false,"showBusinessNames":true,"naturalOrder":true,"truncateTarget":false,"bulkApiDBTarget":false,"operationType":"Rowbased","customFuncCfg":{"@type":"customFuncConfig","id":-1,"connections":[],"inputMap":[],"outputFields":[]},"targetRefsV2":{},"targetUpdateColumns":[],"fieldOrderList":[],"extendedObject":{"@type":"extendedObject","singleMode":true,"filters":[],"sortFields":[]},"runtimeAttrs":{},"isRESTModernSource":true,"commandType":0,"isFileList":false,"handleSpecialChars":false,"handleDecimalRoundOff":false,"frsAsset":false,"dynamicFileName":false,"excludeDynamicFileNameField":false,"currentlyProcessedFileName":false,"retainFieldMetadata":false,"objectName":"dbo/master_agency_detail","objectLabel":"master_agency_detail","useExactSrcNames":false,"userUpdated":true,"fetchMode":"ORIGINAL","tgtObjectAttributes":{},"runtimeParameterData":{"@type":"mtTaskRuntimeParameterData","isConnectionRuntimeParameter":true,"isObjectRuntimeParameter":false,"connectionParameterName":"DBConnection_TGT"},"overridableProperties":[],"dbSchema":"","overriddenFields":[]},{"@type":"mtTaskParameter","id":142105497,"name":"$Tgt_Master_Agency_Detail_UPD_INS$","type":"TARGET","label":"DBConnection_TGT","description":"","uiProperties":{"cnxtype":"Amazon Redshift v2","connectionParameterized":"true","paramName":"DBConnection_TGT","paramLabel":"","paramType-mapping":"Connection","logcnx":"DBConnection_TGT","default":"dbo/master_agency_detail","objectParameterized":"false","visible":"false","defaultTargetUpdateColumns":"","supportApplyDDLChanges":"false","originalPath":"Tgt_Master_Agency_Detail_UPD_INS"},"targetConnectionId":"@aYZ4ekzHgIPeKpiaoqDLKP","targetObject":"dbo/master_agency_detail","targetObjectLabel":"master_agency_detail","newFlatFile":false,"newObject":false,"showBusinessNames":true,"naturalOrder":true,"truncateTarget":false,"bulkApiDBTarget":false,"operationType":"Insert","customFuncCfg":{"@type":"customFuncConfig","id":-1,"connections":[],"inputMap":[],"outputFields":[]},"targetRefsV2":{},"targetUpdateColumns":[],"fieldOrderList":[],"extendedObject":{"@type":"extendedObject","singleMode":true,"filters":[],"sortFields":[]},"runtimeAttrs":{},"isRESTModernSource":true,"commandType":0,"isFileList":false,"handleSpecialChars":false,"handleDecimalRoundOff":false,"frsAsset":false,"dynamicFileName":false,"excludeDynamicFileNameField":false,"currentlyProcessedFileName":false,"retainFieldMetadata":false,"objectName":"dbo/master_agency_detail","objectLabel":"master_agency_detail","useExactSrcNames":false,"userUpdated":true,"fetchMode":"ORIGINAL","tgtObjectAttributes":{},"runtimeParameterData":{"@type":"mtTaskRuntimeParameterData","isConnectionRuntimeParameter":true,"isObjectRuntimeParameter":false,"connectionParameterName":"DBConnection_TGT"},"overridableProperties":[],"dbSchema":"","overriddenFields":[]},{"@type":"mtTaskParameter","id":142105498,"name":"$Tgt_Master_Agency_Detail_Update$","type":"TARGET","label":"DBConnection_TGT","description":"","uiProperties":{"cnxtype":"Amazon Redshift v2","connectionParameterized":"true","paramName":"DBConnection_TGT","paramLabel":"","paramType-mapping":"Connection","logcnx":"DBConnection_TGT","default":"dbo/master_agency_detail","objectParameterized":"false","visible":"false","defaultTargetUpdateColumns":"Agency_ID","supportApplyDDLChanges":"false","originalPath":"Tgt_Master_Agency_Detail_Update"},"targetConnectionId":"@aYZ4ekzHgIPeKpiaoqDLKP","targetObject":"dbo/master_agency_detail","targetObjectLabel":"master_agency_detail","newFlatFile":false,"newObject":false,"showBusinessNames":true,"naturalOrder":true,"truncateTarget":false,"bulkApiDBTarget":false,"operationType":"Rowbased","customFuncCfg":{"@type":"customFuncConfig","id":-1,"connections":[],"inputMap":[],"outputFields":[]},"targetRefsV2":{},"targetUpdateColumns":["Agency_ID"],"fieldOrderList":[],"extendedObject":{"@type":"extendedObject","singleMode":true,"filters":[],"sortFields":[]},"runtimeAttrs":{},"isRESTModernSource":true,"commandType":0,"isFileList":false,"handleSpecialChars":false,"handleDecimalRoundOff":false,"frsAsset":false,"dynamicFileName":false,"excludeDynamicFileNameField":false,"currentlyProcessedFileName":false,"retainFieldMetadata":false,"objectName":"dbo/master_agency_detail","objectLabel":"master_agency_detail","useExactSrcNames":false,"userUpdated":true,"fetchMode":"ORIGINAL","tgtObjectAttributes":{},"runtimeParameterData":{"@type":"mtTaskRuntimeParameterData","isConnectionRuntimeParameter":true,"isObjectRuntimeParameter":false,"connectionParameterName":"DBConnection_TGT"},"overridableProperties":[],"dbSchema":"","overriddenFields":[]},{"@type":"mtTaskParameter","id":142105499,"name":"$Lkp_Appointed_Dt$","type":"LOOKUP","label":"DBConnection_SRC_Portal","description":"","uiProperties":{"cnxtype":"MySQL","connectionParameterized":"true","paramName":"DBConnection_SRC_Portal","paramLabel":"","paramType-mapping":"Connection","logcnx":"DBConnection_SRC_Portal","isCachedLookup":"true","multipleMatchPolicy":"Use Any Value","objectParameterized":"false","visible":"false","originalPath":"Lkp_Appointed_Dt"},"lookupConnectionId":"@l5iDwC7GuqvlYtiadtm6sY","lookupObject":"DUMMY_Lkp_Appointed_Dt","newFlatFile":false,"newObject":false,"showBusinessNames":true,"naturalOrder":true,"truncateTarget":false,"bulkApiDBTarget":false,"customFuncCfg":{"@type":"customFuncConfig","id":-1,"connections":[],"inputMap":[],"outputFields":[]},"targetRefsV2":{},"targetUpdateColumns":[],"fieldOrderList":[],"runtimeAttrs":{"Thousand Separator":"None","Cache File Name Prefix":"","Lookup Index Cache Size":"AUTO","Optional":"true","Lookup cache persistent":"false","Lookup source is static":"false","Case Sensitive String Comparison":"false","Decimal Separator":".","Re-cache from lookup source":"false","Insert Else Update":"false","Lookup caching enabled":"true","Lookup Data Cache Size":"AUTO","Tracing Level":"Normal","Datetime Format":"","Subsecond Precision":"6","Sorted Input":"false","Lookup cache directory name":"$PMCacheDir","Output Old Value On Update":"false","Lookup Source Filter":"","Dynamic Lookup Cache":"false","Pre-build lookup cache":"AUTO","Synchronize dynamic cache":"false","Null ordering":"Null Is Highest Value"},"isRESTModernSource":true,"customQuery":"SELECT t.agency_num as Agency_Num, appointed_date as Appointed_Dt,a.agency_alpha_workflow as agency_alpha_workflow\nFROM agencyguidewire a\nINNER JOIN t_agency t ON a.agency_nup = t.agency_nup\nwhere a.status ='A'","commandType":0,"isFileList":false,"handleSpecialChars":false,"handleDecimalRoundOff":false,"frsAsset":false,"dynamicFileName":false,"excludeDynamicFileNameField":false,"currentlyProcessedFileName":false,"retainFieldMetadata":false,"objectName":"DUMMY_Lkp_Appointed_Dt","useExactSrcNames":false,"userUpdated":true,"fetchMode":"ORIGINAL","tgtObjectAttributes":{},"runtimeParameterData":{"@type":"mtTaskRuntimeParameterData","isConnectionRuntimeParameter":true,"isObjectRuntimeParameter":false,"connectionParameterName":"DBConnection_SRC_Portal"},"overridableProperties":[],"overriddenFields":[]},{"@type":"mtTaskParameter","id":142105500,"name":"$Lkp_Master_Agency_Detail$","type":"LOOKUP","label":"DBConnection_TGT","description":"","uiProperties":{"cnxtype":"Amazon Redshift v2","connectionParameterized":"true","paramName":"DBConnection_TGT","paramLabel":"","paramType-mapping":"Connection","logcnx":"DBConnection_TGT","isCachedLookup":"true","multipleMatchPolicy":"Use Any Value","objectParameterized":"false","visible":"false","originalPath":"Lkp_Master_Agency_Detail"},"lookupConnectionId":"@aYZ4ekzHgIPeKpiaoqDLKP","lookupObject":"DUMMY_Lkp_Master_Agency_Detail","newFlatFile":false,"newObject":false,"showBusinessNames":true,"naturalOrder":true,"truncateTarget":false,"bulkApiDBTarget":false,"customFuncCfg":{"@type":"customFuncConfig","id":-1,"connections":[],"inputMap":[],"outputFields":[]},"targetRefsV2":{},"targetUpdateColumns":[],"fieldOrderList":[],"runtimeAttrs":{"Thousand Separator":"None","Cache File Name Prefix":"","Lookup Index Cache Size":"AUTO","Optional":"true","Lookup cache persistent":"false","Lookup source is static":"false","Case Sensitive String Comparison":"false","Decimal Separator":".","Re-cache from lookup source":"false","Insert Else Update":"false","Lookup caching enabled":"true","Lookup Data Cache Size":"AUTO","Tracing Level":"Normal","Datetime Format":"","Subsecond Precision":"6","Sorted Input":"false","Lookup cache directory name":"$PMCacheDir","Output Old Value On Update":"false","Lookup Source Filter":"","Dynamic Lookup Cache":"false","Pre-build lookup cache":"AUTO","Synchronize dynamic cache":"false","Null ordering":"Null Is Highest Value"},"isRESTModernSource":true,"customQuery":"select  Agency_ID as  Agency_ID\n,ltrim(rtrim(Agency_Code)) as Agency_Code\n,Agency_HashKey as Agency_HashKey \nFROM dbo.Master_Agency_Detail\nwhere Row_End_Dt='9999-12-31 00:00:00.000'--","commandType":0,"isFileList":false,"handleSpecialChars":false,"handleDecimalRoundOff":false,"frsAsset":false,"dynamicFileName":false,"excludeDynamicFileNameField":false,"currentlyProcessedFileName":false,"retainFieldMetadata":false,"objectName":"DUMMY_Lkp_Master_Agency_Detail","useExactSrcNames":false,"userUpdated":true,"fetchMode":"ORIGINAL","tgtObjectAttributes":{},"runtimeParameterData":{"@type":"mtTaskRuntimeParameterData","isConnectionRuntimeParameter":true,"isObjectRuntimeParameter":false,"connectionParameterName":"DBConnection_TGT"},"overridableProperties":[],"overriddenFields":[]},{"@type":"mtTaskParameter","id":142105501,"name":"$Lkp_sales_territory$","type":"LOOKUP","label":"DBConnection_TGT","description":"","uiProperties":{"cnxtype":"Amazon Redshift v2","connectionParameterized":"true","paramName":"DBConnection_TGT","paramLabel":"","paramType-mapping":"Connection","logcnx":"DBConnection_TGT","isCachedLookup":"true","multipleMatchPolicy":"Use First Value","default":"dbo/lkp_sales_territory","objectParameterized":"false","visible":"false","originalPath":"Lkp_sales_territory"},"lookupConnectionId":"@aYZ4ekzHgIPeKpiaoqDLKP","lookupObject":"dbo/lkp_sales_territory","lookupObjectLabel":"lkp_sales_territory","newFlatFile":false,"newObject":false,"showBusinessNames":true,"naturalOrder":true,"truncateTarget":false,"bulkApiDBTarget":false,"customFuncCfg":{"@type":"customFuncConfig","id":-1,"connections":[],"inputMap":[],"outputFields":[]},"targetRefsV2":{},"targetUpdateColumns":[],"fieldOrderList":[],"runtimeAttrs":{"Thousand Separator":"None","Cache File Name Prefix":"","Lookup Index Cache Size":"AUTO","Optional":"true","Lookup cache persistent":"false","Lookup source is static":"true","Case Sensitive String Comparison":"false","Decimal Separator":".","Re-cache from lookup source":"false","Insert Else Update":"false","Lookup caching enabled":"true","Lookup Data Cache Size":"AUTO","Tracing Level":"Normal","Datetime Format":"","Subsecond Precision":"6","Sorted Input":"false","Lookup cache directory name":"$PMCacheDir","Output Old Value On Update":"false","Lookup Source Filter":"","Dynamic Lookup Cache":"false","Pre-build lookup cache":"AUTO","Synchronize dynamic cache":"false","Null ordering":"Null Is Highest Value"},"isRESTModernSource":true,"commandType":0,"isFileList":false,"handleSpecialChars":false,"handleDecimalRoundOff":false,"frsAsset":false,"dynamicFileName":false,"excludeDynamicFileNameField":false,"currentlyProcessedFileName":false,"retainFieldMetadata":false,"objectName":"dbo/lkp_sales_territory","objectLabel":"lkp_sales_territory","useExactSrcNames":false,"userUpdated":true,"fetchMode":"ORIGINAL","tgtObjectAttributes":{},"runtimeParameterData":{"@type":"mtTaskRuntimeParameterData","isConnectionRuntimeParameter":true,"isObjectRuntimeParameter":false,"connectionParameterName":"DBConnection_TGT"},"overridableProperties":[],"dbSchema":"","overriddenFields":[]},{"@type":"mtTaskParameter","id":142105502,"name":"$Lkp_salesterritory_ref$","type":"LOOKUP","label":"DBConnection_TGT","description":"","uiProperties":{"cnxtype":"Amazon Redshift v2","connectionParameterized":"true","paramName":"DBConnection_TGT","paramLabel":"","paramType-mapping":"Connection","logcnx":"DBConnection_TGT","isCachedLookup":"true","multipleMatchPolicy":"Use Any Value","objectParameterized":"false","visible":"false","originalPath":"Lkp_salesterritory_ref"},"lookupConnectionId":"@aYZ4ekzHgIPeKpiaoqDLKP","lookupObject":"DUMMY_Lkp_salesterritory_ref","newFlatFile":false,"newObject":false,"showBusinessNames":true,"naturalOrder":true,"truncateTarget":false,"bulkApiDBTarget":false,"customFuncCfg":{"@type":"customFuncConfig","id":-1,"connections":[],"inputMap":[],"outputFields":[]},"targetRefsV2":{},"targetUpdateColumns":[],"fieldOrderList":[],"runtimeAttrs":{"Thousand Separator":"None","Cache File Name Prefix":"","Lookup Index Cache Size":"AUTO","Optional":"true","Lookup cache persistent":"false","Lookup source is static":"false","Case Sensitive String Comparison":"false","Decimal Separator":".","Re-cache from lookup source":"false","Insert Else Update":"false","Lookup caching enabled":"true","Lookup Data Cache Size":"AUTO","Tracing Level":"Normal","Datetime Format":"","Subsecond Precision":"6","Sorted Input":"false","Lookup cache directory name":"$PMCacheDir","Output Old Value On Update":"false","Lookup Source Filter":"","Dynamic Lookup Cache":"false","Pre-build lookup cache":"AUTO","Synchronize dynamic cache":"false","Null ordering":"Null Is Highest Value"},"isRESTModernSource":true,"customQuery":"SELECT PMS_Sales_Territory_Group_Desc as PMS_Sales_Territory_Group_Desc\n, salesterritoryrefid as salesterritoryrefid\n, GW_Sales_Territory_Desc as GW_Sales_Territory_Desc\n, GW_Sales_Territory_Group_Desc as GW_Sales_Territory_Group_Desc\n, case when ltrim(rtrim(PMS_Sales_Territory_Desc))='Robert Knightly' then 'Bob Knightly' else ltrim(rtrim(PMS_Sales_Territory_Desc )) end as PMS_Sales_Territory_Desc\nFROM dbo.SalesTerritory_Ref ----","commandType":0,"isFileList":false,"handleSpecialChars":false,"handleDecimalRoundOff":false,"frsAsset":false,"dynamicFileName":false,"excludeDynamicFileNameField":false,"currentlyProcessedFileName":false,"retainFieldMetadata":false,"objectName":"DUMMY_Lkp_salesterritory_ref","useExactSrcNames":false,"userUpdated":true,"fetchMode":"ORIGINAL","tgtObjectAttributes":{},"runtimeParameterData":{"@type":"mtTaskRuntimeParameterData","isConnectionRuntimeParameter":true,"isObjectRuntimeParameter":false,"connectionParameterName":"DBConnection_TGT"},"overridableProperties":[],"overriddenFields":[]}],"sequences":[],"inOutParameters":[],"connRuntimeAttrs":[]}]