[{"@type":"mappingTemplate","id":"@1","name":"m_load_lkp_address_key_pms","description":"","autoExpireObject":false,"bundleVersion":"0","assetFrsGuid":"jIMeCIjIgCxgmk2x8r3gYi","templateId":"@3","deployTime":1701285907000,"hasParameters":true,"valid":true,"fixedConnection":false,"hasParametersDeployed":true,"fixedConnectionDeployed":false,"isSchemaValidationEnabled":false,"tasks":1,"mappingPreviewFileRecordId":"@2","documentType":"","allowMaxFieldLength":false,"specialCharacterSupport":false,"references":[]}]