[{"@type":"mappingTemplate","id":"@1","name":"cdi_map_u","description":"","autoExpireObject":false,"bundleVersion":"0","assetFrsGuid":"ifz5brJpRexj6mgX4D8Ekn","templateId":"@3","deployTime":1743303641000,"hasParameters":true,"valid":true,"fixedConnection":false,"hasParametersDeployed":true,"fixedConnectionDeployed":false,"isSchemaValidationEnabled":false,"tasks":0,"mappingPreviewFileRecordId":"@2","documentType":"MAPPING","allowMaxFieldLength":false,"specialCharacterSupport":false,"references":[]}]