[{"@type":"mappingTemplate","id":"@1","name":"m_Load_otherinsurance_to_otherinsurance_stg","description":"","autoExpireObject":false,"bundleVersion":"0","assetFrsGuid":"5aBEBKFeIaygE8Tawrk3S8","templateId":"@3","deployTime":1767814988000,"hasParameters":true,"valid":true,"fixedConnection":false,"hasParametersDeployed":true,"fixedConnectionDeployed":false,"isSchemaValidationEnabled":false,"tasks":1,"mappingPreviewFileRecordId":"@2","documentType":"","allowMaxFieldLength":false,"specialCharacterSupport":false,"references":[]}]