[{"@type":"mappingTemplate","id":"@1","name":"cdi_map_acx_coverage_item_bronze_load","description":"","autoExpireObject":false,"bundleVersion":"0","assetFrsGuid":"5VJbssPk0mvhZ1FVx1WtCj","templateId":"@3","deployTime":1769531725000,"hasParameters":true,"valid":true,"fixedConnection":true,"hasParametersDeployed":true,"fixedConnectionDeployed":true,"isSchemaValidationEnabled":false,"tasks":1,"mappingPreviewFileRecordId":"@2","documentType":"MAPPING","allowMaxFieldLength":false,"specialCharacterSupport":false,"references":[{"@type":"reference","refObjectId":"@aYZ4ekzHgIPeKpiaoqDLKP","refType":"connection"}]}]