[{"@type":"mappingTemplate","id":"@1","name":"cdi_map_adm_contact_guidewire_bronze_ld","description":"","autoExpireObject":false,"bundleVersion":"0","assetFrsGuid":"b6IJm5fKFsxjCtn4tWLEga","templateId":"@3","deployTime":1748476444000,"hasParameters":true,"valid":true,"fixedConnection":false,"hasParametersDeployed":true,"fixedConnectionDeployed":false,"isSchemaValidationEnabled":false,"tasks":1,"mappingPreviewFileRecordId":"@2","documentType":"MAPPING","allowMaxFieldLength":false,"specialCharacterSupport":false,"references":[]}]