[{"@type":"mappingTemplate","id":"@1","name":"cdi_map_adm_subproducer_guidewire_metal_stg_load","description":"this job will read data from Maria DB and load to metal staging tables. This is one to one mapping without any changes.","autoExpireObject":false,"bundleVersion":"0","assetFrsGuid":"6da7AWcIHh8cgyni6WCEgv","templateId":"@3","deployTime":1761694246000,"hasParameters":true,"valid":true,"fixedConnection":false,"hasParametersDeployed":true,"fixedConnectionDeployed":false,"isSchemaValidationEnabled":false,"tasks":2,"mappingPreviewFileRecordId":"@2","documentType":"MAPPING","allowMaxFieldLength":false,"specialCharacterSupport":false,"references":[]}]