[{"@type":"mappingTemplate","id":"@1","name":"Mapping21","description":"","autoExpireObject":false,"bundleVersion":"0","assetFrsGuid":"aSpcsM2C50ClpYazFh6bC8","templateId":"@3","hasParameters":false,"valid":false,"fixedConnection":true,"hasParametersDeployed":false,"fixedConnectionDeployed":false,"isSchemaValidationEnabled":false,"tasks":0,"mappingPreviewFileRecordId":"@2","documentType":"MAPPING","allowMaxFieldLength":false,"specialCharacterSupport":false,"references":[{"@type":"reference","refObjectId":"@kTH2QjUVWI5iv5zfzJvWy4","refType":"connection"}]}]