[{"@type":"mappingTemplate","id":"@1","name":"m_Tableau_refresh_start_touchFile_PMSTableauExtractRefresh_daily","description":"","autoExpireObject":false,"bundleVersion":"0","assetFrsGuid":"7K0zkT2XMGYaZt6nrdi1UY","templateId":"@3","deployTime":1700847173000,"hasParameters":true,"valid":true,"fixedConnection":false,"hasParametersDeployed":true,"fixedConnectionDeployed":false,"isSchemaValidationEnabled":false,"tasks":1,"mappingPreviewFileRecordId":"@2","documentType":"MAPPING","allowMaxFieldLength":false,"specialCharacterSupport":false,"references":[]}]