[{"@type":"mappingTemplate","id":"@1","name":"m_Load_Claimstats_to_Claimstats_stg_Ld","description":"","autoExpireObject":false,"bundleVersion":"0","assetFrsGuid":"22YRHaugWQZjTemJLYwFEc","templateId":"@3","deployTime":1767814982000,"hasParameters":true,"valid":true,"fixedConnection":false,"hasParametersDeployed":true,"fixedConnectionDeployed":false,"isSchemaValidationEnabled":false,"tasks":1,"mappingPreviewFileRecordId":"@2","documentType":"","allowMaxFieldLength":false,"specialCharacterSupport":false,"references":[]}]