[{"@type":"mappingTemplate","id":"@1","name":"m_submit_sql","description":"","autoExpireObject":false,"bundleVersion":"0","assetFrsGuid":"dsEFDkGlAM2hcUvpN48CUl","templateId":"@3","deployTime":1767373331000,"hasParameters":false,"valid":true,"fixedConnection":true,"hasParametersDeployed":false,"fixedConnectionDeployed":true,"isSchemaValidationEnabled":false,"tasks":0,"mappingPreviewFileRecordId":"@2","documentType":"MAPPING","allowMaxFieldLength":false,"specialCharacterSupport":false,"references":[{"@type":"reference","refObjectId":"@aYZ4ekzHgIPeKpiaoqDLKP","refType":"connection"}]}]