[{"@type":"mappingTemplate","id":"@1","name":"cdi_map_uw_cat_cost_bronze_catastrophe_costs_stg_ld","description":"","autoExpireObject":false,"bundleVersion":"0","assetFrsGuid":"72mQoEwMNM0joxyZIONN4A","templateId":"@3","deployTime":1745257690000,"hasParameters":true,"valid":true,"fixedConnection":false,"hasParametersDeployed":true,"fixedConnectionDeployed":false,"isSchemaValidationEnabled":false,"tasks":1,"mappingPreviewFileRecordId":"@2","documentType":"","allowMaxFieldLength":false,"references":[]}]