[{"@type":"mappingTemplate","id":"@1","name":"m_load_quoteinfo_stg_from_quoteinfo","description":"","autoExpireObject":false,"bundleVersion":"0","assetFrsGuid":"9ewHpsGyyYbkYKNgLUEoyE","templateId":"@3","deployTime":1767815000000,"hasParameters":true,"valid":true,"fixedConnection":false,"hasParametersDeployed":true,"fixedConnectionDeployed":false,"isSchemaValidationEnabled":false,"tasks":1,"mappingPreviewFileRecordId":"@2","documentType":"","allowMaxFieldLength":false,"specialCharacterSupport":false,"references":[]}]