[{"@type":"mappingTemplate","id":"@1","name":"m_load_claimant_stg_from_claimant","description":"","autoExpireObject":false,"bundleVersion":"0","assetFrsGuid":"kfH8YWMcVG1fU4Qm9ia8Gj","templateId":"@3","deployTime":1767814980000,"hasParameters":true,"valid":true,"fixedConnection":false,"hasParametersDeployed":true,"fixedConnectionDeployed":false,"isSchemaValidationEnabled":false,"tasks":1,"mappingPreviewFileRecordId":"@2","documentType":"","allowMaxFieldLength":false,"specialCharacterSupport":false,"references":[]}]