[{"@type":"mappingTemplate","id":"@1","name":"m_load_etl_batch_start_dt","description":"","autoExpireObject":false,"bundleVersion":"0","assetFrsGuid":"2EcF1pkUgSQdtu8AqwbiAc","templateId":"@3","deployTime":1767814949000,"hasParameters":true,"valid":true,"fixedConnection":false,"hasParametersDeployed":true,"fixedConnectionDeployed":false,"isSchemaValidationEnabled":false,"tasks":2,"mappingPreviewFileRecordId":"@2","documentType":"","allowMaxFieldLength":false,"specialCharacterSupport":false,"references":[]}]