[{"@type":"mappingTemplate","id":"@1","name":"cdi_map_adm_address_guidewire_metal_stg_load","description":"Mapping to perform Step 3 of the ADM UDM process for agency address guidewire data ingestion into Redshift table","autoExpireObject":false,"bundleVersion":"0","assetFrsGuid":"0PPhqy7QUqne5GI32RIoSR","templateId":"@3","deployTime":1748882906000,"hasParameters":true,"valid":true,"fixedConnection":false,"hasParametersDeployed":true,"fixedConnectionDeployed":false,"isSchemaValidationEnabled":false,"tasks":1,"mappingPreviewFileRecordId":"@2","documentType":"MAPPING","allowMaxFieldLength":false,"references":[]}]