[{"@type":"mappingTemplate","id":"@1","name":"m_Load_Litigation_stg_to_MasterLitigation_Ld","description":"Mapping to load master Claim table from Stage table. Checked the code and it looks good. This is related to GRIN-3078 for MR. ","autoExpireObject":false,"bundleVersion":"0","assetFrsGuid":"0od84XYe0WNdB6RV93fC0P","templateId":"@3","hasParameters":true,"valid":true,"fixedConnection":false,"hasParametersDeployed":false,"fixedConnectionDeployed":false,"isSchemaValidationEnabled":false,"tasks":1,"mappingPreviewFileRecordId":"@2","documentType":"","allowMaxFieldLength":false,"specialCharacterSupport":false,"references":[]}]