[{"@type":"mappingTemplate","id":"@1","name":"cdi_map_batch_load_summary_status_update","description":"The framework must log each batch execution with a unique batch ID and for each target table.","autoExpireObject":false,"bundleVersion":"0","assetFrsGuid":"0CD118FEnpqglpecz18gqb","templateId":"@3","deployTime":1749702381000,"hasParameters":true,"valid":true,"fixedConnection":true,"hasParametersDeployed":true,"fixedConnectionDeployed":true,"isSchemaValidationEnabled":false,"tasks":1,"mappingPreviewFileRecordId":"@2","documentType":"MAPPING","allowMaxFieldLength":false,"references":[{"@type":"reference","refObjectId":"@aYZ4ekzHgIPeKpiaoqDLKP","refType":"connection"}]}]