[{"@type":"mappingTemplate","id":"@1","name":"m_Load_Coverage_stg_to_Master_Coverage_Ld","description":"Mapping to load Master coverage table from stage table","bundleVersion":"0","templateId":"@3","deployTime":1715956925000,"hasParameters":true,"valid":true,"fixedConnection":true,"hasParametersDeployed":true,"fixedConnectionDeployed":true,"isSchemaValidationEnabled":false,"tasks":1,"mappingPreviewFileRecordId":"@2","documentType":"","references":[{"@type":"reference","refObjectId":"@4PR5UG8LgQbgjcPh0nvIgA","refType":"connection"}]}]