[{"@type":"mtTask","id":"@1","name":"s_m_load_lkp_SGA","description":"","runtimeEnvironmentId":"@3pADNCV9u0PcgrXjM7rx0t","maxLogs":10,"verbose":false,"lastRunTime":1715040897000,"mappingId":"@a44hutP3Cr2foQ8RKiBdCA","frsGuid":"4xR5h4i8RCRfb1a0LgQDaQ","shortDescription":"","sessionPropertiesList":[{"name":"Allow Temporary Sequence for Pushdown","value":"NO","recommended":false},{"name":"Allow Temporary View for Pushdown","value":"NO","recommended":false},{"name":"Pushdown Optimization","value":"None","recommended":false},{"name":"Pushdown Optimization Context","value":"None","recommended":false},{"name":"Pushdown Optimization Fallback Option","value":"Partial PDO","recommended":false}],"hidden":false,"enableCrossSchemaPushdown":true,"enableParallelRun":false,"autoTunedApplied":false,"autoTunedAppliedType":"NONE","parameterFileName":"Andover_Param_GW.param","parameterFileDir":"$PMRootDir/andover/parameters","paramFileType":"PARAM_FILE_LOCAL","schemaMode":"async","valid":true,"schemaValidationErrorCount":-1,"parameterFileEncoding":"UTF-8","serverlessProperties":{},"taskProperties":[{"@type":"taskProperty","name":"parameterFileDir","currentValue":"$PMRootDir/andover/parameters","type":"STRING","label":"label.parameterFileDir","required":false},{"@type":"taskProperty","name":"parameterFileName","currentValue":"Andover_Param_GW.param","type":"STRING","label":"label.parameterFileName","required":false}],"optimizationPlan":"NONE","isMidstreamPreview":false,"parameters":[{"@type":"mtTaskParameter","id":85170773,"name":"$SQ_claimant$","type":"SOURCE","label":"DBConnection_SRCM","description":"","uiProperties":{"cnxtype":"MySQL","connectionParameterized":"true","paramName":"DBConnection_SRCM","paramLabel":"","paramType-mapping":"Connection","logcnx":"DBConnection_SRCM","isSelectDistinct":"false","objectParameterized":"false","visible":"false","isCustomQueryRetainMetaData":"true","originalPath":"SQ_claimant"},"sourceConnectionId":"@jPo49nVatmzbSnPefVZwCV","sourceObject":"DUMMY_SQ_claimant","newFlatFile":false,"newObject":false,"showBusinessNames":true,"naturalOrder":true,"truncateTarget":false,"bulkApiDBTarget":false,"srcFFAttrs":{"@type":"flatFileAttrs","id":14132411,"delimiter":"|","textQualifier":"NONE","escapeChar":"","headerLineNo":1,"firstDataRow":2,"rowDelimiter":0,"consecutiveDelimiter":false,"multiDelimitersAsAnd":true},"customFuncCfg":{"@type":"customFuncConfig","id":-1,"connections":[],"inputMap":[],"outputFields":[]},"targetRefsV2":{},"targetUpdateColumns":[],"runtimeAttrs":{},"isRESTModernSource":true,"customQuery":"SELECT DISTINCT b.claimnumber\r\n\t,d.ProviderTypeCd\r\n\t,d.IndexName\r\nFROM claimant a\r\nLEFT JOIN claim b ON a.SystemId = b.systemid\r\nLEFT JOIN (\r\n\tSELECT main.SystemId\r\n\t\t,main.ParentId\r\n\t\t,main.CMMContainer\r\n\t\t,main.ProviderRef\r\n\tFROM assignedprovider main\r\n\tINNER JOIN (\r\n\t\tSELECT max(SystemId) AS 'MSI'\r\n\t\t\t,ParentId\r\n\t\tFROM assignedprovider\r\n\t\tGROUP BY ParentId\r\n\t\t) sub ON sub.ParentId = main.ParentId\r\n\t\tAND sub.MSI = main.SystemId\r\n\tWHERE main.ProviderTypeCd = 'SGA - Supervising General Adjuster'\r\n\t\tAND main.cmmcontainer = 'claim'\r\n\t\tAND sub.MSI = main.SystemId\r\n\t) c ON a.id = c.parentid\r\nLEFT JOIN provider d ON c.providerref = d.systemid\r\nWHERE a.cmmcontainer = 'claim'\r\n\tAND b.cmmcontainer = 'claim'\r\n\tAND d.cmmcontainer = 'provider'\r\n\tAND b.typecd = 'Claim'","isFileList":false,"handleSpecialChars":false,"handleDecimalRoundOff":false,"frsAsset":false,"dynamicFileName":false,"excludeDynamicFileNameField":false,"currentlyProcessedFileName":false,"retainFieldMetadata":false,"objectName":"DUMMY_SQ_claimant","useExactSrcNames":false,"fetchMode":"ORIGINAL","tgtObjectAttributes":{},"runtimeParameterData":{"@type":"mtTaskRuntimeParameterData","isConnectionRuntimeParameter":true,"isObjectRuntimeParameter":false,"connectionParameterName":"DBConnection_SRCM"},"overridableProperties":[],"overriddenFields":[]},{"@type":"mtTaskParameter","id":85170774,"name":"$lkp_SGA$","type":"TARGET","label":"DBConnection_TGT","description":"","uiProperties":{"cnxtype":"Amazon Redshift v2","connectionParameterized":"true","paramName":"DBConnection_TGT","paramLabel":"","paramType-mapping":"Connection","logcnx":"DBConnection_TGT","default":"dbo/lkp_sga","objectParameterized":"false","visible":"false","defaultTargetUpdateColumns":"","supportApplyDDLChanges":"false","originalPath":"lkp_SGA"},"targetConnectionId":"@aYZ4ekzHgIPeKpiaoqDLKP","targetObject":"dbo/lkp_sga","targetObjectLabel":"lkp_sga","newFlatFile":false,"newObject":false,"showBusinessNames":true,"naturalOrder":true,"truncateTarget":false,"bulkApiDBTarget":false,"operationType":"Insert","customFuncCfg":{"@type":"customFuncConfig","id":-1,"connections":[],"inputMap":[],"outputFields":[]},"targetRefsV2":{},"targetUpdateColumns":[],"extendedObject":{"@type":"extendedObject","singleMode":true,"filters":[],"sortFields":[]},"runtimeAttrs":{"Analyze Target Table":"NO","S3 Bucket Name":"nonproddatawarehouseredshiftclust-staging12d1754e-1w9c6risqayrf","Truncate Target Table Before Data Upload":"YES","S3 Server Side Encryption":"NO","S3 Client Side Encryption":"NO","Preserve record order on write":"NO"},"oprRuntimeAttrs":{"S3ServerSideEncryption":"NO","dataIntegritySupport":"NO","S3ClientSideEncryption":"NO","S3BucketName":"nonproddatawarehouseredshiftclust-staging12d1754e-1w9c6risqayrf","AnalyzeTargetTable":"NO","TruncateTargetTableBeforeDataUpload":"YES"},"isRESTModernSource":true,"isFileList":false,"handleSpecialChars":false,"handleDecimalRoundOff":false,"frsAsset":false,"dynamicFileName":false,"excludeDynamicFileNameField":false,"currentlyProcessedFileName":false,"retainFieldMetadata":false,"objectName":"dbo/lkp_sga","objectLabel":"lkp_sga","useExactSrcNames":false,"fetchMode":"ORIGINAL","tgtObjectAttributes":{},"runtimeParameterData":{"@type":"mtTaskRuntimeParameterData","isConnectionRuntimeParameter":true,"isObjectRuntimeParameter":false,"connectionParameterName":"DBConnection_TGT"},"overridableProperties":[],"overriddenFields":[]}],"sequences":[],"inOutParameters":[],"connRuntimeAttrs":[]}]