[{"@type":"mappingTemplate","id":"@1","name":"cdi_map_uw_silver_prior_carrier_and_prior_loss_ld","description":"Under Writer Dashboard.","autoExpireObject":false,"bundleVersion":"0","assetFrsGuid":"eMt2S5OTesygZ9uhyuDno6","templateId":"@3","deployTime":1761836807000,"hasParameters":true,"valid":true,"fixedConnection":false,"hasParametersDeployed":true,"fixedConnectionDeployed":false,"isSchemaValidationEnabled":false,"tasks":1,"mappingPreviewFileRecordId":"@2","documentType":"MAPPING","allowMaxFieldLength":false,"specialCharacterSupport":false,"references":[]}]