[{"@type":"mappingTemplate","id":"@1","name":"cdi_map_adm_t_members_metal_stg_load","description":"this job will read data from Maria DB and load to metal staging tables. This is  a passthrough .","autoExpireObject":false,"bundleVersion":"0","assetFrsGuid":"gX9GKSB9f48fgqOy2qXime","templateId":"@3","deployTime":1748978422000,"hasParameters":true,"valid":true,"fixedConnection":false,"hasParametersDeployed":true,"fixedConnectionDeployed":false,"isSchemaValidationEnabled":false,"tasks":1,"mappingPreviewFileRecordId":"@2","documentType":"MAPPING","allowMaxFieldLength":false,"references":[]}]