[{"@type":"mappingTemplate","id":"@1","name":"cdi_map_adm_super_group_bronze_load","description":"","autoExpireObject":false,"bundleVersion":"0","assetFrsGuid":"0EvqeLUvDeleexhNQAXeG9","templateId":"@3","deployTime":1762538781000,"hasParameters":true,"valid":true,"fixedConnection":false,"hasParametersDeployed":true,"fixedConnectionDeployed":false,"isSchemaValidationEnabled":false,"tasks":1,"mappingPreviewFileRecordId":"@2","documentType":"MAPPING","allowMaxFieldLength":false,"specialCharacterSupport":false,"references":[]}]