[{"@type":"mtTask","id":"@1","name":"cdi_tsk_map_bv_property_building_bronze_betterview_property_building_stg_ld","autoExpireObject":false,"runtimeEnvironmentId":"@3pADNCV9u0PcgrXjM7rx0t","maxLogs":10,"verbose":false,"lastRunTime":1741279543000,"mappingId":"@0j65nKaqNW3cdq6liJ5JUL","frsGuid":"5D4OFB3iNp4fcgxErWamAC","sessionPropertiesList":[{"name":"Pushdown Optimization","value":"None","recommended":false},{"name":"Pushdown Optimization Context","value":"None","recommended":false},{"name":"Pushdown Optimization Fallback Option","value":"Partial PDO","recommended":false}],"hidden":false,"enableCrossSchemaPushdown":true,"enableParallelRun":false,"autoTunedApplied":false,"autoTunedAppliedType":"NONE","parameterFileName":"Andover_Param_GW.param","parameterFileDir":"$PMRootDir/andover/parameters","paramFileType":"PARAM_FILE_LOCAL","schemaMode":"async","valid":true,"schemaValidationErrorCount":-1,"serverlessProperties":{},"taskProperties":[{"@type":"taskProperty","name":"parameterFileDir","currentValue":"$PMRootDir/andover/parameters","type":"STRING","label":"label.parameterFileDir","required":false},{"@type":"taskProperty","name":"parameterFileName","currentValue":"Andover_Param_GW.param","type":"STRING","label":"label.parameterFileName","required":false},{"@type":"taskProperty","name":"outboundMessageUrlQueueTime","currentValue":"","type":"NUMBER","label":"label.outboundMessageUrlQueueTime","required":false},{"@type":"taskProperty","name":"outboundMessageUrlToken","currentValue":"","type":"STRING","label":"label.outboundMessageUrlToken","required":false}],"optimizationPlan":"NONE","isMidstreamPreview":false,"parameters":[{"@type":"mtTaskParameter","id":112458789,"name":"$Src_BV_Property_Building$","type":"SOURCE","label":"DBConnection_BV","description":"","uiProperties":{"cnxtype":"JDBCV2","connectionParameterized":"true","paramName":"DBConnection_BV","paramLabel":"","paramType-mapping":"Connection","logcnx":"DBConnection_BV","isSelectDistinct":"false","objectParameterized":"false","visible":"false","originalPath":"Src_BV_Property_Building"},"sourceConnectionId":"@5pApnHsLyRKlfu2DtfjEQI","sourceObject":"DUMMY_Src_BV_Property_Building","newFlatFile":false,"newObject":false,"showBusinessNames":true,"naturalOrder":true,"truncateTarget":false,"bulkApiDBTarget":false,"customFuncCfg":{"@type":"customFuncConfig","id":-1,"connections":[],"inputMap":[],"outputFields":[]},"targetRefsV2":{},"targetUpdateColumns":[],"runtimeAttrs":{},"isRESTModernSource":true,"customQuery":"SELECT DISTINCT dw.property_building.property_building_id,dw.property_building.property_version_id,dw.property_building.building_number,dw.property_building.create_date,dw.property_building.update_date,dw.property_building.property_level,dw.property_building.building_visual_score,dw.property_building.building_area_sqft,dw.property_building.client_id,dw.property_building.building_latitude,dw.property_building.building_longitude,dw.property_building.building_general_wear_score,dw.property_building.building_general_wear_display_value,dw.property_building.building_confidence_bin,dw.property_building.building_confidence_display_value,dw.property_building.building_height_feet,dw.property_building.building_height_display_value,dw.property_building.building_slope_degree,dw.property_building.building_slope_display_value,dw.property_building.building_tree_count,dw.property_building.building_full_risk_tree_coverage,dw.property_building.building_accumulated_risk_tree_coverage,dw.property_building.building_primary_shape,dw.property_building.building_primary_material,dw.property_building.building_hail_vulnerability_score,dw.property_building.building_hurricane_vulnerability_score,dw.property_building.building_wildfire_vulnerability_score,dw.property_building.building_wind_vulnerability_score,dw.property_building.building_bv_hazard_hub_hail_predictor_score,dw.property_building.building_bv_hazard_hub_wind_predictor_score,dw.property_building.building_bv_fema_hail_predictor_score,dw.property_building.building_bv_fema_wind_predictor_score,dw.property_building.building_bv_fema_wind_hail_predictor_score FROM dw.property_building;","isFileList":false,"handleSpecialChars":false,"handleDecimalRoundOff":false,"frsAsset":false,"dynamicFileName":false,"excludeDynamicFileNameField":false,"currentlyProcessedFileName":false,"retainFieldMetadata":false,"objectName":"DUMMY_Src_BV_Property_Building","useExactSrcNames":false,"userUpdated":true,"tgtObjectAttributes":{},"runtimeParameterData":{"@type":"mtTaskRuntimeParameterData","isConnectionRuntimeParameter":true,"isObjectRuntimeParameter":false,"connectionParameterName":"DBConnection_BV"},"overridableProperties":[],"overriddenFields":[]},{"@type":"mtTaskParameter","id":112458790,"name":"$Tgt_Redshift_betterview_property_building_stg$","type":"TARGET","label":"DBConnection_TGT","description":"","uiProperties":{"cnxtype":"Amazon Redshift v2","connectionParameterized":"true","paramName":"DBConnection_TGT","paramLabel":"","paramType-mapping":"Connection","logcnx":"DBConnection_TGT","default":"dbo/betterview_property_building_stg","objectParameterized":"false","visible":"false","defaultTargetUpdateColumns":"","supportApplyDDLChanges":"false","originalPath":"Tgt_Redshift_betterview_property_building_stg"},"targetConnectionId":"@aYZ4ekzHgIPeKpiaoqDLKP","targetObject":"dbo/betterview_property_building_stg","targetObjectLabel":"dbo/betterview_property_building_stg","newFlatFile":false,"newObject":false,"showBusinessNames":true,"naturalOrder":true,"truncateTarget":false,"bulkApiDBTarget":false,"operationType":"Insert","customFuncCfg":{"@type":"customFuncConfig","id":-1,"connections":[],"inputMap":[],"outputFields":[]},"targetRefsV2":{},"targetUpdateColumns":[],"extendedObject":{"@type":"extendedObject","singleMode":true,"filters":[],"sortFields":[]},"runtimeAttrs":{},"isRESTModernSource":true,"isFileList":false,"handleSpecialChars":false,"handleDecimalRoundOff":false,"frsAsset":false,"dynamicFileName":false,"excludeDynamicFileNameField":false,"currentlyProcessedFileName":false,"retainFieldMetadata":false,"objectName":"dbo/betterview_property_building_stg","objectLabel":"dbo/betterview_property_building_stg","useExactSrcNames":false,"userUpdated":true,"tgtObjectAttributes":{},"runtimeParameterData":{"@type":"mtTaskRuntimeParameterData","isConnectionRuntimeParameter":true,"isObjectRuntimeParameter":false,"connectionParameterName":"DBConnection_TGT"},"overridableProperties":[],"overriddenFields":[]}],"sequences":[],"inOutParameters":[],"connRuntimeAttrs":[]}]