[{"@type":"mappletTemplate","id":"@1","name":"mplt_Add_Space_Between_Number_Letter","description":"Adds a space between a single digit and a single letter. For example, 3G is returned as 3 G. Note: The operation applies to the first number-apha pattern in the input string, reading from left to right.","autoExpireObject":false,"documentType":"DMAPPLET","valid":true,"validForEngines":["CDI","CDI_E"],"active":false,"hasFixedReferences":false,"templateId":"@2","templateImageId":"@3","references":[{"@type":"reference","refObjectId":"@5UGySt7RoUTkK8eBax4jYE","refType":"frsDocument"}]}]