[{"@type":"mappingTemplate","id":"@1","name":"cdi_map_adm_subproducer_guidewire_bronze_load","description":"Loads from Metal staging layer to the Bronze tables. SCD2(maintains history of the records, active records are open ended and old ones have closed date)","autoExpireObject":false,"bundleVersion":"0","assetFrsGuid":"290XG56rPCgcffVmZ9coyV","templateId":"@3","deployTime":1751492373000,"hasParameters":true,"valid":true,"fixedConnection":false,"hasParametersDeployed":true,"fixedConnectionDeployed":false,"isSchemaValidationEnabled":false,"tasks":1,"mappingPreviewFileRecordId":"@2","documentType":"MAPPING","allowMaxFieldLength":false,"references":[]}]