[{"@type":"mappingTemplate","id":"@1","name":"m_Load_Fact_Premiums_GW","description":"","autoExpireObject":false,"bundleVersion":"0","assetFrsGuid":"4JikVpP52l2d94vU2293eM","templateId":"@3","deployTime":1759622769000,"hasParameters":true,"valid":true,"fixedConnection":false,"hasParametersDeployed":true,"fixedConnectionDeployed":false,"isSchemaValidationEnabled":false,"tasks":2,"mappingPreviewFileRecordId":"@2","documentType":"","allowMaxFieldLength":false,"specialCharacterSupport":false,"references":[]}]