[{"@type":"mappingTemplate","id":"@1","name":"cdi_mps_map_lc360_poc_Accounting_Info","description":"","autoExpireObject":false,"bundleVersion":"0","assetFrsGuid":"8sVUDhuu8ZQbGhgyszNkkc","templateId":"@3","deployTime":1745303824000,"hasParameters":false,"valid":true,"fixedConnection":true,"hasParametersDeployed":false,"fixedConnectionDeployed":true,"isSchemaValidationEnabled":false,"tasks":0,"mappingPreviewFileRecordId":"@2","documentType":"MAPPING","allowMaxFieldLength":false,"specialCharacterSupport":false,"references":[{"@type":"reference","refObjectId":"@0X6eKmNAvIukAbi9JOPGEq","refType":"structureDefinition"},{"@type":"reference","refObjectId":"@aYZ4ekzHgIPeKpiaoqDLKP","refType":"connection"},{"@type":"reference","refObjectId":"@6poLdu1mSUher3f4LPDk6Y","refType":"connection"}]}]