[{"@type":"mtTask","id":"@1","name":"s_m_Load_agencylicense_to_AgencyLicense_Stg","description":"Session pushed from PC to ICS : s_m_Load_agencylicense_to_AgencyLicense_Stg","runtimeEnvironmentId":"@3pADNCV9u0PcgrXjM7rx0t","maxLogs":10,"verbose":false,"lastRunTime":1712603446000,"mappingId":"@8AhXr6JZXiucldmwe3dlaK","frsGuid":"3r7ZETIBU0IldDxIhF7MQ8","shortDescription":"Session pushed from PC to ICS : s_m_Load_agencylic...","sessionPropertiesList":[{"name":"Allow Temporary Sequence for Pushdown","value":"NO","recommended":false},{"name":"Allow Temporary View for Pushdown","value":"NO","recommended":false},{"name":"Data Column Delimiter","value":"|","recommended":false},{"name":"Error Log File Name","value":"PMError.log","recommended":false},{"name":"Pushdown Optimization","value":"None","recommended":false},{"name":"Pushdown Optimization Context","value":"None","recommended":false},{"name":"Pushdown Optimization Fallback Option","value":"Partial PDO","recommended":false}],"hidden":false,"enableCrossSchemaPushdown":false,"enableParallelRun":false,"autoTunedApplied":false,"autoTunedAppliedType":"NONE","parameterFileName":"Andover_Param_GW.param","parameterFileDir":"$PMRootDir/andover/parameters","paramFileType":"PARAM_FILE_LOCAL","schemaMode":"async","valid":true,"schemaValidationErrorCount":-1,"serverlessProperties":{},"taskProperties":[{"@type":"taskProperty","name":"parameterFileDir","currentValue":"$PMRootDir/andover/parameters","type":"STRING","label":"label.parameterFileDir","required":false},{"@type":"taskProperty","name":"parameterFileName","currentValue":"Andover_Param_GW.param","type":"STRING","label":"label.parameterFileName","required":false}],"jobPriority":"MEDIUM","optimizationPlan":"NONE","isMidstreamPreview":false,"parameters":[{"@type":"mtTaskParameter","id":78703433,"name":"$SQ_agencylicense$","type":"SOURCE","label":"DBConnection_SRC_Portal","description":"","uiProperties":{"cnxtype":"MySQL","connectionParameterized":"true","paramName":"DBConnection_SRC_Portal","paramLabel":"","paramType-mapping":"Connection","logcnx":"DBConnection_SRC_Portal","isSelectDistinct":"false","objectParameterized":"false","visible":"false","originalPath":"SQ_agencylicense"},"sourceConnectionId":"@l5iDwC7GuqvlYtiadtm6sY","sourceObject":"DUMMY_SQ_agencylicense","sourceObjectLabel":"DUMMY_SQ_agencylicense","newFlatFile":false,"newObject":false,"showBusinessNames":true,"naturalOrder":true,"truncateTarget":false,"bulkApiDBTarget":false,"customFuncCfg":{"@type":"customFuncConfig","id":-1,"connections":[],"inputMap":[],"outputFields":[]},"targetRefsV2":{},"targetUpdateColumns":[],"runtimeAttrs":{"Sql Override":"SELECT a.id\n, a.agency_id\n,  a.state\n, a.license_number\n, date(a.expiration_date) as expiration_date\n, date(a.mk_appointed_date) as mk_appointed_date\n, date(a.ca_appointed_date) as ca_appointed_date\n, date(a.bs_appointed_date) as bs_appointed_date\n, a.lob\n, a.delete_flag\n, a.created\n, a.modified \nFROM\n agencylicense a","Pre SQL":"","Post SQL":"","Schema Name":""},"isRESTModernSource":true,"customQuery":"SELECT a.id\n, a.agency_id\n,  a.state\n, a.license_number\n, date(a.expiration_date) as expiration_date\n, date(a.mk_appointed_date) as mk_appointed_date\n, date(a.ca_appointed_date) as ca_appointed_date\n, date(a.bs_appointed_date) as bs_appointed_date\n, a.lob\n, a.delete_flag\n, a.created\n, a.modified \nFROM\n agencylicense a","isFileList":false,"handleSpecialChars":false,"handleDecimalRoundOff":false,"frsAsset":false,"dynamicFileName":false,"excludeDynamicFileNameField":false,"currentlyProcessedFileName":false,"retainFieldMetadata":false,"objectName":"DUMMY_SQ_agencylicense","objectLabel":"DUMMY_SQ_agencylicense","useExactSrcNames":false,"tgtObjectAttributes":{},"runtimeParameterData":{"@type":"mtTaskRuntimeParameterData","isConnectionRuntimeParameter":true,"isObjectRuntimeParameter":false,"connectionParameterName":"DBConnection_SRC_Portal"},"overridableProperties":[],"overriddenFields":[]},{"@type":"mtTaskParameter","id":78703434,"name":"$AgencyLicense1$","type":"TARGET","label":"DBConnection_TGT","description":"","uiProperties":{"cnxtype":"Amazon Redshift v2","connectionParameterized":"true","paramName":"DBConnection_TGT","paramLabel":"","paramType-mapping":"Connection","logcnx":"DBConnection_TGT","default":"dbo/agencylicense","objectParameterized":"false","visible":"false","defaultTargetUpdateColumns":"","supportApplyDDLChanges":"true","originalPath":"AgencyLicense1"},"targetConnectionId":"@aYZ4ekzHgIPeKpiaoqDLKP","targetObject":"dbo/agencylicense","targetObjectLabel":"agencylicense","newFlatFile":false,"newObject":false,"showBusinessNames":true,"naturalOrder":true,"truncateTarget":true,"bulkApiDBTarget":false,"operationType":"Insert","customFuncCfg":{"@type":"customFuncConfig","id":-1,"connections":[],"inputMap":[],"outputFields":[]},"targetRefsV2":{},"targetUpdateColumns":[],"extendedObject":{"@type":"extendedObject","singleMode":true,"filters":[],"sortFields":[]},"runtimeAttrs":{"Temporary Credential Duration":"7200"},"oprRuntimeAttrs":{"temporaryCredentialDuration":"7200"},"isRESTModernSource":true,"isFileList":false,"handleSpecialChars":false,"handleDecimalRoundOff":false,"frsAsset":false,"dynamicFileName":false,"excludeDynamicFileNameField":false,"currentlyProcessedFileName":false,"retainFieldMetadata":false,"objectName":"dbo/agencylicense","objectLabel":"agencylicense","useExactSrcNames":false,"tgtObjectAttributes":{},"targetSchemaMode":"DONT_APPLY_CHANGES","runtimeParameterData":{"@type":"mtTaskRuntimeParameterData","isConnectionRuntimeParameter":true,"isObjectRuntimeParameter":false,"connectionParameterName":"DBConnection_TGT"},"overridableProperties":[],"overriddenFields":[]}],"sequences":[],"inOutParameters":[],"connRuntimeAttrs":[]}]