[{"@type":"mappingTemplate","id":"@1","name":"cdi_map_uw_silver_uw_dashboard_policy_risk_ld","description":"","autoExpireObject":false,"bundleVersion":"0","assetFrsGuid":"4z3EELixLsti5qaGDXhGup","templateId":"@3","hasParameters":true,"valid":true,"fixedConnection":false,"hasParametersDeployed":false,"fixedConnectionDeployed":false,"isSchemaValidationEnabled":false,"tasks":1,"mappingPreviewFileRecordId":"@2","documentType":"MAPPING","allowMaxFieldLength":false,"specialCharacterSupport":false,"references":[]}]