[{"@type":"mappingTemplate","id":"@1","name":"cdi_mps_bv_property_detection_bronze_betterview_property_detection_stg_ld","description":"","autoExpireObject":false,"bundleVersion":"0","assetFrsGuid":"5mPyWRmXJQTk6hzLHz2hqT","templateId":"@3","deployTime":1740674395000,"hasParameters":true,"valid":true,"fixedConnection":false,"hasParametersDeployed":true,"fixedConnectionDeployed":false,"isSchemaValidationEnabled":false,"tasks":1,"mappingPreviewFileRecordId":"@2","documentType":"MAPPING","references":[]}]