[{"@type":"mappingTemplate","id":"@1","name":"cdi_mps_map_lc_tag_answer","description":"Parses the LC360 definitions file into a relational dataset for storage on S3","autoExpireObject":false,"bundleVersion":"0","assetFrsGuid":"3WTG4v5uHUIk0MvbfIhg8r","templateId":"@3","hasParameters":true,"valid":true,"fixedConnection":false,"hasParametersDeployed":false,"fixedConnectionDeployed":false,"isSchemaValidationEnabled":false,"tasks":1,"mappingPreviewFileRecordId":"@2","documentType":"MAPPING","allowMaxFieldLength":false,"specialCharacterSupport":false,"references":[{"@type":"reference","refObjectId":"@4M6vNv8Z3E1cOc6M7HgrO9","refType":"structureDefinition"}]}]