[{"@type":"mtTask","id":"@1","name":"s_m_Load_ClaimantTransaction_to_ClaimantTransaction_Stg_Ld","description":"Session pushed from PC to ICS : s_m_Load_ClaimantTransaction_to_ClaimantTransaction_Stg_Ld","runtimeEnvironmentId":"@3pADNCV9u0PcgrXjM7rx0t","maxLogs":10,"verbose":false,"lastRunTime":1711975285000,"mappingId":"@auyA8Bjr9IUeyNcVPKp4kD","frsGuid":"ankXpnZiI2sboSGcDWhyev","shortDescription":"Session pushed from PC to ICS : s_m_Load_ClaimantT...","sessionPropertiesList":[{"name":"Allow Temporary Sequence for Pushdown","value":"NO","recommended":false},{"name":"Allow Temporary View for Pushdown","value":"NO","recommended":false},{"name":"Cache LOOKUP() function","value":"YES","recommended":false},{"name":"Commit On End Of File","value":"YES","recommended":false},{"name":"Data Column Delimiter","value":"|","recommended":false},{"name":"Error Log File Name","value":"PMError.log","recommended":false},{"name":"Log Row Data","value":"YES","recommended":false},{"name":"Pushdown Optimization","value":"None","recommended":false},{"name":"Pushdown Optimization Context","value":"None","recommended":false},{"name":"Pushdown Optimization Fallback Option","value":"Partial PDO","recommended":false}],"enableCrossSchemaPushdown":false,"enableParallelRun":false,"autoTunedApplied":false,"autoTunedAppliedType":"NONE","parameterFileName":"Andover_Param_GW.param","parameterFileDir":"$PMRootDir/andover/parameters","paramFileType":"PARAM_FILE_LOCAL","schemaMode":"async","valid":true,"schemaValidationErrorCount":-1,"serverlessProperties":{},"taskProperties":[{"@type":"taskProperty","name":"parameterFileDir","currentValue":"$PMRootDir/andover/parameters","type":"STRING","label":"label.parameterFileDir","required":false},{"@type":"taskProperty","name":"parameterFileName","currentValue":"Andover_Param_GW.param","type":"STRING","label":"label.parameterFileName","required":false}],"parameters":[{"@type":"mtTaskParameter","id":82017702,"name":"$Src_claimanttransaction$","type":"SOURCE","label":"DBConnection_SRCM","description":"","uiProperties":{"cnxtype":"MySQL","connectionParameterized":"true","paramName":"DBConnection_SRCM","paramLabel":"","paramType-mapping":"Connection","logcnx":"DBConnection_SRCM","isSelectDistinct":"false","objectParameterized":"false","visible":"false","originalPath":"Src_claimanttransaction"},"sourceConnectionId":"@jPo49nVatmzbSnPefVZwCV","sourceObject":"DUMMY_Src_claimanttransaction","newFlatFile":false,"newObject":false,"showBusinessNames":true,"naturalOrder":true,"truncateTarget":false,"bulkApiDBTarget":false,"customFuncCfg":{"@type":"customFuncConfig","id":-1,"connections":[],"inputMap":[],"outputFields":[]},"targetRefsV2":{},"targetUpdateColumns":[],"runtimeAttrs":{},"isRESTModernSource":true,"customQuery":"SELECT distinct claimanttransaction.SystemId, claimanttransaction.ParentId, claimanttransaction.CMMContainer, claimanttransaction.Id, claimanttransaction.TransactionCd, claimanttransaction.StatusCd, claimanttransaction.PaymentStatus, claimanttransaction.PaymentStatusDt, claimanttransaction.PaymentTypeCd, claimanttransaction.PaymentMethodCd, claimanttransaction.PaymentAccountCd, claimanttransaction.PaymentReference, claimanttransaction.PayToName, claimanttransaction.PayToClaimantInd, claimanttransaction.PayToProviderInd, claimanttransaction.ProviderRef, claimanttransaction.PayToInterestInd, claimanttransaction.InterestCd, claimanttransaction.InterestIdRef, claimanttransaction.PayToOverrideInd, claimanttransaction.RecoveryCheckNumber, claimanttransaction.RecoveryCheckDt, claimanttransaction.RecoveryPaidBy, claimanttransaction.ClaimTransactionHistoryRef, claimanttransaction.Memo, claimanttransaction.MemoCd, claimanttransaction.Comment, claimanttransaction.PaidAmt, claimanttransaction.ReserveAmt, claimanttransaction.RecoveryAmt, claimanttransaction.ExpectedRecoveryAmt, claimanttransaction.ClassificationCd, claimanttransaction.SequenceNumber, claimanttransaction.TransactionNumber, claimanttransaction.TransactionDt, claimanttransaction.TransactionTm, claimanttransaction.TransactionUser, claimanttransaction.ClaimantTransactionRef, claimanttransaction.BookDt, claimanttransaction.PrinterTemplateIdRef, claimanttransaction.RecoveryCheckAmt, claimanttransaction.AutomatedPaymentInd, claimanttransaction.VoidAllowedInd, claimanttransaction.SubrogationIdRef, claimanttransaction.ServicePeriodStartDt, claimanttransaction.SystemCheckReference, claimanttransaction.ServicePeriodEndDt, claimanttransaction.ReasonCd, claimanttransaction.PayToPriorOverrideInd, claimanttransaction.DaysPaid, claimanttransaction.WeeksPaid, claimanttransaction.DenialReason, claimanttransaction.NonConsecutivePeriod, claimanttransaction.LumpSumPaymentCd, claimanttransaction.RecoveryType, claimanttransaction.InvoiceNumber, claimanttransaction.RowId \nFROM\n claimanttransaction where cmmcontainer='claim' and systemid in (select SystemId from advrxxchangedbeans where  concat(adddt,addtm)>='$$m_strtdt' and concat(adddt,addtm) <='$$m_Enddt' and\n cmmcontainer='Claim')","isFileList":false,"handleSpecialChars":false,"handleDecimalRoundOff":false,"frsAsset":false,"dynamicFileName":false,"excludeDynamicFileNameField":false,"currentlyProcessedFileName":false,"retainFieldMetadata":false,"objectName":"DUMMY_Src_claimanttransaction","useExactSrcNames":false,"tgtObjectAttributes":{},"runtimeParameterData":{"@type":"mtTaskRuntimeParameterData","isConnectionRuntimeParameter":true,"isObjectRuntimeParameter":false,"connectionParameterName":"DBConnection_SRCM"},"overridableProperties":[],"overriddenFields":[]},{"@type":"mtTaskParameter","id":82017703,"name":"$Tgt_claimanttransaction_stg$","type":"TARGET","label":"DBConnection_TGT","description":"","uiProperties":{"cnxtype":"Amazon Redshift v2","connectionParameterized":"true","paramName":"DBConnection_TGT","paramLabel":"","paramType-mapping":"Connection","logcnx":"DBConnection_TGT","default":"dbo/claimanttransaction_stg","objectParameterized":"false","visible":"false","defaultTargetUpdateColumns":"","supportApplyDDLChanges":"false","originalPath":"Tgt_claimanttransaction_stg"},"targetConnectionId":"@aYZ4ekzHgIPeKpiaoqDLKP","targetObject":"dbo/claimanttransaction_stg","targetObjectLabel":"claimanttransaction_stg","newFlatFile":false,"newObject":false,"showBusinessNames":true,"naturalOrder":true,"truncateTarget":false,"bulkApiDBTarget":false,"operationType":"Insert","customFuncCfg":{"@type":"customFuncConfig","id":-1,"connections":[],"inputMap":[],"outputFields":[]},"targetRefsV2":{},"targetUpdateColumns":[],"extendedObject":{"@type":"extendedObject","singleMode":true,"filters":[],"sortFields":[]},"runtimeAttrs":{},"isRESTModernSource":true,"isFileList":false,"handleSpecialChars":false,"handleDecimalRoundOff":false,"frsAsset":false,"dynamicFileName":false,"excludeDynamicFileNameField":false,"currentlyProcessedFileName":false,"retainFieldMetadata":false,"objectName":"dbo/claimanttransaction_stg","objectLabel":"claimanttransaction_stg","useExactSrcNames":false,"tgtObjectAttributes":{"parent":""},"runtimeParameterData":{"@type":"mtTaskRuntimeParameterData","isConnectionRuntimeParameter":true,"isObjectRuntimeParameter":false,"connectionParameterName":"DBConnection_TGT"},"overridableProperties":[],"overriddenFields":[]}],"sequences":[],"inOutParameters":[{"@type":"mtTaskInOutParameter","id":"-1","name":"m_strtdt","description":"","initialValue":"","datatype":"STRING","precision":"120","scale":"0","retentionPolicy":"NEVER","aggregationType":"MAX","currentValue":""},{"@type":"mtTaskInOutParameter","id":"-1","name":"m_Enddt","description":"","initialValue":"","datatype":"STRING","precision":"120","scale":"0","retentionPolicy":"NEVER","aggregationType":"MAX","currentValue":""}],"connRuntimeAttrs":[]}]