[{"@type":"mappingTemplate","id":"@1","name":"cdi_map_adm_commission_preview_metal_stg_load","description":"this job will read data from Maria DB and load to metal staging tables. This is one to one mapping without any changes.","autoExpireObject":false,"bundleVersion":"0","assetFrsGuid":"7G62j0l1V0Scx8Jj4iRMW4","templateId":"@3","deployTime":1750691532000,"hasParameters":true,"valid":true,"fixedConnection":false,"hasParametersDeployed":true,"fixedConnectionDeployed":false,"isSchemaValidationEnabled":false,"tasks":2,"mappingPreviewFileRecordId":"@2","documentType":"MAPPING","allowMaxFieldLength":false,"references":[]}]