[{"@type":"mtTask","id":"@1","name":"s_m_loading_dim_policy","description":"","runtimeEnvironmentId":"@3pADNCV9u0PcgrXjM7rx0t","maxLogs":10,"verbose":false,"mappingId":"@2BxSx7B0wpxcSIJspE4UCv","frsGuid":"gzhpUeFJ4KFj5Y2bgMrzSV","shortDescription":"","sessionPropertiesList":[{"name":"Allow Temporary Sequence for Pushdown","value":"NO","recommended":false},{"name":"Allow Temporary View for Pushdown","value":"YES","recommended":false},{"name":"Pushdown Optimization","value":"None","recommended":false},{"name":"Pushdown Optimization Context","value":"None","recommended":false},{"name":"Pushdown Optimization Fallback Option","value":"Partial PDO","recommended":false}],"enableCrossSchemaPushdown":true,"enableParallelRun":true,"autoTunedApplied":false,"autoTunedAppliedType":"NONE","parameterFileName":"devidmcsecureagent-secureagent72579156-j5tnwr2hd1yi/parameters/Andover_Param_MSGR_Refactor.param","paramFileType":"PARAM_FILE_CLOUD","schemaMode":"async","valid":true,"schemaValidationErrorCount":-1,"paramFileConnectionId":"@azEva6zs2GVd8TkGbhUF48","parameterFileEncoding":"UTF-8","serverlessProperties":{},"taskProperties":[{"@type":"taskProperty","name":"parameterFileObject","currentValue":"devidmcsecureagent-secureagent72579156-j5tnwr2hd1yi/parameters/Andover_Param_MSGR_Refactor.param","type":"STRING","label":"label.parameterFileObject","required":false},{"@type":"taskProperty","name":"paramFileConnectionId","currentValue":"01COEW0B00000000000S","type":"CONNECTION","label":"label.paramFileConnection","required":false}],"parameters":[{"@type":"mtTaskParameter","id":75204845,"name":"$SQ_PolicyDetails_GW$","type":"SOURCE","label":"DBConnection_SRC","description":"","uiProperties":{"cnxtype":"Amazon Redshift v2","connectionParameterized":"true","paramName":"DBConnection_SRC","paramLabel":"","paramType-mapping":"Connection","logcnx":"DBConnection_SRC","isSelectDistinct":"false","objectParameterized":"false","visible":"false","originalPath":"SQ_PolicyDetails_GW"},"sourceConnectionId":"@dqHTiQhJYWolYaNB9bUmKf","sourceObject":"DUMMY_SQ_PolicyDetails_GW","sourceObjectLabel":"DUMMY_SQ_PolicyDetails_GW","newFlatFile":false,"newObject":false,"showBusinessNames":true,"naturalOrder":true,"truncateTarget":false,"bulkApiDBTarget":false,"customFuncCfg":{"@type":"customFuncConfig","id":-1,"connections":[],"inputMap":[],"outputFields":[]},"targetRefsV2":{},"targetUpdateColumns":[],"runtimeAttrs":{},"isRESTModernSource":true,"customQuery":"WITH LatestAgentData_CTE AS (\n   SELECT\n        agentcd,\n        ProducerName,\n        AgencyCd,\n        PaymentPreferenceCd,\n        roweffstrtdt\n    FROM\n        int_msgr.agents\n    WHERE\n        RowEffEndDt = '9999-12-31 00:00:00.000'\n),\nLatestAccountDetail_CTE AS (\n    SELECT DISTINCT PolicyKey, BillingType,roweffstrtdt\n    FROM int_msgr.accountdetail\n    WHERE RowEffEndDt = '9999-12-31 00:00:00.000'\n),\nLatestInsuredDetail_CTE AS (\n    SELECT *\n    FROM int_msgr.insureddetail\n    WHERE RowEffEndDt = '9999-12-31 00:00:00.000'\n),\nLatestAttachmentDetails_CTE AS (\nSELECT\n    LEFT(PolicyKey, LENGTH(PolicyKey) - 3) AS policy_num,\n    MAX(AddDt) AS latest_inspection_date\nFROM\n    int_msgr.attachmentdetail\nWHERE\n    RowEffEndDt > SYSDATE\n    AND (\n        TemplateId = 'MPolicyAttachment0017'\n        OR (\n            TemplateId = 'LegacySystemDocumentPolicy'\n            AND (\n                Description LIKE 'Inspections%'\n                OR Description LIKE 'Inspection Report %'\n                OR Description = 'Report'\n                OR Description LIKE 'Report%Loc%'\n            )\n        )\n    )\nGROUP BY\n    LEFT(PolicyKey, LENGTH(PolicyKey) - 3))\n\n\nSELECT  distinct\n   'Guidewire' as datasource_name,\n   P.FullPolicyKey AS policy_key,\n   p.PolicyNumber AS policy_number,\n   P.PolicyNumber as gw_policy_number,\n    p.CarrierCd as company_desc,\nCOALESCE(\n\t(\n\t\tCASE\n\t\t\tWHEN P.ControllingStateCd = 'CT' THEN 'CT (06)'\n\t\t\tWHEN P.ControllingStateCd = 'IL' THEN 'IL (12)'\n\t\t\tWHEN P.ControllingStateCd = 'ME' THEN 'ME (18)'\n\t\t\tWHEN P.ControllingStateCd = 'MA' THEN 'MA (20)'\n\t\t\tWHEN P.ControllingStateCd = 'NH' THEN 'NH (28)'\n\t\t\tWHEN P.ControllingStateCd = 'NJ' THEN 'NJ (29)'\n\t\t\tWHEN P.ControllingStateCd = 'NY' THEN 'NY (31)'\n\t\t\tWHEN P.ControllingStateCd = 'RI' THEN 'RI (38)'\n\t\t\tELSE p.ControllingStateCd\n\t\tEND\n\t), 'Not Applicable'\n) AS controlling_state,\n    COALESCE(P.StatusCd , 'Not Applicable') AS policy_status,\n\tCOALESCE(P.StatusCd , 'Not Applicable') AS renewal_code_desc,\n    COALESCE( p.GroupLine,'Not Applicable') AS lob_group_desc,\n    COALESCE(P.NewRenewalCd ,'Not Applicable') AS new_renewal_desc,\n\tCOALESCE(P.NewRenewalCd,'Not Applicable') AS new_renewal_indicator,\n    COALESCE(p.LineOfBusiness, 'Not Applicable') AS lob_desc,\n    P.PolicyEffectiveDt  AS policy_effective_date,\n\tP.PolicyExpirationDt AS  policy_expiration_date,\n\tP.PolicyInceptionDt AS policy_inception_date,\n    SUBSTRING(p.\"PolicyNumber\", 1,\n  CAST(\n    POSITION(regexp_substr(p.\"PolicyNumber\", '[0-9]') IN p.\"PolicyNumber\") AS INTEGER\n  ) - 1\n)  AS policy_symbol\n,\n--COALESCE(P.PolicyForm,'Not Applicable') AS form,\n    P.PolicyVersion AS module_number,\n\tP.NewBusinessTransactionDt AS policy_transaction_dt,\n    COALESCE(P.PayPlanCd,'Not Applicable') AS pay_plan,\n    COALESCE(P.AutomaticRenewal,'Not Applicable') AS automatic_renewal,\n    P.Operator as operator,\n    P.InexperiencedOperator AS inexperienced_operator,\n    P.CustomerNumber AS customer_number,\n    COALESCE(P.SourceCd,'Not Applicable') AS source_cd,\n    COALESCE(RIGHT(A.AgentCd, 4),'Not Applicable') AS producer_code,\n    COALESCE(A.ProducerName ,'Not Applicable') AS producer_name,\n\tCOALESCE(P.InsuranceScore,'Other') AS insurance_score,\n    COALESCE(i.display_value ,'Other') AS insurance_score_desc,\n\tCOALESCE(p.secondaryinsurancescore,'Other') AS secondary_insurance_score,\n    COALESCE(si.display_value,'Other') AS secondary_insurance_score_desc,\n\n\tAcD.BillingType AS billing_type,\n\t'No' AS fairplan_desc,\n\t A.PaymentPreferenceCd AS payment_preference,\n\t p.PolicySystemID AS policy_system_id,\n\t p.PolicyKey AS part_policy_key,\n\t CASE\n        WHEN p.isMigrated = 'Yes' AND p.LineOfBusiness IN ('Homeowners', 'Dwelling', 'Businessowners')\n            THEN RIGHT(p.PolicyNumber, 7)\n    END AS legacy_policy_number,\n\tA.AgencyCd AS agency_code,\n\tp.CancelReason AS cancel_reason,\n    p.ProgramCd AS program,\n    p.Tier AS tier,\n    p.NonrenewalReasons AS nonrenewal_reasons,\n\tP.RiskTypeCd AS risk_type,\n    P.ShellPolicyInd AS shell_policy_ind,\n    P.insurancescorerundate AS insurance_score_run_date,\n    P.insurancescorerunyear AS insurance_score_run_year,\n    P.secondaryinsurancescorerundate AS secondary_insurance_score_run_date,\n    p.secondaryinsurancescorerunyear AS secondary_insurance_score_run_year,\n    ad.latest_inspection_date,\n    ID.InsuredName AS insured_name,\n    TRIM(BOTH ',' FROM\n    COALESCE(NULLIF(ID.InsuredAddress1, '') || ',', '') ||\n    COALESCE(NULLIF(ID.InsuredAddress2, '') || ',', '') ||\n    COALESCE(NULLIF(ID.InsuredCity, '') || ',', '') ||\n    COALESCE(NULLIF(ID.InsuredZip, ''), '')\n    ) AS insured_address,\n    ID.FormattedInsuredAddress AS formatted_insured_address,\n\tID.InsuredBirthDt AS insured_birth_dt,\nID.InsuredZip AS insured_zip_code\nFROM int_msgr.policydetail P\ninner JOIN LatestInsuredDetail_CTE ID ON ID.PolicyKey = P.PolicyKey and ID.InsuredSystemID=P.PolicySystemId\nLEFT JOIN int_msgr.dim_insurance_score i ON p.InsuranceScore::int BETWEEN i.low AND i.hi\nLEFT JOIN int_msgr.dim_insurance_score si ON p.InsuranceScore::int BETWEEN si.low AND si.hi\nLEFT JOIN LatestAgentData_CTE A ON P.ProviderNumber = A.AgentCd \nLEFT JOIN LatestAccountDetail_CTE AcD ON AcD.PolicyKey = p.PolicyKey\nLEFT JOIN LatestAttachmentDetails_CTE ad ON P.PolicyNumber= ad.policy_num\nLEFT join cert_msgr.dim_policy tg_p on tg_p.policy_key=p.fullpolicykey\nWHERE\n    (AcD.roweffstrtdt>tg_p.etl_updated_dt\n        OR ID.roweffstrtdt > tg_p.etl_updated_dt\n        OR A.roweffstrtdt> tg_p.etl_updated_dt\n        OR lastupddt > tg_p.etl_updated_dt\n        OR tg_p.policy_key is null\n     )","isFileList":false,"handleSpecialChars":false,"handleDecimalRoundOff":false,"frsAsset":false,"dynamicFileName":false,"excludeDynamicFileNameField":false,"currentlyProcessedFileName":false,"retainFieldMetadata":false,"objectName":"DUMMY_SQ_PolicyDetails_GW","objectLabel":"DUMMY_SQ_PolicyDetails_GW","useExactSrcNames":false,"tgtObjectAttributes":{},"runtimeParameterData":{"@type":"mtTaskRuntimeParameterData","isConnectionRuntimeParameter":false,"isObjectRuntimeParameter":false,"connectionParameterName":"DBConnection_SRC"},"overridableProperties":[],"overriddenFields":[]},{"@type":"mtTaskParameter","id":75204846,"name":"$SQ_master_policy_pms$","type":"SOURCE","label":"DBConnection_TGT","description":"","uiProperties":{"cnxtype":"Amazon Redshift v2","connectionParameterized":"true","paramName":"DBConnection_TGT","paramLabel":"","paramType-mapping":"Connection","logcnx":"DBConnection_TGT","isSelectDistinct":"false","objectParameterized":"false","visible":"false","originalPath":"SQ_master_policy_pms"},"sourceConnectionId":"@dqHTiQhJYWolYaNB9bUmKf","sourceObject":"DUMMY_SQ_master_policy_pms","sourceObjectLabel":"DUMMY_SQ_master_policy_pms","newFlatFile":false,"newObject":false,"showBusinessNames":true,"naturalOrder":true,"truncateTarget":false,"bulkApiDBTarget":false,"customFuncCfg":{"@type":"customFuncConfig","id":-1,"connections":[],"inputMap":[],"outputFields":[]},"targetRefsV2":{},"targetUpdateColumns":[],"runtimeAttrs":{},"isRESTModernSource":true,"customQuery":"WITH LatestInspection AS (\n   SELECT Policy_Number as policy_number_pms\n        ,CAST(MAX(Inspection_Dt) AS TIMESTAMP) AS latest_inspection_date\n    FROM int_msgr.pms_inspection\n    GROUP BY Policy_Number\n\n)\nSELECT distinct\n    'PMS' as datasource_name,\n    P.Policy_Key AS policy_key,\n\tp.Formatted_Policy_Number  AS policy_number,\n    P.Formatted_Policy_Number AS gw_policy_number,\n    P.Company_Desc AS company_desc,\nCOALESCE(Rs.gen4_desc, 'Not Applicable') as controlling_state,\nCOALESCE(rc.Display_RenewalCd , 'Not Applicable') AS policy_status,\n\tCOALESCE(rc.Display_RenewalCd , 'Not Applicable') AS renewal_code_desc,\n    COALESCE(lob.LOB_Display_Group_Desc,'Not Applicable') AS lob_group_desc,\n\tCOALESCE(P.New_Renewal_Desc ,'Not Applicable') AS new_renewal_desc,\n\tCOALESCE(P.New_Renewal_Desc ,'Not Applicable') AS new_renewal_indicator,\n COALESCE(lob.LOB_Display_Desc,'Not Applicable') AS lob_desc,\n\tP.Policy_Effective_Date  AS policy_effective_date,\n    P.Policy_Expiration_Date AS  policy_expiration_date,\n    P.Policy_Inception_Date::TIMESTAMP AS policy_inception_date,\n    P.Policy_Symbol AS policy_symbol,\n    P.Formatted_Module_Number as module_number,\n--COALESCE(P.Policy_Form,'Not Applicable') AS form ,\n    P.New_Business_Entry_Date AS policy_transaction_dt,\n    'Not Applicable' AS pay_plan,\n    'Not Applicable' AS automatic_renewal,\n    NULL::INT AS operator,\n    NULL::INT AS inexperienced_operator,\n    P.Formatted_Policy_Number AS customer_number,\n    'Not Applicable' AS source_cd,\n    COALESCE(P.Producer_Code,'Not Applicable') AS producer_code,\n    'Not Applicable' AS producer_name,\n\tCOALESCE(CAST(P.Insurance_Score AS VARCHAR),'Other') AS insurance_score,\n    COALESCE(P.Insurance_Score_Desc ,'Other') AS insurance_score_desc,\n    COALESCE(CAST(P.insurance_score_2 AS VARCHAR),'Other') AS secondary_insurance_score,\n\tCOALESCE(P.insurance_score_desc_2 ,'Other') AS secondary_insurance_score_desc,\n\tP.BillingType AS billing_type,\n    P.Fairplan_Desc AS fairplan_desc,\n\tNULL AS payment_preference,\n\tNULL::BIGINT AS policy_system_id,\n\tNULL AS part_policy_key,\n\tNULL AS legacy_policy_number,\n\tP.agency_code as agency_code,\n\tNULL AS cancel_reason,\n\tP.program AS program,\n\tP.tier AS tier,\n\tNULL AS nonrenewal_reasons,\n\tNULL AS risk_type,\n\tNULL AS shell_policy_ind,\n\tNULL::TIMESTAMP AS                insurance_score_run_date,\n    P.insurance_score_year::smallint AS insurance_score_run_year,\n    NULL::TIMESTAMP AS secondary_insurance_score_run_date,\n    p.insurance_score_2_year::smallint AS secondary_insurance_score_run_year,\n\tad.latest_inspection_date,\n\tTRIM(ID.Insured_Name) AS insured_name,\n    TRIM(ID.Insured_Address1) || ',' ||\n    TRIM(ID.Insured_Address2) || ',' ||\n    TRIM(ID.Insured_City) || ',' ||\n    TRIM(ID.Insured_Zip) AS insured_address,\n   TRIM(ID.FormattedInsuredAddress) AS formatted_insured_address,\n    CAST(NULL  AS TIMESTAMP) AS insured_birth_dt,\n    TRIM(ID.Insured_Zip) AS insured_zip_code\n\n\tFROM int_msgr.PMS_Master_Policy_Hist P\nLEFT JOIN cert_msgr.dim_policy tg_p on tg_p.policy_key=P.policy_key\nLEFT JOIN (select PMSRenewalCd, Display_RenewalCd  from int_msgr.RenewalCode_Ref where PMSRenewalCd is not null ) rc ON rc.PMSRenewalCd = P.Policy_Renewal_Code\nLEFT JOIN int_msgr.LOB_Ref lob ON lob.PMS_LOB_Desc = P.Lob_Desc\nLEFT join int_msgr.HIER_dim_RiskState RS on Rs.dim_id=P.Risk_State\nLEFT JOIN LatestInspection ad ON p.Policy_Number = ad.policy_number_pms\nLEFT JOIN int_msgr.PMS_Master_Insured ID ON ID.Policy_Key = P.Policy_Key\nwhere P.row_end_dt='9999-12-31'\nAND\n    (etl_updated_dt< P.row_start_dt\n    OR tg_p.policy_key is null\n    OR tg_p.latest_inspection_date < ad.latest_inspection_date\n    OR etl_updated_dt< ID.last_upd_dt)","isFileList":false,"handleSpecialChars":false,"handleDecimalRoundOff":false,"frsAsset":false,"dynamicFileName":false,"excludeDynamicFileNameField":false,"currentlyProcessedFileName":false,"retainFieldMetadata":false,"objectName":"DUMMY_SQ_master_policy_pms","objectLabel":"DUMMY_SQ_master_policy_pms","useExactSrcNames":false,"tgtObjectAttributes":{},"runtimeParameterData":{"@type":"mtTaskRuntimeParameterData","isConnectionRuntimeParameter":false,"isObjectRuntimeParameter":false,"connectionParameterName":"DBConnection_TGT"},"overridableProperties":[],"overriddenFields":[]},{"@type":"mtTaskParameter","id":75204847,"name":"$tg_dim_policy_upsert$","type":"TARGET","label":"DBConnection_TGT","description":"","uiProperties":{"cnxtype":"Amazon Redshift v2","connectionParameterized":"true","paramName":"DBConnection_TGT","paramLabel":"","paramType-mapping":"Connection","logcnx":"DBConnection_TGT","default":"cert_msgr/dim_policy","objectParameterized":"false","visible":"false","defaultTargetUpdateColumns":"policy_key,datasource_name","supportApplyDDLChanges":"false","originalPath":"tg_dim_policy_upsert"},"targetConnectionId":"@dqHTiQhJYWolYaNB9bUmKf","targetObject":"cert_msgr/dim_policy","targetObjectLabel":"dim_policy","newFlatFile":false,"newObject":false,"showBusinessNames":true,"naturalOrder":true,"truncateTarget":false,"bulkApiDBTarget":false,"operationType":"Upsert","customFuncCfg":{"@type":"customFuncConfig","id":-1,"connections":[],"inputMap":[],"outputFields":[]},"targetRefsV2":{},"targetUpdateColumns":["policy_key","datasource_name"],"extendedObject":{"@type":"extendedObject","singleMode":true,"filters":[],"sortFields":[]},"runtimeAttrs":{},"isRESTModernSource":true,"isFileList":false,"handleSpecialChars":false,"handleDecimalRoundOff":false,"frsAsset":false,"dynamicFileName":false,"excludeDynamicFileNameField":false,"currentlyProcessedFileName":false,"retainFieldMetadata":false,"objectName":"cert_msgr/dim_policy","objectLabel":"dim_policy","useExactSrcNames":false,"tgtObjectAttributes":{},"runtimeParameterData":{"@type":"mtTaskRuntimeParameterData","isConnectionRuntimeParameter":false,"isObjectRuntimeParameter":false,"connectionParameterName":"DBConnection_TGT"},"overridableProperties":[],"overriddenFields":[]}],"sequences":[],"inOutParameters":[],"connRuntimeAttrs":[]}]