[{"@type":"mappingTemplate","id":"@1","name":"cdi_map_s3_form_answers_data_metal_load","description":"This mapping is used to ingest the source JSON file from S3 bucket to AWS Redshift tables - parsing only the Generic fileds information.","autoExpireObject":false,"bundleVersion":"0","assetFrsGuid":"8ox6izJbmSZgypX5esgoUn","templateId":"@3","hasParameters":true,"valid":true,"fixedConnection":false,"hasParametersDeployed":false,"fixedConnectionDeployed":false,"isSchemaValidationEnabled":false,"tasks":1,"mappingPreviewFileRecordId":"@2","documentType":"MAPPING","allowMaxFieldLength":false,"specialCharacterSupport":false,"references":[{"@type":"reference","refObjectId":"@819CfMiFeqNf9jEUUUrG0a","refType":"structureDefinition"}]}]