[{"@type":"mappingTemplate","id":"@1","name":"cdi_map_underwriting_questions_and_answers_silver_load_java","description":"","autoExpireObject":false,"bundleVersion":"0","assetFrsGuid":"3NV8EK3yXDmi3prb2PCxQN","templateId":"@3","deployTime":1757950630000,"hasParameters":true,"valid":true,"fixedConnection":true,"hasParametersDeployed":true,"fixedConnectionDeployed":true,"isSchemaValidationEnabled":false,"tasks":0,"mappingPreviewFileRecordId":"@2","documentType":"MAPPING","allowMaxFieldLength":false,"specialCharacterSupport":false,"references":[{"@type":"reference","refObjectId":"@9vRS9laInici0I2w7XyAA0","refType":"mappletTemplate","refObjInSync":"true"},{"@type":"reference","refObjectId":"@aYZ4ekzHgIPeKpiaoqDLKP","refType":"connection"}]}]