[{"@type":"mtTask","id":"@1","name":"s_m_load_AccountStats_Stg","description":"Session pushed from PC to ICS : s_m_load_AccountStats_Stg","runtimeEnvironmentId":"@3pADNCV9u0PcgrXjM7rx0t","maxLogs":10,"verbose":false,"lastRunTime":1712066072000,"mappingId":"@6SbXVAjIUhMlaIMl2UMwyN","frsGuid":"697XTfT0ac8hLG9JwGPAAl","shortDescription":"Session pushed from PC to ICS : s_m_load_AccountSt...","sessionPropertiesList":[{"name":"Allow Temporary Sequence for Pushdown","value":"NO","recommended":false},{"name":"Allow Temporary View for Pushdown","value":"NO","recommended":false},{"name":"Commit Interval","value":"10000","recommended":false},{"name":"Commit On End Of File","value":"YES","recommended":false},{"name":"Commit Type","value":"Target","recommended":false},{"name":"Data Column Delimiter","value":"|","recommended":false},{"name":"Error Log File Name","value":"PMError.log","recommended":false},{"name":"Pushdown Optimization","value":"None","recommended":false},{"name":"Pushdown Optimization Context","value":"None","recommended":false},{"name":"Pushdown Optimization Fallback Option","value":"Partial PDO","recommended":false},{"name":"Treat source rows as","value":"Insert","recommended":false}],"enableCrossSchemaPushdown":false,"enableParallelRun":false,"autoTunedApplied":false,"autoTunedAppliedType":"NONE","parameterFileName":"Andover_Param_GW.param","parameterFileDir":"$PMRootDir/andover/parameters","paramFileType":"PARAM_FILE_LOCAL","schemaMode":"async","valid":true,"schemaValidationErrorCount":-1,"serverlessProperties":{},"taskProperties":[{"@type":"taskProperty","name":"parameterFileDir","currentValue":"$PMRootDir/andover/parameters","type":"STRING","label":"label.parameterFileDir","required":false},{"@type":"taskProperty","name":"parameterFileName","currentValue":"Andover_Param_GW.param","type":"STRING","label":"label.parameterFileName","required":false}],"parameters":[{"@type":"mtTaskParameter","id":82024687,"name":"$SQ_accountstats$","type":"SOURCE","label":"DBConnection_SRCM","description":"","uiProperties":{"cnxtype":"MySQL","connectionParameterized":"true","paramName":"DBConnection_SRCM","paramLabel":"","paramType-mapping":"Connection","logcnx":"DBConnection_SRCM","isSelectDistinct":"false","objectParameterized":"false","visible":"false","originalPath":"SQ_accountstats"},"sourceConnectionId":"@jPo49nVatmzbSnPefVZwCV","sourceObject":"DUMMY_SQ_accountstats","newFlatFile":false,"newObject":false,"showBusinessNames":true,"naturalOrder":true,"truncateTarget":false,"bulkApiDBTarget":false,"customFuncCfg":{"@type":"customFuncConfig","id":-1,"connections":[],"inputMap":[],"outputFields":[]},"targetRefsV2":{},"targetUpdateColumns":[],"runtimeAttrs":{},"isRESTModernSource":true,"customQuery":"SELECT accountstats.SystemId, accountstats.id, accountstats.StatSequence, accountstats.StatSequenceReplace, accountstats.PolicyNumber, accountstats.PolicyVersion, accountstats.BillingEntitySequenceNumber, accountstats.CombinedKey, accountstats.AddDt, accountstats.BookDt, accountstats.StartDt, accountstats.EndDt, accountstats.StatusCd, accountstats.AccountNumber, accountstats.AccountTypeCd, accountstats.PayPlanCd, accountstats.TransactionTypeCd, accountstats.SourceCd, accountstats.TransactionNumber, accountstats.PolicyTransactionCd, accountstats.ChargeAmt, accountstats.CommissionChargeAmt, accountstats.BalanceAmt, accountstats.PaidAmt, accountstats.AdjustmentAmt, accountstats.CategoryCd, accountstats.NetPaidAmt, accountstats.EffectiveDt, accountstats.ProviderCd, accountstats.CheckNumber, accountstats.CheckAmt, accountstats.CheckDt, accountstats.BatchId, accountstats.NextDueDt, accountstats.InsuredName, accountstats.PaidBy, accountstats.PaidByName, accountstats.StatementTypeCd, accountstats.ActivityTypeCd, accountstats.PolicyTransactionNumber, accountstats.CommisionPct, accountstats.CommissionTypeCd, accountstats.AccountRef, accountstats.PolicyRef, accountstats.PayOffAmt, accountstats.ReversalStopInd, accountstats.CommissionKey, accountstats.PolicyTransactionEffectiveDt, accountstats.AccountingDt, accountstats.CarrierGroupCd, accountstats.CarrierCd, accountstats.CustomerRef, accountstats.BillMethod, accountstats.StateCd, accountstats.DepositoryLocationCd, accountstats.NetChargeAmt, accountstats.NetAdjustmentAmt, accountstats.GrossNetInd, accountstats.NetBalanceAmt, accountstats.CommissionTakenAmt, accountstats.TransactionDesc, accountstats.ReverseReason, accountstats.EntryDt, accountstats.SystemCheckNumber, accountstats.AdjustmentTypeCd, accountstats.ACHAgent, accountstats.SettlementDt, accountstats.AuditAccountInd, accountstats.PaymentServiceAccountId, accountstats.StatementAccountNumber, accountstats.StatementAccountRef, accountstats.UserId, accountstats.ARReceiptTypeCd, accountstats.CreditCardTypeCd \nFROM\n accountstats\n where bookdt >= '$$M_StartDt' and bookdt < '$$M_EndDt'","isFileList":false,"handleSpecialChars":false,"handleDecimalRoundOff":false,"frsAsset":false,"dynamicFileName":false,"excludeDynamicFileNameField":false,"currentlyProcessedFileName":false,"retainFieldMetadata":false,"objectName":"DUMMY_SQ_accountstats","useExactSrcNames":false,"tgtObjectAttributes":{},"runtimeParameterData":{"@type":"mtTaskRuntimeParameterData","isConnectionRuntimeParameter":true,"isObjectRuntimeParameter":false,"connectionParameterName":"DBConnection_SRCM"},"overridableProperties":[],"overriddenFields":[]},{"@type":"mtTaskParameter","id":82024688,"name":"$accountstats_stg$","type":"TARGET","label":"DBConnection_TGT","description":"","uiProperties":{"cnxtype":"Amazon Redshift v2","connectionParameterized":"true","paramName":"DBConnection_TGT","paramLabel":"","paramType-mapping":"Connection","logcnx":"DBConnection_TGT","default":"dbo/accountstats_stg","objectParameterized":"false","visible":"false","defaultTargetUpdateColumns":"","supportApplyDDLChanges":"true","originalPath":"accountstats_stg"},"targetConnectionId":"@aYZ4ekzHgIPeKpiaoqDLKP","targetObject":"dbo/accountstats_stg","targetObjectLabel":"accountstats_stg","newFlatFile":false,"newObject":false,"showBusinessNames":true,"naturalOrder":true,"truncateTarget":false,"bulkApiDBTarget":false,"operationType":"Insert","customFuncCfg":{"@type":"customFuncConfig","id":-1,"connections":[],"inputMap":[],"outputFields":[]},"targetRefsV2":{},"targetUpdateColumns":[],"extendedObject":{"@type":"extendedObject","singleMode":true,"filters":[],"sortFields":[]},"runtimeAttrs":{},"isRESTModernSource":true,"isFileList":false,"handleSpecialChars":false,"handleDecimalRoundOff":false,"frsAsset":false,"dynamicFileName":false,"excludeDynamicFileNameField":false,"currentlyProcessedFileName":false,"retainFieldMetadata":false,"objectName":"dbo/accountstats_stg","objectLabel":"accountstats_stg","useExactSrcNames":false,"tgtObjectAttributes":{},"runtimeParameterData":{"@type":"mtTaskRuntimeParameterData","isConnectionRuntimeParameter":true,"isObjectRuntimeParameter":false,"connectionParameterName":"DBConnection_TGT"},"overridableProperties":[],"overriddenFields":[]}],"sequences":[],"inOutParameters":[{"@type":"mtTaskInOutParameter","id":"-1","name":"M_StartDt","description":"","initialValue":"","datatype":"STRING","precision":"120","scale":"0","retentionPolicy":"NEVER","aggregationType":"MAX","currentValue":""},{"@type":"mtTaskInOutParameter","id":"-1","name":"M_EndDt","description":"","initialValue":"","datatype":"STRING","precision":"120","scale":"0","retentionPolicy":"NEVER","aggregationType":"MAX","currentValue":""}],"connRuntimeAttrs":[]}]