[{"@type":"mtTask","id":"@1","name":"s_m_Load_msgr_view_policy","description":"Session pushed from PC to ICS : s_m_Load_msgr_view_policy","runtimeEnvironmentId":"@3pADNCV9u0PcgrXjM7rx0t","maxLogs":10,"verbose":false,"lastRunTime":1717791927000,"mappingId":"@lNfE99o86cobCM7Ddj8qG7","frsGuid":"fFB6U24OPUrk2kLOMIonAJ","shortDescription":"Session pushed from PC to ICS : s_m_Load_msgr_view...","sessionPropertiesList":[{"name":"Allow Temporary Sequence for Pushdown","value":"NO","recommended":false},{"name":"Allow Temporary View for Pushdown","value":"NO","recommended":false},{"name":"Data Column Delimiter","value":"|","recommended":false},{"name":"Error Log File Name","value":"PMError.log","recommended":false},{"name":"Pushdown Optimization","value":"None","recommended":false},{"name":"Pushdown Optimization Context","value":"None","recommended":false},{"name":"Pushdown Optimization Fallback Option","value":"Partial PDO","recommended":false}],"hidden":false,"enableCrossSchemaPushdown":false,"enableParallelRun":false,"autoTunedApplied":false,"autoTunedAppliedType":"NONE","parameterFileName":"Andover_Parm_Peregrine.txt","parameterFileDir":"$PMRootDir/andover/parameters","paramFileType":"PARAM_FILE_LOCAL","schemaMode":"async","valid":true,"schemaValidationErrorCount":-1,"serverlessProperties":{},"taskProperties":[{"@type":"taskProperty","name":"parameterFileDir","currentValue":"$PMRootDir/andover/parameters","type":"STRING","label":"label.parameterFileDir","required":false},{"@type":"taskProperty","name":"parameterFileName","currentValue":"Andover_Parm_Peregrine.txt","type":"STRING","label":"label.parameterFileName","required":false},{"@type":"taskProperty","name":"outboundMessageUrlQueueTime","currentValue":"","type":"NUMBER","label":"label.outboundMessageUrlQueueTime","required":false},{"@type":"taskProperty","name":"outboundMessageUrlToken","currentValue":"","type":"STRING","label":"label.outboundMessageUrlToken","required":false}],"optimizationPlan":"NONE","isMidstreamPreview":false,"parameters":[{"@type":"mtTaskParameter","id":88988233,"name":"$SQ_PolicyDetail$","type":"SOURCE","label":"DBConnection_SRC","description":"","uiProperties":{"cnxtype":"Amazon Redshift v2","connectionParameterized":"true","paramName":"DBConnection_SRC","paramLabel":"","paramType-mapping":"Connection","logcnx":"DBConnection_SRC","isSelectDistinct":"false","objectParameterized":"false","visible":"false","originalPath":"SQ_PolicyDetail"},"sourceConnectionId":"@aYZ4ekzHgIPeKpiaoqDLKP","sourceObject":"DUMMY_SQ_PolicyDetail","newFlatFile":false,"newObject":false,"showBusinessNames":true,"naturalOrder":true,"truncateTarget":false,"bulkApiDBTarget":false,"customFuncCfg":{"@type":"customFuncConfig","id":-1,"connections":[],"inputMap":[],"outputFields":[]},"targetRefsV2":{},"targetUpdateColumns":[],"runtimeAttrs":{},"isRESTModernSource":true,"customQuery":"select distinct \n    p.policysystemid, \n    p.policykey, \n    p.policynumber, \n    p.policyversion, \n    p.newbusinesstransactiondt, \n    p.statuscd, \n    p.automaticrenewal, \n    p.customernumber, \n    p.nonrenewalreasons, \n    p.policyeffectivedt, \n    p.policyexpirationdt, \n    p.policyinceptiondt, \n    p.lineofbusiness, \n    p.groupline, \n    p.newrenewalcd, \n    p.carriercd, \n    p.cancelreason, \n    p.insurancescore,  \n    p.programcd, \n    p.tier, \n    p.payplancd, \n    p.operator, \n    p.inexperiencedoperator, \n    p.risktypecd, \n    p.sourcecd, \n    p.policyform, \n    p.controllingstatecd, \n    p.shellpolicyind, \n    p.ismigrated, \n    p.fullpolicykey, \n    p.insurancescorerundate, \n    p.insurancescorerunyear, \n    p.secondaryinsurancescore, \n    p.secondaryinsurancescorerundate, \n    p.secondaryinsurancescorerunyear, \n    s.insuredname, \n    s.insuredaddress1, \n    s.insuredaddress2, \n    s.insuredcity, \n    s.insuredzip, \n    s.insuredbirthdt, \n    s.formattedinsuredaddress, \n    i.displayvalue as \"insurance score desc\", \n    a.agencycd, \n    a.producername, \n    a.paymentpreferencecd,\n    a.agentcd,\n    r.occupancycd, \n    acd.billingtype, \n    i2.displayvalue \nfrom dbo.policydetail p  \ninner join dbo.insureddetail s on s.policykey = p.policykey\nleft join dbo.view_dim_insuracescore i on p.insurancescore between i.low and i.hi\nleft join dbo.view_dim_insuracescore i2 on p.secondaryinsurancescore between i2.low and i2.hi\nleft join dbo.msgr_palias_agents_vp a on p.providernumber = a.agentcd \nleft join dbo.msgr_ralias_risk_vp r on p.policykey = r.policykey and p.policysystemid = r.risksystemid \nleft join dbo.msgr_acdalias_accountdetail_vp acd on acd.policykey = p.policynumber + p.policyversion\nwhere s.roweffenddt = '9999-12-31 00:00:00.000'","isFileList":false,"handleSpecialChars":false,"handleDecimalRoundOff":false,"frsAsset":false,"dynamicFileName":false,"excludeDynamicFileNameField":false,"currentlyProcessedFileName":false,"retainFieldMetadata":false,"objectName":"DUMMY_SQ_PolicyDetail","useExactSrcNames":false,"fetchMode":"ORIGINAL","tgtObjectAttributes":{},"runtimeParameterData":{"@type":"mtTaskRuntimeParameterData","isConnectionRuntimeParameter":true,"isObjectRuntimeParameter":false,"connectionParameterName":"DBConnection_SRC"},"overridableProperties":[],"overriddenFields":[]},{"@type":"mtTaskParameter","id":88988234,"name":"$msgr_view_policy$","type":"TARGET","label":"DBConnection_TGT","description":"","uiProperties":{"cnxtype":"Amazon Redshift v2","connectionParameterized":"true","paramName":"DBConnection_TGT","paramLabel":"","paramType-mapping":"Connection","logcnx":"DBConnection_TGT","default":"dbo/msgr_view_policy","objectParameterized":"false","visible":"false","defaultTargetUpdateColumns":"","supportApplyDDLChanges":"false","originalPath":"msgr_view_policy"},"targetConnectionId":"@aYZ4ekzHgIPeKpiaoqDLKP","targetObject":"dbo/msgr_view_policy","targetObjectLabel":"msgr_view_policy","newFlatFile":false,"newObject":false,"showBusinessNames":true,"naturalOrder":true,"truncateTarget":false,"bulkApiDBTarget":false,"operationType":"Insert","customFuncCfg":{"@type":"customFuncConfig","id":-1,"connections":[],"inputMap":[],"outputFields":[]},"targetRefsV2":{},"targetUpdateColumns":[],"extendedObject":{"@type":"extendedObject","singleMode":true,"filters":[],"sortFields":[]},"runtimeAttrs":{},"isRESTModernSource":true,"isFileList":false,"handleSpecialChars":false,"handleDecimalRoundOff":false,"frsAsset":false,"dynamicFileName":false,"excludeDynamicFileNameField":false,"currentlyProcessedFileName":false,"retainFieldMetadata":false,"objectName":"dbo/msgr_view_policy","objectLabel":"msgr_view_policy","useExactSrcNames":false,"fetchMode":"ORIGINAL","tgtObjectAttributes":{},"runtimeParameterData":{"@type":"mtTaskRuntimeParameterData","isConnectionRuntimeParameter":true,"isObjectRuntimeParameter":false,"connectionParameterName":"DBConnection_TGT"},"overridableProperties":[],"targetSchemaProviderType":"SELECTED_OBJECT","overriddenFields":[]}],"sequences":[],"inOutParameters":[],"connRuntimeAttrs":[]}]