[{"@type":"mtTask","id":"@1","name":"s_m_Load_msgr_view_policy","description":"Session pushed from PC to ICS : s_m_Load_msgr_view_policy","runtimeEnvironmentId":"@3pADNCV9u0PcgrXjM7rx0t","maxLogs":10,"verbose":false,"lastRunTime":1707930740000,"mappingId":"@lNfE99o86cobCM7Ddj8qG7","frsGuid":"fFB6U24OPUrk2kLOMIonAJ","shortDescription":"Session pushed from PC to ICS : s_m_Load_msgr_view...","sessionPropertiesList":[{"name":"Allow Temporary Sequence for Pushdown","value":"NO","recommended":false},{"name":"Allow Temporary View for Pushdown","value":"NO","recommended":false},{"name":"Data Column Delimiter","value":"|","recommended":false},{"name":"Error Log File Name","value":"PMError.log","recommended":false},{"name":"Pushdown Optimization","value":"None","recommended":false},{"name":"Pushdown Optimization Context","value":"None","recommended":false},{"name":"Pushdown Optimization Fallback Option","value":"Partial PDO","recommended":false}],"enableCrossSchemaPushdown":false,"enableParallelRun":false,"autoTunedApplied":false,"autoTunedAppliedType":"NONE","parameterFileName":"Andover_Parm_Peregrine.txt","parameterFileDir":"$PMRootDir/andover/parameters","paramFileType":"PARAM_FILE_LOCAL","schemaMode":"async","valid":true,"schemaValidationErrorCount":-1,"serverlessProperties":{},"taskProperties":[{"@type":"taskProperty","name":"parameterFileDir","currentValue":"$PMRootDir/andover/parameters","type":"STRING","label":"label.parameterFileDir","required":false},{"@type":"taskProperty","name":"parameterFileName","currentValue":"Andover_Parm_Peregrine.txt","type":"STRING","label":"label.parameterFileName","required":false}],"parameters":[{"@type":"mtTaskParameter","id":76218348,"name":"$SQ_PolicyDetail$","type":"SOURCE","label":"DBConnection_SRC","description":"","uiProperties":{"cnxtype":"Amazon Redshift v2","connectionParameterized":"true","paramName":"DBConnection_SRC","paramLabel":"","paramType-mapping":"Connection","logcnx":"DBConnection_SRC","isSelectDistinct":"false","objectParameterized":"false","visible":"false","originalPath":"SQ_PolicyDetail"},"sourceConnectionId":"@aYZ4ekzHgIPeKpiaoqDLKP","sourceObject":"DUMMY_SQ_PolicyDetail","sourceObjectLabel":"DUMMY_SQ_PolicyDetail","newFlatFile":false,"newObject":false,"showBusinessNames":true,"naturalOrder":true,"truncateTarget":false,"bulkApiDBTarget":false,"customFuncCfg":{"@type":"customFuncConfig","id":-1,"connections":[],"inputMap":[],"outputFields":[]},"targetRefsV2":{},"targetUpdateColumns":[],"runtimeAttrs":{},"isRESTModernSource":true,"customQuery":"SELECT distinct P.PolicySystemId, \nP.PolicyKey, \nP.PolicyNumber, \nP.PolicyVersion, \nP.NewBusinessTransactionDt, \nP.StatusCd, \nP.AutomaticRenewal, \nP.CustomerNumber, \nP.NonrenewalReasons, \nP.PolicyEffectiveDt, \nP.PolicyExpirationDt, \nP.PolicyInceptionDt, \nP.LineOfBusiness, \nP.GroupLine, \nP.NewRenewalCd, \nP.CarrierCd, \nP.CancelReason, \nP.InsuranceScore,  \nP.ProgramCd, \nP.Tier, \nP.PayPlanCd, \nP.Operator, \nP.InexperiencedOperator, \nP.RiskTypeCD, \nP.SourceCd, \nP.PolicyForm, \nP.ControllingStateCd, \nP.ShellPolicyInd, \nP.IsMigrated, \nP.FullPolicyKey, \nP.InsuranceScoreRunDate, \nP.InsuranceScoreRunYear, \nP.SecondaryInsuranceScore, \nP.SecondaryInsuranceScoreRunDate, \nP.SecondaryInsuranceScoreRunYear, \nS.InsuredName, \nS.InsuredAddress1, \nS.InsuredAddress2, \nS.InsuredCity, \nS.InsuredZip, \nS.InsuredBirthDt, \nS.FormattedInsuredAddress, \ni.DisplayValue as \"Insurance Score Desc\", \nA.AgencyCd, \nA.ProducerName, \nA.PaymentPreferenceCd,\na.AgentCd,\nR.OccupancyCd, \nacd.BillingType, \ni2.DisplayValue \nFROM\n dbo.PolicyDetail P  \n INNER JOIN dbo.InsuredDetail S  ON S.PolicyKey = P.PolicyKey\n LEFT JOIN dbo.view_dim_insuracescore i  ON p.InsuranceScore BETWEEN i.low\n\t\tAND i.hi\nLEFT JOIN dbo.view_dim_insuracescore i2  ON p.SecondaryInsuranceScore BETWEEN i2.low AND i2.hi\n LEFT JOIN dbo.msgr_palias_agents_vp A  ON P.ProviderNumber = A.AgentCd \n\n LEFT JOIN dbo.msgr_ralias_risk_vp R  ON p.PolicyKey = r.PolicyKey\n\tAND p.PolicySystemId = r.RiskSystemId \n LEFT JOIN dbo.msgr_acdalias_accountdetail_vp acd  ON AcD.PolicyKey = p.PolicyNumber + p.PolicyVersion\nWHERE S.RowEffEndDt = '9999-12-31 00:00:00.000'","isFileList":false,"handleSpecialChars":false,"handleDecimalRoundOff":false,"frsAsset":false,"dynamicFileName":false,"excludeDynamicFileNameField":false,"currentlyProcessedFileName":false,"retainFieldMetadata":false,"objectName":"DUMMY_SQ_PolicyDetail","objectLabel":"DUMMY_SQ_PolicyDetail","useExactSrcNames":false,"tgtObjectAttributes":{},"runtimeParameterData":{"@type":"mtTaskRuntimeParameterData","isConnectionRuntimeParameter":true,"isObjectRuntimeParameter":false,"connectionParameterName":"DBConnection_SRC"},"overridableProperties":[],"overriddenFields":[]},{"@type":"mtTaskParameter","id":76218349,"name":"$msgr_view_policy$","type":"TARGET","label":"DBConnection_TGT","description":"","uiProperties":{"cnxtype":"Amazon Redshift v2","connectionParameterized":"true","paramName":"DBConnection_TGT","paramLabel":"","paramType-mapping":"Connection","logcnx":"DBConnection_TGT","default":"dbo/msgr_view_policy","objectParameterized":"false","visible":"false","defaultTargetUpdateColumns":"","supportApplyDDLChanges":"false","originalPath":"msgr_view_policy"},"targetConnectionId":"@aYZ4ekzHgIPeKpiaoqDLKP","targetObject":"dbo/msgr_view_policy","targetObjectLabel":"msgr_view_policy","newFlatFile":false,"newObject":false,"showBusinessNames":true,"naturalOrder":true,"truncateTarget":false,"bulkApiDBTarget":false,"operationType":"Insert","customFuncCfg":{"@type":"customFuncConfig","id":-1,"connections":[],"inputMap":[],"outputFields":[]},"targetRefsV2":{},"targetUpdateColumns":[],"extendedObject":{"@type":"extendedObject","singleMode":true,"filters":[],"sortFields":[]},"runtimeAttrs":{},"isRESTModernSource":true,"isFileList":false,"handleSpecialChars":false,"handleDecimalRoundOff":false,"frsAsset":false,"dynamicFileName":false,"excludeDynamicFileNameField":false,"currentlyProcessedFileName":false,"retainFieldMetadata":false,"objectName":"dbo/msgr_view_policy","objectLabel":"msgr_view_policy","useExactSrcNames":false,"tgtObjectAttributes":{},"runtimeParameterData":{"@type":"mtTaskRuntimeParameterData","isConnectionRuntimeParameter":true,"isObjectRuntimeParameter":false,"connectionParameterName":"DBConnection_TGT"},"overridableProperties":[],"overriddenFields":[]}],"sequences":[],"inOutParameters":[],"connRuntimeAttrs":[]}]