[{"@type":"mappingTemplate","id":"@1","name":"m_load_Job_Completion_GW_And_PMS","description":"","autoExpireObject":false,"bundleVersion":"0","assetFrsGuid":"6tnm0fcAdzPbSb2dfUKna3","templateId":"@3","deployTime":1708539986000,"hasParameters":true,"valid":true,"fixedConnection":false,"hasParametersDeployed":true,"fixedConnectionDeployed":false,"isSchemaValidationEnabled":false,"tasks":1,"mappingPreviewFileRecordId":"@2","documentType":"MAPPING","allowMaxFieldLength":false,"specialCharacterSupport":false,"references":[]}]