[{"@type":"mappingTemplate","id":"@1","name":"m_Claims_Subro_MTD_QTD_YTD_Dashboard","description":"Executes Stored procedure dbo.usp_add_missing_rec_subro_claim","autoExpireObject":false,"bundleVersion":"0","assetFrsGuid":"3u3mC09UcqCfueErwPCMyF","templateId":"@3","deployTime":1768841814000,"hasParameters":true,"valid":true,"fixedConnection":false,"hasParametersDeployed":true,"fixedConnectionDeployed":false,"isSchemaValidationEnabled":false,"tasks":1,"mappingPreviewFileRecordId":"@2","documentType":"MAPPING","allowMaxFieldLength":false,"specialCharacterSupport":false,"references":[]}]