[{"@type":"mappingTemplate","id":"@1","name":"m_update_src_file","description":"","autoExpireObject":false,"bundleVersion":"0","assetFrsGuid":"5d8c2TrvbmwgXROBmQZp4o","templateId":"@3","deployTime":1759204498000,"hasParameters":true,"valid":true,"fixedConnection":false,"hasParametersDeployed":true,"fixedConnectionDeployed":false,"isSchemaValidationEnabled":false,"tasks":1,"mappingPreviewFileRecordId":"@2","documentType":"MAPPING","allowMaxFieldLength":false,"specialCharacterSupport":false,"references":[]}]