[{"@type":"mappingTemplate","id":"@1","name":"cdi_map_stp_data_staging_silver_load","description":"","autoExpireObject":false,"bundleVersion":"0","assetFrsGuid":"k7zpRKyMAKkel5Hdo0aNgz","templateId":"@3","deployTime":1760022227000,"hasParameters":true,"valid":true,"fixedConnection":false,"hasParametersDeployed":true,"fixedConnectionDeployed":false,"isSchemaValidationEnabled":false,"tasks":0,"mappingPreviewFileRecordId":"@2","documentType":"MAPPING","allowMaxFieldLength":false,"specialCharacterSupport":false,"references":[{"@type":"reference","refObjectId":"@eAe8FJ9fmcAd2s1AZZDNWL","refType":"mappletTemplate","refObjInSync":"true"}]}]