[{"@type":"mtTask","id":"@1","name":"s_m_Load_Coverage_Stg_to_Master_Coverage_Ld","description":"Session pushed from PC to ICS : s_m_Load_Coverage_Stg_to_Master_Coverage_Ld","runtimeEnvironmentId":"@3pADNCV9u0PcgrXjM7rx0t","maxLogs":10,"verbose":false,"lastRunTime":1715271043000,"mappingId":"@37RrOMLQyPjjfkSjqIB7At","frsGuid":"39b3UQLqJ4Zf9iDR7skz82","shortDescription":"Session pushed from PC to ICS : s_m_Load_Coverage_...","sessionPropertiesList":[{"name":"Allow Temporary Sequence for Pushdown","value":"NO","recommended":false},{"name":"Allow Temporary View for Pushdown","value":"NO","recommended":false},{"name":"Data Column Delimiter","value":"|","recommended":false},{"name":"DTM buffer size","value":"28148215","recommended":false},{"name":"Error Log File Name","value":"PMError.log","recommended":false},{"name":"Pushdown Optimization","value":"None","recommended":false},{"name":"Pushdown Optimization Context","value":"None","recommended":false},{"name":"Pushdown Optimization Fallback Option","value":"Partial PDO","recommended":false}],"hidden":false,"enableCrossSchemaPushdown":false,"enableParallelRun":false,"autoTunedApplied":false,"autoTunedAppliedType":"NONE","parameterFileName":"Andover_Param_GW.param","parameterFileDir":"$PMRootDir/andover/parameters","paramFileType":"PARAM_FILE_LOCAL","schemaMode":"async","valid":true,"schemaValidationErrorCount":-1,"serverlessProperties":{},"taskProperties":[{"@type":"taskProperty","name":"parameterFileDir","currentValue":"$PMRootDir/andover/parameters","type":"STRING","label":"label.parameterFileDir","required":false},{"@type":"taskProperty","name":"parameterFileName","currentValue":"Andover_Param_GW.param","type":"STRING","label":"label.parameterFileName","required":false}],"optimizationPlan":"NONE","isMidstreamPreview":false,"parameters":[{"@type":"mtTaskParameter","id":86480683,"name":"$SQ_Coverage_Stg$","type":"SOURCE","label":"DBConnection_SRC","description":"","uiProperties":{"cnxtype":"Amazon Redshift v2","connectionParameterized":"true","paramName":"DBConnection_SRC","paramLabel":"","paramType-mapping":"Connection","logcnx":"DBConnection_SRC","isSelectDistinct":"false","objectParameterized":"false","visible":"false","originalPath":"SQ_Coverage_Stg"},"sourceConnectionId":"@aYZ4ekzHgIPeKpiaoqDLKP","sourceObject":"DUMMY_SQ_Coverage_Stg","newFlatFile":false,"newObject":false,"showBusinessNames":true,"naturalOrder":true,"truncateTarget":false,"bulkApiDBTarget":false,"customFuncCfg":{"@type":"customFuncConfig","id":-1,"connections":[],"inputMap":[],"outputFields":[]},"targetRefsV2":{},"targetUpdateColumns":[],"runtimeAttrs":{},"oprRuntimeAttrs":{"selectDistinct":"NO","TreatNullValueAsNull":"NO","DownloadS3FilesInMultipleParts":"NO","readMode":"Direct"},"isRESTModernSource":true,"customQuery":"SELECT Coverage_Stg.SystemId,\n       Coverage_Stg.ParentId,\n       Coverage_Stg.Id,\n       Coverage_Stg.CoverageCd,\n       Coverage_Stg.Description,\n       Coverage_Stg.CoverageType,\n       Coverage_Stg.Status,\n       Coverage_Stg.FinalPremiumAmt,\n       Coverage_Stg.RatingInd\nFROM dbo.Coverage_Stg\nwhere cmmcontainer = 'Policy'","isFileList":false,"handleSpecialChars":false,"handleDecimalRoundOff":false,"frsAsset":false,"dynamicFileName":false,"excludeDynamicFileNameField":false,"currentlyProcessedFileName":false,"retainFieldMetadata":false,"objectName":"DUMMY_SQ_Coverage_Stg","useExactSrcNames":false,"fetchMode":"ORIGINAL","tgtObjectAttributes":{},"runtimeParameterData":{"@type":"mtTaskRuntimeParameterData","isConnectionRuntimeParameter":true,"isObjectRuntimeParameter":false,"connectionParameterName":"DBConnection_SRC"},"overridableProperties":[],"overriddenFields":[]},{"@type":"mtTaskParameter","id":86480684,"name":"$Coverage_INS$","type":"TARGET","label":"DBConnection_TGT","description":"","uiProperties":{"cnxtype":"Amazon Redshift v2","connectionParameterized":"true","paramName":"DBConnection_TGT","paramLabel":"","paramType-mapping":"Connection","logcnx":"DBConnection_TGT","default":"dbo/coverage","objectParameterized":"false","visible":"false","defaultTargetUpdateColumns":"","supportApplyDDLChanges":"false","originalPath":"Coverage_INS"},"targetConnectionId":"@aYZ4ekzHgIPeKpiaoqDLKP","targetObject":"dbo/coverage","targetObjectLabel":"coverage","newFlatFile":false,"newObject":false,"showBusinessNames":true,"naturalOrder":true,"truncateTarget":false,"bulkApiDBTarget":false,"operationType":"Insert","customFuncCfg":{"@type":"customFuncConfig","id":-1,"connections":[],"inputMap":[],"outputFields":[]},"targetRefsV2":{},"targetUpdateColumns":[],"extendedObject":{"@type":"extendedObject","singleMode":true,"filters":[],"sortFields":[]},"runtimeAttrs":{},"isRESTModernSource":true,"isFileList":false,"handleSpecialChars":false,"handleDecimalRoundOff":false,"frsAsset":false,"dynamicFileName":false,"excludeDynamicFileNameField":false,"currentlyProcessedFileName":false,"retainFieldMetadata":false,"objectName":"dbo/coverage","objectLabel":"coverage","useExactSrcNames":false,"fetchMode":"ORIGINAL","tgtObjectAttributes":{},"runtimeParameterData":{"@type":"mtTaskRuntimeParameterData","isConnectionRuntimeParameter":true,"isObjectRuntimeParameter":false,"connectionParameterName":"DBConnection_TGT"},"overridableProperties":[],"overriddenFields":[]},{"@type":"mtTaskParameter","id":86480685,"name":"$Coverage_UPD_INS$","type":"TARGET","label":"DBConnection_TGT","description":"","uiProperties":{"cnxtype":"Amazon Redshift v2","connectionParameterized":"true","paramName":"DBConnection_TGT","paramLabel":"","paramType-mapping":"Connection","logcnx":"DBConnection_TGT","default":"dbo/coverage","objectParameterized":"false","visible":"false","defaultTargetUpdateColumns":"","supportApplyDDLChanges":"false","originalPath":"Coverage_UPD_INS"},"targetConnectionId":"@aYZ4ekzHgIPeKpiaoqDLKP","targetObject":"dbo/coverage","targetObjectLabel":"coverage","newFlatFile":false,"newObject":false,"showBusinessNames":true,"naturalOrder":true,"truncateTarget":false,"bulkApiDBTarget":false,"operationType":"Rowbased","customFuncCfg":{"@type":"customFuncConfig","id":-1,"connections":[],"inputMap":[],"outputFields":[]},"targetRefsV2":{},"targetUpdateColumns":[],"extendedObject":{"@type":"extendedObject","singleMode":true,"filters":[],"sortFields":[]},"runtimeAttrs":{},"isRESTModernSource":true,"isFileList":false,"handleSpecialChars":false,"handleDecimalRoundOff":false,"frsAsset":false,"dynamicFileName":false,"excludeDynamicFileNameField":false,"currentlyProcessedFileName":false,"retainFieldMetadata":false,"objectName":"dbo/coverage","objectLabel":"coverage","useExactSrcNames":false,"fetchMode":"ORIGINAL","tgtObjectAttributes":{},"runtimeParameterData":{"@type":"mtTaskRuntimeParameterData","isConnectionRuntimeParameter":true,"isObjectRuntimeParameter":false,"connectionParameterName":"DBConnection_TGT"},"overridableProperties":[],"overriddenFields":[]},{"@type":"mtTaskParameter","id":86480686,"name":"$Coverage_UPD_UPD$","type":"TARGET","label":"DBConnection_TGT","description":"","uiProperties":{"cnxtype":"Amazon Redshift v2","connectionParameterized":"true","paramName":"DBConnection_TGT","paramLabel":"","paramType-mapping":"Connection","logcnx":"DBConnection_TGT","default":"dbo/coverage","objectParameterized":"false","visible":"false","defaultTargetUpdateColumns":"CoverageKey","supportApplyDDLChanges":"false","originalPath":"Coverage_UPD_UPD"},"targetConnectionId":"@aYZ4ekzHgIPeKpiaoqDLKP","targetObject":"dbo/coverage","targetObjectLabel":"coverage","newFlatFile":false,"newObject":false,"showBusinessNames":true,"naturalOrder":true,"truncateTarget":false,"bulkApiDBTarget":false,"operationType":"Rowbased","customFuncCfg":{"@type":"customFuncConfig","id":-1,"connections":[],"inputMap":[],"outputFields":[]},"targetRefsV2":{},"targetUpdateColumns":["CoverageKey"],"extendedObject":{"@type":"extendedObject","singleMode":true,"filters":[],"sortFields":[]},"runtimeAttrs":{},"isRESTModernSource":true,"isFileList":false,"handleSpecialChars":false,"handleDecimalRoundOff":false,"frsAsset":false,"dynamicFileName":false,"excludeDynamicFileNameField":false,"currentlyProcessedFileName":false,"retainFieldMetadata":false,"objectName":"dbo/coverage","objectLabel":"coverage","useExactSrcNames":false,"fetchMode":"ORIGINAL","tgtObjectAttributes":{},"runtimeParameterData":{"@type":"mtTaskRuntimeParameterData","isConnectionRuntimeParameter":true,"isObjectRuntimeParameter":false,"connectionParameterName":"DBConnection_TGT"},"overridableProperties":[],"overriddenFields":[]},{"@type":"mtTaskParameter","id":86480687,"name":"$LKP_Coveragetgt$","type":"LOOKUP","label":"DBConnection_TGT","description":"","uiProperties":{"cnxtype":"Amazon Redshift v2","connectionParameterized":"true","paramName":"DBConnection_TGT","paramLabel":"","paramType-mapping":"Connection","logcnx":"DBConnection_TGT","isCachedLookup":"true","multipleMatchPolicy":"Use Any Value","objectParameterized":"false","visible":"false","originalPath":"LKP_Coveragetgt"},"lookupConnectionId":"@aYZ4ekzHgIPeKpiaoqDLKP","lookupObject":"DUMMY_LKP_Coveragetgt","newFlatFile":false,"newObject":false,"showBusinessNames":true,"naturalOrder":true,"truncateTarget":false,"bulkApiDBTarget":false,"customFuncCfg":{"@type":"customFuncConfig","id":-1,"connections":[],"inputMap":[],"outputFields":[]},"targetRefsV2":{},"targetUpdateColumns":[],"runtimeAttrs":{"Cache File Name Prefix":"","Lookup Index Cache Size":" 2GB","Lookup Data Filter":"","Optional":"true","Lookup cache persistent":"false","Lookup source is static":"false","Update Dynamic Cache Condition":"TRUE","Case Sensitive String Comparison":"false","Use Lookup Field Default Value":"false","Re-cache from lookup source":"false","Insert Else Update":"false","Lookup caching enabled":"true","Lookup Data Cache Size":"2GB","Tracing Level":"Normal","Sorted Input":"false","Lookup cache directory name":"$PMCacheDir","Output Old Value On Update":"false","Dynamic Lookup Cache":"false","Pre-build lookup cache":"AUTO","Null ordering":""},"isRESTModernSource":true,"customQuery":"SELECT Coverage.CoverageKey as CoverageKey,\n       Coverage.CoverageId as CoverageId,\n       Coverage.CoverageHashKey as CoverageHashKey,\n       Coverage.PolicyKey as PolicyKey\nFROM dbo.Coverage\nwhere Coverage.RowEffEndDt = '9999-12-31'--","isFileList":false,"handleSpecialChars":false,"handleDecimalRoundOff":false,"frsAsset":false,"dynamicFileName":false,"excludeDynamicFileNameField":false,"currentlyProcessedFileName":false,"retainFieldMetadata":false,"objectName":"DUMMY_LKP_Coveragetgt","useExactSrcNames":false,"fetchMode":"ORIGINAL","tgtObjectAttributes":{},"runtimeParameterData":{"@type":"mtTaskRuntimeParameterData","isConnectionRuntimeParameter":true,"isObjectRuntimeParameter":false,"connectionParameterName":"DBConnection_TGT"},"overridableProperties":[],"overriddenFields":[]},{"@type":"mtTaskParameter","id":86480688,"name":"$LKP_Policydetail$","type":"LOOKUP","label":"DBConnection_TGT","description":"","uiProperties":{"cnxtype":"Amazon Redshift v2","connectionParameterized":"true","paramName":"DBConnection_TGT","paramLabel":"","paramType-mapping":"Connection","logcnx":"DBConnection_TGT","isCachedLookup":"true","multipleMatchPolicy":"Use Any Value","default":"dbo/policydetail","objectParameterized":"false","visible":"false","originalPath":"LKP_Policydetail"},"lookupConnectionId":"@aYZ4ekzHgIPeKpiaoqDLKP","lookupObject":"dbo/policydetail","lookupObjectLabel":"policydetail","newFlatFile":false,"newObject":false,"showBusinessNames":true,"naturalOrder":true,"truncateTarget":false,"bulkApiDBTarget":false,"customFuncCfg":{"@type":"customFuncConfig","id":-1,"connections":[],"inputMap":[],"outputFields":[]},"targetRefsV2":{},"targetUpdateColumns":[],"runtimeAttrs":{"Cache File Name Prefix":"","Lookup Index Cache Size":"AUTO","Lookup Data Filter":"","Optional":"true","Lookup cache persistent":"false","Lookup source is static":"false","Update Dynamic Cache Condition":"TRUE","Case Sensitive String Comparison":"false","Re-cache from lookup source":"false","Insert Else Update":"false","Lookup caching enabled":"true","Lookup Data Cache Size":"AUTO","Tracing Level":"Normal","Sorted Input":"false","Lookup cache directory name":"$PMCacheDir","Output Old Value On Update":"false","Dynamic Lookup Cache":"false","Pre-build lookup cache":"AUTO","Null ordering":""},"isRESTModernSource":true,"isFileList":false,"handleSpecialChars":false,"handleDecimalRoundOff":false,"frsAsset":false,"dynamicFileName":false,"excludeDynamicFileNameField":false,"currentlyProcessedFileName":false,"retainFieldMetadata":false,"objectName":"dbo/policydetail","objectLabel":"policydetail","useExactSrcNames":false,"fetchMode":"ORIGINAL","tgtObjectAttributes":{},"runtimeParameterData":{"@type":"mtTaskRuntimeParameterData","isConnectionRuntimeParameter":true,"isObjectRuntimeParameter":false,"connectionParameterName":"DBConnection_TGT"},"overridableProperties":[],"overriddenFields":[]},{"@type":"mtTaskParameter","id":86480689,"name":"$Lkp_Limit1$","type":"LOOKUP","label":"DBConnection_TGT","description":"","uiProperties":{"cnxtype":"Amazon Redshift v2","connectionParameterized":"true","paramName":"DBConnection_TGT","paramLabel":"","paramType-mapping":"Connection","logcnx":"DBConnection_TGT","isCachedLookup":"true","multipleMatchPolicy":"Use Any Value","objectParameterized":"false","visible":"false","originalPath":"Lkp_Limit1"},"lookupConnectionId":"@aYZ4ekzHgIPeKpiaoqDLKP","lookupObject":"DUMMY_Lkp_Limit1","newFlatFile":false,"newObject":false,"showBusinessNames":true,"naturalOrder":true,"truncateTarget":false,"bulkApiDBTarget":false,"customFuncCfg":{"@type":"customFuncConfig","id":-1,"connections":[],"inputMap":[],"outputFields":[]},"targetRefsV2":{},"targetUpdateColumns":[],"runtimeAttrs":{"Cache File Name Prefix":"","Lookup Index Cache Size":"AUTO","Lookup Data Filter":"","Optional":"true","Lookup cache persistent":"false","Lookup source is static":"false","Update Dynamic Cache Condition":"TRUE","Case Sensitive String Comparison":"false","Re-cache from lookup source":"false","Insert Else Update":"false","Lookup caching enabled":"true","Lookup Data Cache Size":"AUTO","Tracing Level":"Normal","Sorted Input":"false","Lookup cache directory name":"$PMCacheDir","Output Old Value On Update":"false","Dynamic Lookup Cache":"false","Pre-build lookup cache":"AUTO","Null ordering":""},"isRESTModernSource":true,"customQuery":"SELECT  Limit_stg.Value as Value, Limit_stg.ParentId as ParentId, Limit_stg.SystemId as SystemId FROM dbo.Limit_stg\nWhere CMMContainer = 'Policy'\nand LimitCD = 'Limit1' and Value is not null","isFileList":false,"handleSpecialChars":false,"handleDecimalRoundOff":false,"frsAsset":false,"dynamicFileName":false,"excludeDynamicFileNameField":false,"currentlyProcessedFileName":false,"retainFieldMetadata":false,"objectName":"DUMMY_Lkp_Limit1","useExactSrcNames":false,"fetchMode":"ORIGINAL","tgtObjectAttributes":{},"runtimeParameterData":{"@type":"mtTaskRuntimeParameterData","isConnectionRuntimeParameter":true,"isObjectRuntimeParameter":false,"connectionParameterName":"DBConnection_TGT"},"overridableProperties":[],"overriddenFields":[]},{"@type":"mtTaskParameter","id":86480690,"name":"$Lkp_Limit2$","type":"LOOKUP","label":"DBConnection_TGT","description":"","uiProperties":{"cnxtype":"Amazon Redshift v2","connectionParameterized":"true","paramName":"DBConnection_TGT","paramLabel":"","paramType-mapping":"Connection","logcnx":"DBConnection_TGT","isCachedLookup":"true","multipleMatchPolicy":"Use Any Value","objectParameterized":"false","visible":"false","originalPath":"Lkp_Limit2"},"lookupConnectionId":"@aYZ4ekzHgIPeKpiaoqDLKP","lookupObject":"DUMMY_Lkp_Limit2","newFlatFile":false,"newObject":false,"showBusinessNames":true,"naturalOrder":true,"truncateTarget":false,"bulkApiDBTarget":false,"customFuncCfg":{"@type":"customFuncConfig","id":-1,"connections":[],"inputMap":[],"outputFields":[]},"targetRefsV2":{},"targetUpdateColumns":[],"runtimeAttrs":{"Cache File Name Prefix":"","Lookup Index Cache Size":"AUTO","Lookup Data Filter":"","Optional":"true","Lookup cache persistent":"false","Lookup source is static":"false","Update Dynamic Cache Condition":"TRUE","Case Sensitive String Comparison":"false","Re-cache from lookup source":"false","Insert Else Update":"false","Lookup caching enabled":"true","Lookup Data Cache Size":"AUTO","Tracing Level":"Normal","Sorted Input":"false","Lookup cache directory name":"$PMCacheDir","Output Old Value On Update":"false","Dynamic Lookup Cache":"false","Pre-build lookup cache":"AUTO","Null ordering":""},"isRESTModernSource":true,"customQuery":"SELECT  Limit_stg.Value as Value, Limit_stg.ParentId as ParentId, Limit_stg.SystemId as SystemId FROM dbo.Limit_stg\nWhere CMMContainer = 'Policy'\nand LimitCD = 'Limit2' and  Value is not null","isFileList":false,"handleSpecialChars":false,"handleDecimalRoundOff":false,"frsAsset":false,"dynamicFileName":false,"excludeDynamicFileNameField":false,"currentlyProcessedFileName":false,"retainFieldMetadata":false,"objectName":"DUMMY_Lkp_Limit2","useExactSrcNames":false,"fetchMode":"ORIGINAL","tgtObjectAttributes":{},"runtimeParameterData":{"@type":"mtTaskRuntimeParameterData","isConnectionRuntimeParameter":true,"isObjectRuntimeParameter":false,"connectionParameterName":"DBConnection_TGT"},"overridableProperties":[],"overriddenFields":[]},{"@type":"mtTaskParameter","id":86480691,"name":"$Lkp_Limit3$","type":"LOOKUP","label":"DBConnection_TGT","description":"","uiProperties":{"cnxtype":"Amazon Redshift v2","connectionParameterized":"true","paramName":"DBConnection_TGT","paramLabel":"","paramType-mapping":"Connection","logcnx":"DBConnection_TGT","isCachedLookup":"true","multipleMatchPolicy":"Use Any Value","objectParameterized":"false","visible":"false","originalPath":"Lkp_Limit3"},"lookupConnectionId":"@aYZ4ekzHgIPeKpiaoqDLKP","lookupObject":"DUMMY_Lkp_Limit3","newFlatFile":false,"newObject":false,"showBusinessNames":true,"naturalOrder":true,"truncateTarget":false,"bulkApiDBTarget":false,"customFuncCfg":{"@type":"customFuncConfig","id":-1,"connections":[],"inputMap":[],"outputFields":[]},"targetRefsV2":{},"targetUpdateColumns":[],"runtimeAttrs":{"Cache File Name Prefix":"","Lookup Index Cache Size":"AUTO","Lookup Data Filter":"","Optional":"true","Lookup cache persistent":"false","Lookup source is static":"false","Update Dynamic Cache Condition":"TRUE","Case Sensitive String Comparison":"false","Re-cache from lookup source":"false","Insert Else Update":"false","Lookup caching enabled":"true","Lookup Data Cache Size":"AUTO","Tracing Level":"Normal","Sorted Input":"false","Lookup cache directory name":"$PMCacheDir","Output Old Value On Update":"false","Dynamic Lookup Cache":"false","Pre-build lookup cache":"AUTO","Null ordering":""},"isRESTModernSource":true,"customQuery":"SELECT  Limit_stg.Value as Value, Limit_stg.ParentId as ParentId, Limit_stg.SystemId as SystemId FROM dbo.Limit_stg\nWhere CMMContainer = 'Policy'\nand LimitCD = 'Limit3' and value is not null","isFileList":false,"handleSpecialChars":false,"handleDecimalRoundOff":false,"frsAsset":false,"dynamicFileName":false,"excludeDynamicFileNameField":false,"currentlyProcessedFileName":false,"retainFieldMetadata":false,"objectName":"DUMMY_Lkp_Limit3","useExactSrcNames":false,"fetchMode":"ORIGINAL","tgtObjectAttributes":{},"runtimeParameterData":{"@type":"mtTaskRuntimeParameterData","isConnectionRuntimeParameter":true,"isObjectRuntimeParameter":false,"connectionParameterName":"DBConnection_TGT"},"overridableProperties":[],"overriddenFields":[]},{"@type":"mtTaskParameter","id":86480692,"name":"$Lkp_Limit4$","type":"LOOKUP","label":"DBConnection_TGT","description":"","uiProperties":{"cnxtype":"Amazon Redshift v2","connectionParameterized":"true","paramName":"DBConnection_TGT","paramLabel":"","paramType-mapping":"Connection","logcnx":"DBConnection_TGT","isCachedLookup":"true","multipleMatchPolicy":"Use Any Value","objectParameterized":"false","visible":"false","originalPath":"Lkp_Limit4"},"lookupConnectionId":"@aYZ4ekzHgIPeKpiaoqDLKP","lookupObject":"DUMMY_Lkp_Limit4","newFlatFile":false,"newObject":false,"showBusinessNames":true,"naturalOrder":true,"truncateTarget":false,"bulkApiDBTarget":false,"customFuncCfg":{"@type":"customFuncConfig","id":-1,"connections":[],"inputMap":[],"outputFields":[]},"targetRefsV2":{},"targetUpdateColumns":[],"runtimeAttrs":{"Cache File Name Prefix":"","Lookup Index Cache Size":"AUTO","Lookup Data Filter":"","Optional":"true","Lookup cache persistent":"false","Lookup source is static":"false","Update Dynamic Cache Condition":"TRUE","Case Sensitive String Comparison":"false","Re-cache from lookup source":"false","Insert Else Update":"false","Lookup caching enabled":"true","Lookup Data Cache Size":"AUTO","Tracing Level":"Normal","Sorted Input":"false","Lookup cache directory name":"$PMCacheDir","Output Old Value On Update":"false","Dynamic Lookup Cache":"false","Pre-build lookup cache":"AUTO","Null ordering":""},"isRESTModernSource":true,"customQuery":"SELECT Limit_stg.Value as Value, Limit_stg.ParentId as ParentId, Limit_stg.SystemId as SystemId FROM dbo.Limit_stg\nWhere CMMContainer = 'Policy'\nand LimitCD = 'Limit4' and Value is not null","isFileList":false,"handleSpecialChars":false,"handleDecimalRoundOff":false,"frsAsset":false,"dynamicFileName":false,"excludeDynamicFileNameField":false,"currentlyProcessedFileName":false,"retainFieldMetadata":false,"objectName":"DUMMY_Lkp_Limit4","useExactSrcNames":false,"fetchMode":"ORIGINAL","tgtObjectAttributes":{},"runtimeParameterData":{"@type":"mtTaskRuntimeParameterData","isConnectionRuntimeParameter":true,"isObjectRuntimeParameter":false,"connectionParameterName":"DBConnection_TGT"},"overridableProperties":[],"overriddenFields":[]},{"@type":"mtTaskParameter","id":86480693,"name":"$lkp_deductable_percent$","type":"LOOKUP","label":"DBConnection_TGT","description":"","uiProperties":{"cnxtype":"Amazon Redshift v2","connectionParameterized":"true","paramName":"DBConnection_TGT","paramLabel":"","paramType-mapping":"Connection","logcnx":"DBConnection_TGT","isCachedLookup":"true","multipleMatchPolicy":"Use Any Value","objectParameterized":"false","visible":"false","originalPath":"lkp_deductable_percent"},"lookupConnectionId":"@aYZ4ekzHgIPeKpiaoqDLKP","lookupObject":"DUMMY_lkp_deductable_percent","newFlatFile":false,"newObject":false,"showBusinessNames":true,"naturalOrder":true,"truncateTarget":false,"bulkApiDBTarget":false,"customFuncCfg":{"@type":"customFuncConfig","id":-1,"connections":[],"inputMap":[],"outputFields":[]},"targetRefsV2":{},"targetUpdateColumns":[],"runtimeAttrs":{"Cache File Name Prefix":"","Lookup Index Cache Size":"AUTO","Lookup Data Filter":"","Optional":"true","Lookup cache persistent":"false","Lookup source is static":"false","Update Dynamic Cache Condition":"TRUE","Case Sensitive String Comparison":"false","Re-cache from lookup source":"false","Insert Else Update":"false","Lookup caching enabled":"true","Lookup Data Cache Size":"AUTO","Tracing Level":"Normal","Sorted Input":"false","Lookup cache directory name":"$PMCacheDir","Output Old Value On Update":"false","Dynamic Lookup Cache":"false","Pre-build lookup cache":"AUTO","Null ordering":""},"isRESTModernSource":true,"customQuery":"SELECT deductible_stg.Value        as Value,\n       deductible_stg.ParentId     as ParentId,\n       deductible_stg.SystemId     as SystemId\nFROM dbo.deductible_stg\nwhere DeductibleCd = 'Deductible2' and value is not null","isFileList":false,"handleSpecialChars":false,"handleDecimalRoundOff":false,"frsAsset":false,"dynamicFileName":false,"excludeDynamicFileNameField":false,"currentlyProcessedFileName":false,"retainFieldMetadata":false,"objectName":"DUMMY_lkp_deductable_percent","useExactSrcNames":false,"fetchMode":"ORIGINAL","tgtObjectAttributes":{},"runtimeParameterData":{"@type":"mtTaskRuntimeParameterData","isConnectionRuntimeParameter":true,"isObjectRuntimeParameter":false,"connectionParameterName":"DBConnection_TGT"},"overridableProperties":[],"overriddenFields":[]},{"@type":"mtTaskParameter","id":86480694,"name":"$lkp_deductible$","type":"LOOKUP","label":"DBConnection_TGT","description":"","uiProperties":{"cnxtype":"Amazon Redshift v2","connectionParameterized":"true","paramName":"DBConnection_TGT","paramLabel":"","paramType-mapping":"Connection","logcnx":"DBConnection_TGT","isCachedLookup":"true","multipleMatchPolicy":"Use Any Value","objectParameterized":"false","visible":"false","originalPath":"lkp_deductible"},"lookupConnectionId":"@aYZ4ekzHgIPeKpiaoqDLKP","lookupObject":"DUMMY_lkp_deductible","newFlatFile":false,"newObject":false,"showBusinessNames":true,"naturalOrder":true,"truncateTarget":false,"bulkApiDBTarget":false,"customFuncCfg":{"@type":"customFuncConfig","id":-1,"connections":[],"inputMap":[],"outputFields":[]},"targetRefsV2":{},"targetUpdateColumns":[],"runtimeAttrs":{"Cache File Name Prefix":"","Lookup Index Cache Size":"AUTO","Lookup Data Filter":"","Optional":"true","Lookup cache persistent":"false","Lookup source is static":"false","Update Dynamic Cache Condition":"TRUE","Case Sensitive String Comparison":"false","Re-cache from lookup source":"false","Insert Else Update":"false","Lookup caching enabled":"true","Lookup Data Cache Size":"AUTO","Tracing Level":"Normal","Sorted Input":"false","Lookup cache directory name":"$PMCacheDir","Output Old Value On Update":"false","Dynamic Lookup Cache":"false","Pre-build lookup cache":"AUTO","Null ordering":""},"isRESTModernSource":true,"customQuery":"SELECT deductible_stg.Value        as Value,\n       deductible_stg.ParentId     as ParentId,\n       deductible_stg.SystemId     as SystemId\nFROM dbo.deductible_stg\nwhere DeductibleCd = 'Deductible1' and value is not null","isFileList":false,"handleSpecialChars":false,"handleDecimalRoundOff":false,"frsAsset":false,"dynamicFileName":false,"excludeDynamicFileNameField":false,"currentlyProcessedFileName":false,"retainFieldMetadata":false,"objectName":"DUMMY_lkp_deductible","useExactSrcNames":false,"fetchMode":"ORIGINAL","tgtObjectAttributes":{},"runtimeParameterData":{"@type":"mtTaskRuntimeParameterData","isConnectionRuntimeParameter":true,"isObjectRuntimeParameter":false,"connectionParameterName":"DBConnection_TGT"},"overridableProperties":[],"overriddenFields":[]},{"@type":"mtTaskParameter","id":86480695,"name":"$lkp_policystats$","type":"LOOKUP","label":"DBConnection_SRCM","description":"","uiProperties":{"cnxtype":"MySQL","connectionParameterized":"true","paramName":"DBConnection_SRCM","paramLabel":"","paramType-mapping":"Connection","logcnx":"DBConnection_SRCM","isCachedLookup":"true","multipleMatchPolicy":"Use Any Value","objectParameterized":"false","visible":"false","originalPath":"lkp_policystats"},"lookupConnectionId":"@jPo49nVatmzbSnPefVZwCV","lookupObject":"DUMMY_lkp_policystats","newFlatFile":false,"newObject":false,"showBusinessNames":true,"naturalOrder":true,"truncateTarget":false,"bulkApiDBTarget":false,"lkpFFAttrs":{"@type":"flatFileAttrs","id":14402813,"delimiter":"|","textQualifier":"NONE","escapeChar":"","headerLineNo":1,"firstDataRow":2,"rowDelimiter":0,"consecutiveDelimiter":false,"multiDelimitersAsAnd":true},"customFuncCfg":{"@type":"customFuncConfig","id":-1,"connections":[],"inputMap":[],"outputFields":[]},"targetRefsV2":{},"targetUpdateColumns":[],"runtimeAttrs":{"Cache File Name Prefix":"","Lookup Index Cache Size":"AUTO","Lookup Data Filter":"","Optional":"true","Lookup cache persistent":"false","Lookup source is static":"false","Update Dynamic Cache Condition":"TRUE","Case Sensitive String Comparison":"false","Use Lookup Field Default Value":"false","Re-cache from lookup source":"false","Insert Else Update":"false","Lookup caching enabled":"true","Lookup Data Cache Size":"AUTO","Tracing Level":"Normal","Sorted Input":"false","Lookup cache directory name":"$PMCacheDir","Output Old Value On Update":"false","Dynamic Lookup Cache":"false","Pre-build lookup cache":"AUTO","Null ordering":""},"isRESTModernSource":true,"customQuery":"select distinct ps.startdt as StartDt, \r\nps.enddt as EndDt, \r\nps.policyref as PolicyRef, \r\nps.coveragecd as CoverageCd\r\nfrom\r\npolicystats ps\r\njoin\r\n(\r\nselect distinct policyref, coveragecd, \r\nmin(case when bookdt > effectivedt then bookdt else effectivedt end) as checkdt\r\nfrom policystats\r\ngroup by policyref, coveragecd\r\n) sub\r\non ps.policyref = sub.policyref\r\nand ps.coveragecd = sub.coveragecd\r\nand (ps.bookdt = sub.checkdt or ps.effectivedt = sub.checkdt)\r\norder by policyref, CoverageCd ##","isFileList":false,"handleSpecialChars":false,"handleDecimalRoundOff":false,"frsAsset":false,"dynamicFileName":false,"excludeDynamicFileNameField":false,"currentlyProcessedFileName":false,"retainFieldMetadata":false,"objectName":"DUMMY_lkp_policystats","useExactSrcNames":false,"fetchMode":"ORIGINAL","tgtObjectAttributes":{},"runtimeParameterData":{"@type":"mtTaskRuntimeParameterData","isConnectionRuntimeParameter":true,"isObjectRuntimeParameter":false,"connectionParameterName":"DBConnection_SRCM"},"overridableProperties":[],"overriddenFields":[]},{"@type":"mtTaskParameter","id":86480696,"name":"$lkp_risk$","type":"LOOKUP","label":"DBConnection_SRCM","description":"","uiProperties":{"cnxtype":"MySQL","connectionParameterized":"true","paramName":"DBConnection_SRCM","paramLabel":"","paramType-mapping":"Connection","logcnx":"DBConnection_SRCM","isCachedLookup":"true","multipleMatchPolicy":"Use Any Value","objectParameterized":"false","visible":"false","originalPath":"lkp_risk"},"lookupConnectionId":"@jPo49nVatmzbSnPefVZwCV","lookupObject":"DUMMY_lkp_risk","newFlatFile":false,"newObject":false,"showBusinessNames":true,"naturalOrder":true,"truncateTarget":false,"bulkApiDBTarget":false,"customFuncCfg":{"@type":"customFuncConfig","id":-1,"connections":[],"inputMap":[],"outputFields":[]},"targetRefsV2":{},"targetUpdateColumns":[],"runtimeAttrs":{"Cache File Name Prefix":"","Lookup Index Cache Size":"AUTO","Optional":"true","Lookup cache persistent":"false","Lookup source is static":"false","Lookup Sql Override":"","Update Dynamic Cache Condition":"TRUE","Re-cache from lookup source":"false","Insert Else Update":"false","Lookup caching enabled":"true","Lookup Data Cache Size":"AUTO","Tracing Level":"Normal","Subsecond Precision":"6","Lookup cache directory name":"$PMCacheDir","Output Old Value On Update":"false","Lookup Source Filter":"","Dynamic Lookup Cache":"false","Pre-build lookup cache":"AUTO","Synchronize dynamic cache":"false"},"isRESTModernSource":true,"customQuery":"SELECT Risk.SystemId as SystemId, \nRisk.Id as Id \nFROM Risk\nwhere CMMContainer = 'Policy'","isFileList":false,"handleSpecialChars":false,"handleDecimalRoundOff":false,"frsAsset":false,"dynamicFileName":false,"excludeDynamicFileNameField":false,"currentlyProcessedFileName":false,"retainFieldMetadata":false,"objectName":"DUMMY_lkp_risk","useExactSrcNames":false,"fetchMode":"ORIGINAL","tgtObjectAttributes":{},"runtimeParameterData":{"@type":"mtTaskRuntimeParameterData","isConnectionRuntimeParameter":true,"isObjectRuntimeParameter":false,"connectionParameterName":"DBConnection_SRCM"},"overridableProperties":[],"overriddenFields":[]},{"@type":"mtTaskParameter","id":86480697,"name":"$lkp_risk_parentid$","type":"LOOKUP","label":"DBConnection_SRCM","description":"","uiProperties":{"cnxtype":"MySQL","connectionParameterized":"true","paramName":"DBConnection_SRCM","paramLabel":"","paramType-mapping":"Connection","logcnx":"DBConnection_SRCM","isCachedLookup":"true","multipleMatchPolicy":"Use Any Value","objectParameterized":"false","visible":"false","originalPath":"lkp_risk_parentid"},"lookupConnectionId":"@jPo49nVatmzbSnPefVZwCV","lookupObject":"DUMMY_lkp_risk_parentid","newFlatFile":false,"newObject":false,"showBusinessNames":true,"naturalOrder":true,"truncateTarget":false,"bulkApiDBTarget":false,"customFuncCfg":{"@type":"customFuncConfig","id":-1,"connections":[],"inputMap":[],"outputFields":[]},"targetRefsV2":{},"targetUpdateColumns":[],"runtimeAttrs":{"Cache File Name Prefix":"","Lookup Index Cache Size":"AUTO","Optional":"true","Lookup cache persistent":"false","Lookup source is static":"false","Lookup Sql Override":"","Update Dynamic Cache Condition":"TRUE","Re-cache from lookup source":"false","Insert Else Update":"false","Lookup caching enabled":"true","Lookup Data Cache Size":"AUTO","Tracing Level":"Normal","Subsecond Precision":"6","Lookup cache directory name":"$PMCacheDir","Output Old Value On Update":"false","Lookup Source Filter":"","Dynamic Lookup Cache":"false","Pre-build lookup cache":"AUTO","Synchronize dynamic cache":"false"},"isRESTModernSource":true,"customQuery":"SELECT min(Risk.Id) as Id, \nRisk.SystemId as SystemId, \nRisk.ParentId as ParentId \nFROM Risk\nWHERE CMMContainer = 'Policy'\ngroup by Risk.Systemid, Risk.ParentId","isFileList":false,"handleSpecialChars":false,"handleDecimalRoundOff":false,"frsAsset":false,"dynamicFileName":false,"excludeDynamicFileNameField":false,"currentlyProcessedFileName":false,"retainFieldMetadata":false,"objectName":"DUMMY_lkp_risk_parentid","useExactSrcNames":false,"fetchMode":"ORIGINAL","tgtObjectAttributes":{},"runtimeParameterData":{"@type":"mtTaskRuntimeParameterData","isConnectionRuntimeParameter":true,"isObjectRuntimeParameter":false,"connectionParameterName":"DBConnection_SRCM"},"overridableProperties":[],"overriddenFields":[]},{"@type":"mtTaskParameter","id":86480698,"name":"$lkp_risk_umbrella$","type":"LOOKUP","label":"DBConnection_SRCM","description":"","uiProperties":{"cnxtype":"MySQL","connectionParameterized":"true","paramName":"DBConnection_SRCM","paramLabel":"","paramType-mapping":"Connection","logcnx":"DBConnection_SRCM","isCachedLookup":"true","multipleMatchPolicy":"Use Any Value","objectParameterized":"false","visible":"false","originalPath":"lkp_risk_umbrella"},"lookupConnectionId":"@jPo49nVatmzbSnPefVZwCV","lookupObject":"DUMMY_lkp_risk_umbrella","newFlatFile":false,"newObject":false,"showBusinessNames":true,"naturalOrder":true,"truncateTarget":false,"bulkApiDBTarget":false,"customFuncCfg":{"@type":"customFuncConfig","id":-1,"connections":[],"inputMap":[],"outputFields":[]},"targetRefsV2":{},"targetUpdateColumns":[],"runtimeAttrs":{"Cache File Name Prefix":"","Lookup Index Cache Size":"AUTO","Optional":"true","Lookup cache persistent":"false","Lookup source is static":"false","Lookup Sql Override":"","Update Dynamic Cache Condition":"TRUE","Re-cache from lookup source":"false","Insert Else Update":"false","Lookup caching enabled":"true","Lookup Data Cache Size":"AUTO","Tracing Level":"Normal","Subsecond Precision":"6","Lookup cache directory name":"$PMCacheDir","Output Old Value On Update":"false","Lookup Source Filter":"","Dynamic Lookup Cache":"false","Pre-build lookup cache":"AUTO","Synchronize dynamic cache":"false"},"isRESTModernSource":true,"customQuery":"SELECT  min(Risk.UnderlyingRiskId) AS UnderlyingRiskId,  Risk.SystemId AS SystemId,  Risk.ParentId AS ParentId FROM Risk\nWHERE CMMContainer = 'Policy'\nand UnderlyingRiskId is not null\ngroup by Risk.Systemid, Risk.ParentId","isFileList":false,"handleSpecialChars":false,"handleDecimalRoundOff":false,"frsAsset":false,"dynamicFileName":false,"excludeDynamicFileNameField":false,"currentlyProcessedFileName":false,"retainFieldMetadata":false,"objectName":"DUMMY_lkp_risk_umbrella","useExactSrcNames":false,"fetchMode":"ORIGINAL","tgtObjectAttributes":{},"runtimeParameterData":{"@type":"mtTaskRuntimeParameterData","isConnectionRuntimeParameter":true,"isObjectRuntimeParameter":false,"connectionParameterName":"DBConnection_SRCM"},"overridableProperties":[],"overriddenFields":[]}],"sequences":[],"inOutParameters":[],"connRuntimeAttrs":[]}]