[{"@type":"mtTask","id":"@1","name":"s_m_Load_Coverage_Stg_to_Master_Coverage_Ld","description":"Session pushed from PC to ICS : s_m_Load_Coverage_Stg_to_Master_Coverage_Ld","runtimeEnvironmentId":"@3pADNCV9u0PcgrXjM7rx0t","maxLogs":10,"verbose":false,"lastRunTime":1707989599000,"mappingId":"@37RrOMLQyPjjfkSjqIB7At","frsGuid":"39b3UQLqJ4Zf9iDR7skz82","shortDescription":"Session pushed from PC to ICS : s_m_Load_Coverage_...","sessionPropertiesList":[{"name":"Allow Temporary Sequence for Pushdown","value":"NO","recommended":false},{"name":"Allow Temporary View for Pushdown","value":"NO","recommended":false},{"name":"Data Column Delimiter","value":"|","recommended":false},{"name":"DTM buffer size","value":"28148215","recommended":false},{"name":"Error Log File Name","value":"PMError.log","recommended":false},{"name":"Pushdown Optimization","value":"None","recommended":false},{"name":"Pushdown Optimization Context","value":"None","recommended":false},{"name":"Pushdown Optimization Fallback Option","value":"Partial PDO","recommended":false}],"enableCrossSchemaPushdown":false,"enableParallelRun":false,"autoTunedApplied":false,"autoTunedAppliedType":"NONE","parameterFileName":"Andover_Param_GW.param","parameterFileDir":"$PMRootDir/andover/parameters","paramFileType":"PARAM_FILE_LOCAL","schemaMode":"async","valid":true,"schemaValidationErrorCount":-1,"serverlessProperties":{},"taskProperties":[{"@type":"taskProperty","name":"parameterFileDir","currentValue":"$PMRootDir/andover/parameters","type":"STRING","label":"label.parameterFileDir","required":false},{"@type":"taskProperty","name":"parameterFileName","currentValue":"Andover_Param_GW.param","type":"STRING","label":"label.parameterFileName","required":false}],"parameters":[{"@type":"mtTaskParameter","id":80781051,"name":"$SQ_Coverage_Stg$","type":"SOURCE","label":"DBConnection_SRC","description":"","uiProperties":{"cnxtype":"Amazon Redshift v2","connectionParameterized":"true","paramName":"DBConnection_SRC","paramLabel":"","paramType-mapping":"Connection","logcnx":"DBConnection_SRC","isSelectDistinct":"false","objectParameterized":"false","visible":"false","originalPath":"SQ_Coverage_Stg"},"sourceConnectionId":"@aYZ4ekzHgIPeKpiaoqDLKP","sourceObject":"DUMMY_SQ_Coverage_Stg","newFlatFile":false,"newObject":false,"showBusinessNames":true,"naturalOrder":true,"truncateTarget":false,"bulkApiDBTarget":false,"customFuncCfg":{"@type":"customFuncConfig","id":-1,"connections":[],"inputMap":[],"outputFields":[]},"targetRefsV2":{},"targetUpdateColumns":[],"runtimeAttrs":{},"isRESTModernSource":true,"customQuery":"SELECT Coverage_Stg.SystemId,\n       Coverage_Stg.ParentId,\n       Coverage_Stg.Id,\n       Coverage_Stg.CoverageCd,\n       Coverage_Stg.Description,\n       Coverage_Stg.CoverageType,\n       Coverage_Stg.Status,\n       Coverage_Stg.FinalPremiumAmt,\n       Coverage_Stg.RatingInd\nFROM dbo.Coverage_Stg\nwhere cmmcontainer = 'Policy'","isFileList":false,"handleSpecialChars":false,"handleDecimalRoundOff":false,"frsAsset":false,"dynamicFileName":false,"excludeDynamicFileNameField":false,"currentlyProcessedFileName":false,"retainFieldMetadata":false,"objectName":"DUMMY_SQ_Coverage_Stg","useExactSrcNames":false,"tgtObjectAttributes":{},"runtimeParameterData":{"@type":"mtTaskRuntimeParameterData","isConnectionRuntimeParameter":true,"isObjectRuntimeParameter":false,"connectionParameterName":"DBConnection_SRC"},"overridableProperties":[],"overriddenFields":[]},{"@type":"mtTaskParameter","id":80781052,"name":"$Coverage_INS$","type":"TARGET","label":"DBConnection_TGT","description":"","uiProperties":{"cnxtype":"Amazon Redshift v2","connectionParameterized":"true","paramName":"DBConnection_TGT","paramLabel":"","paramType-mapping":"Connection","logcnx":"DBConnection_TGT","default":"dbo/coverage","objectParameterized":"false","visible":"false","defaultTargetUpdateColumns":"","supportApplyDDLChanges":"false","originalPath":"Coverage_INS"},"targetConnectionId":"@aYZ4ekzHgIPeKpiaoqDLKP","targetObject":"dbo/coverage","targetObjectLabel":"coverage","newFlatFile":false,"newObject":false,"showBusinessNames":true,"naturalOrder":true,"truncateTarget":false,"bulkApiDBTarget":false,"operationType":"Insert","customFuncCfg":{"@type":"customFuncConfig","id":-1,"connections":[],"inputMap":[],"outputFields":[]},"targetRefsV2":{},"targetUpdateColumns":[],"extendedObject":{"@type":"extendedObject","singleMode":true,"filters":[],"sortFields":[]},"runtimeAttrs":{},"isRESTModernSource":true,"isFileList":false,"handleSpecialChars":false,"handleDecimalRoundOff":false,"frsAsset":false,"dynamicFileName":false,"excludeDynamicFileNameField":false,"currentlyProcessedFileName":false,"retainFieldMetadata":false,"objectName":"dbo/coverage","objectLabel":"coverage","useExactSrcNames":false,"tgtObjectAttributes":{},"runtimeParameterData":{"@type":"mtTaskRuntimeParameterData","isConnectionRuntimeParameter":true,"isObjectRuntimeParameter":false,"connectionParameterName":"DBConnection_TGT"},"overridableProperties":[],"overriddenFields":[]},{"@type":"mtTaskParameter","id":80781053,"name":"$Coverage_UPD_INS$","type":"TARGET","label":"DBConnection_TGT","description":"","uiProperties":{"cnxtype":"Amazon Redshift v2","connectionParameterized":"true","paramName":"DBConnection_TGT","paramLabel":"","paramType-mapping":"Connection","logcnx":"DBConnection_TGT","default":"dbo/coverage","objectParameterized":"false","visible":"false","defaultTargetUpdateColumns":"","supportApplyDDLChanges":"false","originalPath":"Coverage_UPD_INS"},"targetConnectionId":"@aYZ4ekzHgIPeKpiaoqDLKP","targetObject":"dbo/coverage","targetObjectLabel":"coverage","newFlatFile":false,"newObject":false,"showBusinessNames":true,"naturalOrder":true,"truncateTarget":false,"bulkApiDBTarget":false,"operationType":"Rowbased","customFuncCfg":{"@type":"customFuncConfig","id":-1,"connections":[],"inputMap":[],"outputFields":[]},"targetRefsV2":{},"targetUpdateColumns":[],"extendedObject":{"@type":"extendedObject","singleMode":true,"filters":[],"sortFields":[]},"runtimeAttrs":{},"isRESTModernSource":true,"isFileList":false,"handleSpecialChars":false,"handleDecimalRoundOff":false,"frsAsset":false,"dynamicFileName":false,"excludeDynamicFileNameField":false,"currentlyProcessedFileName":false,"retainFieldMetadata":false,"objectName":"dbo/coverage","objectLabel":"coverage","useExactSrcNames":false,"tgtObjectAttributes":{},"runtimeParameterData":{"@type":"mtTaskRuntimeParameterData","isConnectionRuntimeParameter":true,"isObjectRuntimeParameter":false,"connectionParameterName":"DBConnection_TGT"},"overridableProperties":[],"overriddenFields":[]},{"@type":"mtTaskParameter","id":80781054,"name":"$Coverage_UPD_UPD$","type":"TARGET","label":"DBConnection_TGT","description":"","uiProperties":{"cnxtype":"Amazon Redshift v2","connectionParameterized":"true","paramName":"DBConnection_TGT","paramLabel":"","paramType-mapping":"Connection","logcnx":"DBConnection_TGT","default":"dbo/coverage","objectParameterized":"false","visible":"false","defaultTargetUpdateColumns":"CoverageKey","supportApplyDDLChanges":"false","originalPath":"Coverage_UPD_UPD"},"targetConnectionId":"@aYZ4ekzHgIPeKpiaoqDLKP","targetObject":"dbo/coverage","targetObjectLabel":"coverage","newFlatFile":false,"newObject":false,"showBusinessNames":true,"naturalOrder":true,"truncateTarget":false,"bulkApiDBTarget":false,"operationType":"Rowbased","customFuncCfg":{"@type":"customFuncConfig","id":-1,"connections":[],"inputMap":[],"outputFields":[]},"targetRefsV2":{},"targetUpdateColumns":["CoverageKey"],"extendedObject":{"@type":"extendedObject","singleMode":true,"filters":[],"sortFields":[]},"runtimeAttrs":{},"isRESTModernSource":true,"isFileList":false,"handleSpecialChars":false,"handleDecimalRoundOff":false,"frsAsset":false,"dynamicFileName":false,"excludeDynamicFileNameField":false,"currentlyProcessedFileName":false,"retainFieldMetadata":false,"objectName":"dbo/coverage","objectLabel":"coverage","useExactSrcNames":false,"tgtObjectAttributes":{},"runtimeParameterData":{"@type":"mtTaskRuntimeParameterData","isConnectionRuntimeParameter":true,"isObjectRuntimeParameter":false,"connectionParameterName":"DBConnection_TGT"},"overridableProperties":[],"overriddenFields":[]},{"@type":"mtTaskParameter","id":80781055,"name":"$LKP_Coveragetgt$","type":"LOOKUP","label":"DBConnection_TGT","description":"","uiProperties":{"cnxtype":"Amazon Redshift v2","connectionParameterized":"true","paramName":"DBConnection_TGT","paramLabel":"","paramType-mapping":"Connection","logcnx":"DBConnection_TGT","isCachedLookup":"true","multipleMatchPolicy":"Use Any Value","objectParameterized":"false","visible":"false","originalPath":"LKP_Coveragetgt"},"lookupConnectionId":"@aYZ4ekzHgIPeKpiaoqDLKP","lookupObject":"DUMMY_LKP_Coveragetgt","newFlatFile":false,"newObject":false,"showBusinessNames":true,"naturalOrder":true,"truncateTarget":false,"bulkApiDBTarget":false,"customFuncCfg":{"@type":"customFuncConfig","id":-1,"connections":[],"inputMap":[],"outputFields":[]},"targetRefsV2":{},"targetUpdateColumns":[],"runtimeAttrs":{},"isRESTModernSource":true,"customQuery":"SELECT Coverage.CoverageKey        as CoverageKey,\n       Coverage.CoverageSystemId   as CoverageSystemId,\n       Coverage.CoverageId         as CoverageId,\n       Coverage.RiskId             as RiskId,\n       Coverage.CoverageDesc       as CoverageDesc,\n       Coverage.CoverageType       as CoverageType,\n-- Coverage.MajorPerilCd as MajorPerilCd,\n-- Coverage.MajorPerilDesc as MajorPerilDesc,\n       Coverage.CoverageStatus     as CoverageStatus,\n       Coverage.CoverageDeductible as CoverageDeductible,\n       Coverage.CoverageLimit1     as CoverageLimit1,\n       Coverage.CoverageLimit2     as CoverageLimit2,\n       Coverage.CoveragePremiumAmt as CoveragePremiumAmt,\n       Coverage.CoverageStartDt    as CoverageStartDt,\n       Coverage.CoverageEndDt      as CoverageEndDt,\n       Coverage.CoverageHashKey    as CoverageHashKey,\n       Coverage.RowEffStrtDt       as RowEffStrtDt,\n       Coverage.RowEffEndDt        as RowEffEndDt,\n       Coverage.CoverageCd         as CoverageCd,\n       Coverage.PolicyKey          as PolicyKey\nFROM dbo.Coverage\nwhere Coverage.RowEffEndDt = '9999-12-31 00:00:00.000'","isFileList":false,"handleSpecialChars":false,"handleDecimalRoundOff":false,"frsAsset":false,"dynamicFileName":false,"excludeDynamicFileNameField":false,"currentlyProcessedFileName":false,"retainFieldMetadata":false,"objectName":"DUMMY_LKP_Coveragetgt","useExactSrcNames":false,"tgtObjectAttributes":{},"runtimeParameterData":{"@type":"mtTaskRuntimeParameterData","isConnectionRuntimeParameter":true,"isObjectRuntimeParameter":false,"connectionParameterName":"DBConnection_TGT"},"overridableProperties":[],"overriddenFields":[]},{"@type":"mtTaskParameter","id":80781056,"name":"$LKP_Policydetail$","type":"LOOKUP","label":"DBConnection_TGT","description":"","uiProperties":{"cnxtype":"Amazon Redshift v2","connectionParameterized":"true","paramName":"DBConnection_TGT","paramLabel":"","paramType-mapping":"Connection","logcnx":"DBConnection_TGT","isCachedLookup":"true","multipleMatchPolicy":"Use Any Value","default":"dbo/policydetail","objectParameterized":"false","visible":"false","originalPath":"LKP_Policydetail"},"lookupConnectionId":"@aYZ4ekzHgIPeKpiaoqDLKP","lookupObject":"dbo/policydetail","lookupObjectLabel":"policydetail","newFlatFile":false,"newObject":false,"showBusinessNames":true,"naturalOrder":true,"truncateTarget":false,"bulkApiDBTarget":false,"customFuncCfg":{"@type":"customFuncConfig","id":-1,"connections":[],"inputMap":[],"outputFields":[]},"targetRefsV2":{},"targetUpdateColumns":[],"runtimeAttrs":{},"isRESTModernSource":true,"isFileList":false,"handleSpecialChars":false,"handleDecimalRoundOff":false,"frsAsset":false,"dynamicFileName":false,"excludeDynamicFileNameField":false,"currentlyProcessedFileName":false,"retainFieldMetadata":false,"objectName":"dbo/policydetail","objectLabel":"policydetail","useExactSrcNames":false,"tgtObjectAttributes":{},"runtimeParameterData":{"@type":"mtTaskRuntimeParameterData","isConnectionRuntimeParameter":true,"isObjectRuntimeParameter":false,"connectionParameterName":"DBConnection_TGT"},"overridableProperties":[],"overriddenFields":[]},{"@type":"mtTaskParameter","id":80781057,"name":"$Lkp_Limit1$","type":"LOOKUP","label":"DBConnection_TGT","description":"","uiProperties":{"cnxtype":"Amazon Redshift v2","connectionParameterized":"true","paramName":"DBConnection_TGT","paramLabel":"","paramType-mapping":"Connection","logcnx":"DBConnection_TGT","isCachedLookup":"true","multipleMatchPolicy":"Use Any Value","objectParameterized":"false","visible":"false","originalPath":"Lkp_Limit1"},"lookupConnectionId":"@aYZ4ekzHgIPeKpiaoqDLKP","lookupObject":"DUMMY_Lkp_Limit1","newFlatFile":false,"newObject":false,"showBusinessNames":true,"naturalOrder":true,"truncateTarget":false,"bulkApiDBTarget":false,"customFuncCfg":{"@type":"customFuncConfig","id":-1,"connections":[],"inputMap":[],"outputFields":[]},"targetRefsV2":{},"targetUpdateColumns":[],"runtimeAttrs":{},"isRESTModernSource":true,"customQuery":"SELECT  Limit_stg.Value as Value, Limit_stg.ParentId as ParentId, Limit_stg.SystemId as SystemId FROM dbo.Limit_stg\nWhere CMMContainer = 'Policy'\nand LimitCD = 'Limit1' and Value is not null","isFileList":false,"handleSpecialChars":false,"handleDecimalRoundOff":false,"frsAsset":false,"dynamicFileName":false,"excludeDynamicFileNameField":false,"currentlyProcessedFileName":false,"retainFieldMetadata":false,"objectName":"DUMMY_Lkp_Limit1","useExactSrcNames":false,"tgtObjectAttributes":{},"runtimeParameterData":{"@type":"mtTaskRuntimeParameterData","isConnectionRuntimeParameter":true,"isObjectRuntimeParameter":false,"connectionParameterName":"DBConnection_TGT"},"overridableProperties":[],"overriddenFields":[]},{"@type":"mtTaskParameter","id":80781058,"name":"$Lkp_Limit2$","type":"LOOKUP","label":"DBConnection_TGT","description":"","uiProperties":{"cnxtype":"Amazon Redshift v2","connectionParameterized":"true","paramName":"DBConnection_TGT","paramLabel":"","paramType-mapping":"Connection","logcnx":"DBConnection_TGT","isCachedLookup":"true","multipleMatchPolicy":"Use Any Value","objectParameterized":"false","visible":"false","originalPath":"Lkp_Limit2"},"lookupConnectionId":"@aYZ4ekzHgIPeKpiaoqDLKP","lookupObject":"DUMMY_Lkp_Limit2","newFlatFile":false,"newObject":false,"showBusinessNames":true,"naturalOrder":true,"truncateTarget":false,"bulkApiDBTarget":false,"customFuncCfg":{"@type":"customFuncConfig","id":-1,"connections":[],"inputMap":[],"outputFields":[]},"targetRefsV2":{},"targetUpdateColumns":[],"runtimeAttrs":{},"isRESTModernSource":true,"customQuery":"SELECT  Limit_stg.Value as Value, Limit_stg.ParentId as ParentId, Limit_stg.SystemId as SystemId FROM dbo.Limit_stg\nWhere CMMContainer = 'Policy'\nand LimitCD = 'Limit2' and  Value is not null","isFileList":false,"handleSpecialChars":false,"handleDecimalRoundOff":false,"frsAsset":false,"dynamicFileName":false,"excludeDynamicFileNameField":false,"currentlyProcessedFileName":false,"retainFieldMetadata":false,"objectName":"DUMMY_Lkp_Limit2","useExactSrcNames":false,"tgtObjectAttributes":{},"runtimeParameterData":{"@type":"mtTaskRuntimeParameterData","isConnectionRuntimeParameter":true,"isObjectRuntimeParameter":false,"connectionParameterName":"DBConnection_TGT"},"overridableProperties":[],"overriddenFields":[]},{"@type":"mtTaskParameter","id":80781059,"name":"$Lkp_Limit3$","type":"LOOKUP","label":"DBConnection_TGT","description":"","uiProperties":{"cnxtype":"Amazon Redshift v2","connectionParameterized":"true","paramName":"DBConnection_TGT","paramLabel":"","paramType-mapping":"Connection","logcnx":"DBConnection_TGT","isCachedLookup":"true","multipleMatchPolicy":"Use Any Value","objectParameterized":"false","visible":"false","originalPath":"Lkp_Limit3"},"lookupConnectionId":"@aYZ4ekzHgIPeKpiaoqDLKP","lookupObject":"DUMMY_Lkp_Limit3","newFlatFile":false,"newObject":false,"showBusinessNames":true,"naturalOrder":true,"truncateTarget":false,"bulkApiDBTarget":false,"customFuncCfg":{"@type":"customFuncConfig","id":-1,"connections":[],"inputMap":[],"outputFields":[]},"targetRefsV2":{},"targetUpdateColumns":[],"runtimeAttrs":{},"isRESTModernSource":true,"customQuery":"SELECT  Limit_stg.Value as Value, Limit_stg.ParentId as ParentId, Limit_stg.SystemId as SystemId FROM dbo.Limit_stg\nWhere CMMContainer = 'Policy'\nand LimitCD = 'Limit3' and value is not null","isFileList":false,"handleSpecialChars":false,"handleDecimalRoundOff":false,"frsAsset":false,"dynamicFileName":false,"excludeDynamicFileNameField":false,"currentlyProcessedFileName":false,"retainFieldMetadata":false,"objectName":"DUMMY_Lkp_Limit3","useExactSrcNames":false,"tgtObjectAttributes":{},"runtimeParameterData":{"@type":"mtTaskRuntimeParameterData","isConnectionRuntimeParameter":true,"isObjectRuntimeParameter":false,"connectionParameterName":"DBConnection_TGT"},"overridableProperties":[],"overriddenFields":[]},{"@type":"mtTaskParameter","id":80781060,"name":"$Lkp_Limit4$","type":"LOOKUP","label":"DBConnection_TGT","description":"","uiProperties":{"cnxtype":"Amazon Redshift v2","connectionParameterized":"true","paramName":"DBConnection_TGT","paramLabel":"","paramType-mapping":"Connection","logcnx":"DBConnection_TGT","isCachedLookup":"true","multipleMatchPolicy":"Use Any Value","objectParameterized":"false","visible":"false","originalPath":"Lkp_Limit4"},"lookupConnectionId":"@aYZ4ekzHgIPeKpiaoqDLKP","lookupObject":"DUMMY_Lkp_Limit4","newFlatFile":false,"newObject":false,"showBusinessNames":true,"naturalOrder":true,"truncateTarget":false,"bulkApiDBTarget":false,"customFuncCfg":{"@type":"customFuncConfig","id":-1,"connections":[],"inputMap":[],"outputFields":[]},"targetRefsV2":{},"targetUpdateColumns":[],"runtimeAttrs":{},"isRESTModernSource":true,"customQuery":"SELECT Limit_stg.Value as Value, Limit_stg.ParentId as ParentId, Limit_stg.SystemId as SystemId FROM dbo.Limit_stg\nWhere CMMContainer = 'Policy'\nand LimitCD = 'Limit4' and Value is not null","isFileList":false,"handleSpecialChars":false,"handleDecimalRoundOff":false,"frsAsset":false,"dynamicFileName":false,"excludeDynamicFileNameField":false,"currentlyProcessedFileName":false,"retainFieldMetadata":false,"objectName":"DUMMY_Lkp_Limit4","useExactSrcNames":false,"tgtObjectAttributes":{},"runtimeParameterData":{"@type":"mtTaskRuntimeParameterData","isConnectionRuntimeParameter":true,"isObjectRuntimeParameter":false,"connectionParameterName":"DBConnection_TGT"},"overridableProperties":[],"overriddenFields":[]},{"@type":"mtTaskParameter","id":80781061,"name":"$lkp_deductable_percent$","type":"LOOKUP","label":"DBConnection_TGT","description":"","uiProperties":{"cnxtype":"Amazon Redshift v2","connectionParameterized":"true","paramName":"DBConnection_TGT","paramLabel":"","paramType-mapping":"Connection","logcnx":"DBConnection_TGT","isCachedLookup":"true","multipleMatchPolicy":"Use Any Value","objectParameterized":"false","visible":"false","originalPath":"lkp_deductable_percent"},"lookupConnectionId":"@aYZ4ekzHgIPeKpiaoqDLKP","lookupObject":"DUMMY_lkp_deductable_percent","newFlatFile":false,"newObject":false,"showBusinessNames":true,"naturalOrder":true,"truncateTarget":false,"bulkApiDBTarget":false,"customFuncCfg":{"@type":"customFuncConfig","id":-1,"connections":[],"inputMap":[],"outputFields":[]},"targetRefsV2":{},"targetUpdateColumns":[],"runtimeAttrs":{},"isRESTModernSource":true,"customQuery":"SELECT deductible_stg.Value        as Value,\n       deductible_stg.ParentId     as ParentId,\n       deductible_stg.SystemId     as SystemId\nFROM dbo.deductible_stg\nwhere DeductibleCd = 'Deductible2' and value is not null","isFileList":false,"handleSpecialChars":false,"handleDecimalRoundOff":false,"frsAsset":false,"dynamicFileName":false,"excludeDynamicFileNameField":false,"currentlyProcessedFileName":false,"retainFieldMetadata":false,"objectName":"DUMMY_lkp_deductable_percent","useExactSrcNames":false,"tgtObjectAttributes":{},"runtimeParameterData":{"@type":"mtTaskRuntimeParameterData","isConnectionRuntimeParameter":true,"isObjectRuntimeParameter":false,"connectionParameterName":"DBConnection_TGT"},"overridableProperties":[],"overriddenFields":[]},{"@type":"mtTaskParameter","id":80781062,"name":"$lkp_deductible$","type":"LOOKUP","label":"DBConnection_TGT","description":"","uiProperties":{"cnxtype":"Amazon Redshift v2","connectionParameterized":"true","paramName":"DBConnection_TGT","paramLabel":"","paramType-mapping":"Connection","logcnx":"DBConnection_TGT","isCachedLookup":"true","multipleMatchPolicy":"Use Any Value","objectParameterized":"false","visible":"false","originalPath":"lkp_deductible"},"lookupConnectionId":"@aYZ4ekzHgIPeKpiaoqDLKP","lookupObject":"DUMMY_lkp_deductible","newFlatFile":false,"newObject":false,"showBusinessNames":true,"naturalOrder":true,"truncateTarget":false,"bulkApiDBTarget":false,"customFuncCfg":{"@type":"customFuncConfig","id":-1,"connections":[],"inputMap":[],"outputFields":[]},"targetRefsV2":{},"targetUpdateColumns":[],"runtimeAttrs":{},"isRESTModernSource":true,"customQuery":"SELECT deductible_stg.Value        as Value,\n       deductible_stg.ParentId     as ParentId,\n       deductible_stg.SystemId     as SystemId\nFROM dbo.deductible_stg\nwhere DeductibleCd = 'Deductible1' and value is not null","isFileList":false,"handleSpecialChars":false,"handleDecimalRoundOff":false,"frsAsset":false,"dynamicFileName":false,"excludeDynamicFileNameField":false,"currentlyProcessedFileName":false,"retainFieldMetadata":false,"objectName":"DUMMY_lkp_deductible","useExactSrcNames":false,"tgtObjectAttributes":{},"runtimeParameterData":{"@type":"mtTaskRuntimeParameterData","isConnectionRuntimeParameter":true,"isObjectRuntimeParameter":false,"connectionParameterName":"DBConnection_TGT"},"overridableProperties":[],"overriddenFields":[]},{"@type":"mtTaskParameter","id":80781063,"name":"$lkp_policystats$","type":"LOOKUP","label":"DBConnection_SRCM","description":"","uiProperties":{"cnxtype":"MySQL","connectionParameterized":"true","paramName":"DBConnection_SRCM","paramLabel":"","paramType-mapping":"Connection","logcnx":"DBConnection_SRCM","multipleMatchPolicy":"Use Any Value","objectParameterized":"false","visible":"false","originalPath":"lkp_policystats"},"lookupConnectionId":"@jPo49nVatmzbSnPefVZwCV","lookupObject":"DUMMY_lkp_policystats","newFlatFile":false,"newObject":false,"showBusinessNames":true,"naturalOrder":true,"truncateTarget":false,"bulkApiDBTarget":false,"lkpFFAttrs":{"@type":"flatFileAttrs","id":12831927,"delimiter":"|","textQualifier":"NONE","escapeChar":"","headerLineNo":1,"firstDataRow":2,"rowDelimiter":0,"consecutiveDelimiter":false},"customFuncCfg":{"@type":"customFuncConfig","id":-1,"connections":[],"inputMap":[],"outputFields":[]},"targetRefsV2":{},"targetUpdateColumns":[],"runtimeAttrs":{},"isRESTModernSource":true,"customQuery":"select distinct ps.startdt as StartDt, \r\nps.enddt as EndDt, \r\nps.policyref as PolicyRef, \r\nps.coveragecd as CoverageCd\r\nfrom\r\npolicystats ps\r\njoin\r\n(\r\nselect distinct policyref, coveragecd, \r\nmin(case when bookdt > effectivedt then bookdt else effectivedt end) as checkdt\r\nfrom policystats\r\ngroup by policyref, coveragecd\r\n) sub\r\non ps.policyref = sub.policyref\r\nand ps.coveragecd = sub.coveragecd\r\nand (ps.bookdt = sub.checkdt or ps.effectivedt = sub.checkdt)\r\norder by policyref, CoverageCd ##","isFileList":false,"handleSpecialChars":false,"handleDecimalRoundOff":false,"frsAsset":false,"dynamicFileName":false,"excludeDynamicFileNameField":false,"currentlyProcessedFileName":false,"retainFieldMetadata":false,"objectName":"DUMMY_lkp_policystats","useExactSrcNames":false,"tgtObjectAttributes":{},"runtimeParameterData":{"@type":"mtTaskRuntimeParameterData","isConnectionRuntimeParameter":true,"isObjectRuntimeParameter":false,"connectionParameterName":"DBConnection_SRCM"},"overridableProperties":[],"overriddenFields":[]},{"@type":"mtTaskParameter","id":80781064,"name":"$lkp_risk$","type":"LOOKUP","label":"DBConnection_TGT","description":"","uiProperties":{"cnxtype":"Amazon Redshift v2","connectionParameterized":"true","paramName":"DBConnection_TGT","paramLabel":"","paramType-mapping":"Connection","logcnx":"DBConnection_TGT","isCachedLookup":"true","multipleMatchPolicy":"Use Any Value","objectParameterized":"false","visible":"false","originalPath":"lkp_risk"},"lookupConnectionId":"@aYZ4ekzHgIPeKpiaoqDLKP","lookupObject":"DUMMY_lkp_risk","newFlatFile":false,"newObject":false,"showBusinessNames":true,"naturalOrder":true,"truncateTarget":false,"bulkApiDBTarget":false,"customFuncCfg":{"@type":"customFuncConfig","id":-1,"connections":[],"inputMap":[],"outputFields":[]},"targetRefsV2":{},"targetUpdateColumns":[],"runtimeAttrs":{},"isRESTModernSource":true,"customQuery":"SELECT Risk.BulidingNumber as BuildingNumber, Risk.RiskId as RiskId, Risk.RiskSystemId as RiskSystemId FROM dbo.Risk where RowEffEndDt='9999-12-31 00:00:00.0000000'","isFileList":false,"handleSpecialChars":false,"handleDecimalRoundOff":false,"frsAsset":false,"dynamicFileName":false,"excludeDynamicFileNameField":false,"currentlyProcessedFileName":false,"retainFieldMetadata":false,"objectName":"DUMMY_lkp_risk","useExactSrcNames":false,"tgtObjectAttributes":{},"runtimeParameterData":{"@type":"mtTaskRuntimeParameterData","isConnectionRuntimeParameter":true,"isObjectRuntimeParameter":false,"connectionParameterName":"DBConnection_TGT"},"overridableProperties":[],"overriddenFields":[]},{"@type":"mtTaskParameter","id":80781065,"name":"$lkp_risk_parentid$","type":"LOOKUP","label":"DBConnection_SRCM","description":"","uiProperties":{"cnxtype":"MySQL","connectionParameterized":"true","paramName":"DBConnection_SRCM","paramLabel":"","paramType-mapping":"Connection","logcnx":"DBConnection_SRCM","isCachedLookup":"true","multipleMatchPolicy":"Use Any Value","default":"risk","objectParameterized":"false","visible":"false","originalPath":"lkp_risk_parentid"},"lookupConnectionId":"@jPo49nVatmzbSnPefVZwCV","lookupObject":"risk","lookupObjectLabel":"risk","newFlatFile":false,"newObject":false,"showBusinessNames":true,"naturalOrder":true,"truncateTarget":false,"bulkApiDBTarget":false,"customFuncCfg":{"@type":"customFuncConfig","id":-1,"connections":[],"inputMap":[],"outputFields":[]},"targetRefsV2":{},"targetUpdateColumns":[],"runtimeAttrs":{},"isRESTModernSource":true,"isFileList":false,"handleSpecialChars":false,"handleDecimalRoundOff":false,"frsAsset":false,"dynamicFileName":false,"excludeDynamicFileNameField":false,"currentlyProcessedFileName":false,"retainFieldMetadata":false,"objectName":"risk","objectLabel":"risk","useExactSrcNames":false,"tgtObjectAttributes":{},"runtimeParameterData":{"@type":"mtTaskRuntimeParameterData","isConnectionRuntimeParameter":true,"isObjectRuntimeParameter":false,"connectionParameterName":"DBConnection_SRCM"},"overridableProperties":[],"overriddenFields":[]},{"@type":"mtTaskParameter","id":80781066,"name":"$lkp_risk_umbrella$","type":"LOOKUP","label":"DBConnection_SRCM","description":"","uiProperties":{"cnxtype":"MySQL","connectionParameterized":"true","paramName":"DBConnection_SRCM","paramLabel":"","paramType-mapping":"Connection","logcnx":"DBConnection_SRCM","isCachedLookup":"true","multipleMatchPolicy":"Use Any Value","default":"risk","objectParameterized":"false","visible":"false","originalPath":"lkp_risk_umbrella"},"lookupConnectionId":"@jPo49nVatmzbSnPefVZwCV","lookupObject":"risk","lookupObjectLabel":"risk","newFlatFile":false,"newObject":false,"showBusinessNames":true,"naturalOrder":true,"truncateTarget":false,"bulkApiDBTarget":false,"customFuncCfg":{"@type":"customFuncConfig","id":-1,"connections":[],"inputMap":[],"outputFields":[]},"targetRefsV2":{},"targetUpdateColumns":[],"runtimeAttrs":{},"isRESTModernSource":true,"isFileList":false,"handleSpecialChars":false,"handleDecimalRoundOff":false,"frsAsset":false,"dynamicFileName":false,"excludeDynamicFileNameField":false,"currentlyProcessedFileName":false,"retainFieldMetadata":false,"objectName":"risk","objectLabel":"risk","useExactSrcNames":false,"tgtObjectAttributes":{},"runtimeParameterData":{"@type":"mtTaskRuntimeParameterData","isConnectionRuntimeParameter":true,"isObjectRuntimeParameter":false,"connectionParameterName":"DBConnection_SRCM"},"overridableProperties":[],"overriddenFields":[]}],"sequences":[],"inOutParameters":[],"connRuntimeAttrs":[]}]