[{"@type":"mappingTemplate","id":"@1","name":"cdi_map_stp_data_staging_silver_load","description":"","autoExpireObject":false,"bundleVersion":"0","assetFrsGuid":"iIh3cmfr6ICgsQCW4j5AA5","templateId":"@3","deployTime":1759774908000,"hasParameters":true,"valid":true,"fixedConnection":false,"hasParametersDeployed":true,"fixedConnectionDeployed":false,"isSchemaValidationEnabled":false,"tasks":30,"mappingPreviewFileRecordId":"@2","documentType":"MAPPING","allowMaxFieldLength":false,"specialCharacterSupport":false,"references":[{"@type":"reference","refObjectId":"@eAe8FJ9fmcAd2s1AZZDNWL","refType":"mappletTemplate","refObjInSync":"true"}]}]