[{"@type":"mappingTemplate","id":"@1","name":"cdi_map_batch_load_status_update_success","description":"","autoExpireObject":false,"bundleVersion":"0","assetFrsGuid":"bYePEb7rHWKgy3u2INwuwY","templateId":"@3","deployTime":1749161873000,"hasParameters":true,"valid":true,"fixedConnection":true,"hasParametersDeployed":true,"fixedConnectionDeployed":true,"isSchemaValidationEnabled":false,"tasks":1,"mappingPreviewFileRecordId":"@2","documentType":"MAPPING","allowMaxFieldLength":false,"references":[{"@type":"reference","refObjectId":"@aYZ4ekzHgIPeKpiaoqDLKP","refType":"connection"}]}]