[{"@type":"mappingTemplate","id":"@1","name":"Mapping32","description":"","autoExpireObject":false,"bundleVersion":"0","assetFrsGuid":"jKCPXc3afaykPMeqUaxqAr","templateId":"@3","deployTime":1754345416000,"hasParameters":false,"valid":true,"fixedConnection":true,"hasParametersDeployed":false,"fixedConnectionDeployed":true,"isSchemaValidationEnabled":false,"tasks":1,"mappingPreviewFileRecordId":"@2","documentType":"MAPPING","allowMaxFieldLength":false,"specialCharacterSupport":false,"references":[{"@type":"reference","refObjectId":"@6poLdu1mSUher3f4LPDk6Y","refType":"connection"},{"@type":"reference","refObjectId":"@jHNGNneTPODkaNxInlboEG","refType":"structureDefinition"},{"@type":"reference","refObjectId":"@aYZ4ekzHgIPeKpiaoqDLKP","refType":"connection"}]}]