[{"@type":"mappingTemplate","id":"@1","name":"m_Load_Coverageitem_stg_From_Coverageitem","description":"","autoExpireObject":false,"bundleVersion":"0","assetFrsGuid":"3WmV90K4vIJisL788EtwS5","templateId":"@3","deployTime":1767814941000,"hasParameters":true,"valid":true,"fixedConnection":false,"hasParametersDeployed":true,"fixedConnectionDeployed":false,"isSchemaValidationEnabled":false,"tasks":1,"mappingPreviewFileRecordId":"@2","documentType":"","allowMaxFieldLength":false,"specialCharacterSupport":false,"references":[]}]