[{"@type":"mappingTemplate","id":"@1","name":"m_load_msgr_part_three","description":"","autoExpireObject":false,"bundleVersion":"0","assetFrsGuid":"cgAkJs6bfChi73yIkrc4QR","templateId":"@3","deployTime":1730387582000,"hasParameters":true,"valid":true,"fixedConnection":false,"hasParametersDeployed":true,"fixedConnectionDeployed":false,"isSchemaValidationEnabled":false,"tasks":1,"mappingPreviewFileRecordId":"@2","documentType":"","allowMaxFieldLength":false,"specialCharacterSupport":false,"references":[]}]