[{"@type":"mappingTemplate","id":"@1","name":"m_Load_dom_domain_to_Dom_domain_stg","description":"Mapping to fetch GW mysql dom_domain data to sql server Dom_domain_stg before PMS_Master_Agency load.\n\n ","bundleVersion":"0","templateId":"@3","deployTime":1699356220000,"hasParameters":true,"valid":true,"fixedConnection":false,"hasParametersDeployed":true,"fixedConnectionDeployed":false,"isSchemaValidationEnabled":false,"tasks":2,"mappingPreviewFileRecordId":"@2","documentType":"","references":[]}]