[{"@type":"mappingTemplate","id":"@1","name":"m_load_msgr_facts_pms_new_vw3","description":"","autoExpireObject":false,"bundleVersion":"0","assetFrsGuid":"lAXZI79XGaqjteLcHKnLek","templateId":"@3","deployTime":1728657525000,"hasParameters":true,"valid":true,"fixedConnection":false,"hasParametersDeployed":true,"fixedConnectionDeployed":false,"isSchemaValidationEnabled":false,"tasks":1,"mappingPreviewFileRecordId":"@2","documentType":"","allowMaxFieldLength":false,"specialCharacterSupport":false,"references":[]}]