[{"@type":"mappingTemplate","id":"@1","name":"Mapping6","description":"","autoExpireObject":false,"bundleVersion":"0","assetFrsGuid":"97BPOtqJ5oZcFvZoeAW4Kf","templateId":"@3","deployTime":1746454573000,"hasParameters":false,"valid":true,"fixedConnection":true,"hasParametersDeployed":false,"fixedConnectionDeployed":true,"isSchemaValidationEnabled":false,"tasks":1,"mappingPreviewFileRecordId":"@2","documentType":"MAPPING","allowMaxFieldLength":false,"specialCharacterSupport":false,"references":[{"@type":"reference","refObjectId":"@4PR5UG8LgQbgjcPh0nvIgA","refType":"connection"},{"@type":"reference","refObjectId":"@2xG9sf0VgfKh3CkghuJRmA","refType":"connection"}]}]