[{"@type":"mappingTemplate","id":"@1","name":"Mapping3","description":"","autoExpireObject":false,"bundleVersion":"0","assetFrsGuid":"96jrq6SdusQlpQiX6N9Heo","templateId":"@3","deployTime":1709725580000,"hasParameters":false,"valid":true,"fixedConnection":true,"hasParametersDeployed":false,"fixedConnectionDeployed":true,"isSchemaValidationEnabled":false,"tasks":0,"mappingPreviewFileRecordId":"@2","documentType":"MAPPING","allowMaxFieldLength":false,"specialCharacterSupport":false,"references":[{"@type":"reference","refObjectId":"@azEva6zs2GVd8TkGbhUF48","refType":"connection"},{"@type":"reference","refObjectId":"@aYZ4ekzHgIPeKpiaoqDLKP","refType":"connection"}]}]