[{"@type":"mappingTemplate","id":"@1","name":"cdi_map_acx_question_reply_bronze_load","description":"","autoExpireObject":false,"bundleVersion":"0","assetFrsGuid":"6jEv8qAK6Qmly2bfZLNH0H","templateId":"@3","deployTime":1755877719000,"hasParameters":true,"valid":true,"fixedConnection":false,"hasParametersDeployed":true,"fixedConnectionDeployed":false,"isSchemaValidationEnabled":false,"tasks":1,"mappingPreviewFileRecordId":"@2","documentType":"MAPPING","allowMaxFieldLength":false,"specialCharacterSupport":false,"references":[]}]