[{"@type":"mappingTemplate","id":"@1","name":"cdi_tsk_adm_agency_guidewire_bronze_load","description":"loads from Metal staging layer to the Bronze tables. SCD2(maintains history of the records, active records are open ended and old ones have closed date)\n","autoExpireObject":false,"bundleVersion":"0","assetFrsGuid":"2XQTU4YG10fg4dvmDV5jsS","templateId":"@3","deployTime":1748026590000,"hasParameters":true,"valid":true,"fixedConnection":true,"hasParametersDeployed":true,"fixedConnectionDeployed":false,"isSchemaValidationEnabled":false,"tasks":1,"mappingPreviewFileRecordId":"@2","documentType":"MAPPING","allowMaxFieldLength":false,"references":[{"@type":"reference","refObjectId":"@aYZ4ekzHgIPeKpiaoqDLKP","refType":"connection"}]}]