[{"@type":"mtTask","id":"@1","name":"cdi_tsk_map_s3_client_underwriter_data_metal_load","autoExpireObject":false,"runtimeEnvironmentId":"@3pADNCV9u0PcgrXjM7rx0t","maxLogs":10,"verbose":false,"lastRunTime":1756389815000,"mappingId":"@0FrpAHbmYpNfGJ1L3v9b0q","frsGuid":"02OTITtGliIkQdnILPrLu8","sessionPropertiesList":[{"name":"Pushdown Optimization","value":"None","recommended":false},{"name":"Pushdown Optimization Context","value":"None","recommended":false},{"name":"Pushdown Optimization Fallback Option","value":"Partial PDO","recommended":false}],"hidden":false,"enableCrossSchemaPushdown":true,"enableParallelRun":false,"autoTunedApplied":false,"autoTunedAppliedType":"NONE","parameterFileName":"Andover_Param_LC360.param","parameterFileDir":"$PMRootDir/andover/parameters","paramFileType":"PARAM_FILE_LOCAL","schemaMode":"async","valid":true,"schemaValidationErrorCount":-1,"serverlessProperties":{},"taskProperties":[{"@type":"taskProperty","name":"parameterFileDir","currentValue":"$PMRootDir/andover/parameters","type":"STRING","label":"label.parameterFileDir","required":false},{"@type":"taskProperty","name":"parameterFileName","currentValue":"Andover_Param_LC360.param","type":"STRING","label":"label.parameterFileName","required":false},{"@type":"taskProperty","name":"outboundMessageUrlQueueTime","currentValue":"","type":"NUMBER","label":"label.outboundMessageUrlQueueTime","required":false},{"@type":"taskProperty","name":"outboundMessageUrlToken","currentValue":"","type":"STRING","label":"label.outboundMessageUrlToken","required":false}],"optimizationPlan":"NONE","isMidstreamPreview":false,"allowMaxFieldLength":false,"specialCharacterSupport":false,"useUserDefinedOrder":false,"parameters":[{"@type":"mtTaskParameter","id":131571358,"name":"$LC360_src_JSON$","type":"EXTENDED_SOURCE","label":"S3Connection_LC360_SRC","description":"Source connection for LC360 JSON files located in S3 Bucket","uiProperties":{"cnxtype":"Amazon S3 v2","connectionParameterized":"true","paramName":"S3Connection_LC360_SRC","paramLabel":"","paramType-mapping":"Connection","logcnx":"S3Connection_LC360_SRC","isSelectDistinct":"false","isMsrcFilterParameterized":"false","isMsrcSortParameterized":"false","objlabel":"SRC_File_Raw","origobjlabel":"","objectParameterized":"true","objDesc":"","objectParamName":"SRC_File_Raw","objectParamType-mapping":"DataObject","originalPath":"LC360_src_JSON"},"sourceConnectionId":"@6poLdu1mSUher3f4LPDk6Y","newFlatFile":false,"newObject":false,"showBusinessNames":true,"naturalOrder":true,"truncateTarget":false,"bulkApiDBTarget":false,"customFuncCfg":{"@type":"customFuncConfig","id":-1,"connections":[],"inputMap":[],"outputFields":[]},"targetRefsV2":{},"targetUpdateColumns":[],"fieldOrderList":[],"extendedObject":{"@type":"extendedObject","object":{"@type":"mObject","name":"advr-dev-inbound-data/metal%2Ftgt-cdl-lc360.metal%2F/raw.inbox%2F/0013bc82-7f62-4652-a350-29289bb6fdec_2_24_2025_15_29_25_646 (1).json","label":"0013bc82-7f62-4652-a350-29289bb6fdec_2_24_2025_15_29_25_646 (1).json","metadataUpdated":false,"relations":[],"children":[]},"singleMode":true,"objects":[{"@type":"mObject","name":"advr-dev-inbound-data/metal%2Ftgt-cdl-lc360.metal%2F/raw.inbox%2F/0013bc82-7f62-4652-a350-29289bb6fdec_2_24_2025_15_29_25_646 (1).json","label":"0013bc82-7f62-4652-a350-29289bb6fdec_2_24_2025_15_29_25_646 (1).json","metadataUpdated":false,"relations":[],"children":[]}],"filters":[],"sortFields":[]},"runtimeAttrs":{},"oprRuntimeAttrs":{"enableIncrementalLoad":"NO"},"isRESTModernSource":true,"commandType":0,"isFileList":false,"handleSpecialChars":false,"handleDecimalRoundOff":false,"frsAsset":false,"dynamicFileName":false,"excludeDynamicFileNameField":false,"currentlyProcessedFileName":false,"retainFieldMetadata":false,"useExactSrcNames":false,"userUpdated":true,"fetchMode":"ORIGINAL","tgtObjectAttributes":{},"runtimeParameterData":{"@type":"mtTaskRuntimeParameterData","isConnectionRuntimeParameter":true,"isObjectRuntimeParameter":false,"connectionParameterName":"S3Connection_LC360_SRC","objectParameterName":"SRC_File_Raw"},"overridableProperties":[{"@type":"overridableProperty","id":"defaultPrecision","labelKey":"LC360_src_JSON_defaultPrecision","type":"integer","hidden":false,"required":false,"defaultValue":"","renderingHints":{}},{"@type":"overridableProperty","id":"dataFormat","labelKey":"LC360_src_JSON_dataFormat","type":"string","hidden":false,"required":false,"defaultValue":"","renderingHints":{"renderingType":"json"}}],"overriddenFields":[]},{"@type":"mtTaskParameter","id":131571359,"name":"$LC360_tgt_metal$","type":"TARGET","label":"DBConnection_TGT","description":"Parameter for LC360 AWS Redshift Target tables","uiProperties":{"cnxtype":"Amazon Redshift v2","connectionParameterized":"true","paramName":"DBConnection_TGT","paramLabel":"","paramType-mapping":"Connection","logcnx":"DBConnection_TGT","default":"metal/lc360_client_underwriter_stg","objectParameterized":"false","visible":"false","defaultTargetUpdateColumns":"","supportApplyDDLChanges":"false","originalPath":"LC360_tgt_metal"},"targetConnectionId":"@aYZ4ekzHgIPeKpiaoqDLKP","targetObject":"metal/lc360_client_underwriter_stg","targetObjectLabel":"metal/lc360_client_underwriter_stg","newFlatFile":false,"newObject":false,"showBusinessNames":true,"naturalOrder":true,"truncateTarget":false,"bulkApiDBTarget":false,"operationType":"Insert","customFuncCfg":{"@type":"customFuncConfig","id":-1,"connections":[],"inputMap":[],"outputFields":[]},"targetRefsV2":{},"targetUpdateColumns":[],"fieldOrderList":[],"extendedObject":{"@type":"extendedObject","singleMode":true,"filters":[],"sortFields":[]},"runtimeAttrs":{},"isRESTModernSource":true,"commandType":0,"isFileList":false,"handleSpecialChars":false,"handleDecimalRoundOff":false,"frsAsset":false,"dynamicFileName":false,"excludeDynamicFileNameField":false,"currentlyProcessedFileName":false,"retainFieldMetadata":false,"objectName":"metal/lc360_client_underwriter_stg","objectLabel":"metal/lc360_client_underwriter_stg","useExactSrcNames":false,"userUpdated":true,"fetchMode":"ORIGINAL","tgtObjectAttributes":{},"runtimeParameterData":{"@type":"mtTaskRuntimeParameterData","isConnectionRuntimeParameter":true,"isObjectRuntimeParameter":false,"connectionParameterName":"DBConnection_TGT"},"overridableProperties":[],"targetSchemaProviderType":"SELECTED_OBJECT","dbSchema":"","overriddenFields":[]}],"sequences":[],"inOutParameters":[],"connRuntimeAttrs":[]}]