[{"@type":"mtTask","id":"@1","name":"s_m_Ceded_PMSFactLoss_ReinsuranceTransaction","description":"Session pushed from PC to ICS : s_m_Ceded_PMSFactLoss_ReinsuranceTransaction","runtimeEnvironmentId":"@3pADNCV9u0PcgrXjM7rx0t","maxLogs":10,"verbose":false,"lastRunTime":1707231692000,"mappingId":"@0g1TcCvEtPmhpABNp9YLcd","frsGuid":"31o9QITvcR9bDYrM3VArmh","shortDescription":"Session pushed from PC to ICS : s_m_Ceded_PMSFactL...","sessionPropertiesList":[{"name":"Allow Temporary Sequence for Pushdown","value":"NO","recommended":false},{"name":"Allow Temporary View for Pushdown","value":"NO","recommended":false},{"name":"Data Column Delimiter","value":"|","recommended":false},{"name":"DateTime Format String","value":"MM/DD/YYYY HH24:MI:SS.US","recommended":false},{"name":"Error Log File Name","value":"PMError.log","recommended":false},{"name":"Pushdown Optimization","value":"None","recommended":false},{"name":"Pushdown Optimization Context","value":"None","recommended":false},{"name":"Pushdown Optimization Fallback Option","value":"Partial PDO","recommended":false}],"enableCrossSchemaPushdown":false,"enableParallelRun":false,"autoTunedApplied":false,"autoTunedAppliedType":"NONE","parameterFileName":"Andover_Param_GW.param","parameterFileDir":"$PMRootDir/andover/parameters","paramFileType":"PARAM_FILE_LOCAL","schemaMode":"async","valid":true,"schemaValidationErrorCount":-1,"serverlessProperties":{},"taskProperties":[{"@type":"taskProperty","name":"parameterFileDir","currentValue":"$PMRootDir/andover/parameters","type":"STRING","label":"label.parameterFileDir","required":false},{"@type":"taskProperty","name":"parameterFileName","currentValue":"Andover_Param_GW.param","type":"STRING","label":"label.parameterFileName","required":false}],"optimizationPlan":"NONE","parameters":[{"@type":"mtTaskParameter","id":76300345,"name":"$SQ_Ceded_LossReinsurance_Stg$","type":"SOURCE","label":"DBConnection_Src","description":"","uiProperties":{"cnxtype":"Amazon Redshift v2","connectionParameterized":"true","paramName":"DBConnection_Src","paramLabel":"","paramType-mapping":"Connection","logcnx":"DBConnection_Src","isSelectDistinct":"false","objectParameterized":"false","visible":"false","originalPath":"SQ_Ceded_LossReinsurance_Stg"},"sourceConnectionId":"@aYZ4ekzHgIPeKpiaoqDLKP","sourceObject":"DUMMY_SQ_Ceded_LossReinsurance_Stg","newFlatFile":false,"newObject":false,"showBusinessNames":true,"naturalOrder":true,"truncateTarget":false,"bulkApiDBTarget":false,"customFuncCfg":{"@type":"customFuncConfig","id":-1,"connections":[],"inputMap":[],"outputFields":[]},"targetRefsV2":{},"targetUpdateColumns":[],"runtimeAttrs":{"Unload Options":"","S3 Bucket Name":"","Post-Sql":"","SQL Query":"","Enable Compression":"YES","Read Mode":"Direct","Multipart Download Threshold Size":"5242880","Staging Directory Location":"","Temporary Credential Duration":"3600","Treat NULL Value as NULL":"NO","Fetch Size":"10000","Schema Name":"","Source Table Name":"","Encryption Type":"None","Select Distinct":"NO","Download S3 Files In Multiple Parts":"NO","Pre-SQL":""},"oprRuntimeAttrs":{"postSql":"","selectDistinct":"NO","EncryptionType":"None","EnableCompression":"YES","sqlQuery":"","fetchSize":"10000","multipartDownloadThreshold":"5242880","temporaryCredentialDuration":"3600","StagingDirectoryLocation":"","schemaName":"","TreatNullValueAsNull":"NO","sourceTableName":"","UnloadOptionsPropertyFile":"","DownloadS3FilesInMultipleParts":"NO","S3BucketName":"","readMode":"Direct","preSql":""},"isRESTModernSource":true,"customQuery":"SELECT coalesce( c.Policy_Symbol+c.Policy_Number+c.Module_Number +c.Company_Number, b.POLICY_KEY\n,'NA') as Policy_Key\n,coalesce( c.claim_key, -1) as Claim_Key\n,\nstg.PolicySymbol, stg.PolicyNumber, stg.CompanyNumber, stg.ClaimNumber, stg.LossDate, stg.RiskState, stg.MajorPerilId, stg.Stateline, \nstg.AnnualStatementLine, stg.LossPaidAmount, stg.LossExpenseAmount, stg.CededReinCompany, stg.Agent, \nstg.AccountDate, stg.LineOfBusiness, stg.Transactions, stg.PolicyEffectiveDate, stg.PolicyExpirationDate \nFROM\n dbo.Ceded_LossReinsurance_Stg  stg\n left join dbo.lkp_claim_key c\non c.claim_number=stg.claimnumber\nand stg.policynumber=c.policy_number\nand stg.policysymbol=c.policy_symbol\nleft join  (\nselect Policy_number,policy_symbol,max(Policy_Key) as policy_key from dbo.lkp_policy_key group by Policy_number,policy_symbol)b\non stg.policysymbol=b.policy_symbol\nand stg.policynumber=b.policy_number\nwhere  agent='0019'","isFileList":false,"handleSpecialChars":false,"handleDecimalRoundOff":false,"frsAsset":false,"dynamicFileName":false,"excludeDynamicFileNameField":false,"currentlyProcessedFileName":false,"retainFieldMetadata":false,"objectName":"DUMMY_SQ_Ceded_LossReinsurance_Stg","useExactSrcNames":false,"tgtObjectAttributes":{},"runtimeParameterData":{"@type":"mtTaskRuntimeParameterData","isConnectionRuntimeParameter":true,"isObjectRuntimeParameter":false,"connectionParameterName":"DBConnection_Src"},"overridableProperties":[],"overriddenFields":[]},{"@type":"mtTaskParameter","id":76300346,"name":"$PMS_Reins_Fact_Loss$","type":"TARGET","label":"DBConnection_Tgt","description":"","uiProperties":{"cnxtype":"Amazon Redshift v2","connectionParameterized":"true","paramName":"DBConnection_Tgt","paramLabel":"","paramType-mapping":"Connection","logcnx":"DBConnection_Tgt","default":"dbo/pms_reins_fact_loss","objectParameterized":"false","visible":"false","defaultTargetUpdateColumns":"","supportApplyDDLChanges":"false","originalPath":"PMS_Reins_Fact_Loss"},"targetConnectionId":"@aYZ4ekzHgIPeKpiaoqDLKP","targetObject":"dbo/pms_reins_fact_loss","targetObjectLabel":"pms_reins_fact_loss","newFlatFile":false,"newObject":false,"showBusinessNames":true,"naturalOrder":true,"truncateTarget":false,"bulkApiDBTarget":false,"operationType":"Insert","customFuncCfg":{"@type":"customFuncConfig","id":-1,"connections":[],"inputMap":[],"outputFields":[]},"targetRefsV2":{},"targetUpdateColumns":[],"extendedObject":{"@type":"extendedObject","singleMode":true,"filters":[],"sortFields":[]},"runtimeAttrs":{"Staging Directory Location":"","Pre-SQL":"delete from dbo.PMS_Reins_Fact_Loss where Reinsurance_Code ='19'\nand Account_Entered_Dt in (select distinct TO_DATE('20' || SUBSTRING(AccountDate, 5, 2) || SUBSTRING(AccountDate, 3, 2) || '01', 'YYYYMMDD')\n from dbo.Ceded_LossReinsurance_Stg)"},"oprRuntimeAttrs":{"StagingDirectoryLocation":"","preSql":"delete from dbo.PMS_Reins_Fact_Loss where Reinsurance_Code ='19'\nand Account_Entered_Dt in (select distinct TO_DATE('20' || SUBSTRING(AccountDate, 5, 2) || SUBSTRING(AccountDate, 3, 2) || '01', 'YYYYMMDD')\n from dbo.Ceded_LossReinsurance_Stg)"},"isRESTModernSource":true,"isFileList":false,"handleSpecialChars":false,"handleDecimalRoundOff":false,"frsAsset":false,"dynamicFileName":false,"excludeDynamicFileNameField":false,"currentlyProcessedFileName":false,"retainFieldMetadata":false,"objectName":"dbo/pms_reins_fact_loss","objectLabel":"pms_reins_fact_loss","useExactSrcNames":false,"tgtObjectAttributes":{},"runtimeParameterData":{"@type":"mtTaskRuntimeParameterData","isConnectionRuntimeParameter":true,"isObjectRuntimeParameter":false,"connectionParameterName":"DBConnection_Tgt"},"overridableProperties":[],"overriddenFields":[]},{"@type":"mtTaskParameter","id":76300347,"name":"$lkp_Risk_State_Id$","type":"LOOKUP","label":"DBConnection_Tgt","description":"","uiProperties":{"cnxtype":"Amazon Redshift v2","connectionParameterized":"true","paramName":"DBConnection_Tgt","paramLabel":"","paramType-mapping":"Connection","logcnx":"DBConnection_Tgt","isCachedLookup":"true","multipleMatchPolicy":"Use Any Value","default":"dbo/pms_master_policy","objectParameterized":"false","visible":"false","originalPath":"lkp_Risk_State_Id"},"lookupConnectionId":"@aYZ4ekzHgIPeKpiaoqDLKP","lookupObject":"dbo/pms_master_policy","lookupObjectLabel":"pms_master_policy","newFlatFile":false,"newObject":false,"showBusinessNames":true,"naturalOrder":true,"truncateTarget":false,"bulkApiDBTarget":false,"customFuncCfg":{"@type":"customFuncConfig","id":-1,"connections":[],"inputMap":[],"outputFields":[]},"targetRefsV2":{},"targetUpdateColumns":[],"runtimeAttrs":{},"isRESTModernSource":true,"isFileList":false,"handleSpecialChars":false,"handleDecimalRoundOff":false,"frsAsset":false,"dynamicFileName":false,"excludeDynamicFileNameField":false,"currentlyProcessedFileName":false,"retainFieldMetadata":false,"objectName":"dbo/pms_master_policy","objectLabel":"pms_master_policy","useExactSrcNames":false,"tgtObjectAttributes":{},"runtimeParameterData":{"@type":"mtTaskRuntimeParameterData","isConnectionRuntimeParameter":true,"isObjectRuntimeParameter":false,"connectionParameterName":"DBConnection_Tgt"},"overridableProperties":[],"overriddenFields":[]},{"@type":"mtTaskParameter","id":76300348,"name":"$m_lookup_ids_lkp_HIER_LOB$","type":"LOOKUP","label":"m_lookup_ids_DBConnection_Tgt","description":"","uiProperties":{"cnxtype":"Amazon Redshift v2","connectionParameterized":"true","paramName":"m_lookup_ids_DBConnection_Tgt","paramLabel":"","paramType-mapping":"Connection","logcnx":"m_lookup_ids_DBConnection_Tgt","isCachedLookup":"true","multipleMatchPolicy":"Use First Value","default":"dbo/hier_dim_lob","objectParameterized":"false","visible":"false","originalPath":"m_lookup_ids.lkp_HIER_LOB"},"lookupConnectionId":"@aYZ4ekzHgIPeKpiaoqDLKP","lookupObject":"dbo/hier_dim_lob","lookupObjectLabel":"hier_dim_lob","newFlatFile":false,"newObject":false,"showBusinessNames":true,"naturalOrder":true,"truncateTarget":false,"bulkApiDBTarget":false,"customFuncCfg":{"@type":"customFuncConfig","id":-1,"connections":[],"inputMap":[],"outputFields":[]},"targetRefsV2":{},"targetUpdateColumns":[],"runtimeAttrs":{"Unload Options":"","S3 Bucket Name":"","Post-Sql":"","SQL Query":"","Enable Compression":"YES","Read Mode":"Direct","Multipart Download Threshold Size":"5242880","Staging Directory Location":"","Temporary Credential Duration":"3600","Treat NULL Value as NULL":"NO","Fetch Size":"10000","Schema Name":"","Source Table Name":"","Encryption Type":"None","Select Distinct":"NO","Download S3 Files In Multiple Parts":"NO","Pre-SQL":""},"oprRuntimeAttrs":{"postSql":"","selectDistinct":"NO","EncryptionType":"None","EnableCompression":"YES","sqlQuery":"","fetchSize":"10000","multipartDownloadThreshold":"5242880","temporaryCredentialDuration":"3600","StagingDirectoryLocation":"","schemaName":"","TreatNullValueAsNull":"NO","sourceTableName":"","UnloadOptionsPropertyFile":"","DownloadS3FilesInMultipleParts":"NO","S3BucketName":"","readMode":"Direct","preSql":""},"isRESTModernSource":true,"isFileList":false,"handleSpecialChars":false,"handleDecimalRoundOff":false,"frsAsset":false,"dynamicFileName":false,"excludeDynamicFileNameField":false,"currentlyProcessedFileName":false,"retainFieldMetadata":false,"objectName":"dbo/hier_dim_lob","objectLabel":"hier_dim_lob","useExactSrcNames":false,"tgtObjectAttributes":{},"runtimeParameterData":{"@type":"mtTaskRuntimeParameterData","isConnectionRuntimeParameter":true,"isObjectRuntimeParameter":false,"connectionParameterName":"m_lookup_ids_DBConnection_Tgt"},"overridableProperties":[],"overriddenFields":[]},{"@type":"mtTaskParameter","id":76300349,"name":"$m_lookup_ids_lkp_HIER_Risk_State$","type":"LOOKUP","label":"m_lookup_ids_DBConnection_Tgt","description":"","uiProperties":{"cnxtype":"Amazon Redshift v2","connectionParameterized":"true","paramName":"m_lookup_ids_DBConnection_Tgt","paramLabel":"","paramType-mapping":"Connection","logcnx":"m_lookup_ids_DBConnection_Tgt","isCachedLookup":"true","multipleMatchPolicy":"Use First Value","default":"dbo/hier_dim_riskstate","objectParameterized":"false","visible":"false","originalPath":"m_lookup_ids.lkp_HIER_Risk_State"},"lookupConnectionId":"@aYZ4ekzHgIPeKpiaoqDLKP","lookupObject":"dbo/hier_dim_riskstate","lookupObjectLabel":"hier_dim_riskstate","newFlatFile":false,"newObject":false,"showBusinessNames":true,"naturalOrder":true,"truncateTarget":false,"bulkApiDBTarget":false,"customFuncCfg":{"@type":"customFuncConfig","id":-1,"connections":[],"inputMap":[],"outputFields":[]},"targetRefsV2":{},"targetUpdateColumns":[],"runtimeAttrs":{},"isRESTModernSource":true,"isFileList":false,"handleSpecialChars":false,"handleDecimalRoundOff":false,"frsAsset":false,"dynamicFileName":false,"excludeDynamicFileNameField":false,"currentlyProcessedFileName":false,"retainFieldMetadata":false,"objectName":"dbo/hier_dim_riskstate","objectLabel":"hier_dim_riskstate","useExactSrcNames":false,"tgtObjectAttributes":{},"runtimeParameterData":{"@type":"mtTaskRuntimeParameterData","isConnectionRuntimeParameter":true,"isObjectRuntimeParameter":false,"connectionParameterName":"m_lookup_ids_DBConnection_Tgt"},"overridableProperties":[],"overriddenFields":[]},{"@type":"mtTaskParameter","id":76300350,"name":"$m_lookup_ids_lkp_bor_sprinkler$","type":"LOOKUP","label":"m_lookup_ids_DBConnection_Tgt","description":"","uiProperties":{"cnxtype":"Amazon Redshift v2","connectionParameterized":"true","paramName":"m_lookup_ids_DBConnection_Tgt","paramLabel":"","paramType-mapping":"Connection","logcnx":"m_lookup_ids_DBConnection_Tgt","isCachedLookup":"true","multipleMatchPolicy":"Use Any Value","default":"dbo/dim_bor_sprinkler","objectParameterized":"false","visible":"false","originalPath":"m_lookup_ids.lkp_bor_sprinkler"},"lookupConnectionId":"@aYZ4ekzHgIPeKpiaoqDLKP","lookupObject":"dbo/dim_bor_sprinkler","lookupObjectLabel":"dim_bor_sprinkler","newFlatFile":false,"newObject":false,"showBusinessNames":true,"naturalOrder":true,"truncateTarget":false,"bulkApiDBTarget":false,"customFuncCfg":{"@type":"customFuncConfig","id":-1,"connections":[],"inputMap":[],"outputFields":[]},"targetRefsV2":{},"targetUpdateColumns":[],"runtimeAttrs":{},"isRESTModernSource":true,"isFileList":false,"handleSpecialChars":false,"handleDecimalRoundOff":false,"frsAsset":false,"dynamicFileName":false,"excludeDynamicFileNameField":false,"currentlyProcessedFileName":false,"retainFieldMetadata":false,"objectName":"dbo/dim_bor_sprinkler","objectLabel":"dim_bor_sprinkler","useExactSrcNames":false,"tgtObjectAttributes":{},"runtimeParameterData":{"@type":"mtTaskRuntimeParameterData","isConnectionRuntimeParameter":true,"isObjectRuntimeParameter":false,"connectionParameterName":"m_lookup_ids_DBConnection_Tgt"},"overridableProperties":[],"overriddenFields":[]},{"@type":"mtTaskParameter","id":76300351,"name":"$m_lookup_ids_lkp_company$","type":"LOOKUP","label":"m_lookup_ids_DBConnection_Tgt","description":"","uiProperties":{"cnxtype":"Amazon Redshift v2","connectionParameterized":"true","paramName":"m_lookup_ids_DBConnection_Tgt","paramLabel":"","paramType-mapping":"Connection","logcnx":"m_lookup_ids_DBConnection_Tgt","isCachedLookup":"true","multipleMatchPolicy":"Use First Value","default":"dbo/dim_company","objectParameterized":"false","visible":"false","originalPath":"m_lookup_ids.lkp_company"},"lookupConnectionId":"@aYZ4ekzHgIPeKpiaoqDLKP","lookupObject":"dbo/dim_company","lookupObjectLabel":"dim_company","newFlatFile":false,"newObject":false,"showBusinessNames":true,"naturalOrder":true,"truncateTarget":false,"bulkApiDBTarget":false,"customFuncCfg":{"@type":"customFuncConfig","id":-1,"connections":[],"inputMap":[],"outputFields":[]},"targetRefsV2":{},"targetUpdateColumns":[],"runtimeAttrs":{},"isRESTModernSource":true,"isFileList":false,"handleSpecialChars":false,"handleDecimalRoundOff":false,"frsAsset":false,"dynamicFileName":false,"excludeDynamicFileNameField":false,"currentlyProcessedFileName":false,"retainFieldMetadata":false,"objectName":"dbo/dim_company","objectLabel":"dim_company","useExactSrcNames":false,"tgtObjectAttributes":{},"runtimeParameterData":{"@type":"mtTaskRuntimeParameterData","isConnectionRuntimeParameter":true,"isObjectRuntimeParameter":false,"connectionParameterName":"m_lookup_ids_DBConnection_Tgt"},"overridableProperties":[],"overriddenFields":[]},{"@type":"mtTaskParameter","id":76300352,"name":"$m_lookup_ids_lkp_constructionType$","type":"LOOKUP","label":"m_lookup_ids_DBConnection_Tgt","description":"","uiProperties":{"cnxtype":"Amazon Redshift v2","connectionParameterized":"true","paramName":"m_lookup_ids_DBConnection_Tgt","paramLabel":"","paramType-mapping":"Connection","logcnx":"m_lookup_ids_DBConnection_Tgt","isCachedLookup":"true","multipleMatchPolicy":"Use First Value","default":"dbo/dim_constructiontype","objectParameterized":"false","visible":"false","originalPath":"m_lookup_ids.lkp_constructionType"},"lookupConnectionId":"@aYZ4ekzHgIPeKpiaoqDLKP","lookupObject":"dbo/dim_constructiontype","lookupObjectLabel":"dim_constructiontype","newFlatFile":false,"newObject":false,"showBusinessNames":true,"naturalOrder":true,"truncateTarget":false,"bulkApiDBTarget":false,"customFuncCfg":{"@type":"customFuncConfig","id":-1,"connections":[],"inputMap":[],"outputFields":[]},"targetRefsV2":{},"targetUpdateColumns":[],"runtimeAttrs":{},"isRESTModernSource":true,"isFileList":false,"handleSpecialChars":false,"handleDecimalRoundOff":false,"frsAsset":false,"dynamicFileName":false,"excludeDynamicFileNameField":false,"currentlyProcessedFileName":false,"retainFieldMetadata":false,"objectName":"dbo/dim_constructiontype","objectLabel":"dim_constructiontype","useExactSrcNames":false,"tgtObjectAttributes":{},"runtimeParameterData":{"@type":"mtTaskRuntimeParameterData","isConnectionRuntimeParameter":true,"isObjectRuntimeParameter":false,"connectionParameterName":"m_lookup_ids_DBConnection_Tgt"},"overridableProperties":[],"overriddenFields":[]},{"@type":"mtTaskParameter","id":76300353,"name":"$m_lookup_ids_lkp_construction_year$","type":"LOOKUP","label":"m_lookup_ids_DBConnection_Tgt","description":"","uiProperties":{"cnxtype":"Amazon Redshift v2","connectionParameterized":"true","paramName":"m_lookup_ids_DBConnection_Tgt","paramLabel":"","paramType-mapping":"Connection","logcnx":"m_lookup_ids_DBConnection_Tgt","isCachedLookup":"true","multipleMatchPolicy":"Use First Value","default":"dbo/view_construction_year","objectParameterized":"false","visible":"false","originalPath":"m_lookup_ids.lkp_construction_year"},"lookupConnectionId":"@aYZ4ekzHgIPeKpiaoqDLKP","lookupObject":"dbo/view_construction_year","lookupObjectLabel":"view_construction_year","newFlatFile":false,"newObject":false,"showBusinessNames":true,"naturalOrder":true,"truncateTarget":false,"bulkApiDBTarget":false,"customFuncCfg":{"@type":"customFuncConfig","id":-1,"connections":[],"inputMap":[],"outputFields":[]},"targetRefsV2":{},"targetUpdateColumns":[],"runtimeAttrs":{},"isRESTModernSource":true,"isFileList":false,"handleSpecialChars":false,"handleDecimalRoundOff":false,"frsAsset":false,"dynamicFileName":false,"excludeDynamicFileNameField":false,"currentlyProcessedFileName":false,"retainFieldMetadata":false,"objectName":"dbo/view_construction_year","objectLabel":"view_construction_year","useExactSrcNames":false,"tgtObjectAttributes":{},"runtimeParameterData":{"@type":"mtTaskRuntimeParameterData","isConnectionRuntimeParameter":true,"isObjectRuntimeParameter":false,"connectionParameterName":"m_lookup_ids_DBConnection_Tgt"},"overridableProperties":[],"overriddenFields":[]},{"@type":"mtTaskParameter","id":76300354,"name":"$m_lookup_ids_lkp_contents_limit$","type":"LOOKUP","label":"m_lookup_ids_DBConnection_Tgt","description":"","uiProperties":{"cnxtype":"Amazon Redshift v2","connectionParameterized":"true","paramName":"m_lookup_ids_DBConnection_Tgt","paramLabel":"","paramType-mapping":"Connection","logcnx":"m_lookup_ids_DBConnection_Tgt","isCachedLookup":"true","multipleMatchPolicy":"Use First Value","default":"dbo/view_dim_limits","objectParameterized":"false","visible":"false","originalPath":"m_lookup_ids.lkp_contents_limit"},"lookupConnectionId":"@aYZ4ekzHgIPeKpiaoqDLKP","lookupObject":"dbo/view_dim_limits","lookupObjectLabel":"view_dim_limits","newFlatFile":false,"newObject":false,"showBusinessNames":true,"naturalOrder":true,"truncateTarget":false,"bulkApiDBTarget":false,"customFuncCfg":{"@type":"customFuncConfig","id":-1,"connections":[],"inputMap":[],"outputFields":[]},"targetRefsV2":{},"targetUpdateColumns":[],"runtimeAttrs":{},"isRESTModernSource":true,"isFileList":false,"handleSpecialChars":false,"handleDecimalRoundOff":false,"frsAsset":false,"dynamicFileName":false,"excludeDynamicFileNameField":false,"currentlyProcessedFileName":false,"retainFieldMetadata":false,"objectName":"dbo/view_dim_limits","objectLabel":"view_dim_limits","useExactSrcNames":false,"tgtObjectAttributes":{},"runtimeParameterData":{"@type":"mtTaskRuntimeParameterData","isConnectionRuntimeParameter":true,"isObjectRuntimeParameter":false,"connectionParameterName":"m_lookup_ids_DBConnection_Tgt"},"overridableProperties":[],"overriddenFields":[]},{"@type":"mtTaskParameter","id":76300355,"name":"$m_lookup_ids_lkp_convert_state$","type":"LOOKUP","label":"m_lookup_ids_DBConnection_Tgt","description":"","uiProperties":{"cnxtype":"Amazon Redshift v2","connectionParameterized":"true","paramName":"m_lookup_ids_DBConnection_Tgt","paramLabel":"","paramType-mapping":"Connection","logcnx":"m_lookup_ids_DBConnection_Tgt","isCachedLookup":"true","multipleMatchPolicy":"Use First Value","default":"dbo/lkp_convert_state_digit_to_alpha","objectParameterized":"false","visible":"false","originalPath":"m_lookup_ids.lkp_convert_state"},"lookupConnectionId":"@aYZ4ekzHgIPeKpiaoqDLKP","lookupObject":"dbo/lkp_convert_state_digit_to_alpha","lookupObjectLabel":"lkp_convert_state_digit_to_alpha","newFlatFile":false,"newObject":false,"showBusinessNames":true,"naturalOrder":true,"truncateTarget":false,"bulkApiDBTarget":false,"customFuncCfg":{"@type":"customFuncConfig","id":-1,"connections":[],"inputMap":[],"outputFields":[]},"targetRefsV2":{},"targetUpdateColumns":[],"runtimeAttrs":{},"isRESTModernSource":true,"isFileList":false,"handleSpecialChars":false,"handleDecimalRoundOff":false,"frsAsset":false,"dynamicFileName":false,"excludeDynamicFileNameField":false,"currentlyProcessedFileName":false,"retainFieldMetadata":false,"objectName":"dbo/lkp_convert_state_digit_to_alpha","objectLabel":"lkp_convert_state_digit_to_alpha","useExactSrcNames":false,"tgtObjectAttributes":{},"runtimeParameterData":{"@type":"mtTaskRuntimeParameterData","isConnectionRuntimeParameter":true,"isObjectRuntimeParameter":false,"connectionParameterName":"m_lookup_ids_DBConnection_Tgt"},"overridableProperties":[],"overriddenFields":[]},{"@type":"mtTaskParameter","id":76300356,"name":"$m_lookup_ids_lkp_fairplan$","type":"LOOKUP","label":"m_lookup_ids_DBConnection_Tgt","description":"","uiProperties":{"cnxtype":"Amazon Redshift v2","connectionParameterized":"true","paramName":"m_lookup_ids_DBConnection_Tgt","paramLabel":"","paramType-mapping":"Connection","logcnx":"m_lookup_ids_DBConnection_Tgt","isCachedLookup":"true","multipleMatchPolicy":"Use First Value","default":"dbo/dim_fairplan","objectParameterized":"false","visible":"false","originalPath":"m_lookup_ids.lkp_fairplan"},"lookupConnectionId":"@aYZ4ekzHgIPeKpiaoqDLKP","lookupObject":"dbo/dim_fairplan","lookupObjectLabel":"dim_fairplan","newFlatFile":false,"newObject":false,"showBusinessNames":true,"naturalOrder":true,"truncateTarget":false,"bulkApiDBTarget":false,"customFuncCfg":{"@type":"customFuncConfig","id":-1,"connections":[],"inputMap":[],"outputFields":[]},"targetRefsV2":{},"targetUpdateColumns":[],"runtimeAttrs":{},"isRESTModernSource":true,"isFileList":false,"handleSpecialChars":false,"handleDecimalRoundOff":false,"frsAsset":false,"dynamicFileName":false,"excludeDynamicFileNameField":false,"currentlyProcessedFileName":false,"retainFieldMetadata":false,"objectName":"dbo/dim_fairplan","objectLabel":"dim_fairplan","useExactSrcNames":false,"tgtObjectAttributes":{},"runtimeParameterData":{"@type":"mtTaskRuntimeParameterData","isConnectionRuntimeParameter":true,"isObjectRuntimeParameter":false,"connectionParameterName":"m_lookup_ids_DBConnection_Tgt"},"overridableProperties":[],"overriddenFields":[]},{"@type":"mtTaskParameter","id":76300357,"name":"$m_lookup_ids_lkp_hier_cat_code$","type":"LOOKUP","label":"m_lookup_ids_DBConnection_Tgt","description":"","uiProperties":{"cnxtype":"Amazon Redshift v2","connectionParameterized":"true","paramName":"m_lookup_ids_DBConnection_Tgt","paramLabel":"","paramType-mapping":"Connection","logcnx":"m_lookup_ids_DBConnection_Tgt","isCachedLookup":"true","multipleMatchPolicy":"Use First Value","default":"dbo/hier_dim_catcode","objectParameterized":"false","visible":"false","originalPath":"m_lookup_ids.lkp_hier_cat_code"},"lookupConnectionId":"@aYZ4ekzHgIPeKpiaoqDLKP","lookupObject":"dbo/hier_dim_catcode","lookupObjectLabel":"hier_dim_catcode","newFlatFile":false,"newObject":false,"showBusinessNames":true,"naturalOrder":true,"truncateTarget":false,"bulkApiDBTarget":false,"customFuncCfg":{"@type":"customFuncConfig","id":-1,"connections":[],"inputMap":[],"outputFields":[]},"targetRefsV2":{},"targetUpdateColumns":[],"runtimeAttrs":{},"isRESTModernSource":true,"isFileList":false,"handleSpecialChars":false,"handleDecimalRoundOff":false,"frsAsset":false,"dynamicFileName":false,"excludeDynamicFileNameField":false,"currentlyProcessedFileName":false,"retainFieldMetadata":false,"objectName":"dbo/hier_dim_catcode","objectLabel":"hier_dim_catcode","useExactSrcNames":false,"tgtObjectAttributes":{},"runtimeParameterData":{"@type":"mtTaskRuntimeParameterData","isConnectionRuntimeParameter":true,"isObjectRuntimeParameter":false,"connectionParameterName":"m_lookup_ids_DBConnection_Tgt"},"overridableProperties":[],"overriddenFields":[]},{"@type":"mtTaskParameter","id":76300358,"name":"$m_lookup_ids_lkp_insurance_score$","type":"LOOKUP","label":"m_lookup_ids_DBConnection_Tgt","description":"","uiProperties":{"cnxtype":"Amazon Redshift v2","connectionParameterized":"true","paramName":"m_lookup_ids_DBConnection_Tgt","paramLabel":"","paramType-mapping":"Connection","logcnx":"m_lookup_ids_DBConnection_Tgt","isCachedLookup":"true","multipleMatchPolicy":"Use First Value","default":"dbo/view_dim_insuracescore","objectParameterized":"false","visible":"false","originalPath":"m_lookup_ids.lkp_insurance_score"},"lookupConnectionId":"@aYZ4ekzHgIPeKpiaoqDLKP","lookupObject":"dbo/view_dim_insuracescore","lookupObjectLabel":"view_dim_insuracescore","newFlatFile":false,"newObject":false,"showBusinessNames":true,"naturalOrder":true,"truncateTarget":false,"bulkApiDBTarget":false,"customFuncCfg":{"@type":"customFuncConfig","id":-1,"connections":[],"inputMap":[],"outputFields":[]},"targetRefsV2":{},"targetUpdateColumns":[],"runtimeAttrs":{},"isRESTModernSource":true,"isFileList":false,"handleSpecialChars":false,"handleDecimalRoundOff":false,"frsAsset":false,"dynamicFileName":false,"excludeDynamicFileNameField":false,"currentlyProcessedFileName":false,"retainFieldMetadata":false,"objectName":"dbo/view_dim_insuracescore","objectLabel":"view_dim_insuracescore","useExactSrcNames":false,"tgtObjectAttributes":{},"runtimeParameterData":{"@type":"mtTaskRuntimeParameterData","isConnectionRuntimeParameter":true,"isObjectRuntimeParameter":false,"connectionParameterName":"m_lookup_ids_DBConnection_Tgt"},"overridableProperties":[],"overriddenFields":[]},{"@type":"mtTaskParameter","id":76300359,"name":"$m_lookup_ids_lkp_liab_limit$","type":"LOOKUP","label":"m_lookup_ids_DBConnection_Tgt","description":"","uiProperties":{"cnxtype":"Amazon Redshift v2","connectionParameterized":"true","paramName":"m_lookup_ids_DBConnection_Tgt","paramLabel":"","paramType-mapping":"Connection","logcnx":"m_lookup_ids_DBConnection_Tgt","isCachedLookup":"true","multipleMatchPolicy":"Use First Value","default":"dbo/dim_liability_limit","objectParameterized":"false","visible":"false","originalPath":"m_lookup_ids.lkp_liab_limit"},"lookupConnectionId":"@aYZ4ekzHgIPeKpiaoqDLKP","lookupObject":"dbo/dim_liability_limit","lookupObjectLabel":"dim_liability_limit","newFlatFile":false,"newObject":false,"showBusinessNames":true,"naturalOrder":true,"truncateTarget":false,"bulkApiDBTarget":false,"customFuncCfg":{"@type":"customFuncConfig","id":-1,"connections":[],"inputMap":[],"outputFields":[]},"targetRefsV2":{},"targetUpdateColumns":[],"runtimeAttrs":{},"isRESTModernSource":true,"isFileList":false,"handleSpecialChars":false,"handleDecimalRoundOff":false,"frsAsset":false,"dynamicFileName":false,"excludeDynamicFileNameField":false,"currentlyProcessedFileName":false,"retainFieldMetadata":false,"objectName":"dbo/dim_liability_limit","objectLabel":"dim_liability_limit","useExactSrcNames":false,"tgtObjectAttributes":{},"runtimeParameterData":{"@type":"mtTaskRuntimeParameterData","isConnectionRuntimeParameter":true,"isObjectRuntimeParameter":false,"connectionParameterName":"m_lookup_ids_DBConnection_Tgt"},"overridableProperties":[],"overriddenFields":[]},{"@type":"mtTaskParameter","id":76300360,"name":"$m_lookup_ids_lkp_limit$","type":"LOOKUP","label":"m_lookup_ids_DBConnection_Tgt","description":"","uiProperties":{"cnxtype":"Amazon Redshift v2","connectionParameterized":"true","paramName":"m_lookup_ids_DBConnection_Tgt","paramLabel":"","paramType-mapping":"Connection","logcnx":"m_lookup_ids_DBConnection_Tgt","isCachedLookup":"true","multipleMatchPolicy":"Use First Value","default":"dbo/view_dim_limits","objectParameterized":"false","visible":"false","originalPath":"m_lookup_ids.lkp_limit"},"lookupConnectionId":"@aYZ4ekzHgIPeKpiaoqDLKP","lookupObject":"dbo/view_dim_limits","lookupObjectLabel":"view_dim_limits","newFlatFile":false,"newObject":false,"showBusinessNames":true,"naturalOrder":true,"truncateTarget":false,"bulkApiDBTarget":false,"customFuncCfg":{"@type":"customFuncConfig","id":-1,"connections":[],"inputMap":[],"outputFields":[]},"targetRefsV2":{},"targetUpdateColumns":[],"runtimeAttrs":{},"isRESTModernSource":true,"isFileList":false,"handleSpecialChars":false,"handleDecimalRoundOff":false,"frsAsset":false,"dynamicFileName":false,"excludeDynamicFileNameField":false,"currentlyProcessedFileName":false,"retainFieldMetadata":false,"objectName":"dbo/view_dim_limits","objectLabel":"view_dim_limits","useExactSrcNames":false,"tgtObjectAttributes":{},"runtimeParameterData":{"@type":"mtTaskRuntimeParameterData","isConnectionRuntimeParameter":true,"isObjectRuntimeParameter":false,"connectionParameterName":"m_lookup_ids_DBConnection_Tgt"},"overridableProperties":[],"overriddenFields":[]},{"@type":"mtTaskParameter","id":76300361,"name":"$m_lookup_ids_lkp_loss_cause$","type":"LOOKUP","label":"m_lookup_ids_DBConnection_Tgt","description":"","uiProperties":{"cnxtype":"Amazon Redshift v2","connectionParameterized":"true","paramName":"m_lookup_ids_DBConnection_Tgt","paramLabel":"","paramType-mapping":"Connection","logcnx":"m_lookup_ids_DBConnection_Tgt","isCachedLookup":"true","multipleMatchPolicy":"Use First Value","default":"dbo/dim_losscause","objectParameterized":"false","visible":"false","originalPath":"m_lookup_ids.lkp_loss_cause"},"lookupConnectionId":"@aYZ4ekzHgIPeKpiaoqDLKP","lookupObject":"dbo/dim_losscause","lookupObjectLabel":"dim_losscause","newFlatFile":false,"newObject":false,"showBusinessNames":true,"naturalOrder":true,"truncateTarget":false,"bulkApiDBTarget":false,"customFuncCfg":{"@type":"customFuncConfig","id":-1,"connections":[],"inputMap":[],"outputFields":[]},"targetRefsV2":{},"targetUpdateColumns":[],"runtimeAttrs":{},"isRESTModernSource":true,"isFileList":false,"handleSpecialChars":false,"handleDecimalRoundOff":false,"frsAsset":false,"dynamicFileName":false,"excludeDynamicFileNameField":false,"currentlyProcessedFileName":false,"retainFieldMetadata":false,"objectName":"dbo/dim_losscause","objectLabel":"dim_losscause","useExactSrcNames":false,"tgtObjectAttributes":{},"runtimeParameterData":{"@type":"mtTaskRuntimeParameterData","isConnectionRuntimeParameter":true,"isObjectRuntimeParameter":false,"connectionParameterName":"m_lookup_ids_DBConnection_Tgt"},"overridableProperties":[],"overriddenFields":[]},{"@type":"mtTaskParameter","id":76300362,"name":"$m_lookup_ids_lkp_major_peril$","type":"LOOKUP","label":"m_lookup_ids_DBConnection_Tgt","description":"","uiProperties":{"cnxtype":"Amazon Redshift v2","connectionParameterized":"true","paramName":"m_lookup_ids_DBConnection_Tgt","paramLabel":"","paramType-mapping":"Connection","logcnx":"m_lookup_ids_DBConnection_Tgt","isCachedLookup":"true","multipleMatchPolicy":"Use First Value","default":"dbo/dim_majorperil","objectParameterized":"false","visible":"false","originalPath":"m_lookup_ids.lkp_major_peril"},"lookupConnectionId":"@aYZ4ekzHgIPeKpiaoqDLKP","lookupObject":"dbo/dim_majorperil","lookupObjectLabel":"dim_majorperil","newFlatFile":false,"newObject":false,"showBusinessNames":true,"naturalOrder":true,"truncateTarget":false,"bulkApiDBTarget":false,"customFuncCfg":{"@type":"customFuncConfig","id":-1,"connections":[],"inputMap":[],"outputFields":[]},"targetRefsV2":{},"targetUpdateColumns":[],"runtimeAttrs":{},"isRESTModernSource":true,"isFileList":false,"handleSpecialChars":false,"handleDecimalRoundOff":false,"frsAsset":false,"dynamicFileName":false,"excludeDynamicFileNameField":false,"currentlyProcessedFileName":false,"retainFieldMetadata":false,"objectName":"dbo/dim_majorperil","objectLabel":"dim_majorperil","useExactSrcNames":false,"tgtObjectAttributes":{},"runtimeParameterData":{"@type":"mtTaskRuntimeParameterData","isConnectionRuntimeParameter":true,"isObjectRuntimeParameter":false,"connectionParameterName":"m_lookup_ids_DBConnection_Tgt"},"overridableProperties":[],"overriddenFields":[]},{"@type":"mtTaskParameter","id":76300363,"name":"$m_lookup_ids_lkp_nbr_apts$","type":"LOOKUP","label":"m_lookup_ids_DBConnection_Tgt","description":"","uiProperties":{"cnxtype":"Amazon Redshift v2","connectionParameterized":"true","paramName":"m_lookup_ids_DBConnection_Tgt","paramLabel":"","paramType-mapping":"Connection","logcnx":"m_lookup_ids_DBConnection_Tgt","isCachedLookup":"true","multipleMatchPolicy":"Use First Value","default":"dbo/lkp_nbr_of_apts","objectParameterized":"false","visible":"false","originalPath":"m_lookup_ids.lkp_nbr_apts"},"lookupConnectionId":"@aYZ4ekzHgIPeKpiaoqDLKP","lookupObject":"dbo/lkp_nbr_of_apts","lookupObjectLabel":"lkp_nbr_of_apts","newFlatFile":false,"newObject":false,"showBusinessNames":true,"naturalOrder":true,"truncateTarget":false,"bulkApiDBTarget":false,"customFuncCfg":{"@type":"customFuncConfig","id":-1,"connections":[],"inputMap":[],"outputFields":[]},"targetRefsV2":{},"targetUpdateColumns":[],"runtimeAttrs":{},"isRESTModernSource":true,"isFileList":false,"handleSpecialChars":false,"handleDecimalRoundOff":false,"frsAsset":false,"dynamicFileName":false,"excludeDynamicFileNameField":false,"currentlyProcessedFileName":false,"retainFieldMetadata":false,"objectName":"dbo/lkp_nbr_of_apts","objectLabel":"lkp_nbr_of_apts","useExactSrcNames":false,"tgtObjectAttributes":{},"runtimeParameterData":{"@type":"mtTaskRuntimeParameterData","isConnectionRuntimeParameter":true,"isObjectRuntimeParameter":false,"connectionParameterName":"m_lookup_ids_DBConnection_Tgt"},"overridableProperties":[],"overriddenFields":[]},{"@type":"mtTaskParameter","id":76300364,"name":"$m_lookup_ids_lkp_nbr_families$","type":"LOOKUP","label":"m_lookup_ids_DBConnection_Tgt","description":"","uiProperties":{"cnxtype":"Amazon Redshift v2","connectionParameterized":"true","paramName":"m_lookup_ids_DBConnection_Tgt","paramLabel":"","paramType-mapping":"Connection","logcnx":"m_lookup_ids_DBConnection_Tgt","isCachedLookup":"true","multipleMatchPolicy":"Use First Value","default":"dbo/lkp_nbr_of_families","objectParameterized":"false","visible":"false","originalPath":"m_lookup_ids.lkp_nbr_families"},"lookupConnectionId":"@aYZ4ekzHgIPeKpiaoqDLKP","lookupObject":"dbo/lkp_nbr_of_families","lookupObjectLabel":"lkp_nbr_of_families","newFlatFile":false,"newObject":false,"showBusinessNames":true,"naturalOrder":true,"truncateTarget":false,"bulkApiDBTarget":false,"customFuncCfg":{"@type":"customFuncConfig","id":-1,"connections":[],"inputMap":[],"outputFields":[]},"targetRefsV2":{},"targetUpdateColumns":[],"runtimeAttrs":{},"isRESTModernSource":true,"isFileList":false,"handleSpecialChars":false,"handleDecimalRoundOff":false,"frsAsset":false,"dynamicFileName":false,"excludeDynamicFileNameField":false,"currentlyProcessedFileName":false,"retainFieldMetadata":false,"objectName":"dbo/lkp_nbr_of_families","objectLabel":"lkp_nbr_of_families","useExactSrcNames":false,"tgtObjectAttributes":{},"runtimeParameterData":{"@type":"mtTaskRuntimeParameterData","isConnectionRuntimeParameter":true,"isObjectRuntimeParameter":false,"connectionParameterName":"m_lookup_ids_DBConnection_Tgt"},"overridableProperties":[],"overriddenFields":[]},{"@type":"mtTaskParameter","id":76300365,"name":"$m_lookup_ids_lkp_new_renewal$","type":"LOOKUP","label":"m_lookup_ids_DBConnection_Tgt","description":"","uiProperties":{"cnxtype":"Amazon Redshift v2","connectionParameterized":"true","paramName":"m_lookup_ids_DBConnection_Tgt","paramLabel":"","paramType-mapping":"Connection","logcnx":"m_lookup_ids_DBConnection_Tgt","isCachedLookup":"true","multipleMatchPolicy":"Use First Value","default":"dbo/dim_newrenewal","objectParameterized":"false","visible":"false","originalPath":"m_lookup_ids.lkp_new_renewal"},"lookupConnectionId":"@aYZ4ekzHgIPeKpiaoqDLKP","lookupObject":"dbo/dim_newrenewal","lookupObjectLabel":"dim_newrenewal","newFlatFile":false,"newObject":false,"showBusinessNames":true,"naturalOrder":true,"truncateTarget":false,"bulkApiDBTarget":false,"customFuncCfg":{"@type":"customFuncConfig","id":-1,"connections":[],"inputMap":[],"outputFields":[]},"targetRefsV2":{},"targetUpdateColumns":[],"runtimeAttrs":{},"isRESTModernSource":true,"isFileList":false,"handleSpecialChars":false,"handleDecimalRoundOff":false,"frsAsset":false,"dynamicFileName":false,"excludeDynamicFileNameField":false,"currentlyProcessedFileName":false,"retainFieldMetadata":false,"objectName":"dbo/dim_newrenewal","objectLabel":"dim_newrenewal","useExactSrcNames":false,"tgtObjectAttributes":{},"runtimeParameterData":{"@type":"mtTaskRuntimeParameterData","isConnectionRuntimeParameter":true,"isObjectRuntimeParameter":false,"connectionParameterName":"m_lookup_ids_DBConnection_Tgt"},"overridableProperties":[],"overriddenFields":[]},{"@type":"mtTaskParameter","id":76300366,"name":"$m_lookup_ids_lkp_policy_deductible$","type":"LOOKUP","label":"m_lookup_ids_DBConnection_Tgt","description":"","uiProperties":{"cnxtype":"Amazon Redshift v2","connectionParameterized":"true","paramName":"m_lookup_ids_DBConnection_Tgt","paramLabel":"","paramType-mapping":"Connection","logcnx":"m_lookup_ids_DBConnection_Tgt","isCachedLookup":"true","multipleMatchPolicy":"Use First Value","default":"dbo/dim_policydeductible","objectParameterized":"false","visible":"false","originalPath":"m_lookup_ids.lkp_policy_deductible"},"lookupConnectionId":"@aYZ4ekzHgIPeKpiaoqDLKP","lookupObject":"dbo/dim_policydeductible","lookupObjectLabel":"dim_policydeductible","newFlatFile":false,"newObject":false,"showBusinessNames":true,"naturalOrder":true,"truncateTarget":false,"bulkApiDBTarget":false,"customFuncCfg":{"@type":"customFuncConfig","id":-1,"connections":[],"inputMap":[],"outputFields":[]},"targetRefsV2":{},"targetUpdateColumns":[],"runtimeAttrs":{},"isRESTModernSource":true,"isFileList":false,"handleSpecialChars":false,"handleDecimalRoundOff":false,"frsAsset":false,"dynamicFileName":false,"excludeDynamicFileNameField":false,"currentlyProcessedFileName":false,"retainFieldMetadata":false,"objectName":"dbo/dim_policydeductible","objectLabel":"dim_policydeductible","useExactSrcNames":false,"tgtObjectAttributes":{},"runtimeParameterData":{"@type":"mtTaskRuntimeParameterData","isConnectionRuntimeParameter":true,"isObjectRuntimeParameter":false,"connectionParameterName":"m_lookup_ids_DBConnection_Tgt"},"overridableProperties":[],"overriddenFields":[]},{"@type":"mtTaskParameter","id":76300367,"name":"$m_lookup_ids_lkp_secondary$","type":"LOOKUP","label":"m_lookup_ids_DBConnection_Tgt","description":"","uiProperties":{"cnxtype":"Amazon Redshift v2","connectionParameterized":"true","paramName":"m_lookup_ids_DBConnection_Tgt","paramLabel":"","paramType-mapping":"Connection","logcnx":"m_lookup_ids_DBConnection_Tgt","isCachedLookup":"true","multipleMatchPolicy":"Use Any Value","default":"dbo/dim_secondaryhome","objectParameterized":"false","visible":"false","originalPath":"m_lookup_ids.lkp_secondary"},"lookupConnectionId":"@aYZ4ekzHgIPeKpiaoqDLKP","lookupObject":"dbo/dim_secondaryhome","lookupObjectLabel":"dim_secondaryhome","newFlatFile":false,"newObject":false,"showBusinessNames":true,"naturalOrder":true,"truncateTarget":false,"bulkApiDBTarget":false,"customFuncCfg":{"@type":"customFuncConfig","id":-1,"connections":[],"inputMap":[],"outputFields":[]},"targetRefsV2":{},"targetUpdateColumns":[],"runtimeAttrs":{},"isRESTModernSource":true,"isFileList":false,"handleSpecialChars":false,"handleDecimalRoundOff":false,"frsAsset":false,"dynamicFileName":false,"excludeDynamicFileNameField":false,"currentlyProcessedFileName":false,"retainFieldMetadata":false,"objectName":"dbo/dim_secondaryhome","objectLabel":"dim_secondaryhome","useExactSrcNames":false,"tgtObjectAttributes":{},"runtimeParameterData":{"@type":"mtTaskRuntimeParameterData","isConnectionRuntimeParameter":true,"isObjectRuntimeParameter":false,"connectionParameterName":"m_lookup_ids_DBConnection_Tgt"},"overridableProperties":[],"overriddenFields":[]},{"@type":"mtTaskParameter","id":76300368,"name":"$m_lookup_ids_lkp_zipcounty$","type":"LOOKUP","label":"m_lookup_ids_DBConnection_Tgt","description":"","uiProperties":{"cnxtype":"Amazon Redshift v2","connectionParameterized":"true","paramName":"m_lookup_ids_DBConnection_Tgt","paramLabel":"","paramType-mapping":"Connection","logcnx":"m_lookup_ids_DBConnection_Tgt","isCachedLookup":"true","multipleMatchPolicy":"Use Any Value","default":"dbo/lkp_zipcounty","objectParameterized":"false","visible":"false","originalPath":"m_lookup_ids.lkp_zipcounty"},"lookupConnectionId":"@aYZ4ekzHgIPeKpiaoqDLKP","lookupObject":"dbo/lkp_zipcounty","lookupObjectLabel":"lkp_zipcounty","newFlatFile":false,"newObject":false,"showBusinessNames":true,"naturalOrder":true,"truncateTarget":false,"bulkApiDBTarget":false,"customFuncCfg":{"@type":"customFuncConfig","id":-1,"connections":[],"inputMap":[],"outputFields":[]},"targetRefsV2":{},"targetUpdateColumns":[],"runtimeAttrs":{},"isRESTModernSource":true,"isFileList":false,"handleSpecialChars":false,"handleDecimalRoundOff":false,"frsAsset":false,"dynamicFileName":false,"excludeDynamicFileNameField":false,"currentlyProcessedFileName":false,"retainFieldMetadata":false,"objectName":"dbo/lkp_zipcounty","objectLabel":"lkp_zipcounty","useExactSrcNames":false,"tgtObjectAttributes":{},"runtimeParameterData":{"@type":"mtTaskRuntimeParameterData","isConnectionRuntimeParameter":true,"isObjectRuntimeParameter":false,"connectionParameterName":"m_lookup_ids_DBConnection_Tgt"},"overridableProperties":[],"overriddenFields":[]}],"sequences":[],"inOutParameters":[],"connRuntimeAttrs":[]}]