[{"@type":"mappingTemplate","id":"@1","name":"cdi_map_customer_acx_bronze_customer_stg_ld","description":"","autoExpireObject":false,"bundleVersion":"0","assetFrsGuid":"fB9U3gbTx6eeTtZCvCdAGT","templateId":"@3","hasParameters":true,"valid":true,"fixedConnection":false,"hasParametersDeployed":false,"fixedConnectionDeployed":false,"isSchemaValidationEnabled":false,"tasks":1,"mappingPreviewFileRecordId":"@2","documentType":"","allowMaxFieldLength":false,"specialCharacterSupport":false,"references":[]}]