[{"@type":"mappingTemplate","id":"@1","name":"Mapping13","description":"","autoExpireObject":false,"bundleVersion":"0","assetFrsGuid":"4UZbf47LwV7kpTIVR5eQqz","templateId":"@3","deployTime":1736344647000,"hasParameters":true,"valid":true,"fixedConnection":false,"hasParametersDeployed":true,"fixedConnectionDeployed":false,"isSchemaValidationEnabled":false,"tasks":1,"mappingPreviewFileRecordId":"@2","documentType":"MAPPING","allowMaxFieldLength":false,"specialCharacterSupport":false,"references":[]}]