[{"@type":"mappingTemplate","id":"@1","name":"cdi_map_underwriting_questions_and_answers_silver_load","description":"","autoExpireObject":false,"bundleVersion":"0","assetFrsGuid":"42BIFVsssXbguJo3TBYQ42","templateId":"@3","deployTime":1754419169000,"hasParameters":true,"valid":true,"fixedConnection":true,"hasParametersDeployed":true,"fixedConnectionDeployed":true,"isSchemaValidationEnabled":false,"tasks":1,"mappingPreviewFileRecordId":"@2","documentType":"MAPPING","allowMaxFieldLength":false,"specialCharacterSupport":false,"references":[{"@type":"reference","refObjectId":"@aYZ4ekzHgIPeKpiaoqDLKP","refType":"connection"}]}]