[{"@type":"mappletTemplate","id":"@1","name":"mplt_Email_Parse_Into_Mailbox_Domain","description":"Parses an email into its constituent elements of mailbox, domain and sub-domain. For example, info@informatica.com will be parsed into info (mailbox), informatica (sub-domain), and com (domain). The mapplet assumes that the text being entered is a valid email.\n","autoExpireObject":false,"documentType":"DMAPPLET","valid":true,"validForEngines":["CDI","CDI_E"],"active":false,"hasFixedReferences":false,"templateId":"@2","templateImageId":"@3","references":[{"@type":"reference","refObjectId":"@30i9OwiN9qNkXpk1Farp6A","refType":"frsDocument"},{"@type":"reference","refObjectId":"@3RWMX7ZoveSc8VXaOXoFyT","refType":"frsDocument"}]}]