[{"@type":"mappingTemplate","id":"@1","name":"m_load_msgr_part_one","description":"","autoExpireObject":false,"bundleVersion":"0","assetFrsGuid":"1N1YwtC51yKkiRcKtUFk0M","templateId":"@3","deployTime":1730322037000,"hasParameters":true,"valid":true,"fixedConnection":false,"hasParametersDeployed":true,"fixedConnectionDeployed":false,"isSchemaValidationEnabled":false,"tasks":1,"mappingPreviewFileRecordId":"@2","documentType":"","allowMaxFieldLength":false,"specialCharacterSupport":false,"references":[]}]