[{"@type":"mappingTemplate","id":"@1","name":"cdi_map_bv_job_completion_chk","description":"","autoExpireObject":false,"bundleVersion":"0","assetFrsGuid":"9PpItPnPtpje5DFeskQoWo","templateId":"@3","deployTime":1768332730000,"hasParameters":true,"valid":true,"fixedConnection":false,"hasParametersDeployed":true,"fixedConnectionDeployed":false,"isSchemaValidationEnabled":false,"tasks":1,"mappingPreviewFileRecordId":"@2","documentType":"","allowMaxFieldLength":false,"specialCharacterSupport":false,"references":[]}]