[{"@type":"mappingTemplate","id":"@1","name":"m_Load_PolicyReinsuranceSummaryStats_to_PolicyReinsuranceSummaryStats_Stg_Ld","description":"","autoExpireObject":false,"bundleVersion":"0","assetFrsGuid":"9m81aCl0F0PdwzsDcwij0e","templateId":"@3","deployTime":1722632245000,"hasParameters":true,"valid":true,"fixedConnection":false,"hasParametersDeployed":true,"fixedConnectionDeployed":false,"isSchemaValidationEnabled":false,"tasks":2,"mappingPreviewFileRecordId":"@2","documentType":"","allowMaxFieldLength":false,"specialCharacterSupport":false,"references":[]}]