[{"@type":"mtTask","id":"@1","name":"s_m_load_PMS_ClaimSubro_SelfService_Combined_Close","description":"Loads the PMS data into ClaimSubro Self service combned to provide MTD data for Subrogation related measures on the basis of Subrogation Close date","runtimeEnvironmentId":"@3pADNCV9u0PcgrXjM7rx0t","maxLogs":10,"verbose":false,"lastRunTime":1729701171000,"mappingId":"@anEXVPcPCuJbCrqFIEmzso","frsGuid":"5MBiMmuEommgBJyvuyOdGo","shortDescription":"Loads the PMS data into ClaimSubro Self service co...","sessionPropertiesList":[{"name":"Allow Temporary Sequence for Pushdown","value":"NO","recommended":false},{"name":"Allow Temporary View for Pushdown","value":"NO","recommended":false},{"name":"Data Column Delimiter","value":"|","recommended":false},{"name":"Error Log File Name","value":"PMError.log","recommended":false},{"name":"Pushdown Optimization","value":"None","recommended":false},{"name":"Pushdown Optimization Context","value":"None","recommended":false},{"name":"Pushdown Optimization Fallback Option","value":"Partial PDO","recommended":false}],"hidden":false,"enableCrossSchemaPushdown":false,"enableParallelRun":false,"autoTunedApplied":false,"autoTunedAppliedType":"NONE","parameterFileName":"Andover_Param_GW.param","parameterFileDir":"$PMRootDir/andover/parameters","paramFileType":"PARAM_FILE_LOCAL","schemaMode":"async","valid":true,"schemaValidationErrorCount":-1,"serverlessProperties":{},"taskProperties":[{"@type":"taskProperty","name":"parameterFileDir","currentValue":"$PMRootDir/andover/parameters","type":"STRING","label":"label.parameterFileDir","required":false},{"@type":"taskProperty","name":"parameterFileName","currentValue":"Andover_Param_GW.param","type":"STRING","label":"label.parameterFileName","required":false},{"@type":"taskProperty","name":"outboundMessageUrlQueueTime","currentValue":"","type":"NUMBER","label":"label.outboundMessageUrlQueueTime","required":false},{"@type":"taskProperty","name":"outboundMessageUrlToken","currentValue":"","type":"STRING","label":"label.outboundMessageUrlToken","required":false}],"optimizationPlan":"NONE","isMidstreamPreview":false,"parameters":[{"@type":"mtTaskParameter","id":100710048,"name":"$SQ_claimdetail$","type":"SOURCE","label":"DBConnection_SRC","description":"","uiProperties":{"cnxtype":"Amazon Redshift v2","connectionParameterized":"true","paramName":"DBConnection_SRC","paramLabel":"","paramType-mapping":"Connection","logcnx":"DBConnection_SRC","isSelectDistinct":"false","objectParameterized":"false","visible":"false","originalPath":"SQ_claimdetail"},"sourceConnectionId":"@aYZ4ekzHgIPeKpiaoqDLKP","sourceObject":"DUMMY_SQ_claimdetail","newFlatFile":false,"newObject":false,"showBusinessNames":true,"naturalOrder":true,"truncateTarget":false,"bulkApiDBTarget":false,"customFuncCfg":{"@type":"customFuncConfig","id":-1,"connections":[],"inputMap":[],"outputFields":[]},"targetRefsV2":{},"targetUpdateColumns":[],"runtimeAttrs":{},"isRESTModernSource":true,"customQuery":"select isnull(pms.closed_date,'9999-12-31') as account_entered_dt,\n       pms.risk_state as risk_state,\n       convert(varchar(12),pms.claim_number) as claim_number,\n       pmc.cat_group_desc,\n       pms.\"loss cause\" as losscausecd,\n       pms.sub_loss_cause,\n       CASE WHEN pms.lob like '%HP%' then 'Homeowners' WHEN pms.lob like '%SBP%' then 'Businessowners' WHEN pms.lob like '%FP%' then 'Dwelling' when pms.lob like '%IMC%' then 'Inland Marine - Commercial (IMC)' ELSE PMS.LOB END AS lob_desc,\n       CASE WHEN pms.lob like '%HP%' then 'Personal' WHEN pms.lob like '%SBP%' then 'Commercial' WHEN pms.lob like '%FP%' then 'Personal' when pms.lob like '%IMC%' then 'Commercial' ELSE PMS.LOB END AS lob_group_desc,\n       isnull(pms.opened_date,'9999-12-31' ) as opened_date,\n       isnull(pms.closed_date,'9999-12-31') as closed_date,\n       isnull(pms.reported_date,'9999-12-31' ) as reported_date,\n       pmc.claim_type,\n       case when pms.gross_recovery>0 then abs(datediff(days,pms.closed_date,pms.opened_date)) else 0 end as cycle_time_files_with_recovery,\n       case when pms.gross_recovery<=0 then abs(datediff(days,pms.closed_date,pms.opened_date)) else 0 end as cycle_time_files_without_recovery,\n       ltrim(rtrim(pms.status)) as status,\n       case when pms.gross_recovery>0 then 'Recovered' else 'Not Recovered' end as subro_success_status,\n       0 as loss_paid_amt,\n       pms.demand as demand,\n       isnull(pms.total_subrogation_expenses,0) as subro_expense_amt,\n       isnull(pms.total_subrogation_expenses,0) as allocated_loss_adjustment_expense,\n       isnull(pms.gross_recovery,0) as gross_recovery,\n       isnull(pms.deductible_returned,0) as deductible_returned,\n       isnull(pms.\"net recovery\",0) as net_recovery,\n       'ClosedDt-Dashboard' as dashboard_indicator,\n       pms.subrogation_examiner,\n       pms.subrogation_legal_counsel\nfrom dbo.pms_master_subrogation pms \nleft join (\n    select distinct a.claim_number,a.cat_group_desc,claim_type,b.accident_dt\n    from dbo.pms_master_claim  a, dbo.pms_fact_loss b\n    where a.claim_key = b.claim_key and b.claim_type = 'Property'\n) pmc on pmc.claim_number=right(replicate('0',12)+convert(varchar(12),pms.claim_number ),12) and pms.loss_date = pmc.accident_dt\n\nUNION ALL\n\nselect isnull(pfl.account_entered_dt,'9999-12-31') as account_entered_dt,\n       'NA' as risk_state,\n       pfl.claim_number,\n       pmc.cat_group_desc,\n       'NA' as losscausecd,\n       'NA' as sub_loss_cause,\n       l.lob_display_desc AS lob_desc,\n       l.lob_display_group_desc AS lob_group_desc,\n       '8888-01-01' as opened_date,\n       '8888-01-01' as closed_date,\n       pfl.reported_dt as reported_date,\n       'NA' as claim_type,\n       0 as cycle_time_files_with_recovery,\n       0 as cycle_time_files_without_recovery,\n       'NA' as status,\n       'NA' as subro_success_status,\n       sum(pfl.loss_paid_amt) as loss_paid_amt,\n       0 as demand,\n       0 as subro_expense_amt,\n       0 as allocated_loss_adjustment_expense,\n       0 as gross_recovery,\n       0 as deductible_returned,\n       0 as net_recovery,\n       'ClosedDt-Dashboard' as dashboard_indicator,\n       NULL as subrogation_examiner,\n       NULL as subrogation_legal_counsel\nfrom dbo.pms_fact_loss pfl\nleft join dbo.pms_master_claim pmc on pfl.claim_key=PMC.claim_key\nleft join dbo.pms_master_policy PMP on PFL.Policy_Key = PMP.Policy_Key\nleft join dbo.LOB_Ref L on PMP.Lob_Desc = L.PMS_LOB_Desc\nwhere PFL.claim_type='Property' and PMC.Cat_group_desc='Non-Cat'\ngroup by pfl.account_entered_dt,pfl.claim_number,PMC.cat_group_desc ,l.LOB_Display_Desc,l.LOB_Display_Group_Desc,pfl.reported_dt","isFileList":false,"handleSpecialChars":false,"handleDecimalRoundOff":false,"frsAsset":false,"dynamicFileName":false,"excludeDynamicFileNameField":false,"currentlyProcessedFileName":false,"retainFieldMetadata":false,"objectName":"DUMMY_SQ_claimdetail","useExactSrcNames":false,"tgtObjectAttributes":{},"runtimeParameterData":{"@type":"mtTaskRuntimeParameterData","isConnectionRuntimeParameter":true,"isObjectRuntimeParameter":false,"connectionParameterName":"DBConnection_SRC"},"overridableProperties":[],"overriddenFields":[]},{"@type":"mtTaskParameter","id":100710049,"name":"$ClaimSubro_SelfService_Combined$","type":"TARGET","label":"DBConnection_TGT","description":"","uiProperties":{"cnxtype":"Amazon Redshift v2","connectionParameterized":"true","paramName":"DBConnection_TGT","paramLabel":"","paramType-mapping":"Connection","logcnx":"DBConnection_TGT","default":"dbo/claimsubro_selfservice_combined","objectParameterized":"false","visible":"false","defaultTargetUpdateColumns":"","supportApplyDDLChanges":"false","originalPath":"ClaimSubro_SelfService_Combined"},"targetConnectionId":"@aYZ4ekzHgIPeKpiaoqDLKP","targetObject":"dbo/claimsubro_selfservice_combined","targetObjectLabel":"claimsubro_selfservice_combined","newFlatFile":false,"newObject":false,"showBusinessNames":true,"naturalOrder":true,"truncateTarget":false,"bulkApiDBTarget":false,"operationType":"Insert","customFuncCfg":{"@type":"customFuncConfig","id":-1,"connections":[],"inputMap":[],"outputFields":[]},"targetRefsV2":{},"targetUpdateColumns":[],"extendedObject":{"@type":"extendedObject","singleMode":true,"filters":[],"sortFields":[]},"runtimeAttrs":{},"isRESTModernSource":true,"isFileList":false,"handleSpecialChars":false,"handleDecimalRoundOff":false,"frsAsset":false,"dynamicFileName":false,"excludeDynamicFileNameField":false,"currentlyProcessedFileName":false,"retainFieldMetadata":false,"objectName":"dbo/claimsubro_selfservice_combined","objectLabel":"claimsubro_selfservice_combined","useExactSrcNames":false,"tgtObjectAttributes":{},"runtimeParameterData":{"@type":"mtTaskRuntimeParameterData","isConnectionRuntimeParameter":true,"isObjectRuntimeParameter":false,"connectionParameterName":"DBConnection_TGT"},"overridableProperties":[],"overriddenFields":[]}],"sequences":[],"inOutParameters":[],"connRuntimeAttrs":[]}]