[{"@type":"mappingTemplate","id":"@1","name":"m_load_PMS_ClaimSubro_SelfService_Combined_Open","description":"Loads the PMS data into ClaimSubro Self service combned to provide MTD data for Subrogation related measures on the basis of Subrogation Open date","bundleVersion":"0","templateId":"@3","deployTime":1720712354000,"hasParameters":true,"valid":true,"fixedConnection":false,"hasParametersDeployed":true,"fixedConnectionDeployed":false,"isSchemaValidationEnabled":false,"tasks":1,"mappingPreviewFileRecordId":"@2","documentType":"","references":[]}]