[{"@type":"mappingTemplate","id":"@1","name":"cdi_map_adm_commission_plans_bronze_load","description":"","autoExpireObject":false,"bundleVersion":"0","assetFrsGuid":"2xwEzNyK3pflRGM0at1821","templateId":"@3","deployTime":1751314155000,"hasParameters":true,"valid":true,"fixedConnection":false,"hasParametersDeployed":true,"fixedConnectionDeployed":false,"isSchemaValidationEnabled":false,"tasks":1,"mappingPreviewFileRecordId":"@2","documentType":"MAPPING","allowMaxFieldLength":false,"specialCharacterSupport":false,"references":[]}]