[{"@type":"mappingTemplate","id":"@1","name":"m_tst_GUID_java_model - Copy 1","description":"","autoExpireObject":false,"bundleVersion":"0","assetFrsGuid":"erMF4HFgbgOgGKyJs7xtwD","templateId":"@3","hasParameters":false,"valid":false,"fixedConnection":true,"hasParametersDeployed":false,"fixedConnectionDeployed":false,"isSchemaValidationEnabled":false,"tasks":0,"mappingPreviewFileRecordId":"@2","documentType":"MAPPING","allowMaxFieldLength":false,"specialCharacterSupport":false,"references":[{"@type":"reference","refObjectId":"@aYZ4ekzHgIPeKpiaoqDLKP","refType":"connection"}]}]