[{"@type":"mtTask","id":"@1","name":"s_m_PMS_Master_Risk_Temp_SQL_SERVER_TO_Redshift","description":"","runtimeEnvironmentId":"@3pADNCV9u0PcgrXjM7rx0t","maxLogs":10,"verbose":false,"lastRunTime":1712818921000,"mappingId":"@4nmRvNfig8al9ptvvg5KAh","frsGuid":"il5OyImHpQWl3Y4XmZi9aK","shortDescription":"","sessionPropertiesList":[{"name":"Allow Temporary Sequence for Pushdown","value":"NO","recommended":false},{"name":"Allow Temporary View for Pushdown","value":"NO","recommended":false},{"name":"DateTime Format String","value":"MM/DD/YYYY HH24:MI:SS.US","recommended":false},{"name":"Pushdown Optimization","value":"None","recommended":false},{"name":"Pushdown Optimization Context","value":"None","recommended":false},{"name":"Pushdown Optimization Fallback Option","value":"Partial PDO","recommended":false}],"hidden":false,"enableCrossSchemaPushdown":false,"enableParallelRun":false,"autoTunedApplied":false,"autoTunedAppliedType":"NONE","parameterFileName":"Andover_Parm_Daily.param","parameterFileDir":"$PMRootDir/andover/parameters","paramFileType":"PARAM_FILE_LOCAL","schemaMode":"async","valid":true,"schemaValidationErrorCount":-1,"parameterFileEncoding":"UTF-8","serverlessProperties":{},"taskProperties":[{"@type":"taskProperty","name":"parameterFileDir","currentValue":"$PMRootDir/andover/parameters","type":"STRING","label":"label.parameterFileDir","required":false},{"@type":"taskProperty","name":"parameterFileName","currentValue":"Andover_Parm_Daily.param","type":"STRING","label":"label.parameterFileName","required":false}],"optimizationPlan":"NONE","isMidstreamPreview":false,"parameters":[{"@type":"mtTaskParameter","id":83448958,"name":"$src_PMS_Master_Risk_Temp_SQL_Server$","type":"SOURCE","label":"DBConnection_SRC_SS","description":"","uiProperties":{"cnxtype":"SqlServer","connectionParameterized":"true","paramName":"DBConnection_SRC_SS","paramLabel":"","paramType-mapping":"Connection","logcnx":"DBConnection_SRC_SS","isSelectDistinct":"false","objectParameterized":"false","visible":"false","originalPath":"src_PMS_Master_Risk_Temp_SQL_Server"},"sourceConnectionId":"@5SoH9iOW3aub166UzfAmet","sourceObject":"DUMMY_src_PMS_Master_Risk_Temp_SQL_Server","newFlatFile":false,"newObject":false,"showBusinessNames":true,"naturalOrder":true,"truncateTarget":false,"bulkApiDBTarget":false,"customFuncCfg":{"@type":"customFuncConfig","id":-1,"connections":[],"inputMap":[],"outputFields":[]},"targetRefsV2":{},"targetUpdateColumns":[],"runtimeAttrs":{},"isRESTModernSource":true,"customQuery":"SELECT * FROM pms_master_risk_temp WHERE CAST(last_upd_dt AS DATE) > dateadd(day,-1,'$$m_last_run_date')","isFileList":false,"handleSpecialChars":false,"handleDecimalRoundOff":false,"frsAsset":false,"dynamicFileName":false,"excludeDynamicFileNameField":false,"currentlyProcessedFileName":false,"retainFieldMetadata":false,"objectName":"DUMMY_src_PMS_Master_Risk_Temp_SQL_Server","useExactSrcNames":false,"fetchMode":"ORIGINAL","tgtObjectAttributes":{},"runtimeParameterData":{"@type":"mtTaskRuntimeParameterData","isConnectionRuntimeParameter":true,"isObjectRuntimeParameter":false,"connectionParameterName":"DBConnection_SRC_SS"},"overridableProperties":[],"overriddenFields":[]},{"@type":"mtTaskParameter","id":83448959,"name":"$src_SQL_SERVER_DEL$","type":"SOURCE","label":"DBConnection_SRC_SS","description":"","uiProperties":{"cnxtype":"SqlServer","connectionParameterized":"true","paramName":"DBConnection_SRC_SS","paramLabel":"","paramType-mapping":"Connection","logcnx":"DBConnection_SRC_SS","isSelectDistinct":"false","objectParameterized":"false","visible":"false","originalPath":"src_SQL_SERVER_DEL"},"sourceConnectionId":"@5SoH9iOW3aub166UzfAmet","sourceObject":"DUMMY_src_SQL_SERVER_DEL","newFlatFile":false,"newObject":false,"showBusinessNames":true,"naturalOrder":true,"truncateTarget":false,"bulkApiDBTarget":false,"customFuncCfg":{"@type":"customFuncConfig","id":-1,"connections":[],"inputMap":[],"outputFields":[]},"targetRefsV2":{},"targetUpdateColumns":[],"runtimeAttrs":{},"isRESTModernSource":true,"customQuery":"SELECT DISTINCT\n            lkp_policy_key.policy_key\n            FROM dbo.import_homeowners_rating_17\n            LEFT OUTER JOIN dbo.lkp_policy_key\n                ON import_homeowners_rating_17.policy_number = lkp_policy_key.policy_number AND import_homeowners_rating_17.policy_symbol = lkp_policy_key.policy_symbol AND import_homeowners_rating_17.module_number = lkp_policy_key.module_number AND import_homeowners_rating_17.company_number = lkp_policy_key.company_number\n        UNION\n        SELECT DISTINCT\n            lkp_policy_key.policy_key\n            FROM dbo.import_fire_rating_14\n            LEFT OUTER JOIN dbo.lkp_policy_key\n                ON import_fire_rating_14.policy_number = lkp_policy_key.policy_number AND import_fire_rating_14.policy_symbol = lkp_policy_key.policy_symbol AND import_fire_rating_14.module_number = lkp_policy_key.module_number AND import_fire_rating_14.company_number = lkp_policy_key.company_number\n        UNION\n        SELECT DISTINCT\n            lkp_policy_key.policy_key\n            FROM dbo.import_bop_rating_10\n            LEFT OUTER JOIN dbo.lkp_policy_key\n                ON import_bop_rating_10.policy_number = lkp_policy_key.policy_number AND import_bop_rating_10.policy_symbol = lkp_policy_key.policy_symbol AND import_bop_rating_10.module_number = lkp_policy_key.module_number AND import_bop_rating_10.company_number = lkp_policy_key.company_number","isFileList":false,"handleSpecialChars":false,"handleDecimalRoundOff":false,"frsAsset":false,"dynamicFileName":false,"excludeDynamicFileNameField":false,"currentlyProcessedFileName":false,"retainFieldMetadata":false,"objectName":"DUMMY_src_SQL_SERVER_DEL","useExactSrcNames":false,"fetchMode":"ORIGINAL","tgtObjectAttributes":{},"runtimeParameterData":{"@type":"mtTaskRuntimeParameterData","isConnectionRuntimeParameter":true,"isObjectRuntimeParameter":false,"connectionParameterName":"DBConnection_SRC_SS"},"overridableProperties":[],"overriddenFields":[]},{"@type":"mtTaskParameter","id":83448960,"name":"$tgt_PMS_Master_Risk_Temp_DEL_Redshift$","type":"TARGET","label":"DBConnection_TGT","description":"","uiProperties":{"cnxtype":"Amazon Redshift v2","connectionParameterized":"true","paramName":"DBConnection_TGT","paramLabel":"","paramType-mapping":"Connection","logcnx":"DBConnection_TGT","default":"dbo/pms_master_risk_temp","objectParameterized":"false","visible":"false","defaultTargetUpdateColumns":"policy_key","supportApplyDDLChanges":"false","originalPath":"tgt_PMS_Master_Risk_Temp_DEL_Redshift"},"targetConnectionId":"@aYZ4ekzHgIPeKpiaoqDLKP","targetObject":"dbo/pms_master_risk_temp","targetObjectLabel":"pms_master_risk_temp","newFlatFile":false,"newObject":false,"showBusinessNames":true,"naturalOrder":true,"truncateTarget":false,"bulkApiDBTarget":false,"operationType":"Delete","customFuncCfg":{"@type":"customFuncConfig","id":-1,"connections":[],"inputMap":[],"outputFields":[]},"targetRefsV2":{},"targetUpdateColumns":["policy_key"],"extendedObject":{"@type":"extendedObject","singleMode":true,"filters":[],"sortFields":[]},"runtimeAttrs":{},"isRESTModernSource":true,"isFileList":false,"handleSpecialChars":false,"handleDecimalRoundOff":false,"frsAsset":false,"dynamicFileName":false,"excludeDynamicFileNameField":false,"currentlyProcessedFileName":false,"retainFieldMetadata":false,"objectName":"dbo/pms_master_risk_temp","objectLabel":"pms_master_risk_temp","useExactSrcNames":false,"fetchMode":"ORIGINAL","tgtObjectAttributes":{},"runtimeParameterData":{"@type":"mtTaskRuntimeParameterData","isConnectionRuntimeParameter":true,"isObjectRuntimeParameter":false,"connectionParameterName":"DBConnection_TGT"},"overridableProperties":[],"overriddenFields":[]},{"@type":"mtTaskParameter","id":83448961,"name":"$tgt_PMS_Master_Risk_Temp_INS_Redshift$","type":"TARGET","label":"DBConnection_TGT","description":"","uiProperties":{"cnxtype":"Amazon Redshift v2","connectionParameterized":"true","paramName":"DBConnection_TGT","paramLabel":"","paramType-mapping":"Connection","logcnx":"DBConnection_TGT","default":"dbo/pms_master_risk_temp","objectParameterized":"false","visible":"false","defaultTargetUpdateColumns":"","supportApplyDDLChanges":"false","originalPath":"tgt_PMS_Master_Risk_Temp_INS_Redshift"},"targetConnectionId":"@aYZ4ekzHgIPeKpiaoqDLKP","targetObject":"dbo/pms_master_risk_temp","targetObjectLabel":"pms_master_risk_temp","newFlatFile":false,"newObject":false,"showBusinessNames":true,"naturalOrder":true,"truncateTarget":false,"bulkApiDBTarget":false,"operationType":"Insert","customFuncCfg":{"@type":"customFuncConfig","id":-1,"connections":[],"inputMap":[],"outputFields":[]},"targetRefsV2":{},"targetUpdateColumns":[],"extendedObject":{"@type":"extendedObject","singleMode":true,"filters":[],"sortFields":[]},"runtimeAttrs":{},"isRESTModernSource":true,"isFileList":false,"handleSpecialChars":false,"handleDecimalRoundOff":false,"frsAsset":false,"dynamicFileName":false,"excludeDynamicFileNameField":false,"currentlyProcessedFileName":false,"retainFieldMetadata":false,"objectName":"dbo/pms_master_risk_temp","objectLabel":"pms_master_risk_temp","useExactSrcNames":false,"fetchMode":"ORIGINAL","tgtObjectAttributes":{},"runtimeParameterData":{"@type":"mtTaskRuntimeParameterData","isConnectionRuntimeParameter":true,"isObjectRuntimeParameter":false,"connectionParameterName":"DBConnection_TGT"},"overridableProperties":[],"overriddenFields":[]}],"sequences":[],"inOutParameters":[{"@type":"mtTaskInOutParameter","id":"-1","name":"m_last_run_date","description":"","initialValue":"2023-10-01","datatype":"STRING","precision":"30","scale":"0","retentionPolicy":"NEVER","aggregationType":"MAX","currentValue":"2023-10-01"}],"connRuntimeAttrs":[]}]