[{"@type":"mappingTemplate","id":"@1","name":"cdi_map_adm_address_guidewire_bronze_update_hard_deletes","description":"","autoExpireObject":false,"bundleVersion":"0","assetFrsGuid":"eTLE71lJzikiNwSuYusVsf","templateId":"@3","deployTime":1762265587000,"hasParameters":true,"valid":true,"fixedConnection":false,"hasParametersDeployed":true,"fixedConnectionDeployed":false,"isSchemaValidationEnabled":false,"tasks":1,"mappingPreviewFileRecordId":"@2","documentType":"MAPPING","allowMaxFieldLength":false,"specialCharacterSupport":false,"references":[]}]