[{"@type":"mappingTemplate","id":"@1","name":"cdi_map_uw_silver_uw_dashboard_policy_risk_ld","description":"","autoExpireObject":false,"bundleVersion":"0","assetFrsGuid":"ewftoTTEbUJcd7y3hWX3K3","templateId":"@3","deployTime":1748465228000,"hasParameters":true,"valid":true,"fixedConnection":false,"hasParametersDeployed":true,"fixedConnectionDeployed":false,"isSchemaValidationEnabled":false,"tasks":1,"mappingPreviewFileRecordId":"@2","documentType":"MAPPING","allowMaxFieldLength":false,"references":[]}]