[{"@type":"mappingTemplate","id":"@1","name":"m_update_src_file","description":"","autoExpireObject":false,"bundleVersion":"0","assetFrsGuid":"guEuqAHXPkncCNANZX5PUG","templateId":"@3","deployTime":1768841828000,"hasParameters":true,"valid":true,"fixedConnection":false,"hasParametersDeployed":true,"fixedConnectionDeployed":false,"isSchemaValidationEnabled":false,"tasks":1,"mappingPreviewFileRecordId":"@2","documentType":"MAPPING","allowMaxFieldLength":false,"specialCharacterSupport":false,"references":[]}]