[{"@type":"mtTask","id":"@1","name":"s_m_Load_Claimstats_to_Claimstats_stg_Ld","description":"Session pushed from PC to ICS : s_m_Load_Claimstats_to_Claimstats_stg_Ld","runtimeEnvironmentId":"@3pADNCV9u0PcgrXjM7rx0t","maxLogs":10,"verbose":false,"lastRunTime":1712603446000,"mappingId":"@5i4LNP89PIMlS0Cqlggbkq","frsGuid":"a8gr1AIovn7ggWRGljtvgv","shortDescription":"Session pushed from PC to ICS : s_m_Load_Claimstat...","sessionPropertiesList":[{"name":"Allow Temporary Sequence for Pushdown","value":"NO","recommended":false},{"name":"Allow Temporary View for Pushdown","value":"NO","recommended":false},{"name":"Data Column Delimiter","value":"|","recommended":false},{"name":"Error Log File Name","value":"PMError.log","recommended":false},{"name":"Pushdown Optimization","value":"None","recommended":false},{"name":"Pushdown Optimization Context","value":"None","recommended":false},{"name":"Pushdown Optimization Fallback Option","value":"Partial PDO","recommended":false}],"hidden":false,"enableCrossSchemaPushdown":false,"enableParallelRun":false,"autoTunedApplied":false,"autoTunedAppliedType":"NONE","parameterFileName":"Andover_Param_GW.param","parameterFileDir":"$PMRootDir/andover/parameters","paramFileType":"PARAM_FILE_LOCAL","schemaMode":"async","valid":true,"schemaValidationErrorCount":-1,"serverlessProperties":{},"taskProperties":[{"@type":"taskProperty","name":"parameterFileDir","currentValue":"$PMRootDir/andover/parameters","type":"STRING","label":"label.parameterFileDir","required":false},{"@type":"taskProperty","name":"parameterFileName","currentValue":"Andover_Param_GW.param","type":"STRING","label":"label.parameterFileName","required":false}],"jobPriority":"MEDIUM","optimizationPlan":"NONE","isMidstreamPreview":false,"parameters":[{"@type":"mtTaskParameter","id":82038800,"name":"$Src_claimstats$","type":"SOURCE","label":"DBConnection_SRCM","description":"","uiProperties":{"cnxtype":"MySQL","connectionParameterized":"true","paramName":"DBConnection_SRCM","paramLabel":"","paramType-mapping":"Connection","logcnx":"DBConnection_SRCM","isSelectDistinct":"false","objectParameterized":"false","visible":"false","originalPath":"Src_claimstats"},"sourceConnectionId":"@jPo49nVatmzbSnPefVZwCV","sourceObject":"DUMMY_Src_claimstats","newFlatFile":false,"newObject":false,"showBusinessNames":true,"naturalOrder":true,"truncateTarget":false,"bulkApiDBTarget":false,"customFuncCfg":{"@type":"customFuncConfig","id":-1,"connections":[],"inputMap":[],"outputFields":[]},"targetRefsV2":{},"targetUpdateColumns":[],"runtimeAttrs":{"Sql Override":"SELECT claimstats.SystemId, claimstats.id, claimstats.StatSequence, claimstats.StatSequenceReplace, claimstats.CombinedKey, claimstats.PolicyNumber, claimstats.PolicyVersion, claimstats.PolicyRef, claimstats.LineCd, claimstats.RiskCd, claimstats.CoverageCd, claimstats.CoverageItemCd, claimstats.PolicyLimit, claimstats.PolicyDeductible, claimstats.Limit, claimstats.Deductible, claimstats.LimitDescription, claimstats.DeductibleDescription, claimstats.CarrierCd, claimstats.CarrierGroupCd, claimstats.ClaimNumber, claimstats.ClaimRef, claimstats.ClaimantCd, claimstats.FeatureCd, claimstats.FeatureSubCd, claimstats.FeatureTypeCd, claimstats.ItemNumber, claimstats.ReserveCd, claimstats.ReserveTypeCd, claimstats.TransactionCd, claimstats.TransactionNumber, claimstats.ClaimantTransactionCd, claimstats.ClaimantTransactionNumber, claimstats.ClaimantTransactionIdRef, claimstats.EffectiveDt, claimstats.ExpirationDt, claimstats.AddDt, claimstats.BookDt, claimstats.PolicyYear, claimstats.LossYear, claimstats.StateCd, claimstats.AnnualStatementLineCd, claimstats.ProducerProviderCd, claimstats.ProducerProviderRef, claimstats.InsuranceTypeCd, claimstats.ReserveChangeAmt, claimstats.ExpectedRecoveryChangeAmt, claimstats.PaidAmt, claimstats.PostedRecoveryAmt, claimstats.AdjusterProviderCd, claimstats.AdjusterProviderRef, claimstats.ExaminerProviderCd, claimstats.ExaminerProviderRef, claimstats.BranchCd, claimstats.PayToName, claimstats.PaymentAccountCd, claimstats.StartDt, claimstats.EndDt, claimstats.StatusCd, claimstats.RateAreaName, claimstats.StatData, claimstats.ClaimStatusCd, claimstats.ClaimantStatusCd, claimstats.FeatureStatusCd, claimstats.ReserveStatusCd, claimstats.LossDt, claimstats.ReportDt, claimstats.ClaimStatusChgInd, claimstats.ClaimantStatusChgInd, claimstats.FeatureStatusChgInd, claimstats.ReserveStatusChgInd, claimstats.SummaryKey, claimstats.ProductVersionIdRef, claimstats.LossCauseCd, claimstats.SubLossCauseCd, claimstats.ProductName, claimstats.PolicyProductVersionIdRef, claimstats.PolicyProductName, claimstats.PolicyTypeCd, claimstats.PolicyGroupCd, claimstats.ReversalStopInd, claimstats.CustomerRef, claimstats.AggregateLimit, claimstats.AggregateLimitDescription, claimstats.CheckDt, claimstats.CheckNumber, claimstats.CheckAmt, claimstats.CatastropheRef, claimstats.CatastropheNumber, claimstats.PropertyDamagedIdRef, claimstats.PropertyDamagedNumber, claimstats.RecordOnly, claimstats.FileReasonCd, claimstats.SystemCheckReference, claimstats.ClaimantLinkIdRef, claimstats.ServicePeriodStartDt, claimstats.ServicePeriodEndDt, claimstats.HistoricReserveAmt, claimstats.HistoricExpectedRecoveryAmt, claimstats.HistoricPaidAmt, claimstats.HistoricPostedRecoveryAmt, claimstats.ReasonCd, claimstats.DenyTypeCd, claimstats.DenyReasonCd, claimstats.NotToRepairInd, claimstats.ClaimantMaritalStatusCd, claimstats.ClaimantNumberOfDependents, claimstats.ClaimantNatureCd, claimstats.ClaimantBodyPartGeneralCd, claimstats.ClaimantBodyPartSpecificCd, claimstats.ClaimantBodyPartIAIABCCd, claimstats.ClaimantInitialTreatment, claimstats.ClaimantDisabilityTypeCd, claimstats.ClaimantClassCd, claimstats.ClaimantEmploymentStatusCd, claimstats.ClaimantShiftCd, claimstats.ClaimantHourlySalaryCd, claimstats.ClaimantAverageWeeklyWagesAmt, claimstats.ClaimantHireDt, claimstats.ClaimantLastWorkedDt, claimstats.ShortDesc, claimstats.City, claimstats.State, claimstats.FPLiabilityPer, claimstats.InsuredName, claimstats.ZipCd, claimstats.CoverageDesc, claimstats.PayToVendor, claimstats.ConversionGrp, claimstats.CoverageTriggerCd, claimstats.AwarenessDt, claimstats.MajorPerilCd, claimstats.VariableCd1, claimstats.VariableCd2, claimstats.SubLineCd, claimstats.ClaimantIdRef, claimstats.SuitStatus, claimstats.TaxId, claimstats.NumericTransactionCd, claimstats.NumericSummaryTransactionCd, claimstats.StatLineCd, claimstats.ISOCode, claimstats.ClassificationCd, claimstats.ConstructionCd, claimstats.YearBuilt, claimstats.TerritoryCd, claimstats.SprinklerCd, claimstats.ProtectionClass, claimstats.ClassCd, claimstats.CompanyNumber, claimstats.CompProgExInd, claimstats.UnderlyingPersonalLiability, claimstats.UmbEndorsementInd, claimstats.UmbPersLiabInd, claimstats.UmbAutoPolicyInd, claimstats.UmbRiskProfileInd, claimstats.NoPaymentReason, claimstats.OtherNoPaymentReason, claimstats.UpdateTimestamp \nFROM\n claimstats","Pre SQL":"","Post SQL":"","Schema Name":""},"isRESTModernSource":true,"customQuery":"SELECT claimstats.SystemId, claimstats.id, claimstats.StatSequence, claimstats.StatSequenceReplace, claimstats.CombinedKey, claimstats.PolicyNumber, claimstats.PolicyVersion, claimstats.PolicyRef, claimstats.LineCd, claimstats.RiskCd, claimstats.CoverageCd, claimstats.CoverageItemCd, claimstats.PolicyLimit, claimstats.PolicyDeductible, claimstats.Limit, claimstats.Deductible, claimstats.LimitDescription, claimstats.DeductibleDescription, claimstats.CarrierCd, claimstats.CarrierGroupCd, claimstats.ClaimNumber, claimstats.ClaimRef, claimstats.ClaimantCd, claimstats.FeatureCd, claimstats.FeatureSubCd, claimstats.FeatureTypeCd, claimstats.ItemNumber, claimstats.ReserveCd, claimstats.ReserveTypeCd, claimstats.TransactionCd, claimstats.TransactionNumber, claimstats.ClaimantTransactionCd, claimstats.ClaimantTransactionNumber, claimstats.ClaimantTransactionIdRef, claimstats.EffectiveDt, claimstats.ExpirationDt, claimstats.AddDt, claimstats.BookDt, claimstats.PolicyYear, claimstats.LossYear, claimstats.StateCd, claimstats.AnnualStatementLineCd, claimstats.ProducerProviderCd, claimstats.ProducerProviderRef, claimstats.InsuranceTypeCd, claimstats.ReserveChangeAmt, claimstats.ExpectedRecoveryChangeAmt, claimstats.PaidAmt, claimstats.PostedRecoveryAmt, claimstats.AdjusterProviderCd, claimstats.AdjusterProviderRef, claimstats.ExaminerProviderCd, claimstats.ExaminerProviderRef, claimstats.BranchCd, claimstats.PayToName, claimstats.PaymentAccountCd, claimstats.StartDt, claimstats.EndDt, claimstats.StatusCd, claimstats.RateAreaName, claimstats.StatData, claimstats.ClaimStatusCd, claimstats.ClaimantStatusCd, claimstats.FeatureStatusCd, claimstats.ReserveStatusCd, claimstats.LossDt, claimstats.ReportDt, claimstats.ClaimStatusChgInd, claimstats.ClaimantStatusChgInd, claimstats.FeatureStatusChgInd, claimstats.ReserveStatusChgInd, claimstats.SummaryKey, claimstats.ProductVersionIdRef, claimstats.LossCauseCd, claimstats.SubLossCauseCd, claimstats.ProductName, claimstats.PolicyProductVersionIdRef, claimstats.PolicyProductName, claimstats.PolicyTypeCd, claimstats.PolicyGroupCd, claimstats.ReversalStopInd, claimstats.CustomerRef, claimstats.AggregateLimit, claimstats.AggregateLimitDescription, claimstats.CheckDt, claimstats.CheckNumber, claimstats.CheckAmt, claimstats.CatastropheRef, claimstats.CatastropheNumber, claimstats.PropertyDamagedIdRef, claimstats.PropertyDamagedNumber, claimstats.RecordOnly, claimstats.FileReasonCd, claimstats.SystemCheckReference, claimstats.ClaimantLinkIdRef, claimstats.ServicePeriodStartDt, claimstats.ServicePeriodEndDt, claimstats.HistoricReserveAmt, claimstats.HistoricExpectedRecoveryAmt, claimstats.HistoricPaidAmt, claimstats.HistoricPostedRecoveryAmt, claimstats.ReasonCd, claimstats.DenyTypeCd, claimstats.DenyReasonCd, claimstats.NotToRepairInd, claimstats.ClaimantMaritalStatusCd, claimstats.ClaimantNumberOfDependents, claimstats.ClaimantNatureCd, claimstats.ClaimantBodyPartGeneralCd, claimstats.ClaimantBodyPartSpecificCd, claimstats.ClaimantBodyPartIAIABCCd, claimstats.ClaimantInitialTreatment, claimstats.ClaimantDisabilityTypeCd, claimstats.ClaimantClassCd, claimstats.ClaimantEmploymentStatusCd, claimstats.ClaimantShiftCd, claimstats.ClaimantHourlySalaryCd, claimstats.ClaimantAverageWeeklyWagesAmt, claimstats.ClaimantHireDt, claimstats.ClaimantLastWorkedDt, claimstats.ShortDesc, claimstats.City, claimstats.State, claimstats.FPLiabilityPer, claimstats.InsuredName, claimstats.ZipCd, claimstats.CoverageDesc, claimstats.PayToVendor, claimstats.ConversionGrp, claimstats.CoverageTriggerCd, claimstats.AwarenessDt, claimstats.MajorPerilCd, claimstats.VariableCd1, claimstats.VariableCd2, claimstats.SubLineCd, claimstats.ClaimantIdRef, claimstats.SuitStatus, claimstats.TaxId, claimstats.NumericTransactionCd, claimstats.NumericSummaryTransactionCd, claimstats.StatLineCd, claimstats.ISOCode, claimstats.ClassificationCd, claimstats.ConstructionCd, claimstats.YearBuilt, claimstats.TerritoryCd, claimstats.SprinklerCd, claimstats.ProtectionClass, claimstats.ClassCd, claimstats.CompanyNumber, claimstats.CompProgExInd, claimstats.UnderlyingPersonalLiability, claimstats.UmbEndorsementInd, claimstats.UmbPersLiabInd, claimstats.UmbAutoPolicyInd, claimstats.UmbRiskProfileInd, claimstats.NoPaymentReason, claimstats.OtherNoPaymentReason, claimstats.UpdateTimestamp \nFROM\n claimstats \n where bookdt >= '$$m_StrtDt' and bookdt < '$$m_EndDt'\n ##also get updated records\n or (updatetimestamp >= '$$m_StrtDt' and updatetimestamp < '$$m_EndDt' and updatetimestamp > bookdt)\n or (checkdt >= updatetimestamp)","isFileList":false,"handleSpecialChars":false,"handleDecimalRoundOff":false,"frsAsset":false,"dynamicFileName":false,"excludeDynamicFileNameField":false,"currentlyProcessedFileName":false,"retainFieldMetadata":false,"objectName":"DUMMY_Src_claimstats","useExactSrcNames":false,"tgtObjectAttributes":{},"runtimeParameterData":{"@type":"mtTaskRuntimeParameterData","isConnectionRuntimeParameter":true,"isObjectRuntimeParameter":false,"connectionParameterName":"DBConnection_SRCM"},"overridableProperties":[],"overriddenFields":[]},{"@type":"mtTaskParameter","id":82038801,"name":"$Tgt_Claimstats_Stg$","type":"TARGET","label":"DBConnection_TGT","description":"","uiProperties":{"cnxtype":"Amazon Redshift v2","connectionParameterized":"true","paramName":"DBConnection_TGT","paramLabel":"","paramType-mapping":"Connection","logcnx":"DBConnection_TGT","default":"dbo/claimstats_stg","objectParameterized":"false","visible":"false","defaultTargetUpdateColumns":"","supportApplyDDLChanges":"false","originalPath":"Tgt_Claimstats_Stg"},"targetConnectionId":"@aYZ4ekzHgIPeKpiaoqDLKP","targetObject":"dbo/claimstats_stg","targetObjectLabel":"claimstats_stg","newFlatFile":false,"newObject":false,"showBusinessNames":true,"naturalOrder":true,"truncateTarget":false,"bulkApiDBTarget":false,"operationType":"Insert","customFuncCfg":{"@type":"customFuncConfig","id":-1,"connections":[],"inputMap":[],"outputFields":[]},"targetRefsV2":{},"targetUpdateColumns":[],"extendedObject":{"@type":"extendedObject","singleMode":true,"filters":[],"sortFields":[]},"runtimeAttrs":{"Temporary Credential Duration":"7200"},"oprRuntimeAttrs":{"temporaryCredentialDuration":"7200"},"isRESTModernSource":true,"isFileList":false,"handleSpecialChars":false,"handleDecimalRoundOff":false,"frsAsset":false,"dynamicFileName":false,"excludeDynamicFileNameField":false,"currentlyProcessedFileName":false,"retainFieldMetadata":false,"objectName":"dbo/claimstats_stg","objectLabel":"claimstats_stg","useExactSrcNames":false,"tgtObjectAttributes":{"parent":""},"runtimeParameterData":{"@type":"mtTaskRuntimeParameterData","isConnectionRuntimeParameter":true,"isObjectRuntimeParameter":false,"connectionParameterName":"DBConnection_TGT"},"overridableProperties":[],"overriddenFields":[]}],"sequences":[],"inOutParameters":[{"@type":"mtTaskInOutParameter","id":"-1","name":"m_StrtDt","description":"","initialValue":"","datatype":"STRING","precision":"120","scale":"0","retentionPolicy":"NEVER","aggregationType":"MAX","currentValue":""},{"@type":"mtTaskInOutParameter","id":"-1","name":"m_EndDt","description":"","initialValue":"","datatype":"STRING","precision":"120","scale":"0","retentionPolicy":"NEVER","aggregationType":"MAX","currentValue":""}],"connRuntimeAttrs":[]}]