[{"@type":"mappingTemplate","id":"@1","name":"cdi_map_batch_load","description":"","autoExpireObject":false,"bundleVersion":"0","assetFrsGuid":"5QkczdxvZAGfWHDnTOtIE0","templateId":"@3","deployTime":1749009901000,"hasParameters":false,"valid":true,"fixedConnection":true,"hasParametersDeployed":false,"fixedConnectionDeployed":true,"isSchemaValidationEnabled":false,"tasks":1,"mappingPreviewFileRecordId":"@2","documentType":"MAPPING","allowMaxFieldLength":false,"references":[{"@type":"reference","refObjectId":"@aYZ4ekzHgIPeKpiaoqDLKP","refType":"connection"}]}]