[{"@type":"mappingTemplate","id":"@1","name":"cdi_map_uw_silver_uw_dashboard_customer_details_ld","description":"","autoExpireObject":false,"bundleVersion":"0","assetFrsGuid":"fgtL1FDQUS2bAfKgn411Ab","templateId":"@3","deployTime":1742229428000,"hasParameters":true,"valid":true,"fixedConnection":false,"hasParametersDeployed":true,"fixedConnectionDeployed":false,"isSchemaValidationEnabled":false,"tasks":0,"mappingPreviewFileRecordId":"@2","documentType":"MAPPING","allowMaxFieldLength":false,"specialCharacterSupport":false,"references":[]}]