[{"@type":"mappingTemplate","id":"@1","name":"m_dq_dim_risk_v1","description":"Mapping with completely parameterized sources, but a hardcoded data quality table.","bundleVersion":"0","templateId":"@3","deployTime":1699647137000,"hasParameters":true,"valid":true,"fixedConnection":true,"hasParametersDeployed":true,"fixedConnectionDeployed":true,"isSchemaValidationEnabled":false,"tasks":0,"mappingPreviewFileRecordId":"@2","documentType":"MAPPING","references":[{"@type":"reference","refObjectId":"@dqHTiQhJYWolYaNB9bUmKf","refType":"connection"}]}]