[{"@type":"mappletTemplate","id":"@1","name":"mplt_Verhoeff_Algorithm","description":"Validates the check digit of a number according to the Verhoeff Algorithm. Returns valid if the check digit (the final digit of the input) is correct. Returns invalid for incorrect check digits and for all non-numeric input.","autoExpireObject":false,"documentType":"DMAPPLET","valid":true,"validForEngines":["CDI"],"active":false,"hasFixedReferences":false,"templateId":"@2","templateImageId":"@3","references":[]}]