[{"@type":"mappingTemplate","id":"@1","name":"cdi_map_acx_data_report_ea_metal_load","description":"This job reads data from ACX Guidewire DB and loads it into the Metal staging tables. It follows a one-to-one mapping with no transformations.","autoExpireObject":false,"bundleVersion":"0","assetFrsGuid":"75DF2p4874VhB4Y9NuUeaV","templateId":"@3","deployTime":1758309168000,"hasParameters":true,"valid":true,"fixedConnection":false,"hasParametersDeployed":true,"fixedConnectionDeployed":false,"isSchemaValidationEnabled":false,"tasks":2,"mappingPreviewFileRecordId":"@2","documentType":"MAPPING","allowMaxFieldLength":false,"specialCharacterSupport":false,"references":[]}]