[{"@type":"mtTask","id":"@1","name":"s_m_load_Quoteinfo_to_quoteStg","description":"Session pushed from PC to ICS : s_m_load_Quoteinfo_to_quoteStg","runtimeEnvironmentId":"@3pADNCV9u0PcgrXjM7rx0t","maxLogs":10,"verbose":false,"lastRunTime":1714674134000,"mappingId":"@6RRoADVJAkFboaMjaJ1XOy","frsGuid":"06PO1SG4ZJwhQxPRvcQAoD","shortDescription":"Session pushed from PC to ICS : s_m_load_Quoteinfo...","sessionPropertiesList":[{"name":"Allow Temporary Sequence for Pushdown","value":"NO","recommended":false},{"name":"Allow Temporary View for Pushdown","value":"NO","recommended":false},{"name":"Commit Interval","value":"10000","recommended":false},{"name":"Commit On End Of File","value":"YES","recommended":false},{"name":"Commit Type","value":"Target","recommended":false},{"name":"Data Column Delimiter","value":"|","recommended":false},{"name":"Error Log File Name","value":"PMError.log","recommended":false},{"name":"Pushdown Optimization","value":"None","recommended":false},{"name":"Pushdown Optimization Context","value":"None","recommended":false},{"name":"Pushdown Optimization Fallback Option","value":"Partial PDO","recommended":false},{"name":"Treat source rows as","value":"Insert","recommended":false}],"hidden":false,"enableCrossSchemaPushdown":false,"enableParallelRun":false,"autoTunedApplied":false,"autoTunedAppliedType":"NONE","parameterFileName":"Andover_Param_GW.param","parameterFileDir":"$PMRootDir/andover/parameters","paramFileType":"PARAM_FILE_LOCAL","schemaMode":"async","valid":true,"schemaValidationErrorCount":-1,"serverlessProperties":{},"taskProperties":[{"@type":"taskProperty","name":"parameterFileDir","currentValue":"$PMRootDir/andover/parameters","type":"STRING","label":"label.parameterFileDir","required":false},{"@type":"taskProperty","name":"parameterFileName","currentValue":"Andover_Param_GW.param","type":"STRING","label":"label.parameterFileName","required":false},{"@type":"taskProperty","name":"outboundMessageUrlQueueTime","currentValue":"","type":"NUMBER","label":"label.outboundMessageUrlQueueTime","required":false},{"@type":"taskProperty","name":"outboundMessageUrlToken","currentValue":"","type":"STRING","label":"label.outboundMessageUrlToken","required":false}],"isMidstreamPreview":false,"parameters":[{"@type":"mtTaskParameter","id":82853433,"name":"$SQ_quoteinfo$","type":"SOURCE","label":"DBConnection_SRCM","description":"","uiProperties":{"cnxtype":"MySQL","connectionParameterized":"true","paramName":"DBConnection_SRCM","paramLabel":"","paramType-mapping":"Connection","logcnx":"DBConnection_SRCM","isSelectDistinct":"false","objectParameterized":"false","visible":"false","originalPath":"SQ_quoteinfo"},"sourceConnectionId":"@jPo49nVatmzbSnPefVZwCV","sourceObject":"DUMMY_SQ_quoteinfo","newFlatFile":false,"newObject":false,"showBusinessNames":true,"naturalOrder":true,"truncateTarget":false,"bulkApiDBTarget":false,"customFuncCfg":{"@type":"customFuncConfig","id":-1,"connections":[],"inputMap":[],"outputFields":[]},"targetRefsV2":{},"targetUpdateColumns":[],"runtimeAttrs":{},"isRESTModernSource":true,"customQuery":"SELECT distinct quoteinfo.UniqueId, quoteinfo.SystemId, quoteinfo.CMMContainer, quoteinfo.ApplicationNumber, quoteinfo.CustomerRef, quoteinfo.CustomerNumber, quoteinfo.Status, quoteinfo.TypeCd, quoteinfo.AddDt, quoteinfo.AddTm, quoteinfo.AddUser, quoteinfo.UpdateDt, quoteinfo.UpdateTm, quoteinfo.UpdateUser, quoteinfo.SubmittedDt, quoteinfo.FirstMailedDt, quoteinfo.LastMailedDt, quoteinfo.CloseReasonCd, quoteinfo.CloseSubReasonCd, quoteinfo.CloseSubReasonLabel, quoteinfo.CloseDt, quoteinfo.CloseTm, quoteinfo.CloseUser, quoteinfo.CloseComment, quoteinfo.Branch, quoteinfo.BusinessSourceCd, quoteinfo.CarrierCd, quoteinfo.CarrierGroupCd, quoteinfo.ChangeDt, quoteinfo.Comments, quoteinfo.CompanyProductCd, quoteinfo.ControllingStateCd, quoteinfo.EffectiveDt, quoteinfo.ExpirationDt, quoteinfo.FinalPremiumAmt, quoteinfo.FullTermAmt, quoteinfo.ExpiringPremiumAmt, quoteinfo.WrittenPremiumAmt, quoteinfo.InceptionDt, quoteinfo.PayPlanCd, quoteinfo.PolicyDisplayNumber, quoteinfo.PolicyRef, quoteinfo.PreviousCarrierCd, quoteinfo.PreviousExpirationDt, quoteinfo.PreviousPolicyNumber, quoteinfo.PreviousPremium, quoteinfo.ProductVersionIdRef, quoteinfo.ProviderRef, quoteinfo.ProviderCd, quoteinfo.SubProducerCd, quoteinfo.SubTypeCd, quoteinfo.TransactionCd, quoteinfo.TransactionCommissionAmt, quoteinfo.UnderwriterCd, quoteinfo.FullTermFeeAmt, quoteinfo.FinalFeeAmt, quoteinfo.ExpiringFeeAmt, quoteinfo.WrittenFeeAmt, quoteinfo.CommercialName, quoteinfo.PrimaryPhoneName, quoteinfo.PrimaryPhoneNumber, quoteinfo.SecondaryPhoneName, quoteinfo.SecondaryPhoneNumber, quoteinfo.FaxNumber, quoteinfo.EmailAddr, quoteinfo.MailingAddr1, quoteinfo.MailingAddr2, quoteinfo.MailingAddr3, quoteinfo.MailingAddr4, quoteinfo.MailingCity, quoteinfo.MailingStateProvCd, quoteinfo.MailingPostalCode, quoteinfo.MailingLatitude, quoteinfo.MailingLongitude, quoteinfo.MailingCounty, quoteinfo.MailingCountyCode, quoteinfo.MailingRegionCd, quoteinfo.MailingRegionISOCd \nFROM\n quoteinfo where quoteinfo.CMMContainer='Application' and quoteinfo.SystemId in (select SystemId from advrxxchangedbeans where CMMContainer='Application' AND \nconcat(adddt,addtm)>='$$M_StartDt' and concat(adddt,addtm) <='$$M_EndDt' )","isFileList":false,"handleSpecialChars":false,"handleDecimalRoundOff":false,"frsAsset":false,"dynamicFileName":false,"excludeDynamicFileNameField":false,"currentlyProcessedFileName":false,"retainFieldMetadata":false,"objectName":"DUMMY_SQ_quoteinfo","useExactSrcNames":false,"tgtObjectAttributes":{},"runtimeParameterData":{"@type":"mtTaskRuntimeParameterData","isConnectionRuntimeParameter":true,"isObjectRuntimeParameter":false,"connectionParameterName":"DBConnection_SRCM"},"overridableProperties":[],"overriddenFields":[]},{"@type":"mtTaskParameter","id":82853434,"name":"$Quoteinfo_Stg$","type":"TARGET","label":"DBConnection_TGT","description":"","uiProperties":{"cnxtype":"Amazon Redshift v2","connectionParameterized":"true","paramName":"DBConnection_TGT","paramLabel":"","paramType-mapping":"Connection","logcnx":"DBConnection_TGT","default":"dbo/quoteinfo_stg","objectParameterized":"false","visible":"false","defaultTargetUpdateColumns":"","supportApplyDDLChanges":"true","originalPath":"Quoteinfo_Stg"},"targetConnectionId":"@aYZ4ekzHgIPeKpiaoqDLKP","targetObject":"dbo/quoteinfo_stg","targetObjectLabel":"quoteinfo_stg","newFlatFile":false,"newObject":false,"showBusinessNames":true,"naturalOrder":true,"truncateTarget":false,"bulkApiDBTarget":false,"operationType":"Insert","customFuncCfg":{"@type":"customFuncConfig","id":-1,"connections":[],"inputMap":[],"outputFields":[]},"targetRefsV2":{},"targetUpdateColumns":[],"extendedObject":{"@type":"extendedObject","singleMode":true,"filters":[],"sortFields":[]},"runtimeAttrs":{"Recovery Schema Name":"","Transfer Manager Thread Pool Size":"10","Override Target Query":"","Post-Sql":"","Enable Compression":"YES","S3 Server Side Encryption":"NO","WaitTime In Seconds For S3 File Consistency":"0","Error File Directory":"","Preserve record order on write":"NO","Require Null Value For Char And Varchar":"","Temporary Credential Duration":"7200","Schema Name":"","Analyze Target Table":"NO","Truncate Target Table Before Data Upload":"YES","S3 Client Side Encryption":"NO","Minimum Upload Part Size":"5242880","Number of files per batch":"0","Vacuum Target Table":"None","Prefix To Retain For Staging Files On S3":"","S3 Bucket Name":"nonproddatawarehouseredshiftclust-staging12d1754e-1w9c6risqayrf","Staging Directory Location":"","Max Errors Per Batch Upload Insert":"1","Copy Options":"","Batch Size":"2000000","Treat Source Rows As":"INSERT","Target Table Name":"","Pre-SQL":"","Success File Directory":""},"oprRuntimeAttrs":{"ErrorFileDirectory":"","numberOfFilesPerBatch":"0","S3ServerSideEncryption":"NO","CopyOptionsPropertyFile":"","SuccessFileDirectory":"","StagingDirectoryLocation":"","schemaName":"","AnalyzeTargetTable":"NO","dataIntegritySupport":"NO","PrefixToRetainForStagingFilesOnS3":"","minUploadPartSize":"5242880","targetTableName":"","postSql":"","BatchSize":"2000000","EnableCompression":"YES","TreatSourceRowsAs":"INSERT","RequireNullValueForCharAndVarchar":"","overrideTargetQuery":"","temporaryCredentialDuration":"7200","TruncateTargetTableBeforeDataUpload":"YES","WaitTimeInSecondsForS3FileConsistency":"0","VacuumTargetTable":"None","MaxErrorsPerBatchUploadForInsert":"1","S3ClientSideEncryption":"NO","recoverySchemaName":"","S3BucketName":"nonproddatawarehouseredshiftclust-staging12d1754e-1w9c6risqayrf","txManagerThreadPoolSize":"10","preSql":""},"isRESTModernSource":true,"isFileList":false,"handleSpecialChars":false,"handleDecimalRoundOff":false,"frsAsset":false,"dynamicFileName":false,"excludeDynamicFileNameField":false,"currentlyProcessedFileName":false,"retainFieldMetadata":false,"objectName":"dbo/quoteinfo_stg","objectLabel":"quoteinfo_stg","useExactSrcNames":false,"tgtObjectAttributes":{},"targetSchemaMode":"DONT_APPLY_CHANGES","runtimeParameterData":{"@type":"mtTaskRuntimeParameterData","isConnectionRuntimeParameter":true,"isObjectRuntimeParameter":false,"connectionParameterName":"DBConnection_TGT"},"overridableProperties":[],"targetSchemaProviderType":"SELECTED_OBJECT","overriddenFields":[]}],"sequences":[],"inOutParameters":[{"@type":"mtTaskInOutParameter","id":"-1","name":"M_StartDt","description":"","initialValue":"","datatype":"STRING","precision":"120","scale":"0","retentionPolicy":"NEVER","aggregationType":"MAX","currentValue":""},{"@type":"mtTaskInOutParameter","id":"-1","name":"M_EndDt","description":"","initialValue":"","datatype":"STRING","precision":"120","scale":"0","retentionPolicy":"NEVER","aggregationType":"MAX","currentValue":""}],"connRuntimeAttrs":[]}]