[{"@type":"mtTask","id":"@1","name":"s_m_Addr_From_Addr_Stg","description":"Session pushed from PC to ICS : s_m_Addr_From_Addr_Stg","autoExpireObject":false,"runtimeEnvironmentId":"@2NZZ3Ll26eokZZRvQWlJuU","maxLogs":10,"verbose":false,"lastRunTime":1743088983000,"mappingId":"@4ny7vTxKDuqbwII5f9xu4j","frsGuid":"b6suDbZfxkwg1qTkCIKS03","shortDescription":"Session pushed from PC to ICS : s_m_Addr_From_Addr...","sessionPropertiesList":[{"name":"Allow Temporary Sequence for Pushdown","value":"NO","recommended":false},{"name":"Allow Temporary View for Pushdown","value":"NO","recommended":false},{"name":"Data Column Delimiter","value":"|","recommended":false},{"name":"Error Log File Name","value":"PMError.log","recommended":false},{"name":"Pushdown Optimization","value":"None","recommended":false},{"name":"Pushdown Optimization Context","value":"None","recommended":false},{"name":"Pushdown Optimization Fallback Option","value":"Partial PDO","recommended":false}],"hidden":false,"enableCrossSchemaPushdown":false,"enableParallelRun":false,"autoTunedApplied":false,"autoTunedAppliedType":"NONE","parameterFileName":"Andover_Param_GW.param","parameterFileDir":"$PMRootDir/andover/parameters","paramFileType":"PARAM_FILE_LOCAL","schemaMode":"async","valid":true,"schemaValidationErrorCount":-1,"serverlessProperties":{},"taskProperties":[{"@type":"taskProperty","name":"parameterFileDir","currentValue":"$PMRootDir/andover/parameters","type":"STRING","label":"label.parameterFileDir","required":false},{"@type":"taskProperty","name":"parameterFileName","currentValue":"Andover_Param_GW.param","type":"STRING","label":"label.parameterFileName","required":false},{"@type":"taskProperty","name":"outboundMessageUrlQueueTime","currentValue":"","type":"NUMBER","label":"label.outboundMessageUrlQueueTime","required":false},{"@type":"taskProperty","name":"outboundMessageUrlToken","currentValue":"","type":"STRING","label":"label.outboundMessageUrlToken","required":false}],"jobPriority":"MEDIUM","optimizationPlan":"NONE","isMidstreamPreview":false,"allowMaxFieldLength":false,"specialCharacterSupport":false,"useUserDefinedOrder":false,"parameters":[{"@type":"mtTaskParameter","id":130705655,"name":"$Src_addr$","type":"SOURCE","label":"DBConnection_SRCM","description":"","uiProperties":{"cnxtype":"MySQL","connectionParameterized":"true","paramName":"DBConnection_SRCM","paramLabel":"","paramType-mapping":"Connection","logcnx":"DBConnection_SRCM","isSelectDistinct":"false","objectParameterized":"false","visible":"false","originalPath":"Src_addr"},"sourceConnectionId":"@i1JiY7Baf6KgACbcZqsPgb","sourceObject":"DUMMY_Src_addr","newFlatFile":false,"newObject":false,"showBusinessNames":true,"naturalOrder":true,"truncateTarget":false,"bulkApiDBTarget":false,"customFuncCfg":{"@type":"customFuncConfig","id":-1,"connections":[],"inputMap":[],"outputFields":[]},"targetRefsV2":{},"targetUpdateColumns":[],"fieldOrderList":[],"runtimeAttrs":{"Sql Override":"select\n\taddr.SystemId,\n\taddr.ParentId,\n\taddr.CMMContainer,\n\taddr.Id,\n\taddr.AddrTypeCd,\n\taddr.Addr1,\n\taddr.Addr2,\n\taddr.Addr3,\n\taddr.Addr4,\n\taddr.City,\n\taddr.StateProvCd,\n\taddr.PostalCode,\n\taddr.County,\n\taddr.RegionCd,\n\taddr.RegionISOCd,\n\taddr.PreDirectional,\n\taddr.PrimaryNumber,\n\taddr.StreetName,\n\taddr.Suffix,\n\taddr.PostDirectional,\n\taddr.SecondaryDesignator,\n\taddr.SecondaryNumber,\n\taddr.VerificationMsg,\n\taddr.VerificationHash,\n\taddr.Latitude,\n\taddr.Longitude,\n\taddr.Score,\n\taddr.PrimaryNumberSuffix,\n\taddr.DPV,\n\taddr.DPVDesc,\n\taddr.DPVNotes,\n\taddr.DPVNotesDesc,\n\taddr.Attention,\n\taddr.BarcodeDigits,\n\taddr.CarrierRoute,\n\taddr.CongressCode,\n\taddr.CountyCode,\n\taddr.AdditionalLegal,\n\taddr.Section,\n\taddr.Township,\n\taddr.Lot,\n\taddr.Range,\n\taddr.Addition,\n\taddr.Block,\n\taddr.LegalDesc,\n\taddr.TownshipDir,\n\taddr.RangeDir,\n\taddr.Validated,\n\taddr.PrimaryMeridian,\n\taddr.PLSSCounty,\n\taddr.AddressHash,\n\taddr.GeocodeLevel,\n\taddr.GeocodeLevelDescription,\n\taddr.Meridian,\n\taddr.AddressOverrideInd,\n\taddr.DistanceToCoast,\n\taddr.DistanceToCoastInd,\n\taddr.AddrAliasModifiedInd,\n\taddr.Country\nfrom\n\taddr addr\n\t where\n\taddr.CmmContainer in ('Policy', 'Claim', 'Application')\n\tand ( AddrTypeCd like '%Mailing%'\n\t\tor AddrTypeCd like '%Risk%'\n\t\tor AddrTypeCd like '%CoverageStreetAddr%')"},"isRESTModernSource":true,"customQuery":"SELECT addr.SystemId, addr.ParentId, addr.CMMContainer, addr.Id, addr.AddrTypeCd, addr.Addr1, addr.Addr2, addr.Addr3, addr.Addr4, addr.City, addr.StateProvCd, addr.PostalCode, addr.County, addr.RegionCd, addr.RegionISOCd, addr.PreDirectional, addr.PrimaryNumber, addr.StreetName, addr.Suffix, addr.PostDirectional, addr.SecondaryDesignator, addr.SecondaryNumber, addr.VerificationMsg, addr.VerificationHash, addr.Latitude, addr.Longitude, addr.Score, addr.PrimaryNumberSuffix, addr.DPV, addr.DPVDesc, addr.DPVNotes, addr.DPVNotesDesc, addr.Attention, addr.BarcodeDigits, addr.CarrierRoute, addr.CongressCode, addr.CountyCode, addr.AdditionalLegal, addr.Section, addr.Township, addr.Lot, addr.Range, addr.Addition, addr.Block, addr.LegalDesc, addr.TownshipDir, addr.RangeDir, addr.Validated, addr.PrimaryMeridian, addr.PLSSCounty, addr.AddressHash, addr.GeocodeLevel, addr.GeocodeLevelDescription, addr.Meridian, addr.AddressOverrideInd, addr.DistanceToCoast, addr.DistanceToCoastInd, addr.AddrAliasModifiedInd, addr.Country \nFROM\n addr addr inner join advrxxchangedbeans b\non addr.Systemid=b.Systemid\nand addr.CmmContainer=b.CmmContainer\nand b.CmmContainer in ('Policy','Claim','Application')\n where concat(adddt,addtm)>='$$m_strtdt' and concat(adddt,addtm) <='$$m_Enddt'\nand ( AddrTypeCd like '%Mailing%'\nOr AddrTypeCd like '%Risk%'\nOr AddrTypeCd like '%CoverageStreetAddr%')","commandType":0,"isFileList":false,"handleSpecialChars":false,"handleDecimalRoundOff":false,"frsAsset":false,"dynamicFileName":false,"excludeDynamicFileNameField":false,"currentlyProcessedFileName":false,"retainFieldMetadata":false,"objectName":"DUMMY_Src_addr","useExactSrcNames":false,"userUpdated":true,"fetchMode":"ORIGINAL","tgtObjectAttributes":{},"runtimeParameterData":{"@type":"mtTaskRuntimeParameterData","isConnectionRuntimeParameter":true,"isObjectRuntimeParameter":false,"connectionParameterName":"DBConnection_SRCM"},"overridableProperties":[],"overriddenFields":[]},{"@type":"mtTaskParameter","id":130705656,"name":"$Tgt_addr_Stg$","type":"TARGET","label":"DBConnection_TGT","description":"","uiProperties":{"cnxtype":"Amazon Redshift v2","connectionParameterized":"true","paramName":"DBConnection_TGT","paramLabel":"","paramType-mapping":"Connection","logcnx":"DBConnection_TGT","default":"dbo/addr_stg","objectParameterized":"false","visible":"false","defaultTargetUpdateColumns":"","supportApplyDDLChanges":"false","originalPath":"Tgt_addr_Stg"},"targetConnectionId":"@iWG7WweMRiOiUzzrDFkK0U","targetObject":"dbo/addr_stg","targetObjectLabel":"addr_stg","newFlatFile":false,"newObject":false,"showBusinessNames":true,"naturalOrder":true,"truncateTarget":false,"bulkApiDBTarget":false,"operationType":"Insert","customFuncCfg":{"@type":"customFuncConfig","id":-1,"connections":[],"inputMap":[],"outputFields":[]},"targetRefsV2":{},"targetUpdateColumns":[],"fieldOrderList":[],"extendedObject":{"@type":"extendedObject","singleMode":true,"filters":[],"sortFields":[]},"runtimeAttrs":{"Temporary Credential Duration":"7200"},"oprRuntimeAttrs":{"temporaryCredentialDuration":"7200"},"isRESTModernSource":true,"commandType":0,"isFileList":false,"handleSpecialChars":false,"handleDecimalRoundOff":false,"frsAsset":false,"dynamicFileName":false,"excludeDynamicFileNameField":false,"currentlyProcessedFileName":false,"retainFieldMetadata":false,"objectName":"dbo/addr_stg","objectLabel":"addr_stg","useExactSrcNames":false,"userUpdated":true,"fetchMode":"ORIGINAL","tgtObjectAttributes":{},"runtimeParameterData":{"@type":"mtTaskRuntimeParameterData","isConnectionRuntimeParameter":true,"isObjectRuntimeParameter":false,"connectionParameterName":"DBConnection_TGT"},"overridableProperties":[],"dbSchema":"","overriddenFields":[]}],"sequences":[],"inOutParameters":[{"@type":"mtTaskInOutParameter","id":"-1","name":"m_strtdt","description":"","initialValue":"","datatype":"STRING","precision":"120","scale":"0","retentionPolicy":"NEVER","aggregationType":"MAX","currentValue":""},{"@type":"mtTaskInOutParameter","id":"-1","name":"m_Enddt","description":"","initialValue":"","datatype":"STRING","precision":"120","scale":"0","retentionPolicy":"NEVER","aggregationType":"MAX","currentValue":""}],"connRuntimeAttrs":[]}]