[{"@type":"mappingTemplate","id":"@1","name":"cdi_map_acx_losshistory_bronze_loss_history_stg_ld","description":"Mapping to get the Loss History data from GW database to Redshift staging table","autoExpireObject":false,"bundleVersion":"0","assetFrsGuid":"5eCBbrxIgXbjgFK3wuKWAO","templateId":"@3","deployTime":1767814977000,"hasParameters":true,"valid":true,"fixedConnection":false,"hasParametersDeployed":true,"fixedConnectionDeployed":false,"isSchemaValidationEnabled":false,"tasks":1,"mappingPreviewFileRecordId":"@2","documentType":"MAPPING","allowMaxFieldLength":false,"specialCharacterSupport":false,"references":[]}]