[{"@type":"mappingTemplate","id":"@1","name":"cdi_map_predictive_analytics_data_report_silver_load_1","description":"","autoExpireObject":false,"bundleVersion":"0","assetFrsGuid":"7KumEG9NRpZigaF04znakZ","templateId":"@3","deployTime":1761847872000,"hasParameters":false,"valid":true,"fixedConnection":true,"hasParametersDeployed":false,"fixedConnectionDeployed":true,"isSchemaValidationEnabled":false,"tasks":0,"mappingPreviewFileRecordId":"@2","documentType":"MAPPING","allowMaxFieldLength":false,"specialCharacterSupport":false,"references":[{"@type":"reference","refObjectId":"@aYZ4ekzHgIPeKpiaoqDLKP","refType":"connection"},{"@type":"reference","refObjectId":"@eAe8FJ9fmcAd2s1AZZDNWL","refType":"mappletTemplate","refObjInSync":"true"}]}]