[{"@type":"mappingTemplate","id":"@1","name":"cdi_map_adm_user_group_share_bronze_load","description":"","autoExpireObject":false,"bundleVersion":"0","assetFrsGuid":"6tMzVZTH7n2dOK9bjs1qWF","templateId":"@3","hasParameters":true,"valid":true,"fixedConnection":false,"hasParametersDeployed":false,"fixedConnectionDeployed":false,"isSchemaValidationEnabled":false,"tasks":1,"mappingPreviewFileRecordId":"@2","documentType":"MAPPING","allowMaxFieldLength":false,"specialCharacterSupport":false,"references":[]}]