[{"@type":"mappingTemplate","id":"@1","name":"m_load_insured_portal_users_stg_from_file","description":"","autoExpireObject":false,"bundleVersion":"0","assetFrsGuid":"dcO7sGrs9WJenzbC5lsdW7","templateId":"@3","deployTime":1722632771000,"hasParameters":true,"valid":true,"fixedConnection":false,"hasParametersDeployed":true,"fixedConnectionDeployed":false,"isSchemaValidationEnabled":false,"tasks":1,"mappingPreviewFileRecordId":"@2","documentType":"","allowMaxFieldLength":false,"specialCharacterSupport":false,"references":[]}]