[{"@type":"mtTask","id":"@1","name":"cdi_tsk_map_adm_api_authorities_bronze_stg_load","autoExpireObject":false,"runtimeEnvironmentId":"@3pADNCV9u0PcgrXjM7rx0t","maxLogs":10,"verbose":false,"lastRunTime":1765981430000,"mappingId":"@klO7CQkzSO9djXr5AQvn6v","frsGuid":"3VAfpsxG0jQhm5uHtI9jk0","sessionPropertiesList":[{"name":"Pushdown Optimization","value":"None","recommended":false},{"name":"Pushdown Optimization Context","value":"None","recommended":false},{"name":"Pushdown Optimization Fallback Option","value":"Partial PDO","recommended":false}],"hidden":false,"enableCrossSchemaPushdown":true,"enableParallelRun":false,"autoTunedApplied":false,"autoTunedAppliedType":"NONE","parameterFileName":"Andover_Param_ADM.param","parameterFileDir":"$PMRootDir/andover/parameters","paramFileType":"PARAM_FILE_LOCAL","schemaMode":"async","valid":true,"schemaValidationErrorCount":-1,"serverlessProperties":{},"taskProperties":[{"@type":"taskProperty","name":"parameterFileDir","currentValue":"$PMRootDir/andover/parameters","type":"STRING","label":"label.parameterFileDir","required":false},{"@type":"taskProperty","name":"parameterFileName","currentValue":"Andover_Param_ADM.param","type":"STRING","label":"label.parameterFileName","required":false},{"@type":"taskProperty","name":"outboundMessageUrlQueueTime","currentValue":"","type":"NUMBER","label":"label.outboundMessageUrlQueueTime","required":false},{"@type":"taskProperty","name":"outboundMessageUrlToken","currentValue":"","type":"STRING","label":"label.outboundMessageUrlToken","required":false}],"optimizationPlan":"NONE","isMidstreamPreview":false,"allowMaxFieldLength":false,"specialCharacterSupport":false,"useUserDefinedOrder":false,"parameters":[{"@type":"mtTaskParameter","id":143474717,"name":"$Source$","type":"SOURCE","label":"DBConnection_UDM_SRC","description":"","uiProperties":{"cnxtype":"Amazon Redshift v2","connectionParameterized":"true","paramName":"DBConnection_UDM_SRC","paramLabel":"","paramType-mapping":"Connection","logcnx":"DBConnection_UDM_SRC","isSelectDistinct":"false","objectParameterized":"false","visible":"false","originalPath":"Source"},"sourceConnectionId":"@aYZ4ekzHgIPeKpiaoqDLKP","sourceObject":"DUMMY_Source","newFlatFile":false,"newObject":false,"showBusinessNames":true,"naturalOrder":true,"truncateTarget":false,"bulkApiDBTarget":false,"customFuncCfg":{"@type":"customFuncConfig","id":-1,"connections":[],"inputMap":[],"outputFields":[]},"targetRefsV2":{},"targetUpdateColumns":[],"fieldOrderList":[],"runtimeAttrs":{},"isRESTModernSource":true,"customQuery":"WITH current_batch AS (\nSELECT\nbls.batch_id,\nbls.source_start_cutoff_datetime,\nbls.source_end_cutoff_datetime\nFROM $$operational_schema.batch_load_summary bls\nWHERE bls.source_system_code = '$$sourcesystemcode'\nAND bls.batch_status = 'Inprogress'\nAND bls.batch_id = (\nSELECT MAX(batch_id)\nFROM $$operational_schema.batch_load_summary\nWHERE source_system_code = '$$sourcesystemcode'\nAND batch_status = 'Inprogress'\n)\n)\nSELECT DISTINCT\naaa.source_name,\naaa.load_type,\naaa.username,\naaa.authority,\ncurrent_batch.batch_id\nFROM $$raw_schema.adm_api_authorities aaa\nCROSS JOIN current_batch\nORDER BY\naaa.username,aaa.authority;","commandType":0,"isFileList":false,"handleSpecialChars":false,"handleDecimalRoundOff":false,"frsAsset":false,"dynamicFileName":false,"excludeDynamicFileNameField":false,"currentlyProcessedFileName":false,"retainFieldMetadata":false,"objectName":"DUMMY_Source","useExactSrcNames":false,"userUpdated":true,"fetchMode":"ORIGINAL","tgtObjectAttributes":{},"runtimeParameterData":{"@type":"mtTaskRuntimeParameterData","isConnectionRuntimeParameter":true,"isObjectRuntimeParameter":false,"connectionParameterName":"DBConnection_UDM_SRC"},"overridableProperties":[],"overriddenFields":[]},{"@type":"mtTaskParameter","id":143474718,"name":"$Tgt_As_Source$","type":"SOURCE","label":"DBConnection_UDM_TGT","description":"","uiProperties":{"cnxtype":"Amazon Redshift v2","connectionParameterized":"true","paramName":"DBConnection_UDM_TGT","paramLabel":"","paramType-mapping":"Connection","logcnx":"DBConnection_UDM_TGT","isSelectDistinct":"false","objectParameterized":"false","visible":"false","originalPath":"Tgt_As_Source"},"sourceConnectionId":"@aYZ4ekzHgIPeKpiaoqDLKP","sourceObject":"DUMMY_Tgt_As_Source","newFlatFile":false,"newObject":false,"showBusinessNames":true,"naturalOrder":true,"truncateTarget":false,"bulkApiDBTarget":false,"customFuncCfg":{"@type":"customFuncConfig","id":-1,"connections":[],"inputMap":[],"outputFields":[]},"targetRefsV2":{},"targetUpdateColumns":[],"fieldOrderList":[],"runtimeAttrs":{},"isRESTModernSource":true,"customQuery":"SELECT\nadm_api_authorities_row_id as adm_api_authorities_row_id,\nadm_api_authorities_md5checksum as adm_api_authorities_md5checksum,\nadm_api_authorities_batch_id as adm_api_authorities_batch_id,\nusername as username,\nauthority as authority,\nadm_api_authorities_row_effective_end_datetime as adm_api_authorities_row_effective_end_datetime\nFROM\n$$staging_schema.adm_api_authorities aaa\nwhere\nadm_api_authorities_row_effective_end_datetime = '9999-12-31 00:00:00.000';","commandType":0,"isFileList":false,"handleSpecialChars":false,"handleDecimalRoundOff":false,"frsAsset":false,"dynamicFileName":false,"excludeDynamicFileNameField":false,"currentlyProcessedFileName":false,"retainFieldMetadata":false,"objectName":"DUMMY_Tgt_As_Source","useExactSrcNames":false,"userUpdated":true,"fetchMode":"ORIGINAL","tgtObjectAttributes":{},"runtimeParameterData":{"@type":"mtTaskRuntimeParameterData","isConnectionRuntimeParameter":true,"isObjectRuntimeParameter":false,"connectionParameterName":"DBConnection_UDM_TGT"},"overridableProperties":[],"overriddenFields":[]},{"@type":"mtTaskParameter","id":143474719,"name":"$adm_api_authorities_Ins$","type":"TARGET","label":"DBConnection_UDM_TGT","description":"","uiProperties":{"cnxtype":"Amazon Redshift v2","connectionParameterized":"true","paramName":"DBConnection_UDM_TGT","paramLabel":"","paramType-mapping":"Connection","logcnx":"DBConnection_UDM_TGT","default":"bronze/adm_api_authorities","objectParameterized":"false","visible":"false","defaultTargetUpdateColumns":"","supportApplyDDLChanges":"false","originalPath":"adm_api_authorities_Ins"},"targetConnectionId":"@aYZ4ekzHgIPeKpiaoqDLKP","targetObject":"bronze/adm_api_authorities","targetObjectLabel":"bronze/adm_api_authorities","newFlatFile":false,"newObject":false,"showBusinessNames":true,"naturalOrder":true,"truncateTarget":false,"bulkApiDBTarget":false,"operationType":"Insert","customFuncCfg":{"@type":"customFuncConfig","id":-1,"connections":[],"inputMap":[],"outputFields":[]},"targetRefsV2":{},"targetUpdateColumns":[],"fieldOrderList":[],"extendedObject":{"@type":"extendedObject","singleMode":true,"filters":[],"sortFields":[]},"runtimeAttrs":{},"isRESTModernSource":true,"commandType":0,"isFileList":false,"handleSpecialChars":false,"handleDecimalRoundOff":false,"frsAsset":false,"dynamicFileName":false,"excludeDynamicFileNameField":false,"currentlyProcessedFileName":false,"retainFieldMetadata":false,"objectName":"bronze/adm_api_authorities","objectLabel":"bronze/adm_api_authorities","useExactSrcNames":false,"userUpdated":true,"fetchMode":"ORIGINAL","tgtObjectAttributes":{},"runtimeParameterData":{"@type":"mtTaskRuntimeParameterData","isConnectionRuntimeParameter":true,"isObjectRuntimeParameter":false,"connectionParameterName":"DBConnection_UDM_TGT"},"overridableProperties":[],"targetSchemaProviderType":"SELECTED_OBJECT","dbSchema":"","overriddenFields":[]},{"@type":"mtTaskParameter","id":143474720,"name":"$adm_api_authorities_Upd_Close$","type":"TARGET","label":"DBConnection_UDM_TGT","description":"","uiProperties":{"cnxtype":"Amazon Redshift v2","connectionParameterized":"true","paramName":"DBConnection_UDM_TGT","paramLabel":"","paramType-mapping":"Connection","logcnx":"DBConnection_UDM_TGT","default":"bronze/adm_api_authorities","objectParameterized":"false","visible":"false","defaultTargetUpdateColumns":"adm_api_authorities_row_id","supportApplyDDLChanges":"false","originalPath":"adm_api_authorities_Upd_Close"},"targetConnectionId":"@aYZ4ekzHgIPeKpiaoqDLKP","targetObject":"bronze/adm_api_authorities","targetObjectLabel":"bronze/adm_api_authorities","newFlatFile":false,"newObject":false,"showBusinessNames":true,"naturalOrder":true,"truncateTarget":false,"bulkApiDBTarget":false,"operationType":"Update","customFuncCfg":{"@type":"customFuncConfig","id":-1,"connections":[],"inputMap":[],"outputFields":[]},"targetRefsV2":{},"targetUpdateColumns":["adm_api_authorities_row_id"],"fieldOrderList":[],"extendedObject":{"@type":"extendedObject","singleMode":true,"filters":[],"sortFields":[]},"runtimeAttrs":{},"isRESTModernSource":true,"commandType":0,"isFileList":false,"handleSpecialChars":false,"handleDecimalRoundOff":false,"frsAsset":false,"dynamicFileName":false,"excludeDynamicFileNameField":false,"currentlyProcessedFileName":false,"retainFieldMetadata":false,"objectName":"bronze/adm_api_authorities","objectLabel":"bronze/adm_api_authorities","useExactSrcNames":false,"userUpdated":true,"fetchMode":"ORIGINAL","tgtObjectAttributes":{},"runtimeParameterData":{"@type":"mtTaskRuntimeParameterData","isConnectionRuntimeParameter":true,"isObjectRuntimeParameter":false,"connectionParameterName":"DBConnection_UDM_TGT"},"overridableProperties":[],"targetSchemaProviderType":"SELECTED_OBJECT","dbSchema":"","overriddenFields":[]},{"@type":"mtTaskParameter","id":143474721,"name":"$adm_api_authorities_Upd_Ins$","type":"TARGET","label":"DBConnection_UDM_TGT","description":"","uiProperties":{"cnxtype":"Amazon Redshift v2","connectionParameterized":"true","paramName":"DBConnection_UDM_TGT","paramLabel":"","paramType-mapping":"Connection","logcnx":"DBConnection_UDM_TGT","default":"bronze/adm_api_authorities","objectParameterized":"false","visible":"false","defaultTargetUpdateColumns":"","supportApplyDDLChanges":"false","originalPath":"adm_api_authorities_Upd_Ins"},"targetConnectionId":"@aYZ4ekzHgIPeKpiaoqDLKP","targetObject":"bronze/adm_api_authorities","targetObjectLabel":"bronze/adm_api_authorities","newFlatFile":false,"newObject":false,"showBusinessNames":true,"naturalOrder":true,"truncateTarget":false,"bulkApiDBTarget":false,"operationType":"Insert","customFuncCfg":{"@type":"customFuncConfig","id":-1,"connections":[],"inputMap":[],"outputFields":[]},"targetRefsV2":{},"targetUpdateColumns":[],"fieldOrderList":[],"extendedObject":{"@type":"extendedObject","singleMode":true,"filters":[],"sortFields":[]},"runtimeAttrs":{},"isRESTModernSource":true,"commandType":0,"isFileList":false,"handleSpecialChars":false,"handleDecimalRoundOff":false,"frsAsset":false,"dynamicFileName":false,"excludeDynamicFileNameField":false,"currentlyProcessedFileName":false,"retainFieldMetadata":false,"objectName":"bronze/adm_api_authorities","objectLabel":"bronze/adm_api_authorities","useExactSrcNames":false,"userUpdated":true,"fetchMode":"ORIGINAL","tgtObjectAttributes":{},"runtimeParameterData":{"@type":"mtTaskRuntimeParameterData","isConnectionRuntimeParameter":true,"isObjectRuntimeParameter":false,"connectionParameterName":"DBConnection_UDM_TGT"},"overridableProperties":[],"targetSchemaProviderType":"SELECTED_OBJECT","dbSchema":"","overriddenFields":[]}],"sequences":[],"inOutParameters":[{"@type":"mtTaskInOutParameter","id":"-1","name":"raw_schema","description":"","initialValue":"metal","datatype":"STRING","precision":"100","scale":"0","retentionPolicy":"NEVER","aggregationType":"MAX","currentValue":"metal"},{"@type":"mtTaskInOutParameter","id":"-1","name":"staging_schema","description":"","initialValue":"bronze","datatype":"STRING","precision":"100","scale":"0","retentionPolicy":"NEVER","aggregationType":"MAX","currentValue":"bronze"},{"@type":"mtTaskInOutParameter","id":"-1","name":"operational_schema","description":"","initialValue":"operations","datatype":"STRING","precision":"100","scale":"0","retentionPolicy":"NEVER","aggregationType":"MAX","currentValue":"operations"},{"@type":"mtTaskInOutParameter","id":"-1","name":"sourcesystemcode","description":"","initialValue":"ADM","datatype":"STRING","precision":"100","scale":"0","retentionPolicy":"NEVER","aggregationType":"MAX","currentValue":"ADM"}],"connRuntimeAttrs":[]}]