[{"@type":"mtTask","id":"@1","name":"s_m_load_Subrogation_from_flat_file","description":"Session pushed from PC to ICS : s_m_load_Subrogation_from_flat_file","runtimeEnvironmentId":"@3pADNCV9u0PcgrXjM7rx0t","maxLogs":10,"verbose":false,"lastRunTime":1711548946000,"mappingId":"@jEALaBZLm6Nd94gSUsAJg2","frsGuid":"7JIyB5ZIRT7ifpbLgJPu42","shortDescription":"Session pushed from PC to ICS : s_m_load_Subrogati...","sessionPropertiesList":[{"name":"Allow Temporary Sequence for Pushdown","value":"NO","recommended":false},{"name":"Allow Temporary View for Pushdown","value":"NO","recommended":false},{"name":"Data Column Delimiter","value":"|","recommended":false},{"name":"DateTime Format String","value":"MM/DD/YYYY HH24:MI:SS.US","recommended":false},{"name":"Error Log File Name","value":"PMError.log","recommended":false},{"name":"Pushdown Optimization","value":"None","recommended":false},{"name":"Pushdown Optimization Context","value":"None","recommended":false},{"name":"Pushdown Optimization Fallback Option","value":"Partial PDO","recommended":false}],"hidden":false,"enableCrossSchemaPushdown":false,"enableParallelRun":false,"autoTunedApplied":false,"autoTunedAppliedType":"NONE","parameterFileName":"Andover_Param_GW.param","parameterFileDir":"$PMRootDir/andover/parameters","paramFileType":"PARAM_FILE_LOCAL","schemaMode":"async","valid":true,"schemaValidationErrorCount":-1,"serverlessProperties":{},"taskProperties":[{"@type":"taskProperty","name":"parameterFileDir","currentValue":"$PMRootDir/andover/parameters","type":"STRING","label":"label.parameterFileDir","required":false},{"@type":"taskProperty","name":"parameterFileName","currentValue":"Andover_Param_GW.param","type":"STRING","label":"label.parameterFileName","required":false},{"@type":"taskProperty","name":"outboundMessageUrlQueueTime","currentValue":"","type":"NUMBER","label":"label.outboundMessageUrlQueueTime","required":false},{"@type":"taskProperty","name":"outboundMessageUrlToken","currentValue":"","type":"STRING","label":"label.outboundMessageUrlToken","required":false}],"optimizationPlan":"NONE","isMidstreamPreview":false,"parameters":[{"@type":"mtTaskParameter","id":91551427,"name":"$SQ_Subrogation$","type":"EXTENDED_SOURCE","label":"FF_Conn","description":"","uiProperties":{"cnxtype":"Amazon S3 v2","connectionParameterized":"true","paramName":"FF_Conn","paramLabel":"","paramType-mapping":"Connection","logcnx":"FF_Conn","isSelectDistinct":"false","isMsrcFilterParameterized":"false","isMsrcSortParameterized":"false","objlabel":"Src_FileName","origobjlabel":"","objectParameterized":"true","objDesc":"","objectParamName":"Src_FileName","objectParamType-mapping":"DataObject","originalPath":"SQ_Subrogation"},"sourceConnectionId":"@4PR5UG8LgQbgjcPh0nvIgA","newFlatFile":false,"newObject":false,"showBusinessNames":true,"naturalOrder":true,"truncateTarget":false,"bulkApiDBTarget":false,"customFuncCfg":{"@type":"customFuncConfig","id":-1,"connections":[],"inputMap":[],"outputFields":[]},"targetRefsV2":{},"targetUpdateColumns":[],"extendedObject":{"@type":"extendedObject","object":{"@type":"mObject","name":"advr-dev-inbound-data/internal%2F/claims%2F/subrogation%2F/SubroDaily.csv","label":"SubroDaily.csv","metadataUpdated":false,"relations":[],"children":[]},"singleMode":true,"objects":[{"@type":"mObject","name":"advr-dev-inbound-data/internal%2F/claims%2F/subrogation%2F/SubroDaily.csv","label":"SubroDaily.csv","metadataUpdated":false,"relations":[],"children":[]}],"filters":[],"sortFields":[]},"runtimeAttrs":{"Folder Path":"/internal/claims/subrogation","Enable Recursive Read":"NO","Allow Wildcard Characters":"NO","Incremental File Load":"NO"},"oprRuntimeAttrs":{"enableIncrementalLoad":"NO","enableRecursiveRead":"NO","enableWildChar":"NO","S3FolderPath":"/internal/claims/subrogation"},"isRESTModernSource":true,"isFileList":false,"handleSpecialChars":false,"handleDecimalRoundOff":false,"frsAsset":false,"dynamicFileName":false,"excludeDynamicFileNameField":false,"currentlyProcessedFileName":false,"retainFieldMetadata":false,"useExactSrcNames":false,"tgtObjectAttributes":{},"dataFormat":{"@type":"dataFormat","formatId":"Flat","dataFormatAttributes":{"escapeChar":"\\0","rowDelimiter":"","importColumnFromFirstLine":"true","headerLineNumber":"0","maxRowsToPreview":"0","distributionColumn":"","qualifierMode":"ALL","firstDataRow":"2","generateHeader":"true","delimiter":",","qualifier":"\"","targetHeader":"Without Header","disableEscapeChar":"false","codePage":"MS Windows Latin 1","fixedWidthMode":"false"}},"runtimeParameterData":{"@type":"mtTaskRuntimeParameterData","isConnectionRuntimeParameter":false,"isObjectRuntimeParameter":false,"connectionParameterName":"FF_Conn","objectParameterName":"Src_FileName"},"overridableProperties":[{"@type":"overridableProperty","id":"defaultPrecision","labelKey":"SQ_Subrogation_defaultPrecision","type":"integer","hidden":false,"required":false,"defaultValue":"","renderingHints":{}},{"@type":"overridableProperty","id":"dataFormat","labelKey":"SQ_Subrogation_dataFormat","type":"string","hidden":false,"required":false,"defaultValue":"{\n  \"@type\" : \"dataFormat\",\n  \"formatId\" : \"Flat\",\n  \"dataFormatAttributes\" : {\n    \"escapeChar\" : \"\\\\0\",\n    \"rowDelimiter\" : \"\",\n    \"importColumnFromFirstLine\" : \"true\",\n    \"headerLineNumber\" : \"0\",\n    \"maxRowsToPreview\" : \"0\",\n    \"distributionColumn\" : \"\",\n    \"qualifierMode\" : \"ALL\",\n    \"firstDataRow\" : \"2\",\n    \"generateHeader\" : \"true\",\n    \"delimiter\" : \",\",\n    \"qualifier\" : \"\\\"\",\n    \"targetHeader\" : \"Without Header\",\n    \"disableEscapeChar\" : \"false\",\n    \"codePage\" : \"MS Windows Latin 1\",\n    \"fixedWidthMode\" : \"false\"\n  }\n}","renderingHints":{"renderingType":"json"}}],"overriddenFields":[{"@type":"mtTaskOverriddenField","id":120073599,"name":"FIELD0","type":"flat_string","precision":1000,"scale":0,"platformType":"string"},{"@type":"mtTaskOverriddenField","id":120073600,"name":"FIELD1","type":"flat_string","precision":1000,"scale":0,"platformType":"string"},{"@type":"mtTaskOverriddenField","id":120073601,"name":"FIELD2","type":"flat_string","precision":70,"scale":0,"platformType":"string"},{"@type":"mtTaskOverriddenField","id":120073602,"name":"FIELD3","type":"flat_string","precision":60,"scale":0,"platformType":"string"},{"@type":"mtTaskOverriddenField","id":120073603,"name":"FIELD4","type":"flat_string","precision":100,"scale":0,"platformType":"string"},{"@type":"mtTaskOverriddenField","id":120073604,"name":"FIELD5","type":"flat_string","precision":100,"scale":0,"platformType":"string"},{"@type":"mtTaskOverriddenField","id":120073605,"name":"FIELD6","type":"flat_string","precision":100,"scale":0,"platformType":"string"},{"@type":"mtTaskOverriddenField","id":120073606,"name":"FIELD7","type":"flat_string","precision":100,"scale":0,"platformType":"string"},{"@type":"mtTaskOverriddenField","id":120073607,"name":"FIELD8","type":"flat_string","precision":100,"scale":0,"platformType":"string"},{"@type":"mtTaskOverriddenField","id":120073608,"name":"FIELD9","type":"flat_string","precision":800,"scale":0,"platformType":"string"},{"@type":"mtTaskOverriddenField","id":120073609,"name":"FIELD10","type":"flat_string","precision":570,"scale":0,"platformType":"string"},{"@type":"mtTaskOverriddenField","id":120073610,"name":"FIELD11","type":"flat_string","precision":400,"scale":0,"platformType":"string"},{"@type":"mtTaskOverriddenField","id":120073611,"name":"FIELD12","type":"flat_string","precision":110,"scale":0,"platformType":"string"},{"@type":"mtTaskOverriddenField","id":120073612,"name":"FIELD13","type":"flat_string","precision":280,"scale":0,"platformType":"string"},{"@type":"mtTaskOverriddenField","id":120073613,"name":"FIELD14","type":"flat_string","precision":100,"scale":0,"platformType":"string"},{"@type":"mtTaskOverriddenField","id":120073614,"name":"FIELD15","type":"flat_string","precision":830,"scale":0,"platformType":"string"},{"@type":"mtTaskOverriddenField","id":120073615,"name":"FIELD16","type":"flat_string","precision":770,"scale":0,"platformType":"string"},{"@type":"mtTaskOverriddenField","id":120073616,"name":"FIELD17","type":"flat_string","precision":150,"scale":0,"platformType":"string"},{"@type":"mtTaskOverriddenField","id":120073617,"name":"FIELD18","type":"flat_string","precision":110,"scale":0,"platformType":"string"},{"@type":"mtTaskOverriddenField","id":120073618,"name":"FIELD19","type":"flat_string","precision":150,"scale":0,"platformType":"string"},{"@type":"mtTaskOverriddenField","id":120073619,"name":"FIELD20","type":"flat_string","precision":350,"scale":0,"platformType":"string"},{"@type":"mtTaskOverriddenField","id":120073620,"name":"FIELD21","type":"flat_string","precision":110,"scale":0,"platformType":"string"},{"@type":"mtTaskOverriddenField","id":120073621,"name":"FIELD22","type":"flat_string","precision":530,"scale":0,"platformType":"string"},{"@type":"mtTaskOverriddenField","id":120073622,"name":"FIELD23","type":"flat_string","precision":130,"scale":0,"platformType":"string"},{"@type":"mtTaskOverriddenField","id":120073623,"name":"FIELD24","type":"flat_string","precision":850,"scale":0,"platformType":"string"},{"@type":"mtTaskOverriddenField","id":120073624,"name":"FIELD25","type":"flat_string","precision":120,"scale":0,"platformType":"string"},{"@type":"mtTaskOverriddenField","id":120073625,"name":"FIELD26","type":"flat_string","precision":130,"scale":0,"platformType":"string"},{"@type":"mtTaskOverriddenField","id":120073626,"name":"FIELD27","type":"flat_string","precision":130,"scale":0,"platformType":"string"},{"@type":"mtTaskOverriddenField","id":120073627,"name":"FIELD28","type":"flat_string","precision":700,"scale":0,"platformType":"string"},{"@type":"mtTaskOverriddenField","id":120073628,"name":"FIELD29","type":"flat_string","precision":130,"scale":0,"platformType":"string"},{"@type":"mtTaskOverriddenField","id":120073629,"name":"FIELD30","type":"flat_string","precision":110,"scale":0,"platformType":"string"},{"@type":"mtTaskOverriddenField","id":120073630,"name":"FIELD31","type":"flat_string","precision":130,"scale":0,"platformType":"string"},{"@type":"mtTaskOverriddenField","id":120073631,"name":"FIELD32","type":"flat_string","precision":110,"scale":0,"platformType":"string"},{"@type":"mtTaskOverriddenField","id":120073632,"name":"FIELD33","type":"flat_string","precision":300,"scale":0,"platformType":"string"},{"@type":"mtTaskOverriddenField","id":120073633,"name":"FIELD34","type":"flat_string","precision":140,"scale":0,"platformType":"string"},{"@type":"mtTaskOverriddenField","id":120073634,"name":"FIELD35","type":"flat_string","precision":30,"scale":0,"platformType":"string"},{"@type":"mtTaskOverriddenField","id":120073635,"name":"FIELD36","type":"flat_string","precision":100,"scale":0,"platformType":"string"},{"@type":"mtTaskOverriddenField","id":120073636,"name":"FIELD37","type":"flat_string","precision":100,"scale":0,"platformType":"string"},{"@type":"mtTaskOverriddenField","id":120073637,"name":"FIELD38","type":"flat_string","precision":8000,"scale":0,"platformType":"string"}]},{"@type":"mtTaskParameter","id":91551428,"name":"$PMS_Master_Subrogation$","type":"TARGET","label":"DBConnection_TGT","description":"","uiProperties":{"cnxtype":"Amazon Redshift v2","connectionParameterized":"true","paramName":"DBConnection_TGT","paramLabel":"","paramType-mapping":"Connection","logcnx":"DBConnection_TGT","default":"dbo/pms_master_subrogation","objectParameterized":"false","visible":"false","defaultTargetUpdateColumns":"","supportApplyDDLChanges":"false","originalPath":"PMS_Master_Subrogation"},"targetConnectionId":"@aYZ4ekzHgIPeKpiaoqDLKP","targetObject":"dbo/pms_master_subrogation","targetObjectLabel":"pms_master_subrogation","newFlatFile":false,"newObject":false,"showBusinessNames":true,"naturalOrder":true,"truncateTarget":true,"bulkApiDBTarget":false,"operationType":"Insert","customFuncCfg":{"@type":"customFuncConfig","id":-1,"connections":[],"inputMap":[],"outputFields":[]},"targetRefsV2":{},"targetUpdateColumns":[],"extendedObject":{"@type":"extendedObject","singleMode":true,"filters":[],"sortFields":[]},"runtimeAttrs":{},"isRESTModernSource":true,"isFileList":false,"handleSpecialChars":false,"handleDecimalRoundOff":false,"frsAsset":false,"dynamicFileName":false,"excludeDynamicFileNameField":false,"currentlyProcessedFileName":false,"retainFieldMetadata":false,"objectName":"dbo/pms_master_subrogation","objectLabel":"pms_master_subrogation","useExactSrcNames":false,"tgtObjectAttributes":{},"runtimeParameterData":{"@type":"mtTaskRuntimeParameterData","isConnectionRuntimeParameter":true,"isObjectRuntimeParameter":false,"connectionParameterName":"DBConnection_TGT"},"overridableProperties":[],"overriddenFields":[]},{"@type":"mtTaskParameter","id":91551429,"name":"$tgt_processed$","type":"TARGET","label":"FF_Conn","description":"","uiProperties":{"cnxtype":"Amazon S3 v2","connectionParameterized":"true","paramName":"FF_Conn","paramLabel":"","paramType-mapping":"Connection","logcnx":"FF_Conn","objlabel":"Arc_FileName","origobjlabel":"","objectParameterized":"true","objDesc":"","objectParamName":"Arc_FileName","objectParamType-mapping":"DataObject","defaultTargetUpdateColumns":"","supportApplyDDLChanges":"true","originalPath":"tgt_processed"},"targetConnectionId":"@4PR5UG8LgQbgjcPh0nvIgA","targetObject":"SubroDaily.csv","targetObjectLabel":"SubroDaily.csv","newFlatFile":false,"newObject":true,"showBusinessNames":true,"naturalOrder":true,"newObjectName":"SubroDaily.csv","truncateTarget":false,"bulkApiDBTarget":false,"operationType":"Insert","customFuncCfg":{"@type":"customFuncConfig","id":-1,"connections":[],"inputMap":[],"outputFields":[]},"targetRefsV2":{},"targetUpdateColumns":[],"extendedObject":{"@type":"extendedObject","singleMode":true,"filters":[],"sortFields":[]},"runtimeAttrs":{"Folder Path":"/internal/processed/wf_Load_Subrogation_Files"},"oprRuntimeAttrs":{"S3FolderPath":"/internal/processed/wf_Load_Subrogation_Files"},"isRESTModernSource":true,"isFileList":false,"handleSpecialChars":false,"handleDecimalRoundOff":false,"frsAsset":false,"dynamicFileName":false,"excludeDynamicFileNameField":false,"currentlyProcessedFileName":false,"retainFieldMetadata":false,"objectName":"SubroDaily.csv","objectLabel":"SubroDaily.csv","useExactSrcNames":false,"tgtObjectAttributes":{"parent":""},"dataFormat":{"@type":"dataFormat","formatId":"Flat","dataFormatAttributes":{"escapeChar":"","rowDelimiter":"","importColumnFromFirstLine":"true","headerLineNumber":"1","maxRowsToPreview":"0","distributionColumn":"","qualifierMode":"MINIMAL","firstDataRow":"2","generateHeader":"true","delimiter":",","qualifier":"\"","targetHeader":"With Header","disableEscapeChar":"true","codePage":"MS Windows Latin 1","fixedWidthMode":"false"}},"runtimeParameterData":{"@type":"mtTaskRuntimeParameterData","isConnectionRuntimeParameter":false,"isObjectRuntimeParameter":false,"connectionParameterName":"FF_Conn","objectParameterName":"Arc_FileName"},"overridableProperties":[],"overriddenFields":[]}],"sequences":[],"inOutParameters":[],"connRuntimeAttrs":[]}]