[{"@type":"mappingTemplate","id":"@1","name":"cdi_map_coverage_items_silver_load","description":"","autoExpireObject":false,"bundleVersion":"0","assetFrsGuid":"cFOZLZTHnUCliU0xODntyw","templateId":"@3","deployTime":1761547022000,"hasParameters":true,"valid":true,"fixedConnection":false,"hasParametersDeployed":true,"fixedConnectionDeployed":false,"isSchemaValidationEnabled":false,"tasks":1,"mappingPreviewFileRecordId":"@2","documentType":"MAPPING","allowMaxFieldLength":false,"specialCharacterSupport":false,"references":[{"@type":"reference","refObjectId":"@eAe8FJ9fmcAd2s1AZZDNWL","refType":"mappletTemplate","refObjInSync":"true"}]}]