[{"@type":"mtTask","id":"@1","name":"s_m_Load_capeanalytics","description":"","autoExpireObject":false,"runtimeEnvironmentId":"@3pADNCV9u0PcgrXjM7rx0t","maxLogs":10,"verbose":false,"mappingId":"@aOZIORvkba2bnlDcIpWSYc","frsGuid":"10LIjBeZBvVe6D9jjIf7OM","shortDescription":"","sessionPropertiesList":[{"name":"Allow Temporary Sequence for Pushdown","value":"NO","recommended":false},{"name":"Allow Temporary View for Pushdown","value":"NO","recommended":false},{"name":"DateTime Format String","value":"MM/DD/YYYY HH24:MI:SS.US","recommended":false},{"name":"Pushdown Optimization","value":"None","recommended":false},{"name":"Pushdown Optimization Context","value":"None","recommended":false},{"name":"Pushdown Optimization Fallback Option","value":"Partial PDO","recommended":false}],"hidden":false,"enableCrossSchemaPushdown":false,"enableParallelRun":false,"autoTunedApplied":false,"autoTunedAppliedType":"NONE","parameterFileName":"Andover_Param_GW.param","parameterFileDir":"$PMRootDir/andover/parameters","paramFileType":"PARAM_FILE_LOCAL","schemaMode":"async","valid":true,"schemaValidationErrorCount":-1,"parameterFileEncoding":"UTF-8","serverlessProperties":{},"taskProperties":[{"@type":"taskProperty","name":"parameterFileDir","currentValue":"$PMRootDir/andover/parameters","type":"STRING","label":"label.parameterFileDir","required":false},{"@type":"taskProperty","name":"parameterFileName","currentValue":"Andover_Param_GW.param","type":"STRING","label":"label.parameterFileName","required":false},{"@type":"taskProperty","name":"outboundMessageUrlQueueTime","currentValue":"","type":"NUMBER","label":"label.outboundMessageUrlQueueTime","required":false},{"@type":"taskProperty","name":"outboundMessageUrlToken","currentValue":"","type":"STRING","label":"label.outboundMessageUrlToken","required":false}],"optimizationPlan":"NONE","isMidstreamPreview":false,"allowMaxFieldLength":false,"specialCharacterSupport":false,"useUserDefinedOrder":false,"parameters":[{"@type":"mtTaskParameter","id":86199144,"name":"$Source$","type":"EXTENDED_SOURCE","label":"FF_Conn_Inbound","description":"","uiProperties":{"cnxtype":"Amazon S3 v2","connectionParameterized":"true","paramName":"FF_Conn_Inbound","paramLabel":"","paramType-mapping":"Connection","logcnx":"FF_Conn_Inbound","isSelectDistinct":"false","isMsrcFilterParameterized":"false","isMsrcSortParameterized":"false","objlabel":"SrcFile","origobjlabel":"","objectParameterized":"true","objDesc":"","objectParamName":"SrcFile","objectParamType-mapping":"DataObject","originalPath":"Source"},"sourceConnectionId":"@4PR5UG8LgQbgjcPh0nvIgA","newFlatFile":false,"newObject":false,"showBusinessNames":true,"naturalOrder":true,"truncateTarget":false,"bulkApiDBTarget":false,"customFuncCfg":{"@type":"customFuncConfig","id":-1,"connections":[],"inputMap":[],"outputFields":[]},"targetRefsV2":{},"targetUpdateColumns":[],"fieldOrderList":[],"extendedObject":{"@type":"extendedObject","object":{"@type":"mObject","name":"advr-np-inbound-data/thirdparty%2F/cape-analytics%2F/capeanalytics_20230425.csv","label":"capeanalytics_20230425.csv","metadataUpdated":false,"relations":[],"children":[]},"singleMode":true,"objects":[{"@type":"mObject","name":"advr-np-inbound-data/thirdparty%2F/cape-analytics%2F/capeanalytics_20230425.csv","label":"capeanalytics_20230425.csv","metadataUpdated":false,"relations":[],"children":[]}],"filters":[],"sortFields":[]},"runtimeAttrs":{"Multipart Download Threshold":"10485760","Hadoop Performance Tuning Options":"","Source Type":"File","Staging Directory":"","Folder Path":"/thirdparty/cape-analytics","Temporary Credential Duration":"7200","Incremental File Load":"NO","Enable Recursive Read":"NO","Encryption Type":"None","Allow Wildcard Characters":"NO","Compression Format":"None","File Name":"","Download Part Size":"5242880"},"oprRuntimeAttrs":{"S3EncryptionType":"None","targetName":"","enableWildChar":"NO","downloadPartSize":"5242880","multipartDownloadThreshold":"10485760","enableIncrementalLoad":"NO","compressionFormat":"None","temporaryCredentialDuration":"7200","S3FolderPath":"/thirdparty/cape-analytics","tempFolderPath":"","additionalDistCpOptions":"","sourceType":"File","enableRecursiveRead":"NO"},"isRESTModernSource":true,"commandType":0,"isFileList":false,"handleSpecialChars":false,"handleDecimalRoundOff":false,"frsAsset":false,"dynamicFileName":false,"excludeDynamicFileNameField":false,"currentlyProcessedFileName":false,"retainFieldMetadata":false,"useExactSrcNames":false,"userUpdated":true,"tgtObjectAttributes":{},"dataFormat":{"@type":"dataFormat","formatId":"Flat","schema":"","dataFormatAttributes":{"escapeChar":"","rowDelimiter":"","importColumnFromFirstLine":"true","headerLineNumber":"1","maxRowsToPreview":"0","distributionColumn":"","qualifierMode":"MINIMAL","firstDataRow":"2","generateHeader":"true","delimiter":",","qualifier":"\"","targetHeader":"With Header","disableEscapeChar":"true","codePage":"UTF-8","fixedWidthMode":"false"}},"runtimeParameterData":{"@type":"mtTaskRuntimeParameterData","isConnectionRuntimeParameter":true,"isObjectRuntimeParameter":true,"connectionParameterName":"FF_Conn_Inbound","objectParameterName":"SrcFile","objectDefaultValue":"capeanalytics_20230425.csv"},"overridableProperties":[{"@type":"overridableProperty","id":"defaultPrecision","labelKey":"Source_defaultPrecision","type":"integer","hidden":false,"required":false,"defaultValue":"","renderingHints":{}},{"@type":"overridableProperty","id":"dataFormat","labelKey":"Source_dataFormat","type":"string","hidden":false,"required":false,"defaultValue":"{\n  \"@type\" : \"dataFormat\",\n  \"formatId\" : \"Flat\",\n  \"schema\" : \"\",\n  \"dataFormatAttributes\" : {\n    \"escapeChar\" : \"\",\n    \"rowDelimiter\" : \"\",\n    \"importColumnFromFirstLine\" : \"true\",\n    \"headerLineNumber\" : \"1\",\n    \"maxRowsToPreview\" : \"0\",\n    \"distributionColumn\" : \"\",\n    \"qualifierMode\" : \"MINIMAL\",\n    \"firstDataRow\" : \"2\",\n    \"generateHeader\" : \"true\",\n    \"delimiter\" : \",\",\n    \"qualifier\" : \"\\\"\",\n    \"targetHeader\" : \"With Header\",\n    \"disableEscapeChar\" : \"true\",\n    \"codePage\" : \"UTF-8\",\n    \"fixedWidthMode\" : \"false\"\n  }\n}","renderingHints":{"renderingType":"json"}}],"overriddenFields":[{"@type":"mtTaskOverriddenField","id":118318011,"name":"cape_primary_structure_latitude","type":"flat_string","precision":11,"scale":0,"platformType":"decimal"},{"@type":"mtTaskOverriddenField","id":118318012,"name":"cape_primary_structure_longitude","type":"flat_string","precision":12,"scale":0,"platformType":"decimal"},{"@type":"mtTaskOverriddenField","id":118318013,"name":"attribute_geometry_id","type":"flat_string","precision":10,"scale":0,"platformType":"decimal"},{"@type":"mtTaskOverriddenField","id":118318014,"name":"cape_parcel_id","type":"flat_string","precision":9,"scale":0,"platformType":"decimal"},{"@type":"mtTaskOverriddenField","id":118318015,"name":"cape_structure_footprint_sqft","type":"flat_string","precision":6,"scale":0,"platformType":"decimal"},{"@type":"mtTaskOverriddenField","id":118318016,"name":"cape_parcel_area_sqft","type":"flat_string","precision":6,"scale":0,"platformType":"decimal"},{"@type":"mtTaskOverriddenField","id":118318017,"name":"BuildingNumber","type":"flat_string","precision":1,"scale":0,"platformType":"decimal"},{"@type":"mtTaskOverriddenField","id":118318018,"name":"EffectiveDt","type":"flat_string","precision":10,"scale":0,"platformType":"string"},{"@type":"mtTaskOverriddenField","id":118318019,"name":"Latitude","type":"flat_string","precision":9,"scale":0,"platformType":"decimal"},{"@type":"mtTaskOverriddenField","id":118318020,"name":"Longitude","type":"flat_string","precision":10,"scale":0,"platformType":"decimal"},{"@type":"mtTaskOverriddenField","id":118318021,"name":"NB_Txn_Date","type":"flat_string","precision":10,"scale":0,"platformType":"string"},{"@type":"mtTaskOverriddenField","id":118318022,"name":"cape_accessory_structure_count","type":"flat_string","precision":2,"scale":0,"platformType":"decimal"},{"@type":"mtTaskOverriddenField","id":118318023,"name":"cape_accessory_structure_count_date","type":"flat_string","precision":10,"scale":0,"platformType":"string"},{"@type":"mtTaskOverriddenField","id":118318024,"name":"cape_pool_enclosure_confidence","type":"flat_string","precision":6,"scale":0,"platformType":"decimal"},{"@type":"mtTaskOverriddenField","id":118318025,"name":"cape_pool_enclosure_date","type":"flat_string","precision":10,"scale":0,"platformType":"string"},{"@type":"mtTaskOverriddenField","id":118318026,"name":"cape_roof_condition_rating_confidence","type":"flat_string","precision":6,"scale":0,"platformType":"decimal"},{"@type":"mtTaskOverriddenField","id":118318027,"name":"cape_roof_condition_rating_date","type":"flat_string","precision":10,"scale":0,"platformType":"string"},{"@type":"mtTaskOverriddenField","id":118318028,"name":"cape_roof_condition_reasons_date","type":"flat_string","precision":10,"scale":0,"platformType":"string"},{"@type":"mtTaskOverriddenField","id":118318029,"name":"cape_roof_covering_confidence","type":"flat_string","precision":6,"scale":0,"platformType":"decimal"},{"@type":"mtTaskOverriddenField","id":118318030,"name":"cape_roof_covering_date","type":"flat_string","precision":10,"scale":0,"platformType":"string"},{"@type":"mtTaskOverriddenField","id":118318031,"name":"cape_roof_extension_confidence","type":"flat_string","precision":6,"scale":0,"platformType":"decimal"},{"@type":"mtTaskOverriddenField","id":118318032,"name":"cape_roof_extension_date","type":"flat_string","precision":10,"scale":0,"platformType":"string"},{"@type":"mtTaskOverriddenField","id":118318033,"name":"cape_roof_facet_count","type":"flat_string","precision":2,"scale":0,"platformType":"decimal"},{"@type":"mtTaskOverriddenField","id":118318034,"name":"cape_roof_facet_count_confidence","type":"flat_string","precision":6,"scale":0,"platformType":"decimal"},{"@type":"mtTaskOverriddenField","id":118318035,"name":"cape_roof_facet_count_date","type":"flat_string","precision":10,"scale":0,"platformType":"string"},{"@type":"mtTaskOverriddenField","id":118318036,"name":"cape_roof_geometry_confidence","type":"flat_string","precision":6,"scale":0,"platformType":"decimal"},{"@type":"mtTaskOverriddenField","id":118318037,"name":"cape_roof_geometry_date","type":"flat_string","precision":10,"scale":0,"platformType":"string"},{"@type":"mtTaskOverriddenField","id":118318038,"name":"cape_roof_loose_organic_matter_confidence","type":"flat_string","precision":6,"scale":0,"platformType":"decimal"},{"@type":"mtTaskOverriddenField","id":118318039,"name":"cape_roof_loose_organic_matter_date","type":"flat_string","precision":10,"scale":0,"platformType":"string"},{"@type":"mtTaskOverriddenField","id":118318040,"name":"cape_roof_material_degradation_confidence","type":"flat_string","precision":6,"scale":0,"platformType":"decimal"},{"@type":"mtTaskOverriddenField","id":118318041,"name":"cape_roof_material_degradation_date","type":"flat_string","precision":10,"scale":0,"platformType":"string"},{"@type":"mtTaskOverriddenField","id":118318042,"name":"cape_roof_material_degradation_reason_confidence","type":"flat_string","precision":6,"scale":0,"platformType":"decimal"},{"@type":"mtTaskOverriddenField","id":118318043,"name":"cape_roof_material_degradation_reason_date","type":"flat_string","precision":10,"scale":0,"platformType":"string"},{"@type":"mtTaskOverriddenField","id":118318044,"name":"cape_roof_natural_discoloration_confidence","type":"flat_string","precision":6,"scale":0,"platformType":"decimal"},{"@type":"mtTaskOverriddenField","id":118318045,"name":"cape_roof_natural_discoloration_date","type":"flat_string","precision":10,"scale":0,"platformType":"string"},{"@type":"mtTaskOverriddenField","id":118318046,"name":"cape_roof_occlusion_confidence","type":"flat_string","precision":6,"scale":0,"platformType":"decimal"},{"@type":"mtTaskOverriddenField","id":118318047,"name":"cape_roof_occlusion_date","type":"flat_string","precision":10,"scale":0,"platformType":"string"},{"@type":"mtTaskOverriddenField","id":118318048,"name":"cape_roof_patching_confidence","type":"flat_string","precision":6,"scale":0,"platformType":"decimal"},{"@type":"mtTaskOverriddenField","id":118318049,"name":"cape_roof_patching_date","type":"flat_string","precision":10,"scale":0,"platformType":"string"},{"@type":"mtTaskOverriddenField","id":118318050,"name":"cape_roof_ponding_confidence","type":"flat_string","precision":6,"scale":0,"platformType":"decimal"},{"@type":"mtTaskOverriddenField","id":118318051,"name":"cape_roof_ponding_date","type":"flat_string","precision":10,"scale":0,"platformType":"string"},{"@type":"mtTaskOverriddenField","id":118318052,"name":"cape_roof_solar_panel_confidence","type":"flat_string","precision":6,"scale":0,"platformType":"decimal"},{"@type":"mtTaskOverriddenField","id":118318053,"name":"cape_roof_solar_panel_date","type":"flat_string","precision":10,"scale":0,"platformType":"string"},{"@type":"mtTaskOverriddenField","id":118318054,"name":"cape_roof_streaking_confidence","type":"flat_string","precision":6,"scale":0,"platformType":"decimal"},{"@type":"mtTaskOverriddenField","id":118318055,"name":"cape_roof_streaking_date","type":"flat_string","precision":10,"scale":0,"platformType":"string"},{"@type":"mtTaskOverriddenField","id":118318056,"name":"cape_roof_tarp_confidence","type":"flat_string","precision":6,"scale":0,"platformType":"decimal"},{"@type":"mtTaskOverriddenField","id":118318057,"name":"cape_roof_tarp_date","type":"flat_string","precision":10,"scale":0,"platformType":"string"},{"@type":"mtTaskOverriddenField","id":118318058,"name":"cape_tree_overhang_confidence","type":"flat_string","precision":6,"scale":0,"platformType":"decimal"},{"@type":"mtTaskOverriddenField","id":118318059,"name":"cape_tree_overhang_date","type":"flat_string","precision":10,"scale":0,"platformType":"string"}]},{"@type":"mtTaskParameter","id":86199145,"name":"$capeanalytics1$","type":"TARGET","label":"DBConnection_TGT","description":"","uiProperties":{"cnxtype":"Amazon Redshift v2","connectionParameterized":"true","paramName":"DBConnection_TGT","paramLabel":"","paramType-mapping":"Connection","logcnx":"DBConnection_TGT","default":"dbo/capeanalytics","objectParameterized":"false","visible":"false","defaultTargetUpdateColumns":"","supportApplyDDLChanges":"false","originalPath":"capeanalytics1"},"targetConnectionId":"@aYZ4ekzHgIPeKpiaoqDLKP","targetObject":"dbo/capeanalytics","targetObjectLabel":"capeanalytics","newFlatFile":false,"newObject":false,"showBusinessNames":true,"naturalOrder":true,"truncateTarget":false,"bulkApiDBTarget":false,"operationType":"Insert","customFuncCfg":{"@type":"customFuncConfig","id":-1,"connections":[],"inputMap":[],"outputFields":[]},"targetRefsV2":{},"targetUpdateColumns":[],"fieldOrderList":[],"extendedObject":{"@type":"extendedObject","singleMode":true,"filters":[],"sortFields":[]},"runtimeAttrs":{"Analyze Target Table":"NO","S3 Bucket Name":"nonproddatawarehouseredshiftclust-staging12d1754e-1w9c6risqayrf","Truncate Target Table Before Data Upload":"NO","S3 Server Side Encryption":"NO","S3 Client Side Encryption":"NO","Preserve record order on write":"NO","Temporary Credential Duration":"7200"},"oprRuntimeAttrs":{"S3ServerSideEncryption":"NO","dataIntegritySupport":"NO","S3ClientSideEncryption":"NO","temporaryCredentialDuration":"7200","S3BucketName":"nonproddatawarehouseredshiftclust-staging12d1754e-1w9c6risqayrf","AnalyzeTargetTable":"NO","TruncateTargetTableBeforeDataUpload":"NO"},"isRESTModernSource":true,"commandType":0,"isFileList":false,"handleSpecialChars":false,"handleDecimalRoundOff":false,"frsAsset":false,"dynamicFileName":false,"excludeDynamicFileNameField":false,"currentlyProcessedFileName":false,"retainFieldMetadata":false,"objectName":"dbo/capeanalytics","objectLabel":"capeanalytics","useExactSrcNames":false,"userUpdated":true,"tgtObjectAttributes":{},"runtimeParameterData":{"@type":"mtTaskRuntimeParameterData","isConnectionRuntimeParameter":true,"isObjectRuntimeParameter":false,"connectionParameterName":"DBConnection_TGT"},"overridableProperties":[],"overriddenFields":[]}],"sequences":[],"inOutParameters":[],"connRuntimeAttrs":[]}]