[{"@type":"mtTask","id":"@1","name":"s_m_Generate_NCOA_file","description":"Generate National Change of Address for quarterly certification","runtimeEnvironmentId":"@3pADNCV9u0PcgrXjM7rx0t","maxLogs":10,"verbose":false,"lastRunTime":1709047920000,"mappingId":"@4Sa8ISUeYyjgaHUSbznCsP","frsGuid":"3ce42yTuVJlbPdnQzhofQH","shortDescription":"Generate National Change of Address for quarterly ...","sessionPropertiesList":[{"name":"Allow Temporary Sequence for Pushdown","value":"NO","recommended":false},{"name":"Allow Temporary View for Pushdown","value":"NO","recommended":false},{"name":"Commit On End Of File","value":"YES","recommended":false},{"name":"Data Column Delimiter","value":"|","recommended":false},{"name":"Error Log File Name","value":"PMError.log","recommended":false},{"name":"Pushdown Optimization","value":"None","recommended":false},{"name":"Pushdown Optimization Context","value":"None","recommended":false},{"name":"Pushdown Optimization Fallback Option","value":"Partial PDO","recommended":false},{"name":"Stop on errors","value":"1","recommended":false}],"enableCrossSchemaPushdown":false,"enableParallelRun":false,"autoTunedApplied":false,"autoTunedAppliedType":"NONE","parameterFileName":"Andover_Param_GW.param","parameterFileDir":"$PMRootDir/andover/parameters","paramFileType":"PARAM_FILE_LOCAL","schemaMode":"async","valid":true,"schemaValidationErrorCount":-1,"serverlessProperties":{},"taskProperties":[{"@type":"taskProperty","name":"parameterFileDir","currentValue":"$PMRootDir/andover/parameters","type":"STRING","label":"label.parameterFileDir","required":false},{"@type":"taskProperty","name":"parameterFileName","currentValue":"Andover_Param_GW.param","type":"STRING","label":"label.parameterFileName","required":false}],"optimizationPlan":"NONE","parameters":[{"@type":"mtTaskParameter","id":79857240,"name":"$SQ_PolicyDetail$","type":"SOURCE","label":"DBConnection_SRC","description":"","uiProperties":{"cnxtype":"Amazon Redshift v2","connectionParameterized":"true","paramName":"DBConnection_SRC","paramLabel":"","paramType-mapping":"Connection","logcnx":"DBConnection_SRC","isSelectDistinct":"false","objectParameterized":"false","visible":"false","originalPath":"SQ_PolicyDetail"},"sourceConnectionId":"@aYZ4ekzHgIPeKpiaoqDLKP","sourceObject":"DUMMY_SQ_PolicyDetail","newFlatFile":false,"newObject":false,"showBusinessNames":true,"naturalOrder":true,"truncateTarget":false,"bulkApiDBTarget":false,"customFuncCfg":{"@type":"customFuncConfig","id":-1,"connections":[],"inputMap":[],"outputFields":[]},"targetRefsV2":{},"targetUpdateColumns":[],"runtimeAttrs":{"Unload Options":"","S3 Bucket Name":"","Post-Sql":"","SQL Query":"","Enable Compression":"YES","Read Mode":"Direct","Multipart Download Threshold Size":"5242880","Staging Directory Location":"","Temporary Credential Duration":"7200","Treat NULL Value as NULL":"NO","Fetch Size":"10000","Schema Name":"","Source Table Name":"","Encryption Type":"None","Select Distinct":"NO","Download S3 Files In Multiple Parts":"NO","Pre-SQL":""},"oprRuntimeAttrs":{"postSql":"","selectDistinct":"NO","EncryptionType":"None","EnableCompression":"YES","sqlQuery":"","fetchSize":"10000","multipartDownloadThreshold":"5242880","temporaryCredentialDuration":"7200","StagingDirectoryLocation":"","schemaName":"","TreatNullValueAsNull":"NO","sourceTableName":"","UnloadOptionsPropertyFile":"","DownloadS3FilesInMultipleParts":"NO","S3BucketName":"","readMode":"Direct","preSql":""},"isRESTModernSource":true,"customQuery":"SELECT PD.PolicyKey,\n       PD.PolicyID,\n       PD.PolicyNumber,\n       PD.StatusCd,\n       PD.PolicyEffectiveDt,\n       PD.PolicyExpirationDt,\n       PD.PolicyCancelDt,\n       PD.ShellPolicyInd,\n       ID.PolicyKey,\n       ID.PolicyStatus,\n       ID.InsuredId,\n       ID.InsuredName,\n       ID.InsuredAddress1,\n       ID.InsuredAddress2,\n       ID.InsuredCity,\n       ID.InsuredZip,\n       ID.RowEffStrtDt,\n       ID.RowEffEndDt\nFROM dbo.InsuredDetail ID\n         INNER JOIN dbo.PolicyDetail PD ON PD.PolicyKey = ID.PolicyKey\nWHERE ID.RowEffEndDt = '9999-12-31 00:00:00.000'\n  AND PD.ShellPolicyInd IS NULL\n  AND PD.PolicyKey NOT LIKE '%x%'\n  AND ((PD.StatusCd IN ('Active', 'Cancel Notice', 'Renewed', 'Non-Renewed', 'Non-Renew Requested', 'Expired') AND\n        PD.PolicyEffectiveDt <= getdate() AND PD.PolicyExpirationDt > getdate()) OR\n       (StatusCd = 'Cancelled' AND PolicyEffectiveDt <= getdate() AND PolicyCancelDt > getdate()))","isFileList":false,"handleSpecialChars":false,"handleDecimalRoundOff":false,"frsAsset":false,"dynamicFileName":false,"excludeDynamicFileNameField":false,"currentlyProcessedFileName":false,"retainFieldMetadata":false,"objectName":"DUMMY_SQ_PolicyDetail","useExactSrcNames":false,"tgtObjectAttributes":{},"runtimeParameterData":{"@type":"mtTaskRuntimeParameterData","isConnectionRuntimeParameter":true,"isObjectRuntimeParameter":false,"connectionParameterName":"DBConnection_SRC"},"overridableProperties":[],"overriddenFields":[]},{"@type":"mtTaskParameter","id":79857241,"name":"$NCOA$","type":"TARGET","label":"FF_Conn_Outbound","description":"","uiProperties":{"cnxtype":"Amazon S3 v2","connectionParameterized":"true","paramName":"FF_Conn_Outbound","paramLabel":"","paramType-mapping":"Connection","logcnx":"FF_Conn_Outbound","default":"$NCOA","objectParameterized":"false","visible":"false","defaultTargetUpdateColumns":"","supportApplyDDLChanges":"true","originalPath":"NCOA"},"targetConnectionId":"@2xG9sf0VgfKh3CkghuJRmA","targetObject":"$NCOA","targetObjectLabel":"internal/NCOA/NCOA_%Y%m%d.txt","newFlatFile":false,"newObject":true,"showBusinessNames":true,"naturalOrder":true,"newObjectName":"$NCOA","truncateTarget":false,"bulkApiDBTarget":false,"operationType":"Insert","customFuncCfg":{"@type":"customFuncConfig","id":-1,"connections":[],"inputMap":[],"outputFields":[]},"targetRefsV2":{},"targetUpdateColumns":[],"extendedObject":{"@type":"extendedObject","singleMode":true,"filters":[],"sortFields":[]},"runtimeAttrs":{"Folder Path":"","Temporary Credential Duration":"3600"},"oprRuntimeAttrs":{"temporaryCredentialDuration":"3600","S3FolderPath":""},"isRESTModernSource":true,"isFileList":false,"handleSpecialChars":true,"handleDecimalRoundOff":false,"frsAsset":false,"dynamicFileName":false,"excludeDynamicFileNameField":false,"currentlyProcessedFileName":false,"retainFieldMetadata":false,"objectName":"$NCOA","objectLabel":"internal/NCOA/NCOA_%Y%m%d.txt","useExactSrcNames":false,"tgtObjectAttributes":{"parent":"internal/NCOA"},"dataFormat":{"@type":"dataFormat","formatId":"Flat","schema":"","fwConfigId":"@6HdW1ltN3ntea02u1Xx5ke","dataFormatAttributes":{"escapeChar":"\\","rowDelimiter":"","importColumnFromFirstLine":"true","headerLineNumber":"1","maxRowsToPreview":"0","distributionColumn":"","qualifierMode":"MINIMAL","firstDataRow":"2","generateHeader":"true","delimiter":",","qualifier":"\"","targetHeader":"With Header","disableEscapeChar":"true","codePage":"UTF-8","fixedWidthMode":"true"}},"runtimeParameterData":{"@type":"mtTaskRuntimeParameterData","isConnectionRuntimeParameter":true,"isObjectRuntimeParameter":false,"connectionParameterName":"FF_Conn_Outbound"},"overridableProperties":[],"overriddenFields":[]}],"sequences":[],"inOutParameters":[],"connRuntimeAttrs":[]}]