[{"@type":"mappletTemplate","id":"@1","name":"mplt_Replace_Non_Alphabetic_with_Space","description":"Replaces all non-alphabetic characters with a character space. Trims multiple successive spaces to a single space.","autoExpireObject":false,"documentType":"DMAPPLET","valid":true,"validForEngines":["CDI","CDI_E"],"active":false,"hasFixedReferences":false,"templateId":"@2","templateImageId":"@3","references":[{"@type":"reference","refObjectId":"@9xbbdJ3VtGdjR2gR6HPVeM","refType":"frsDocument"},{"@type":"reference","refObjectId":"@5zXxFoKvIukbUrCT8tyzkb","refType":"frsDocument"}]}]