[{"@type":"mtTask","id":"@1","name":"s_m_PMS_Load_Reinsurance_Trans_From_Ceded_Stg","description":"Session pushed from PC to ICS : s_m_PMS_Load_Reinsurance_Trans_From_Ceded_Stg","autoExpireObject":false,"runtimeEnvironmentId":"@3pADNCV9u0PcgrXjM7rx0t","maxLogs":10,"verbose":false,"mappingId":"@8jkZAwTxWAwegKgNP4v60U","frsGuid":"7NZlz0mTjb4hL4ewmSkAMa","shortDescription":"Session pushed from PC to ICS : s_m_PMS_Load_Reins...","sessionPropertiesList":[{"name":"Allow Temporary Sequence for Pushdown","value":"NO","recommended":false},{"name":"Allow Temporary View for Pushdown","value":"NO","recommended":false},{"name":"Data Column Delimiter","value":"|","recommended":false},{"name":"DateTime Format String","value":"MM/DD/YYYY HH24:MI:SS.US","recommended":false},{"name":"Error Log File Name","value":"PMError.log","recommended":false},{"name":"Pushdown Optimization","value":"None","recommended":false},{"name":"Pushdown Optimization Context","value":"None","recommended":false},{"name":"Pushdown Optimization Fallback Option","value":"Partial PDO","recommended":false}],"hidden":false,"enableCrossSchemaPushdown":false,"enableParallelRun":false,"autoTunedApplied":false,"autoTunedAppliedType":"NONE","parameterFileName":"Andover_Param_GW.param","parameterFileDir":"$PMRootDir/andover/parameters","paramFileType":"PARAM_FILE_LOCAL","schemaMode":"async","valid":true,"schemaValidationErrorCount":-1,"serverlessProperties":{},"taskProperties":[{"@type":"taskProperty","name":"parameterFileDir","currentValue":"$PMRootDir/andover/parameters","type":"STRING","label":"label.parameterFileDir","required":false},{"@type":"taskProperty","name":"parameterFileName","currentValue":"Andover_Param_GW.param","type":"STRING","label":"label.parameterFileName","required":false},{"@type":"taskProperty","name":"outboundMessageUrlQueueTime","currentValue":"","type":"NUMBER","label":"label.outboundMessageUrlQueueTime","required":false},{"@type":"taskProperty","name":"outboundMessageUrlToken","currentValue":"","type":"STRING","label":"label.outboundMessageUrlToken","required":false}],"optimizationPlan":"NONE","isMidstreamPreview":false,"allowMaxFieldLength":false,"specialCharacterSupport":false,"useUserDefinedOrder":false,"parameters":[{"@type":"mtTaskParameter","id":100600293,"name":"$SQ_Ceded_PolicyReinsurance_Stg$","type":"SOURCE","label":"DBConnection_SRC","description":"","uiProperties":{"cnxtype":"Amazon Redshift v2","connectionParameterized":"true","paramName":"DBConnection_SRC","paramLabel":"","paramType-mapping":"Connection","logcnx":"DBConnection_SRC","isSelectDistinct":"false","objectParameterized":"false","visible":"false","originalPath":"SQ_Ceded_PolicyReinsurance_Stg"},"sourceConnectionId":"@aYZ4ekzHgIPeKpiaoqDLKP","sourceObject":"DUMMY_SQ_Ceded_PolicyReinsurance_Stg","newFlatFile":false,"newObject":false,"showBusinessNames":true,"naturalOrder":true,"truncateTarget":false,"bulkApiDBTarget":false,"customFuncCfg":{"@type":"customFuncConfig","id":-1,"connections":[],"inputMap":[],"outputFields":[]},"targetRefsV2":{},"targetUpdateColumns":[],"fieldOrderList":[],"runtimeAttrs":{"Unload Options":"","S3 Bucket Name":"","Post-Sql":"","SQL Query":"","Enable Compression":"YES","Read Mode":"Direct","Multipart Download Threshold Size":"5242880","Staging Directory Location":"","Temporary Credential Duration":"7200","Treat NULL Value as NULL":"NO","Fetch Size":"10000","Schema Name":"","Source Table Name":"","Encryption Type":"None","Select Distinct":"NO","Download S3 Files In Multiple Parts":"NO","Pre-SQL":""},"oprRuntimeAttrs":{"postSql":"","selectDistinct":"NO","EncryptionType":"None","EnableCompression":"YES","sqlQuery":"","fetchSize":"10000","multipartDownloadThreshold":"5242880","temporaryCredentialDuration":"7200","StagingDirectoryLocation":"","schemaName":"","TreatNullValueAsNull":"NO","sourceTableName":"","UnloadOptionsPropertyFile":"","DownloadS3FilesInMultipleParts":"NO","S3BucketName":"","readMode":"Direct","preSql":""},"isRESTModernSource":true,"customQuery":"SELECT \nStg.PolicySymbol, \nStg.PolicyNumber, \nStg.ModuleNumber, \nStg.RiskState, \nStg.Transactions, \nStg.Agent_CompanyNumber, \nStg.MajorPeril, \nStg.CoverageEffectiveDate, \nStg.PolicyEffectiveDate, \nStg.PolicyExpirationDate, \nStg.CededWrittenPremium, \nStg.AccountingMonthYear, \nStg.Stateline, \nStg.AnnualStatementLine, \nCOALESCE(LKP.POLICY_KEY,LATEST_POL.POLICY_KEY,'Not Applicable') AS POLICY_KEY\n,stg.CommissionRate as CommissionRate\n,stg.OriginalPremiumCancelAmount  as OriginalPremiumCancelAmount\n,stg.Unit as Unit\nFROM\n dbo.Ceded_PolicyReinsurance_Stg stg LEFT JOIN (Select POLICY_SYMBOL,POLICY_NUMBER,Module_Number,min(POLICY_KEY) as Policy_Key,min(company_Number) as Company_Number from dbo.lkp_policy_key \n group by POLICY_SYMBOL,POLICY_NUMBER,Module_Number\n )lkp\non stg.PolicySymbol=lkp.POLICY_SYMBOL\nAND Stg.PolicyNumber=lkp.POLICY_NUMBER\nand Stg.ModuleNumber=lkp.Module_Number\nand Stg.Agent_CompanyNumber NOT IN \n('0000001','0000019','0000024','0000025','0000026','0000032','0000034')\n LEFT JOIN ( SELECT A.POLICY_SYMBOL,B.POLICY_NUMBER,B.POLICY_KEY FROM \n (select \n POLICY_SYMBOL,POLICY_NUMBER,MAX(MODULE_NUMBER) AS LATEST_MODULE_NUMBER FROM dbo.lkp_policy_key\n GROUP BY  POLICY_SYMBOL,POLICY_NUMBER) A JOIN  dbo.lkp_policy_key B\n ON A.POLICY_SYMBOL=B.POLICY_SYMBOL AND A.POLICY_NUMBER=B.POLICY_NUMBER AND A.LATEST_MODULE_NUMBER=B.MODULE_NUMBER\n )LATEST_POL\n ON STG.POLICYSYMBOL=LATEST_POL.POLICY_SYMBOL \n AND STG.POLICYNUMBER=LATEST_POL.POLICY_NUMBER\n AND Stg.Agent_CompanyNumber  IN ('0000019')","commandType":0,"isFileList":false,"handleSpecialChars":false,"handleDecimalRoundOff":false,"frsAsset":false,"dynamicFileName":false,"excludeDynamicFileNameField":false,"currentlyProcessedFileName":false,"retainFieldMetadata":false,"objectName":"DUMMY_SQ_Ceded_PolicyReinsurance_Stg","useExactSrcNames":false,"userUpdated":true,"tgtObjectAttributes":{},"runtimeParameterData":{"@type":"mtTaskRuntimeParameterData","isConnectionRuntimeParameter":true,"isObjectRuntimeParameter":false,"connectionParameterName":"DBConnection_SRC"},"overridableProperties":[],"overriddenFields":[]},{"@type":"mtTaskParameter","id":100600294,"name":"$PMS_Policy_Reins_Transaction$","type":"TARGET","label":"DBConnection_TGT","description":"","uiProperties":{"cnxtype":"Amazon Redshift v2","connectionParameterized":"true","paramName":"DBConnection_TGT","paramLabel":"","paramType-mapping":"Connection","logcnx":"DBConnection_TGT","default":"dbo/pms_policy_reins_transaction","objectParameterized":"false","visible":"false","defaultTargetUpdateColumns":"","supportApplyDDLChanges":"false","originalPath":"PMS_Policy_Reins_Transaction"},"targetConnectionId":"@aYZ4ekzHgIPeKpiaoqDLKP","targetObject":"dbo/pms_policy_reins_transaction","targetObjectLabel":"pms_policy_reins_transaction","newFlatFile":false,"newObject":false,"showBusinessNames":true,"naturalOrder":true,"truncateTarget":false,"bulkApiDBTarget":false,"operationType":"Insert","customFuncCfg":{"@type":"customFuncConfig","id":-1,"connections":[],"inputMap":[],"outputFields":[]},"targetRefsV2":{},"targetUpdateColumns":[],"fieldOrderList":[],"extendedObject":{"@type":"extendedObject","singleMode":true,"filters":[],"sortFields":[]},"runtimeAttrs":{"Recovery Schema Name":"","Transfer Manager Thread Pool Size":"10","Override Target Query":"","Post-Sql":"","Enable Compression":"YES","S3 Server Side Encryption":"NO","WaitTime In Seconds For S3 File Consistency":"0","Error File Directory":"","Preserve record order on write":"NO","Require Null Value For Char And Varchar":"","Temporary Credential Duration":"7200","Schema Name":"","Analyze Target Table":"NO","Truncate Target Table Before Data Upload":"NO","S3 Client Side Encryption":"NO","Minimum Upload Part Size":"5242880","Number of files per batch":"0","Vacuum Target Table":"None","Prefix To Retain For Staging Files On S3":"","S3 Bucket Name":"nonproddatawarehouseredshiftclust-staging12d1754e-1w9c6risqayrf","Staging Directory Location":"","Max Errors Per Batch Upload Insert":"1","Copy Options":"","Batch Size":"2000000","Treat Source Rows As":"INSERT","Target Table Name":"","Pre-SQL":"","Success File Directory":""},"oprRuntimeAttrs":{"ErrorFileDirectory":"","numberOfFilesPerBatch":"0","S3ServerSideEncryption":"NO","CopyOptionsPropertyFile":"","SuccessFileDirectory":"","StagingDirectoryLocation":"","schemaName":"","AnalyzeTargetTable":"NO","dataIntegritySupport":"NO","PrefixToRetainForStagingFilesOnS3":"","minUploadPartSize":"5242880","targetTableName":"","postSql":"","BatchSize":"2000000","EnableCompression":"YES","TreatSourceRowsAs":"INSERT","RequireNullValueForCharAndVarchar":"","overrideTargetQuery":"","temporaryCredentialDuration":"7200","TruncateTargetTableBeforeDataUpload":"NO","WaitTimeInSecondsForS3FileConsistency":"0","VacuumTargetTable":"None","MaxErrorsPerBatchUploadForInsert":"1","S3ClientSideEncryption":"NO","recoverySchemaName":"","S3BucketName":"nonproddatawarehouseredshiftclust-staging12d1754e-1w9c6risqayrf","txManagerThreadPoolSize":"10","preSql":""},"isRESTModernSource":true,"commandType":0,"isFileList":false,"handleSpecialChars":false,"handleDecimalRoundOff":false,"frsAsset":false,"dynamicFileName":false,"excludeDynamicFileNameField":false,"currentlyProcessedFileName":false,"retainFieldMetadata":false,"objectName":"dbo/pms_policy_reins_transaction","objectLabel":"pms_policy_reins_transaction","useExactSrcNames":false,"userUpdated":true,"tgtObjectAttributes":{},"runtimeParameterData":{"@type":"mtTaskRuntimeParameterData","isConnectionRuntimeParameter":true,"isObjectRuntimeParameter":false,"connectionParameterName":"DBConnection_TGT"},"overridableProperties":[],"overriddenFields":[]},{"@type":"mtTaskParameter","id":100600295,"name":"$m_lookup_ids_lkp_HIER_LOB$","type":"LOOKUP","label":"m_lookup_ids_DBConnection_Tgt","description":"","uiProperties":{"cnxtype":"Amazon Redshift v2","connectionParameterized":"true","paramName":"m_lookup_ids_DBConnection_Tgt","paramLabel":"","paramType-mapping":"Connection","logcnx":"m_lookup_ids_DBConnection_Tgt","isCachedLookup":"true","multipleMatchPolicy":"Use First Value","default":"dbo/hier_dim_lob","objectParameterized":"false","visible":"false","originalPath":"m_lookup_ids.lkp_HIER_LOB"},"lookupConnectionId":"@aYZ4ekzHgIPeKpiaoqDLKP","lookupObject":"dbo/hier_dim_lob","lookupObjectLabel":"hier_dim_lob","newFlatFile":false,"newObject":false,"showBusinessNames":true,"naturalOrder":true,"truncateTarget":false,"bulkApiDBTarget":false,"customFuncCfg":{"@type":"customFuncConfig","id":-1,"connections":[],"inputMap":[],"outputFields":[]},"targetRefsV2":{},"targetUpdateColumns":[],"fieldOrderList":[],"runtimeAttrs":{},"isRESTModernSource":true,"commandType":0,"isFileList":false,"handleSpecialChars":false,"handleDecimalRoundOff":false,"frsAsset":false,"dynamicFileName":false,"excludeDynamicFileNameField":false,"currentlyProcessedFileName":false,"retainFieldMetadata":false,"objectName":"dbo/hier_dim_lob","objectLabel":"hier_dim_lob","useExactSrcNames":false,"userUpdated":true,"tgtObjectAttributes":{},"runtimeParameterData":{"@type":"mtTaskRuntimeParameterData","isConnectionRuntimeParameter":true,"isObjectRuntimeParameter":false,"connectionParameterName":"m_lookup_ids_DBConnection_Tgt"},"overridableProperties":[],"overriddenFields":[]},{"@type":"mtTaskParameter","id":100600296,"name":"$m_lookup_ids_lkp_HIER_Risk_State$","type":"LOOKUP","label":"m_lookup_ids_DBConnection_Tgt","description":"","uiProperties":{"cnxtype":"Amazon Redshift v2","connectionParameterized":"true","paramName":"m_lookup_ids_DBConnection_Tgt","paramLabel":"","paramType-mapping":"Connection","logcnx":"m_lookup_ids_DBConnection_Tgt","isCachedLookup":"true","multipleMatchPolicy":"Use First Value","default":"dbo/hier_dim_riskstate","objectParameterized":"false","visible":"false","originalPath":"m_lookup_ids.lkp_HIER_Risk_State"},"lookupConnectionId":"@aYZ4ekzHgIPeKpiaoqDLKP","lookupObject":"dbo/hier_dim_riskstate","lookupObjectLabel":"hier_dim_riskstate","newFlatFile":false,"newObject":false,"showBusinessNames":true,"naturalOrder":true,"truncateTarget":false,"bulkApiDBTarget":false,"customFuncCfg":{"@type":"customFuncConfig","id":-1,"connections":[],"inputMap":[],"outputFields":[]},"targetRefsV2":{},"targetUpdateColumns":[],"fieldOrderList":[],"runtimeAttrs":{},"isRESTModernSource":true,"commandType":0,"isFileList":false,"handleSpecialChars":false,"handleDecimalRoundOff":false,"frsAsset":false,"dynamicFileName":false,"excludeDynamicFileNameField":false,"currentlyProcessedFileName":false,"retainFieldMetadata":false,"objectName":"dbo/hier_dim_riskstate","objectLabel":"hier_dim_riskstate","useExactSrcNames":false,"userUpdated":true,"tgtObjectAttributes":{},"runtimeParameterData":{"@type":"mtTaskRuntimeParameterData","isConnectionRuntimeParameter":true,"isObjectRuntimeParameter":false,"connectionParameterName":"m_lookup_ids_DBConnection_Tgt"},"overridableProperties":[],"overriddenFields":[]},{"@type":"mtTaskParameter","id":100600297,"name":"$m_lookup_ids_lkp_bor_sprinkler$","type":"LOOKUP","label":"m_lookup_ids_DBConnection_Tgt","description":"","uiProperties":{"cnxtype":"Amazon Redshift v2","connectionParameterized":"true","paramName":"m_lookup_ids_DBConnection_Tgt","paramLabel":"","paramType-mapping":"Connection","logcnx":"m_lookup_ids_DBConnection_Tgt","isCachedLookup":"true","multipleMatchPolicy":"Use Any Value","default":"dbo/dim_bor_sprinkler","objectParameterized":"false","visible":"false","originalPath":"m_lookup_ids.lkp_bor_sprinkler"},"lookupConnectionId":"@aYZ4ekzHgIPeKpiaoqDLKP","lookupObject":"dbo/dim_bor_sprinkler","lookupObjectLabel":"dim_bor_sprinkler","newFlatFile":false,"newObject":false,"showBusinessNames":true,"naturalOrder":true,"truncateTarget":false,"bulkApiDBTarget":false,"customFuncCfg":{"@type":"customFuncConfig","id":-1,"connections":[],"inputMap":[],"outputFields":[]},"targetRefsV2":{},"targetUpdateColumns":[],"fieldOrderList":[],"runtimeAttrs":{},"isRESTModernSource":true,"commandType":0,"isFileList":false,"handleSpecialChars":false,"handleDecimalRoundOff":false,"frsAsset":false,"dynamicFileName":false,"excludeDynamicFileNameField":false,"currentlyProcessedFileName":false,"retainFieldMetadata":false,"objectName":"dbo/dim_bor_sprinkler","objectLabel":"dim_bor_sprinkler","useExactSrcNames":false,"userUpdated":true,"tgtObjectAttributes":{},"runtimeParameterData":{"@type":"mtTaskRuntimeParameterData","isConnectionRuntimeParameter":true,"isObjectRuntimeParameter":false,"connectionParameterName":"m_lookup_ids_DBConnection_Tgt"},"overridableProperties":[],"overriddenFields":[]},{"@type":"mtTaskParameter","id":100600298,"name":"$m_lookup_ids_lkp_company$","type":"LOOKUP","label":"m_lookup_ids_DBConnection_Tgt","description":"","uiProperties":{"cnxtype":"Amazon Redshift v2","connectionParameterized":"true","paramName":"m_lookup_ids_DBConnection_Tgt","paramLabel":"","paramType-mapping":"Connection","logcnx":"m_lookup_ids_DBConnection_Tgt","isCachedLookup":"true","multipleMatchPolicy":"Use First Value","default":"dbo/dim_company","objectParameterized":"false","visible":"false","originalPath":"m_lookup_ids.lkp_company"},"lookupConnectionId":"@aYZ4ekzHgIPeKpiaoqDLKP","lookupObject":"dbo/dim_company","lookupObjectLabel":"dim_company","newFlatFile":false,"newObject":false,"showBusinessNames":true,"naturalOrder":true,"truncateTarget":false,"bulkApiDBTarget":false,"customFuncCfg":{"@type":"customFuncConfig","id":-1,"connections":[],"inputMap":[],"outputFields":[]},"targetRefsV2":{},"targetUpdateColumns":[],"fieldOrderList":[],"runtimeAttrs":{},"isRESTModernSource":true,"commandType":0,"isFileList":false,"handleSpecialChars":false,"handleDecimalRoundOff":false,"frsAsset":false,"dynamicFileName":false,"excludeDynamicFileNameField":false,"currentlyProcessedFileName":false,"retainFieldMetadata":false,"objectName":"dbo/dim_company","objectLabel":"dim_company","useExactSrcNames":false,"userUpdated":true,"tgtObjectAttributes":{},"runtimeParameterData":{"@type":"mtTaskRuntimeParameterData","isConnectionRuntimeParameter":true,"isObjectRuntimeParameter":false,"connectionParameterName":"m_lookup_ids_DBConnection_Tgt"},"overridableProperties":[],"overriddenFields":[]},{"@type":"mtTaskParameter","id":100600299,"name":"$m_lookup_ids_lkp_constructionType$","type":"LOOKUP","label":"m_lookup_ids_DBConnection_Tgt","description":"","uiProperties":{"cnxtype":"Amazon Redshift v2","connectionParameterized":"true","paramName":"m_lookup_ids_DBConnection_Tgt","paramLabel":"","paramType-mapping":"Connection","logcnx":"m_lookup_ids_DBConnection_Tgt","isCachedLookup":"true","multipleMatchPolicy":"Use First Value","default":"dbo/dim_constructiontype","objectParameterized":"false","visible":"false","originalPath":"m_lookup_ids.lkp_constructionType"},"lookupConnectionId":"@aYZ4ekzHgIPeKpiaoqDLKP","lookupObject":"dbo/dim_constructiontype","lookupObjectLabel":"dim_constructiontype","newFlatFile":false,"newObject":false,"showBusinessNames":true,"naturalOrder":true,"truncateTarget":false,"bulkApiDBTarget":false,"customFuncCfg":{"@type":"customFuncConfig","id":-1,"connections":[],"inputMap":[],"outputFields":[]},"targetRefsV2":{},"targetUpdateColumns":[],"fieldOrderList":[],"runtimeAttrs":{},"isRESTModernSource":true,"commandType":0,"isFileList":false,"handleSpecialChars":false,"handleDecimalRoundOff":false,"frsAsset":false,"dynamicFileName":false,"excludeDynamicFileNameField":false,"currentlyProcessedFileName":false,"retainFieldMetadata":false,"objectName":"dbo/dim_constructiontype","objectLabel":"dim_constructiontype","useExactSrcNames":false,"userUpdated":true,"tgtObjectAttributes":{},"runtimeParameterData":{"@type":"mtTaskRuntimeParameterData","isConnectionRuntimeParameter":true,"isObjectRuntimeParameter":false,"connectionParameterName":"m_lookup_ids_DBConnection_Tgt"},"overridableProperties":[],"overriddenFields":[]},{"@type":"mtTaskParameter","id":100600300,"name":"$m_lookup_ids_lkp_construction_year$","type":"LOOKUP","label":"m_lookup_ids_DBConnection_Tgt","description":"","uiProperties":{"cnxtype":"Amazon Redshift v2","connectionParameterized":"true","paramName":"m_lookup_ids_DBConnection_Tgt","paramLabel":"","paramType-mapping":"Connection","logcnx":"m_lookup_ids_DBConnection_Tgt","isCachedLookup":"true","multipleMatchPolicy":"Use First Value","default":"dbo/view_construction_year","objectParameterized":"false","visible":"false","originalPath":"m_lookup_ids.lkp_construction_year"},"lookupConnectionId":"@aYZ4ekzHgIPeKpiaoqDLKP","lookupObject":"dbo/view_construction_year","lookupObjectLabel":"view_construction_year","newFlatFile":false,"newObject":false,"showBusinessNames":true,"naturalOrder":true,"truncateTarget":false,"bulkApiDBTarget":false,"customFuncCfg":{"@type":"customFuncConfig","id":-1,"connections":[],"inputMap":[],"outputFields":[]},"targetRefsV2":{},"targetUpdateColumns":[],"fieldOrderList":[],"runtimeAttrs":{},"isRESTModernSource":true,"commandType":0,"isFileList":false,"handleSpecialChars":false,"handleDecimalRoundOff":false,"frsAsset":false,"dynamicFileName":false,"excludeDynamicFileNameField":false,"currentlyProcessedFileName":false,"retainFieldMetadata":false,"objectName":"dbo/view_construction_year","objectLabel":"view_construction_year","useExactSrcNames":false,"userUpdated":true,"tgtObjectAttributes":{},"runtimeParameterData":{"@type":"mtTaskRuntimeParameterData","isConnectionRuntimeParameter":true,"isObjectRuntimeParameter":false,"connectionParameterName":"m_lookup_ids_DBConnection_Tgt"},"overridableProperties":[],"overriddenFields":[]},{"@type":"mtTaskParameter","id":100600301,"name":"$m_lookup_ids_lkp_contents_limit$","type":"LOOKUP","label":"m_lookup_ids_DBConnection_Tgt","description":"","uiProperties":{"cnxtype":"Amazon Redshift v2","connectionParameterized":"true","paramName":"m_lookup_ids_DBConnection_Tgt","paramLabel":"","paramType-mapping":"Connection","logcnx":"m_lookup_ids_DBConnection_Tgt","isCachedLookup":"true","multipleMatchPolicy":"Use First Value","default":"dbo/view_dim_limits","objectParameterized":"false","visible":"false","originalPath":"m_lookup_ids.lkp_contents_limit"},"lookupConnectionId":"@aYZ4ekzHgIPeKpiaoqDLKP","lookupObject":"dbo/view_dim_limits","lookupObjectLabel":"view_dim_limits","newFlatFile":false,"newObject":false,"showBusinessNames":true,"naturalOrder":true,"truncateTarget":false,"bulkApiDBTarget":false,"customFuncCfg":{"@type":"customFuncConfig","id":-1,"connections":[],"inputMap":[],"outputFields":[]},"targetRefsV2":{},"targetUpdateColumns":[],"fieldOrderList":[],"runtimeAttrs":{},"isRESTModernSource":true,"commandType":0,"isFileList":false,"handleSpecialChars":false,"handleDecimalRoundOff":false,"frsAsset":false,"dynamicFileName":false,"excludeDynamicFileNameField":false,"currentlyProcessedFileName":false,"retainFieldMetadata":false,"objectName":"dbo/view_dim_limits","objectLabel":"view_dim_limits","useExactSrcNames":false,"userUpdated":true,"tgtObjectAttributes":{},"runtimeParameterData":{"@type":"mtTaskRuntimeParameterData","isConnectionRuntimeParameter":true,"isObjectRuntimeParameter":false,"connectionParameterName":"m_lookup_ids_DBConnection_Tgt"},"overridableProperties":[],"overriddenFields":[]},{"@type":"mtTaskParameter","id":100600302,"name":"$m_lookup_ids_lkp_convert_state$","type":"LOOKUP","label":"m_lookup_ids_DBConnection_Tgt","description":"","uiProperties":{"cnxtype":"Amazon Redshift v2","connectionParameterized":"true","paramName":"m_lookup_ids_DBConnection_Tgt","paramLabel":"","paramType-mapping":"Connection","logcnx":"m_lookup_ids_DBConnection_Tgt","isCachedLookup":"true","multipleMatchPolicy":"Use First Value","default":"dbo/lkp_convert_state_digit_to_alpha","objectParameterized":"false","visible":"false","originalPath":"m_lookup_ids.lkp_convert_state"},"lookupConnectionId":"@aYZ4ekzHgIPeKpiaoqDLKP","lookupObject":"dbo/lkp_convert_state_digit_to_alpha","lookupObjectLabel":"lkp_convert_state_digit_to_alpha","newFlatFile":false,"newObject":false,"showBusinessNames":true,"naturalOrder":true,"truncateTarget":false,"bulkApiDBTarget":false,"customFuncCfg":{"@type":"customFuncConfig","id":-1,"connections":[],"inputMap":[],"outputFields":[]},"targetRefsV2":{},"targetUpdateColumns":[],"fieldOrderList":[],"runtimeAttrs":{},"isRESTModernSource":true,"commandType":0,"isFileList":false,"handleSpecialChars":false,"handleDecimalRoundOff":false,"frsAsset":false,"dynamicFileName":false,"excludeDynamicFileNameField":false,"currentlyProcessedFileName":false,"retainFieldMetadata":false,"objectName":"dbo/lkp_convert_state_digit_to_alpha","objectLabel":"lkp_convert_state_digit_to_alpha","useExactSrcNames":false,"userUpdated":true,"tgtObjectAttributes":{},"runtimeParameterData":{"@type":"mtTaskRuntimeParameterData","isConnectionRuntimeParameter":true,"isObjectRuntimeParameter":false,"connectionParameterName":"m_lookup_ids_DBConnection_Tgt"},"overridableProperties":[],"overriddenFields":[]},{"@type":"mtTaskParameter","id":100600303,"name":"$m_lookup_ids_lkp_fairplan$","type":"LOOKUP","label":"m_lookup_ids_DBConnection_Tgt","description":"","uiProperties":{"cnxtype":"Amazon Redshift v2","connectionParameterized":"true","paramName":"m_lookup_ids_DBConnection_Tgt","paramLabel":"","paramType-mapping":"Connection","logcnx":"m_lookup_ids_DBConnection_Tgt","isCachedLookup":"true","multipleMatchPolicy":"Use First Value","default":"dbo/dim_fairplan","objectParameterized":"false","visible":"false","originalPath":"m_lookup_ids.lkp_fairplan"},"lookupConnectionId":"@aYZ4ekzHgIPeKpiaoqDLKP","lookupObject":"dbo/dim_fairplan","lookupObjectLabel":"dim_fairplan","newFlatFile":false,"newObject":false,"showBusinessNames":true,"naturalOrder":true,"truncateTarget":false,"bulkApiDBTarget":false,"customFuncCfg":{"@type":"customFuncConfig","id":-1,"connections":[],"inputMap":[],"outputFields":[]},"targetRefsV2":{},"targetUpdateColumns":[],"fieldOrderList":[],"runtimeAttrs":{},"isRESTModernSource":true,"commandType":0,"isFileList":false,"handleSpecialChars":false,"handleDecimalRoundOff":false,"frsAsset":false,"dynamicFileName":false,"excludeDynamicFileNameField":false,"currentlyProcessedFileName":false,"retainFieldMetadata":false,"objectName":"dbo/dim_fairplan","objectLabel":"dim_fairplan","useExactSrcNames":false,"userUpdated":true,"tgtObjectAttributes":{},"runtimeParameterData":{"@type":"mtTaskRuntimeParameterData","isConnectionRuntimeParameter":true,"isObjectRuntimeParameter":false,"connectionParameterName":"m_lookup_ids_DBConnection_Tgt"},"overridableProperties":[],"overriddenFields":[]},{"@type":"mtTaskParameter","id":100600304,"name":"$m_lookup_ids_lkp_hier_cat_code$","type":"LOOKUP","label":"m_lookup_ids_DBConnection_Tgt","description":"","uiProperties":{"cnxtype":"Amazon Redshift v2","connectionParameterized":"true","paramName":"m_lookup_ids_DBConnection_Tgt","paramLabel":"","paramType-mapping":"Connection","logcnx":"m_lookup_ids_DBConnection_Tgt","isCachedLookup":"true","multipleMatchPolicy":"Use First Value","default":"dbo/hier_dim_catcode","objectParameterized":"false","visible":"false","originalPath":"m_lookup_ids.lkp_hier_cat_code"},"lookupConnectionId":"@aYZ4ekzHgIPeKpiaoqDLKP","lookupObject":"dbo/hier_dim_catcode","lookupObjectLabel":"hier_dim_catcode","newFlatFile":false,"newObject":false,"showBusinessNames":true,"naturalOrder":true,"truncateTarget":false,"bulkApiDBTarget":false,"customFuncCfg":{"@type":"customFuncConfig","id":-1,"connections":[],"inputMap":[],"outputFields":[]},"targetRefsV2":{},"targetUpdateColumns":[],"fieldOrderList":[],"runtimeAttrs":{},"isRESTModernSource":true,"commandType":0,"isFileList":false,"handleSpecialChars":false,"handleDecimalRoundOff":false,"frsAsset":false,"dynamicFileName":false,"excludeDynamicFileNameField":false,"currentlyProcessedFileName":false,"retainFieldMetadata":false,"objectName":"dbo/hier_dim_catcode","objectLabel":"hier_dim_catcode","useExactSrcNames":false,"userUpdated":true,"tgtObjectAttributes":{},"runtimeParameterData":{"@type":"mtTaskRuntimeParameterData","isConnectionRuntimeParameter":true,"isObjectRuntimeParameter":false,"connectionParameterName":"m_lookup_ids_DBConnection_Tgt"},"overridableProperties":[],"overriddenFields":[]},{"@type":"mtTaskParameter","id":100600305,"name":"$m_lookup_ids_lkp_insurance_score$","type":"LOOKUP","label":"m_lookup_ids_DBConnection_Tgt","description":"","uiProperties":{"cnxtype":"Amazon Redshift v2","connectionParameterized":"true","paramName":"m_lookup_ids_DBConnection_Tgt","paramLabel":"","paramType-mapping":"Connection","logcnx":"m_lookup_ids_DBConnection_Tgt","isCachedLookup":"true","multipleMatchPolicy":"Use First Value","default":"dbo/view_dim_insuracescore","objectParameterized":"false","visible":"false","originalPath":"m_lookup_ids.lkp_insurance_score"},"lookupConnectionId":"@aYZ4ekzHgIPeKpiaoqDLKP","lookupObject":"dbo/view_dim_insuracescore","lookupObjectLabel":"view_dim_insuracescore","newFlatFile":false,"newObject":false,"showBusinessNames":true,"naturalOrder":true,"truncateTarget":false,"bulkApiDBTarget":false,"customFuncCfg":{"@type":"customFuncConfig","id":-1,"connections":[],"inputMap":[],"outputFields":[]},"targetRefsV2":{},"targetUpdateColumns":[],"fieldOrderList":[],"runtimeAttrs":{},"isRESTModernSource":true,"commandType":0,"isFileList":false,"handleSpecialChars":false,"handleDecimalRoundOff":false,"frsAsset":false,"dynamicFileName":false,"excludeDynamicFileNameField":false,"currentlyProcessedFileName":false,"retainFieldMetadata":false,"objectName":"dbo/view_dim_insuracescore","objectLabel":"view_dim_insuracescore","useExactSrcNames":false,"userUpdated":true,"tgtObjectAttributes":{},"runtimeParameterData":{"@type":"mtTaskRuntimeParameterData","isConnectionRuntimeParameter":true,"isObjectRuntimeParameter":false,"connectionParameterName":"m_lookup_ids_DBConnection_Tgt"},"overridableProperties":[],"overriddenFields":[]},{"@type":"mtTaskParameter","id":100600306,"name":"$m_lookup_ids_lkp_liab_limit$","type":"LOOKUP","label":"m_lookup_ids_DBConnection_Tgt","description":"","uiProperties":{"cnxtype":"Amazon Redshift v2","connectionParameterized":"true","paramName":"m_lookup_ids_DBConnection_Tgt","paramLabel":"","paramType-mapping":"Connection","logcnx":"m_lookup_ids_DBConnection_Tgt","isCachedLookup":"true","multipleMatchPolicy":"Use First Value","default":"dbo/dim_liability_limit","objectParameterized":"false","visible":"false","originalPath":"m_lookup_ids.lkp_liab_limit"},"lookupConnectionId":"@aYZ4ekzHgIPeKpiaoqDLKP","lookupObject":"dbo/dim_liability_limit","lookupObjectLabel":"dim_liability_limit","newFlatFile":false,"newObject":false,"showBusinessNames":true,"naturalOrder":true,"truncateTarget":false,"bulkApiDBTarget":false,"customFuncCfg":{"@type":"customFuncConfig","id":-1,"connections":[],"inputMap":[],"outputFields":[]},"targetRefsV2":{},"targetUpdateColumns":[],"fieldOrderList":[],"runtimeAttrs":{},"isRESTModernSource":true,"commandType":0,"isFileList":false,"handleSpecialChars":false,"handleDecimalRoundOff":false,"frsAsset":false,"dynamicFileName":false,"excludeDynamicFileNameField":false,"currentlyProcessedFileName":false,"retainFieldMetadata":false,"objectName":"dbo/dim_liability_limit","objectLabel":"dim_liability_limit","useExactSrcNames":false,"userUpdated":true,"tgtObjectAttributes":{},"runtimeParameterData":{"@type":"mtTaskRuntimeParameterData","isConnectionRuntimeParameter":true,"isObjectRuntimeParameter":false,"connectionParameterName":"m_lookup_ids_DBConnection_Tgt"},"overridableProperties":[],"overriddenFields":[]},{"@type":"mtTaskParameter","id":100600307,"name":"$m_lookup_ids_lkp_limit$","type":"LOOKUP","label":"m_lookup_ids_DBConnection_Tgt","description":"","uiProperties":{"cnxtype":"Amazon Redshift v2","connectionParameterized":"true","paramName":"m_lookup_ids_DBConnection_Tgt","paramLabel":"","paramType-mapping":"Connection","logcnx":"m_lookup_ids_DBConnection_Tgt","isCachedLookup":"true","multipleMatchPolicy":"Use First Value","default":"dbo/view_dim_limits","objectParameterized":"false","visible":"false","originalPath":"m_lookup_ids.lkp_limit"},"lookupConnectionId":"@aYZ4ekzHgIPeKpiaoqDLKP","lookupObject":"dbo/view_dim_limits","lookupObjectLabel":"view_dim_limits","newFlatFile":false,"newObject":false,"showBusinessNames":true,"naturalOrder":true,"truncateTarget":false,"bulkApiDBTarget":false,"customFuncCfg":{"@type":"customFuncConfig","id":-1,"connections":[],"inputMap":[],"outputFields":[]},"targetRefsV2":{},"targetUpdateColumns":[],"fieldOrderList":[],"runtimeAttrs":{},"isRESTModernSource":true,"commandType":0,"isFileList":false,"handleSpecialChars":false,"handleDecimalRoundOff":false,"frsAsset":false,"dynamicFileName":false,"excludeDynamicFileNameField":false,"currentlyProcessedFileName":false,"retainFieldMetadata":false,"objectName":"dbo/view_dim_limits","objectLabel":"view_dim_limits","useExactSrcNames":false,"userUpdated":true,"tgtObjectAttributes":{},"runtimeParameterData":{"@type":"mtTaskRuntimeParameterData","isConnectionRuntimeParameter":true,"isObjectRuntimeParameter":false,"connectionParameterName":"m_lookup_ids_DBConnection_Tgt"},"overridableProperties":[],"overriddenFields":[]},{"@type":"mtTaskParameter","id":100600308,"name":"$m_lookup_ids_lkp_loss_cause$","type":"LOOKUP","label":"m_lookup_ids_DBConnection_Tgt","description":"","uiProperties":{"cnxtype":"Amazon Redshift v2","connectionParameterized":"true","paramName":"m_lookup_ids_DBConnection_Tgt","paramLabel":"","paramType-mapping":"Connection","logcnx":"m_lookup_ids_DBConnection_Tgt","isCachedLookup":"true","multipleMatchPolicy":"Use First Value","default":"dbo/dim_losscause","objectParameterized":"false","visible":"false","originalPath":"m_lookup_ids.lkp_loss_cause"},"lookupConnectionId":"@aYZ4ekzHgIPeKpiaoqDLKP","lookupObject":"dbo/dim_losscause","lookupObjectLabel":"dim_losscause","newFlatFile":false,"newObject":false,"showBusinessNames":true,"naturalOrder":true,"truncateTarget":false,"bulkApiDBTarget":false,"customFuncCfg":{"@type":"customFuncConfig","id":-1,"connections":[],"inputMap":[],"outputFields":[]},"targetRefsV2":{},"targetUpdateColumns":[],"fieldOrderList":[],"runtimeAttrs":{},"isRESTModernSource":true,"commandType":0,"isFileList":false,"handleSpecialChars":false,"handleDecimalRoundOff":false,"frsAsset":false,"dynamicFileName":false,"excludeDynamicFileNameField":false,"currentlyProcessedFileName":false,"retainFieldMetadata":false,"objectName":"dbo/dim_losscause","objectLabel":"dim_losscause","useExactSrcNames":false,"userUpdated":true,"tgtObjectAttributes":{},"runtimeParameterData":{"@type":"mtTaskRuntimeParameterData","isConnectionRuntimeParameter":true,"isObjectRuntimeParameter":false,"connectionParameterName":"m_lookup_ids_DBConnection_Tgt"},"overridableProperties":[],"overriddenFields":[]},{"@type":"mtTaskParameter","id":100600309,"name":"$m_lookup_ids_lkp_major_peril$","type":"LOOKUP","label":"m_lookup_ids_DBConnection_Tgt","description":"","uiProperties":{"cnxtype":"Amazon Redshift v2","connectionParameterized":"true","paramName":"m_lookup_ids_DBConnection_Tgt","paramLabel":"","paramType-mapping":"Connection","logcnx":"m_lookup_ids_DBConnection_Tgt","isCachedLookup":"true","multipleMatchPolicy":"Use First Value","default":"dbo/dim_majorperil","objectParameterized":"false","visible":"false","originalPath":"m_lookup_ids.lkp_major_peril"},"lookupConnectionId":"@aYZ4ekzHgIPeKpiaoqDLKP","lookupObject":"dbo/dim_majorperil","lookupObjectLabel":"dim_majorperil","newFlatFile":false,"newObject":false,"showBusinessNames":true,"naturalOrder":true,"truncateTarget":false,"bulkApiDBTarget":false,"customFuncCfg":{"@type":"customFuncConfig","id":-1,"connections":[],"inputMap":[],"outputFields":[]},"targetRefsV2":{},"targetUpdateColumns":[],"fieldOrderList":[],"runtimeAttrs":{},"isRESTModernSource":true,"commandType":0,"isFileList":false,"handleSpecialChars":false,"handleDecimalRoundOff":false,"frsAsset":false,"dynamicFileName":false,"excludeDynamicFileNameField":false,"currentlyProcessedFileName":false,"retainFieldMetadata":false,"objectName":"dbo/dim_majorperil","objectLabel":"dim_majorperil","useExactSrcNames":false,"userUpdated":true,"tgtObjectAttributes":{},"runtimeParameterData":{"@type":"mtTaskRuntimeParameterData","isConnectionRuntimeParameter":true,"isObjectRuntimeParameter":false,"connectionParameterName":"m_lookup_ids_DBConnection_Tgt"},"overridableProperties":[],"overriddenFields":[]},{"@type":"mtTaskParameter","id":100600310,"name":"$m_lookup_ids_lkp_nbr_apts$","type":"LOOKUP","label":"m_lookup_ids_DBConnection_Tgt","description":"","uiProperties":{"cnxtype":"Amazon Redshift v2","connectionParameterized":"true","paramName":"m_lookup_ids_DBConnection_Tgt","paramLabel":"","paramType-mapping":"Connection","logcnx":"m_lookup_ids_DBConnection_Tgt","isCachedLookup":"true","multipleMatchPolicy":"Use First Value","default":"dbo/lkp_nbr_of_apts","objectParameterized":"false","visible":"false","originalPath":"m_lookup_ids.lkp_nbr_apts"},"lookupConnectionId":"@aYZ4ekzHgIPeKpiaoqDLKP","lookupObject":"dbo/lkp_nbr_of_apts","lookupObjectLabel":"lkp_nbr_of_apts","newFlatFile":false,"newObject":false,"showBusinessNames":true,"naturalOrder":true,"truncateTarget":false,"bulkApiDBTarget":false,"customFuncCfg":{"@type":"customFuncConfig","id":-1,"connections":[],"inputMap":[],"outputFields":[]},"targetRefsV2":{},"targetUpdateColumns":[],"fieldOrderList":[],"runtimeAttrs":{},"isRESTModernSource":true,"commandType":0,"isFileList":false,"handleSpecialChars":false,"handleDecimalRoundOff":false,"frsAsset":false,"dynamicFileName":false,"excludeDynamicFileNameField":false,"currentlyProcessedFileName":false,"retainFieldMetadata":false,"objectName":"dbo/lkp_nbr_of_apts","objectLabel":"lkp_nbr_of_apts","useExactSrcNames":false,"userUpdated":true,"tgtObjectAttributes":{},"runtimeParameterData":{"@type":"mtTaskRuntimeParameterData","isConnectionRuntimeParameter":true,"isObjectRuntimeParameter":false,"connectionParameterName":"m_lookup_ids_DBConnection_Tgt"},"overridableProperties":[],"overriddenFields":[]},{"@type":"mtTaskParameter","id":100600311,"name":"$m_lookup_ids_lkp_nbr_families$","type":"LOOKUP","label":"m_lookup_ids_DBConnection_Tgt","description":"","uiProperties":{"cnxtype":"Amazon Redshift v2","connectionParameterized":"true","paramName":"m_lookup_ids_DBConnection_Tgt","paramLabel":"","paramType-mapping":"Connection","logcnx":"m_lookup_ids_DBConnection_Tgt","isCachedLookup":"true","multipleMatchPolicy":"Use First Value","default":"dbo/lkp_nbr_of_families","objectParameterized":"false","visible":"false","originalPath":"m_lookup_ids.lkp_nbr_families"},"lookupConnectionId":"@aYZ4ekzHgIPeKpiaoqDLKP","lookupObject":"dbo/lkp_nbr_of_families","lookupObjectLabel":"lkp_nbr_of_families","newFlatFile":false,"newObject":false,"showBusinessNames":true,"naturalOrder":true,"truncateTarget":false,"bulkApiDBTarget":false,"customFuncCfg":{"@type":"customFuncConfig","id":-1,"connections":[],"inputMap":[],"outputFields":[]},"targetRefsV2":{},"targetUpdateColumns":[],"fieldOrderList":[],"runtimeAttrs":{},"isRESTModernSource":true,"commandType":0,"isFileList":false,"handleSpecialChars":false,"handleDecimalRoundOff":false,"frsAsset":false,"dynamicFileName":false,"excludeDynamicFileNameField":false,"currentlyProcessedFileName":false,"retainFieldMetadata":false,"objectName":"dbo/lkp_nbr_of_families","objectLabel":"lkp_nbr_of_families","useExactSrcNames":false,"userUpdated":true,"tgtObjectAttributes":{},"runtimeParameterData":{"@type":"mtTaskRuntimeParameterData","isConnectionRuntimeParameter":true,"isObjectRuntimeParameter":false,"connectionParameterName":"m_lookup_ids_DBConnection_Tgt"},"overridableProperties":[],"overriddenFields":[]},{"@type":"mtTaskParameter","id":100600312,"name":"$m_lookup_ids_lkp_new_renewal$","type":"LOOKUP","label":"m_lookup_ids_DBConnection_Tgt","description":"","uiProperties":{"cnxtype":"Amazon Redshift v2","connectionParameterized":"true","paramName":"m_lookup_ids_DBConnection_Tgt","paramLabel":"","paramType-mapping":"Connection","logcnx":"m_lookup_ids_DBConnection_Tgt","isCachedLookup":"true","multipleMatchPolicy":"Use First Value","default":"dbo/dim_newrenewal","objectParameterized":"false","visible":"false","originalPath":"m_lookup_ids.lkp_new_renewal"},"lookupConnectionId":"@aYZ4ekzHgIPeKpiaoqDLKP","lookupObject":"dbo/dim_newrenewal","lookupObjectLabel":"dim_newrenewal","newFlatFile":false,"newObject":false,"showBusinessNames":true,"naturalOrder":true,"truncateTarget":false,"bulkApiDBTarget":false,"customFuncCfg":{"@type":"customFuncConfig","id":-1,"connections":[],"inputMap":[],"outputFields":[]},"targetRefsV2":{},"targetUpdateColumns":[],"fieldOrderList":[],"runtimeAttrs":{},"isRESTModernSource":true,"commandType":0,"isFileList":false,"handleSpecialChars":false,"handleDecimalRoundOff":false,"frsAsset":false,"dynamicFileName":false,"excludeDynamicFileNameField":false,"currentlyProcessedFileName":false,"retainFieldMetadata":false,"objectName":"dbo/dim_newrenewal","objectLabel":"dim_newrenewal","useExactSrcNames":false,"userUpdated":true,"tgtObjectAttributes":{},"runtimeParameterData":{"@type":"mtTaskRuntimeParameterData","isConnectionRuntimeParameter":true,"isObjectRuntimeParameter":false,"connectionParameterName":"m_lookup_ids_DBConnection_Tgt"},"overridableProperties":[],"overriddenFields":[]},{"@type":"mtTaskParameter","id":100600313,"name":"$m_lookup_ids_lkp_policy_deductible$","type":"LOOKUP","label":"m_lookup_ids_DBConnection_Tgt","description":"","uiProperties":{"cnxtype":"Amazon Redshift v2","connectionParameterized":"true","paramName":"m_lookup_ids_DBConnection_Tgt","paramLabel":"","paramType-mapping":"Connection","logcnx":"m_lookup_ids_DBConnection_Tgt","isCachedLookup":"true","multipleMatchPolicy":"Use First Value","default":"dbo/dim_policydeductible","objectParameterized":"false","visible":"false","originalPath":"m_lookup_ids.lkp_policy_deductible"},"lookupConnectionId":"@aYZ4ekzHgIPeKpiaoqDLKP","lookupObject":"dbo/dim_policydeductible","lookupObjectLabel":"dim_policydeductible","newFlatFile":false,"newObject":false,"showBusinessNames":true,"naturalOrder":true,"truncateTarget":false,"bulkApiDBTarget":false,"customFuncCfg":{"@type":"customFuncConfig","id":-1,"connections":[],"inputMap":[],"outputFields":[]},"targetRefsV2":{},"targetUpdateColumns":[],"fieldOrderList":[],"runtimeAttrs":{},"isRESTModernSource":true,"commandType":0,"isFileList":false,"handleSpecialChars":false,"handleDecimalRoundOff":false,"frsAsset":false,"dynamicFileName":false,"excludeDynamicFileNameField":false,"currentlyProcessedFileName":false,"retainFieldMetadata":false,"objectName":"dbo/dim_policydeductible","objectLabel":"dim_policydeductible","useExactSrcNames":false,"userUpdated":true,"tgtObjectAttributes":{},"runtimeParameterData":{"@type":"mtTaskRuntimeParameterData","isConnectionRuntimeParameter":true,"isObjectRuntimeParameter":false,"connectionParameterName":"m_lookup_ids_DBConnection_Tgt"},"overridableProperties":[],"overriddenFields":[]},{"@type":"mtTaskParameter","id":100600314,"name":"$m_lookup_ids_lkp_secondary$","type":"LOOKUP","label":"m_lookup_ids_DBConnection_Tgt","description":"","uiProperties":{"cnxtype":"Amazon Redshift v2","connectionParameterized":"true","paramName":"m_lookup_ids_DBConnection_Tgt","paramLabel":"","paramType-mapping":"Connection","logcnx":"m_lookup_ids_DBConnection_Tgt","isCachedLookup":"true","multipleMatchPolicy":"Use Any Value","default":"dbo/dim_secondaryhome","objectParameterized":"false","visible":"false","originalPath":"m_lookup_ids.lkp_secondary"},"lookupConnectionId":"@aYZ4ekzHgIPeKpiaoqDLKP","lookupObject":"dbo/dim_secondaryhome","lookupObjectLabel":"dim_secondaryhome","newFlatFile":false,"newObject":false,"showBusinessNames":true,"naturalOrder":true,"truncateTarget":false,"bulkApiDBTarget":false,"customFuncCfg":{"@type":"customFuncConfig","id":-1,"connections":[],"inputMap":[],"outputFields":[]},"targetRefsV2":{},"targetUpdateColumns":[],"fieldOrderList":[],"runtimeAttrs":{},"isRESTModernSource":true,"commandType":0,"isFileList":false,"handleSpecialChars":false,"handleDecimalRoundOff":false,"frsAsset":false,"dynamicFileName":false,"excludeDynamicFileNameField":false,"currentlyProcessedFileName":false,"retainFieldMetadata":false,"objectName":"dbo/dim_secondaryhome","objectLabel":"dim_secondaryhome","useExactSrcNames":false,"userUpdated":true,"tgtObjectAttributes":{},"runtimeParameterData":{"@type":"mtTaskRuntimeParameterData","isConnectionRuntimeParameter":true,"isObjectRuntimeParameter":false,"connectionParameterName":"m_lookup_ids_DBConnection_Tgt"},"overridableProperties":[],"overriddenFields":[]},{"@type":"mtTaskParameter","id":100600315,"name":"$m_lookup_ids_lkp_zipcounty$","type":"LOOKUP","label":"m_lookup_ids_DBConnection_Tgt","description":"","uiProperties":{"cnxtype":"Amazon Redshift v2","connectionParameterized":"true","paramName":"m_lookup_ids_DBConnection_Tgt","paramLabel":"","paramType-mapping":"Connection","logcnx":"m_lookup_ids_DBConnection_Tgt","isCachedLookup":"true","multipleMatchPolicy":"Use Any Value","default":"dbo/lkp_zipcounty","objectParameterized":"false","visible":"false","originalPath":"m_lookup_ids.lkp_zipcounty"},"lookupConnectionId":"@aYZ4ekzHgIPeKpiaoqDLKP","lookupObject":"dbo/lkp_zipcounty","lookupObjectLabel":"lkp_zipcounty","newFlatFile":false,"newObject":false,"showBusinessNames":true,"naturalOrder":true,"truncateTarget":false,"bulkApiDBTarget":false,"customFuncCfg":{"@type":"customFuncConfig","id":-1,"connections":[],"inputMap":[],"outputFields":[]},"targetRefsV2":{},"targetUpdateColumns":[],"fieldOrderList":[],"runtimeAttrs":{},"isRESTModernSource":true,"commandType":0,"isFileList":false,"handleSpecialChars":false,"handleDecimalRoundOff":false,"frsAsset":false,"dynamicFileName":false,"excludeDynamicFileNameField":false,"currentlyProcessedFileName":false,"retainFieldMetadata":false,"objectName":"dbo/lkp_zipcounty","objectLabel":"lkp_zipcounty","useExactSrcNames":false,"userUpdated":true,"tgtObjectAttributes":{},"runtimeParameterData":{"@type":"mtTaskRuntimeParameterData","isConnectionRuntimeParameter":true,"isObjectRuntimeParameter":false,"connectionParameterName":"m_lookup_ids_DBConnection_Tgt"},"overridableProperties":[],"overriddenFields":[]}],"sequences":[],"inOutParameters":[],"connRuntimeAttrs":[]}]