[{"@type":"mappingTemplate","id":"@1","name":"m_load_insured_portal_insured_detail_from_staging","description":"","bundleVersion":"0","templateId":"@3","deployTime":1721050693000,"hasParameters":true,"valid":true,"fixedConnection":true,"hasParametersDeployed":true,"fixedConnectionDeployed":true,"isSchemaValidationEnabled":false,"tasks":1,"mappingPreviewFileRecordId":"@2","documentType":"MAPPING","references":[{"@type":"reference","refObjectId":"@aYZ4ekzHgIPeKpiaoqDLKP","refType":"connection"}]}]