[{"@type":"mappingTemplate","id":"@1","name":"m_PL_Ceded_Manual_Feed","description":"","autoExpireObject":false,"bundleVersion":"0","assetFrsGuid":"7iLucpK0o2CceDnylMh9Ek","templateId":"@3","deployTime":1768596319000,"hasParameters":true,"valid":true,"fixedConnection":false,"hasParametersDeployed":true,"fixedConnectionDeployed":false,"isSchemaValidationEnabled":false,"tasks":1,"mappingPreviewFileRecordId":"@2","documentType":"","allowMaxFieldLength":false,"specialCharacterSupport":false,"references":[{"@type":"reference","refObjectId":"@4PR5UG8LgQbgjcPh0nvIgA","refType":"connection"}]}]