[{"@type":"mappingTemplate","id":"@1","name":"m_Load_agencyemail_to_AgencyEmail_Stg","description":"Mapping to load AgencyEmail_Stg with two sets of data of Agency (where Group_nup is null) and Group (where Agency_nup is null) in row to column format.","autoExpireObject":false,"bundleVersion":"0","assetFrsGuid":"7PSgGj8pmL1kUrvJENRjkI","templateId":"@3","deployTime":1767815005000,"hasParameters":true,"valid":true,"fixedConnection":false,"hasParametersDeployed":true,"fixedConnectionDeployed":false,"isSchemaValidationEnabled":false,"tasks":1,"mappingPreviewFileRecordId":"@2","documentType":"","allowMaxFieldLength":false,"specialCharacterSupport":false,"references":[]}]