[{"@type":"mtTask","id":"@1","name":"s_m_load_msgr_view_rating","description":"Session pushed from PC to ICS : s_m_load_msgr_view_rating","runtimeEnvironmentId":"@3pADNCV9u0PcgrXjM7rx0t","maxLogs":10,"verbose":false,"lastRunTime":1727162961000,"mappingId":"@5dzmpHFhZu7cgpa5brYPy8","frsGuid":"7IGh6LGR2Cwl2Y5yWrtgqF","shortDescription":"Session pushed from PC to ICS : s_m_load_msgr_view...","sessionPropertiesList":[{"name":"Allow Temporary Sequence for Pushdown","value":"NO","recommended":false},{"name":"Allow Temporary View for Pushdown","value":"NO","recommended":false},{"name":"Data Column Delimiter","value":"|","recommended":false},{"name":"Error Log File Name","value":"PMError.log","recommended":false},{"name":"Pushdown Optimization","value":"None","recommended":false},{"name":"Pushdown Optimization Context","value":"None","recommended":false},{"name":"Pushdown Optimization Fallback Option","value":"Partial PDO","recommended":false}],"hidden":false,"enableCrossSchemaPushdown":false,"enableParallelRun":false,"autoTunedApplied":false,"autoTunedAppliedType":"NONE","parameterFileName":"Andover_Parm_Peregrine.txt","parameterFileDir":"$PMRootDir/andover/parameters","paramFileType":"PARAM_FILE_LOCAL","schemaMode":"async","valid":true,"schemaValidationErrorCount":-1,"serverlessProperties":{},"taskProperties":[{"@type":"taskProperty","name":"parameterFileDir","currentValue":"$PMRootDir/andover/parameters","type":"STRING","label":"label.parameterFileDir","required":false},{"@type":"taskProperty","name":"parameterFileName","currentValue":"Andover_Parm_Peregrine.txt","type":"STRING","label":"label.parameterFileName","required":false},{"@type":"taskProperty","name":"outboundMessageUrlQueueTime","currentValue":"","type":"NUMBER","label":"label.outboundMessageUrlQueueTime","required":false},{"@type":"taskProperty","name":"outboundMessageUrlToken","currentValue":"","type":"STRING","label":"label.outboundMessageUrlToken","required":false}],"optimizationPlan":"NONE","isMidstreamPreview":false,"parameters":[{"@type":"mtTaskParameter","id":98009257,"name":"$SQTRANS$","type":"SOURCE","label":"DBConnection_SRC","description":"","uiProperties":{"cnxtype":"Amazon Redshift v2","connectionParameterized":"true","paramName":"DBConnection_SRC","paramLabel":"","paramType-mapping":"Connection","logcnx":"DBConnection_SRC","isSelectDistinct":"false","objectParameterized":"false","visible":"false","originalPath":"SQTRANS"},"sourceConnectionId":"@aYZ4ekzHgIPeKpiaoqDLKP","sourceObject":"DUMMY_SQTRANS","newFlatFile":false,"newObject":false,"showBusinessNames":true,"naturalOrder":true,"truncateTarget":false,"bulkApiDBTarget":false,"customFuncCfg":{"@type":"customFuncConfig","id":-1,"connections":[],"inputMap":[],"outputFields":[]},"targetRefsV2":{},"targetUpdateColumns":[],"runtimeAttrs":{},"isRESTModernSource":true,"customQuery":"select distinct \n    a.buildinglimitdesc, \n    a.buildingstatus, \n    a.buildinglimit, \n    a.premisesliability, \n    a.buildingclasscd, \n    a.contentsclasscd, \n    a.constructioncd, \n    a.contentslimit, \n    a.standarddeductible, \n    a.numberofapartment, \n    a.numberofapartmentscondo, \n    a.numberofapartmentsband, \n    a.numberofstories, \n    a.sqfeetarea, \n    a.sqftareaband, \n    a.numberoffamilies, \n    a.riskid, \n    a.protectionclass, \n    a.sprinklercd, \n    a.ratingterritory, \n    a.ratingterritorydesc, \n    a.individualriskpremiummod, \n    a.expensemod, \n    a.agecreditamt, \n    a.dupccreditamt, \n    a.latitude, \n    a.longitude, \n    a.buildingwindhaildeductible, \n    a.distancetoshore, \n    a.distancetoshoremile, \n    a.distancetoshorefeet, \n    a.sircoastline, \n    a.buildingclassdescription, \n    a.contentsclassdescription, \n    a.sircoastlinemile, \n    a.sircoastlinefeet, \n    a.floodzone, \n    a.elevation, \n    a.totalinsuredvalue, \n    a.riskcity, \n    a.riskpostalcd, \n    a.riskaddress, \n    a.riskcounty, \n    a.bulidingnumber, \n    a.liabilitylimit, \n    a.covapremium, \n    a.covcpremium, \n    a.cyberliabilitylimit, \n    a.commercialliabilitylimit, \n    a.onpremiseslimit, \n    a.valuablepapersrecords, \n    a.foodspoilagelimit, \n    a.fungiproperty, \n    a.demolitionlimit, \n    a.increasedcostconstructionlimit, \n    a.combdemolitioninccostlimit, \n    a.extbuildingbroadlimit, \n    a.extbuildingeqlimit, \n    a.extbuildingfloodlimit, \n    a.exteriorsignslimit, \n    a.isoearthquakelimit, \n    a.waterbackuplimit, \n    a.blanketbasisind, \n    a.personalliabilitylimit, \n    a.num_vehicles, \n    a.numofbuildingscomplex, \n    a.distancetoshoreband, \n    a.sircoastlineband, \n    a.formattedriskaddress, \n    a.formattedriskzipcode, \n    a.formattedriskcity, \n    a.formattedlatitude, \n    a.formattedlongitude, \n    a.yearbuilt, \n    a.elitepackageind, \n    a.firedistrict, \n    a.formattedstreet, \n    a.formattedcounty, \n    a.optionaldedtype, \n    a.optionalded, \n    a.perunitdeductibletype, \n    a.perunitdeductibleamt, \n    b.policykey, \n    b.carriercd, \n    b.lineofbusiness, \n    b.shellpolicyind, \n    y.displayvalue as \"view_construction_year_display_value\", \n    y.lo as \"view_construction_year_low\", \n    y.hi as \"view_construction_year_high\", \n    l.displayvalue as \"building_limit_displayvalue\", \n    l.hi  as \"building_limit_high\", \n    l.lo as  \"building_limit_low\", \n    l.parentdimid as \"building_limit_parentdim_id\", \n    dl.displayvalue as \"content_limit_displayvalue\", \n    dl.hi  as \"content_limit_high\", \n    dl.lo as  \"content_limit_displaylow\", \n    dl.parentdimid as \"content_limit_parent_dim_id\", \n    o.display_occupancydesc,\n    o.gwoccupancycd,\n    a.offpremiseslimit \nfrom dbo.risk a \nleft join dbo.\"policydetail\" b on a.policykey = b.policykey\nleft join dbo.view_construction_year y on \"yearbuilt\" between y.lo and y.hi\nleft join (\n    select displayvalue, hi, lo, parentdimid\n    from dbo.dim_limits_new \n    where dimid not in (-99,-88,1,25,26)\n) l on buildinglimit::int between l.lo::integer and l.hi::integer\nand (\n    case \n        when b.lineofbusiness in ('businessowners','commercialumbrella')\n            then 26\n        else 25\n    end\n) = l.parentdimid\nleft join (\n    select displayvalue, hi, lo, parentdimid\n    from dbo.dim_limits_new \n    where dimid not in (-99,-88,1,25,26)\n) dl on \"contentslimit\"::integer between dl.lo::integer and dl.hi::integer\nand (\n    case \n        when b.lineofbusiness in ('businessowners','commercialumbrella')\n            then 26\n        else 25\n    end\n) = dl.parentdimid    \nleft join dbo.occupancycd_ref o on o.gwoccupancycd = a.\"occupancycd\"\nwhere a.roweffenddt = '9999-12-31 00:00:00.000'\n    and b.shellpolicyind is null\nAND a.roweffstrtdt >= (SELECT etlbatchstartst FROM dbo.loadbatchetldt WHERE loadetltype = 'wf_msgr_views')","isFileList":false,"handleSpecialChars":false,"handleDecimalRoundOff":false,"frsAsset":false,"dynamicFileName":false,"excludeDynamicFileNameField":false,"currentlyProcessedFileName":false,"retainFieldMetadata":false,"objectName":"DUMMY_SQTRANS","useExactSrcNames":false,"fetchMode":"ORIGINAL","tgtObjectAttributes":{},"runtimeParameterData":{"@type":"mtTaskRuntimeParameterData","isConnectionRuntimeParameter":true,"isObjectRuntimeParameter":false,"connectionParameterName":"DBConnection_SRC"},"overridableProperties":[],"overriddenFields":[]},{"@type":"mtTaskParameter","id":98009258,"name":"$msgr_view_rating_insert$","type":"TARGET","label":"DBConnection_TGT","description":"","uiProperties":{"cnxtype":"Amazon Redshift v2","connectionParameterized":"true","paramName":"DBConnection_TGT","paramLabel":"","paramType-mapping":"Connection","logcnx":"DBConnection_TGT","default":"dbo/msgr_view_rating","objectParameterized":"false","visible":"false","defaultTargetUpdateColumns":"","supportApplyDDLChanges":"false","originalPath":"msgr_view_rating_insert"},"targetConnectionId":"@aYZ4ekzHgIPeKpiaoqDLKP","targetObject":"dbo/msgr_view_rating","targetObjectLabel":"msgr_view_rating","newFlatFile":false,"newObject":false,"showBusinessNames":true,"naturalOrder":true,"truncateTarget":false,"bulkApiDBTarget":false,"operationType":"Rowbased","customFuncCfg":{"@type":"customFuncConfig","id":-1,"connections":[],"inputMap":[],"outputFields":[]},"targetRefsV2":{},"targetUpdateColumns":[],"extendedObject":{"@type":"extendedObject","singleMode":true,"filters":[],"sortFields":[]},"runtimeAttrs":{},"isRESTModernSource":true,"isFileList":false,"handleSpecialChars":false,"handleDecimalRoundOff":false,"frsAsset":false,"dynamicFileName":false,"excludeDynamicFileNameField":false,"currentlyProcessedFileName":false,"retainFieldMetadata":false,"objectName":"dbo/msgr_view_rating","objectLabel":"msgr_view_rating","useExactSrcNames":false,"fetchMode":"ORIGINAL","tgtObjectAttributes":{},"runtimeParameterData":{"@type":"mtTaskRuntimeParameterData","isConnectionRuntimeParameter":true,"isObjectRuntimeParameter":false,"connectionParameterName":"DBConnection_TGT"},"overridableProperties":[],"targetSchemaProviderType":"SELECTED_OBJECT","overriddenFields":[]},{"@type":"mtTaskParameter","id":98009259,"name":"$msgr_view_rating_update$","type":"TARGET","label":"DBConnection_TGT","description":"","uiProperties":{"cnxtype":"Amazon Redshift v2","connectionParameterized":"true","paramName":"DBConnection_TGT","paramLabel":"","paramType-mapping":"Connection","logcnx":"DBConnection_TGT","default":"dbo/msgr_view_rating","objectParameterized":"false","visible":"false","defaultTargetUpdateColumns":"row_id","supportApplyDDLChanges":"false","originalPath":"msgr_view_rating_update"},"targetConnectionId":"@aYZ4ekzHgIPeKpiaoqDLKP","targetObject":"dbo/msgr_view_rating","targetObjectLabel":"msgr_view_rating","newFlatFile":false,"newObject":false,"showBusinessNames":true,"naturalOrder":true,"truncateTarget":false,"bulkApiDBTarget":false,"operationType":"Rowbased","customFuncCfg":{"@type":"customFuncConfig","id":-1,"connections":[],"inputMap":[],"outputFields":[]},"targetRefsV2":{},"targetUpdateColumns":["row_id"],"extendedObject":{"@type":"extendedObject","singleMode":true,"filters":[],"sortFields":[]},"runtimeAttrs":{},"isRESTModernSource":true,"isFileList":false,"handleSpecialChars":false,"handleDecimalRoundOff":false,"frsAsset":false,"dynamicFileName":false,"excludeDynamicFileNameField":false,"currentlyProcessedFileName":false,"retainFieldMetadata":false,"objectName":"dbo/msgr_view_rating","objectLabel":"msgr_view_rating","useExactSrcNames":false,"fetchMode":"ORIGINAL","tgtObjectAttributes":{},"runtimeParameterData":{"@type":"mtTaskRuntimeParameterData","isConnectionRuntimeParameter":true,"isObjectRuntimeParameter":false,"connectionParameterName":"DBConnection_TGT"},"overridableProperties":[],"targetSchemaProviderType":"SELECTED_OBJECT","overriddenFields":[]},{"@type":"mtTaskParameter","id":98009260,"name":"$LKP_Building_Limit_Band$","type":"LOOKUP","label":"DBConnection_SRC","description":"","uiProperties":{"cnxtype":"Amazon Redshift v2","connectionParameterized":"true","paramName":"DBConnection_SRC","paramLabel":"","paramType-mapping":"Connection","logcnx":"DBConnection_SRC","isCachedLookup":"true","multipleMatchPolicy":"Use Any Value","default":"dbo/lkp_building_limit_band","objectParameterized":"false","visible":"false","originalPath":"LKP_Building_Limit_Band"},"lookupConnectionId":"@aYZ4ekzHgIPeKpiaoqDLKP","lookupObject":"dbo/lkp_building_limit_band","lookupObjectLabel":"lkp_building_limit_band","newFlatFile":false,"newObject":false,"showBusinessNames":true,"naturalOrder":true,"truncateTarget":false,"bulkApiDBTarget":false,"customFuncCfg":{"@type":"customFuncConfig","id":-1,"connections":[],"inputMap":[],"outputFields":[]},"targetRefsV2":{},"targetUpdateColumns":[],"runtimeAttrs":{"Cache File Name Prefix":"","Lookup Index Cache Size":"AUTO","Lookup Data Filter":"","Optional":"true","Lookup cache persistent":"false","Lookup source is static":"false","Update Dynamic Cache Condition":"TRUE","Case Sensitive String Comparison":"false","Re-cache from lookup source":"false","Insert Else Update":"false","Lookup caching enabled":"true","Lookup Data Cache Size":"AUTO","Tracing Level":"Normal","Sorted Input":"false","Lookup cache directory name":"$PMCacheDir","Output Old Value On Update":"false","Dynamic Lookup Cache":"false","Pre-build lookup cache":"AUTO","Null ordering":""},"isRESTModernSource":true,"isFileList":false,"handleSpecialChars":false,"handleDecimalRoundOff":false,"frsAsset":false,"dynamicFileName":false,"excludeDynamicFileNameField":false,"currentlyProcessedFileName":false,"retainFieldMetadata":false,"objectName":"dbo/lkp_building_limit_band","objectLabel":"lkp_building_limit_band","useExactSrcNames":false,"fetchMode":"ORIGINAL","tgtObjectAttributes":{},"runtimeParameterData":{"@type":"mtTaskRuntimeParameterData","isConnectionRuntimeParameter":true,"isObjectRuntimeParameter":false,"connectionParameterName":"DBConnection_SRC"},"overridableProperties":[],"overriddenFields":[]},{"@type":"mtTaskParameter","id":98009261,"name":"$LKP_msgr_view_rating$","type":"LOOKUP","label":"DBConnection_TGT","description":"","uiProperties":{"cnxtype":"Amazon Redshift v2","connectionParameterized":"true","paramName":"DBConnection_TGT","paramLabel":"","paramType-mapping":"Connection","logcnx":"DBConnection_TGT","isCachedLookup":"true","multipleMatchPolicy":"Use Any Value","default":"dbo/msgr_view_rating","objectParameterized":"false","visible":"false","originalPath":"LKP_msgr_view_rating"},"lookupConnectionId":"@aYZ4ekzHgIPeKpiaoqDLKP","lookupObject":"dbo/msgr_view_rating","lookupObjectLabel":"msgr_view_rating","newFlatFile":false,"newObject":false,"showBusinessNames":true,"naturalOrder":true,"truncateTarget":false,"bulkApiDBTarget":false,"customFuncCfg":{"@type":"customFuncConfig","id":-1,"connections":[],"inputMap":[],"outputFields":[]},"targetRefsV2":{},"targetUpdateColumns":[],"runtimeAttrs":{"Cache File Name Prefix":"","Lookup Index Cache Size":"AUTO","Lookup Data Filter":"","Optional":"true","Lookup cache persistent":"false","Lookup source is static":"false","Update Dynamic Cache Condition":"TRUE","Case Sensitive String Comparison":"false","Re-cache from lookup source":"false","Insert Else Update":"false","Lookup caching enabled":"true","Lookup Data Cache Size":"AUTO","Tracing Level":"Normal","Sorted Input":"false","Lookup cache directory name":"$PMCacheDir","Output Old Value On Update":"false","Dynamic Lookup Cache":"false","Pre-build lookup cache":"AUTO","Null ordering":""},"isRESTModernSource":true,"isFileList":false,"handleSpecialChars":false,"handleDecimalRoundOff":false,"frsAsset":false,"dynamicFileName":false,"excludeDynamicFileNameField":false,"currentlyProcessedFileName":false,"retainFieldMetadata":false,"objectName":"dbo/msgr_view_rating","objectLabel":"msgr_view_rating","useExactSrcNames":false,"fetchMode":"ORIGINAL","tgtObjectAttributes":{},"runtimeParameterData":{"@type":"mtTaskRuntimeParameterData","isConnectionRuntimeParameter":true,"isObjectRuntimeParameter":false,"connectionParameterName":"DBConnection_TGT"},"overridableProperties":[],"overriddenFields":[]}],"sequences":[],"inOutParameters":[],"connRuntimeAttrs":[]}]