[{"@type":"mappingTemplate","id":"@1","name":"cdi_map_batch_load","description":"","autoExpireObject":false,"bundleVersion":"0","assetFrsGuid":"jku187dtzK3hhVkWI4zf0d","templateId":"@3","deployTime":1769798647000,"hasParameters":true,"valid":true,"fixedConnection":true,"hasParametersDeployed":true,"fixedConnectionDeployed":true,"isSchemaValidationEnabled":false,"tasks":3,"mappingPreviewFileRecordId":"@2","documentType":"MAPPING","allowMaxFieldLength":false,"specialCharacterSupport":false,"references":[{"@type":"reference","refObjectId":"@aYZ4ekzHgIPeKpiaoqDLKP","refType":"connection"}]}]