[{"@type":"mappingTemplate","id":"@1","name":"cdi_map_adm_user_group_share_bronze_load","description":"","autoExpireObject":false,"bundleVersion":"0","assetFrsGuid":"1UKDfiNRSnJjclsh7lJqce","templateId":"@3","deployTime":1762896815000,"hasParameters":true,"valid":true,"fixedConnection":false,"hasParametersDeployed":true,"fixedConnectionDeployed":false,"isSchemaValidationEnabled":false,"tasks":1,"mappingPreviewFileRecordId":"@2","documentType":"MAPPING","allowMaxFieldLength":false,"specialCharacterSupport":false,"references":[]}]