[{"@type":"mappingTemplate","id":"@1","name":"cdi_map_acx_questionreply_bronze_question_reply_stg_ld","description":"","autoExpireObject":false,"bundleVersion":"0","assetFrsGuid":"eAEsbruzKQZhMjfGfAKUaf","templateId":"@3","deployTime":1751405311000,"hasParameters":true,"valid":true,"fixedConnection":false,"hasParametersDeployed":true,"fixedConnectionDeployed":false,"isSchemaValidationEnabled":false,"tasks":1,"mappingPreviewFileRecordId":"@2","documentType":"","allowMaxFieldLength":false,"specialCharacterSupport":false,"references":[]}]