[{"@type":"mappingTemplate","id":"@1","name":"cdi_map_acx_questionreply_bronze_question_reply_stg_ld","description":"","autoExpireObject":false,"bundleVersion":"0","assetFrsGuid":"2C219pOHXxefaZVJoxPKYE","templateId":"@3","hasParameters":true,"valid":true,"fixedConnection":false,"hasParametersDeployed":false,"fixedConnectionDeployed":false,"isSchemaValidationEnabled":false,"tasks":0,"mappingPreviewFileRecordId":"@2","documentType":"","allowMaxFieldLength":false,"specialCharacterSupport":false,"references":[]}]