[{"@type":"mappingTemplate","id":"@1","name":"m_Load_BasicPolicy_to_BasicPolicy_Stg_Ld","description":"","autoExpireObject":false,"bundleVersion":"0","assetFrsGuid":"92VvCghUDExf1g0KjsGF0w","templateId":"@3","deployTime":1742910268000,"hasParameters":true,"valid":true,"fixedConnection":false,"hasParametersDeployed":true,"fixedConnectionDeployed":false,"isSchemaValidationEnabled":false,"tasks":1,"mappingPreviewFileRecordId":"@2","documentType":"","allowMaxFieldLength":false,"specialCharacterSupport":false,"references":[]}]