[{"@type":"mtTask","id":"@1","name":"MappingTask2","description":"","autoExpireObject":false,"runtimeEnvironmentId":"@3pADNCV9u0PcgrXjM7rx0t","maxLogs":10,"verbose":false,"lastRunTime":1712689583000,"mappingId":"@6YAVaWibI0ofRqSIV6wLKC","frsGuid":"5mIwMX7fXWBhEBOkhdAIUk","shortDescription":"","sessionPropertiesList":[{"name":"Allow Temporary Sequence for Pushdown","value":"NO","recommended":false},{"name":"Allow Temporary View for Pushdown","value":"NO","recommended":false},{"name":"Pushdown Optimization","value":"None","recommended":false},{"name":"Pushdown Optimization Context","value":"None","recommended":false},{"name":"Pushdown Optimization Fallback Option","value":"Partial PDO","recommended":false}],"hidden":false,"enableCrossSchemaPushdown":false,"enableParallelRun":false,"autoTunedApplied":false,"autoTunedAppliedType":"NONE","paramFileType":"PARAM_FILE_LOCAL","schemaMode":"async","valid":true,"schemaValidationErrorCount":-1,"parameterFileEncoding":"UTF-8","serverlessProperties":{},"taskProperties":[{"@type":"taskProperty","name":"parameterFileDir","currentValue":"","type":"STRING","label":"label.parameterFileDir","required":false},{"@type":"taskProperty","name":"parameterFileName","currentValue":"","type":"STRING","label":"label.parameterFileName","required":false},{"@type":"taskProperty","name":"outboundMessageUrlQueueTime","currentValue":"","type":"NUMBER","label":"label.outboundMessageUrlQueueTime","required":false},{"@type":"taskProperty","name":"outboundMessageUrlToken","currentValue":"","type":"STRING","label":"label.outboundMessageUrlToken","required":false}],"isMidstreamPreview":false,"allowMaxFieldLength":false,"specialCharacterSupport":false,"useUserDefinedOrder":false,"parameters":[{"@type":"mtTaskParameter","id":82544476,"name":"$Source$","type":"SOURCE","label":"DBConnection_SRC","description":"","uiProperties":{"cnxtype":"Amazon Redshift v2","connectionParameterized":"true","paramName":"DBConnection_SRC","paramLabel":"","paramType-mapping":"Connection","logcnx":"DBConnection_SRC","isSelectDistinct":"false","objectParameterized":"false","visible":"false","originalPath":"Source"},"sourceConnectionId":"@aYZ4ekzHgIPeKpiaoqDLKP","sourceObject":"DUMMY_Source","sourceObjectLabel":"DUMMY_Source","newFlatFile":false,"newObject":false,"showBusinessNames":true,"naturalOrder":true,"truncateTarget":false,"bulkApiDBTarget":false,"customFuncCfg":{"@type":"customFuncConfig","id":-1,"connections":[],"inputMap":[],"outputFields":[]},"targetRefsV2":{},"targetUpdateColumns":[],"fieldOrderList":[],"runtimeAttrs":{"Unload Options":"","S3 Bucket Name":"","Post-Sql":"","SQL Query":"SELECT LoadBatchETLDt.ETLBatchStartSt, LoadBatchETLDt.ETLBatchEndDt, LoadBatchETLDt.LoadETLType\nFROM\n dbo.LoadBatchETLDt\nWHERE LoadBatchETLDt.LoadETLType = 'wf_Load_Guidewire_import_tables'","Enable Compression":"YES","Read Mode":"Direct","Multipart Download Threshold Size":"5242880","Staging Directory Location":"","Temporary Credential Duration":"900","Treat NULL Value as NULL":"NO","Fetch Size":"10000","Schema Name":"","Source Table Name":"","Encryption Type":"None","Select Distinct":"NO","Download S3 Files In Multiple Parts":"NO","Pre-SQL":""},"oprRuntimeAttrs":{"postSql":"","selectDistinct":"NO","EncryptionType":"None","EnableCompression":"YES","sqlQuery":"SELECT LoadBatchETLDt.ETLBatchStartSt, LoadBatchETLDt.ETLBatchEndDt, LoadBatchETLDt.LoadETLType\nFROM\n dbo.LoadBatchETLDt\nWHERE LoadBatchETLDt.LoadETLType = 'wf_Load_Guidewire_import_tables'","fetchSize":"10000","multipartDownloadThreshold":"5242880","temporaryCredentialDuration":"900","StagingDirectoryLocation":"","schemaName":"","TreatNullValueAsNull":"NO","sourceTableName":"","UnloadOptionsPropertyFile":"","DownloadS3FilesInMultipleParts":"NO","S3BucketName":"","readMode":"Direct","preSql":""},"isRESTModernSource":true,"customQuery":"SELECT LoadBatchETLDt.ETLBatchStartSt, LoadBatchETLDt.ETLBatchEndDt, LoadBatchETLDt.LoadETLType\nFROM\n dbo.LoadBatchETLDt;","commandType":0,"isFileList":false,"handleSpecialChars":false,"handleDecimalRoundOff":false,"frsAsset":false,"dynamicFileName":false,"excludeDynamicFileNameField":false,"currentlyProcessedFileName":false,"retainFieldMetadata":false,"objectName":"DUMMY_Source","objectLabel":"DUMMY_Source","useExactSrcNames":false,"userUpdated":true,"tgtObjectAttributes":{},"runtimeParameterData":{"@type":"mtTaskRuntimeParameterData","isConnectionRuntimeParameter":true,"isObjectRuntimeParameter":false,"connectionParameterName":"DBConnection_SRC"},"overridableProperties":[],"overriddenFields":[]},{"@type":"mtTaskParameter","id":82544477,"name":"$Target$","type":"TARGET","label":"FF_Conn","description":"","uiProperties":{"cnxtype":"Amazon S3 v2","connectionParameterized":"true","paramName":"FF_Conn","paramLabel":"","paramType-mapping":"Connection","logcnx":"FF_Conn","default":"/temp/test123.txt","objectParameterized":"false","visible":"false","defaultTargetUpdateColumns":"","supportApplyDDLChanges":"true","originalPath":"Target"},"targetConnectionId":"@azEva6zs2GVd8TkGbhUF48","targetObject":"/temp/test123.txt","targetObjectLabel":"/temp/test123.txt","newFlatFile":false,"newObject":true,"showBusinessNames":true,"naturalOrder":true,"newObjectName":"/temp/test123.txt","truncateTarget":false,"bulkApiDBTarget":false,"operationType":"Insert","customFuncCfg":{"@type":"customFuncConfig","id":-1,"connections":[],"inputMap":[],"outputFields":[]},"targetRefsV2":{},"targetUpdateColumns":[],"fieldOrderList":[],"extendedObject":{"@type":"extendedObject","singleMode":true,"filters":[],"sortFields":[]},"runtimeAttrs":{"Merge Partition Files":"NO","Hadoop Performance Tuning Options":"","Staging Directory":"","Folder Path":"","TransferManager Thread Pool Size":"10","Temporary Credential Duration":"900","Encryption Type":"None","Overwrite File If Exists":"YES","Compression Format":"None","File Merge":"NO","Object Tags":"","Part Size":"5242880","File Name":""},"oprRuntimeAttrs":{"S3EncryptionType":"None","targetName":"","stageFileMerging":"NO","partSize":"5242880","mergePartitionFiles":"NO","compressionFormat":"None","temporaryCredentialDuration":"900","overwriteFileIfExists":"YES","objectTags":"","S3FolderPath":"","tempFolderPath":"","additionalDistCpOptions":"","txManagerThreadPoolSize":"10"},"isRESTModernSource":true,"commandType":0,"isFileList":false,"handleSpecialChars":false,"handleDecimalRoundOff":false,"frsAsset":false,"dynamicFileName":false,"excludeDynamicFileNameField":false,"currentlyProcessedFileName":false,"retainFieldMetadata":false,"objectName":"/temp/test123.txt","objectLabel":"/temp/test123.txt","useExactSrcNames":false,"userUpdated":true,"tgtObjectAttributes":{"parent":"/temp"},"targetSchemaMode":"DONT_APPLY_CHANGES","dataFormat":{"@type":"dataFormat","formatId":"Flat","schema":"","dataFormatAttributes":{"escapeChar":"\\","rowDelimiter":"","importColumnFromFirstLine":"true","headerLineNumber":"1","maxRowsToPreview":"0","distributionColumn":"","qualifierMode":"MINIMAL","firstDataRow":"2","generateHeader":"true","delimiter":",","qualifier":"\"","targetHeader":"With Header","disableEscapeChar":"true","codePage":"UTF-8","fixedWidthMode":"false"}},"runtimeParameterData":{"@type":"mtTaskRuntimeParameterData","isConnectionRuntimeParameter":false,"isObjectRuntimeParameter":false,"connectionParameterName":"FF_Conn"},"overridableProperties":[],"targetSchemaProviderType":"SELECTED_OBJECT","overriddenFields":[]}],"sequences":[],"inOutParameters":[],"connRuntimeAttrs":[]}]