[{"@type":"mappingTemplate","id":"@1","name":"m_load_Foreclosure_from_State","description":"","autoExpireObject":false,"bundleVersion":"0","assetFrsGuid":"8zZnj9a0IkseM0DSnF7qyS","templateId":"@3","deployTime":1745422650000,"hasParameters":true,"valid":true,"fixedConnection":true,"hasParametersDeployed":true,"fixedConnectionDeployed":true,"isSchemaValidationEnabled":false,"tasks":2,"mappingPreviewFileRecordId":"@2","documentType":"MAPPING","allowMaxFieldLength":false,"specialCharacterSupport":false,"references":[{"@type":"reference","refObjectId":"@5neXUhKwzaHf27PezccPKj","refType":"frsDocument"},{"@type":"reference","refObjectId":"@ackRoLgvLWEf0RyNgyl48H","refType":"connection"}]}]