[{"@type":"mtTask","id":"@1","name":"s_m_gw_job_completion_chk","description":"Session pushed from PC to ICS : s_m_gw_job_completion_chk","runtimeEnvironmentId":"@3pADNCV9u0PcgrXjM7rx0t","maxLogs":10,"verbose":false,"lastRunTime":1715376870000,"mappingId":"@1yDiORpljrPgpzSZg1gIYx","frsGuid":"4ohbHeg5Ldei30zhiwPk6M","shortDescription":"Session pushed from PC to ICS : s_m_gw_job_complet...","sessionPropertiesList":[{"name":"Allow Temporary Sequence for Pushdown","value":"NO","recommended":false},{"name":"Allow Temporary View for Pushdown","value":"NO","recommended":false},{"name":"Cache LOOKUP() function","value":"YES","recommended":false},{"name":"Commit On End Of File","value":"YES","recommended":false},{"name":"Data Column Delimiter","value":"|","recommended":false},{"name":"Error Log File Name","value":"PMError.log","recommended":false},{"name":"Log Row Data","value":"YES","recommended":false},{"name":"Pushdown Optimization","value":"None","recommended":false},{"name":"Pushdown Optimization Context","value":"None","recommended":false},{"name":"Pushdown Optimization Fallback Option","value":"Partial PDO","recommended":false}],"hidden":false,"enableCrossSchemaPushdown":false,"enableParallelRun":false,"autoTunedApplied":false,"autoTunedAppliedType":"NONE","parameterFileName":"Andover_Param_GW_Check.param","parameterFileDir":"$PMRootDir/andover/parameters","paramFileType":"PARAM_FILE_LOCAL","schemaMode":"async","valid":true,"schemaValidationErrorCount":-1,"serverlessProperties":{},"taskProperties":[{"@type":"taskProperty","name":"parameterFileDir","currentValue":"$PMRootDir/andover/parameters","type":"STRING","label":"label.parameterFileDir","required":false},{"@type":"taskProperty","name":"parameterFileName","currentValue":"Andover_Param_GW_Check.param","type":"STRING","label":"label.parameterFileName","required":false},{"@type":"taskProperty","name":"outboundMessageUrlQueueTime","currentValue":"","type":"NUMBER","label":"label.outboundMessageUrlQueueTime","required":false},{"@type":"taskProperty","name":"outboundMessageUrlToken","currentValue":"","type":"STRING","label":"label.outboundMessageUrlToken","required":false}],"jobPriority":"MEDIUM","optimizationPlan":"NONE","isMidstreamPreview":false,"parameters":[{"@type":"mtTaskParameter","id":88650909,"name":"$Src_jobhistory$","type":"SOURCE","label":"DBConnection_SRCM","description":"","uiProperties":{"cnxtype":"MySQL","connectionParameterized":"true","paramName":"DBConnection_SRCM","paramLabel":"","paramType-mapping":"Connection","logcnx":"DBConnection_SRCM","isSelectDistinct":"false","objectParameterized":"false","visible":"false","originalPath":"Src_jobhistory"},"sourceConnectionId":"@jPo49nVatmzbSnPefVZwCV","sourceObject":"DUMMY_Src_jobhistory","newFlatFile":false,"newObject":false,"showBusinessNames":true,"naturalOrder":true,"truncateTarget":false,"bulkApiDBTarget":false,"customFuncCfg":{"@type":"customFuncConfig","id":-1,"connections":[],"inputMap":[],"outputFields":[]},"targetRefsV2":{},"targetUpdateColumns":[],"runtimeAttrs":{},"isRESTModernSource":true,"customQuery":"select JobTemplateIdRef,concat(enddt,' ',substr(endtm,1,8)) as datefield, concat(Startdt,' ',substr(StartTm,1,8)) as n_datefield, status from jobhistory\nwhere status = 'Completed'","isFileList":false,"handleSpecialChars":false,"handleDecimalRoundOff":false,"frsAsset":false,"dynamicFileName":false,"excludeDynamicFileNameField":false,"currentlyProcessedFileName":false,"retainFieldMetadata":false,"objectName":"DUMMY_Src_jobhistory","useExactSrcNames":false,"tgtObjectAttributes":{},"runtimeParameterData":{"@type":"mtTaskRuntimeParameterData","isConnectionRuntimeParameter":true,"isObjectRuntimeParameter":false,"connectionParameterName":"DBConnection_SRCM"},"overridableProperties":[],"overriddenFields":[]},{"@type":"mtTaskParameter","id":88650910,"name":"$Tgt_GWJobCompletionCheck$","type":"TARGET","label":"FF_Conn_Agent","description":"","uiProperties":{"cnxtype":"Amazon S3 v2","connectionParameterized":"true","paramName":"FF_Conn_Agent","paramLabel":"","paramType-mapping":"Connection","logcnx":"FF_Conn_Agent","default":"GWJobCompletionCheckTgt.txt","objectParameterized":"false","visible":"false","defaultTargetUpdateColumns":"","supportApplyDDLChanges":"true","originalPath":"Tgt_GWJobCompletionCheck"},"targetConnectionId":"@azEva6zs2GVd8TkGbhUF48","targetObject":"GWJobCompletionCheckTgt.txt","targetObjectLabel":"GWJobCompletionCheckTgt.txt","newFlatFile":false,"newObject":true,"showBusinessNames":true,"naturalOrder":true,"newObjectName":"GWJobCompletionCheckTgt.txt","truncateTarget":false,"bulkApiDBTarget":false,"operationType":"Insert","customFuncCfg":{"@type":"customFuncConfig","id":-1,"connections":[],"inputMap":[],"outputFields":[]},"targetRefsV2":{},"targetUpdateColumns":[],"extendedObject":{"@type":"extendedObject","singleMode":true,"filters":[],"sortFields":[]},"runtimeAttrs":{"Folder Path":"/temp","File Merge":"NO"},"oprRuntimeAttrs":{"S3FolderPath":"/temp","stageFileMerging":"NO"},"isRESTModernSource":true,"isFileList":false,"handleSpecialChars":false,"handleDecimalRoundOff":false,"frsAsset":false,"dynamicFileName":false,"excludeDynamicFileNameField":false,"currentlyProcessedFileName":false,"retainFieldMetadata":false,"objectName":"GWJobCompletionCheckTgt.txt","objectLabel":"GWJobCompletionCheckTgt.txt","useExactSrcNames":false,"tgtObjectAttributes":{"parent":""},"dataFormat":{"@type":"dataFormat","formatId":"Flat","schema":"","dataFormatAttributes":{"escapeChar":"\\","rowDelimiter":"","importColumnFromFirstLine":"true","headerLineNumber":"0","maxRowsToPreview":"0","distributionColumn":"","qualifierMode":"ALL","firstDataRow":"1","generateHeader":"true","delimiter":",","qualifier":"\"","targetHeader":"Without Header","disableEscapeChar":"false","codePage":"UTF-8","fixedWidthMode":"false"}},"runtimeParameterData":{"@type":"mtTaskRuntimeParameterData","isConnectionRuntimeParameter":true,"isObjectRuntimeParameter":false,"connectionParameterName":"FF_Conn_Agent"},"overridableProperties":[],"overriddenFields":[]},{"@type":"mtTaskParameter","id":88650911,"name":"$Lkp_batchstrtdt$","type":"LOOKUP","label":"FF_Conn_Agent","description":"","uiProperties":{"cnxtype":"Amazon S3 v2","connectionParameterized":"true","paramName":"FF_Conn_Agent","paramLabel":"","paramType-mapping":"Connection","logcnx":"FF_Conn_Agent","isCachedLookup":"true","multipleMatchPolicy":"Use Any Value","default":"devidmcsecureagent-secureagent72579156-j5tnwr2hd1yi/temp%2F/batchchktgt.txt","objectParameterized":"false","visible":"false","originalPath":"Lkp_batchstrtdt"},"lookupConnectionId":"@azEva6zs2GVd8TkGbhUF48","lookupObject":"devidmcsecureagent-secureagent72579156-j5tnwr2hd1yi/temp%2F/batchchktgt.txt","lookupObjectLabel":"batchchktgt.txt","newFlatFile":false,"newObject":false,"showBusinessNames":true,"naturalOrder":true,"truncateTarget":false,"bulkApiDBTarget":false,"customFuncCfg":{"@type":"customFuncConfig","id":-1,"connections":[],"inputMap":[],"outputFields":[]},"targetRefsV2":{},"targetUpdateColumns":[],"runtimeAttrs":{"Lookup source is static":"true","Source Type":"File","Case Sensitive String Comparison":"true","Temporary Credential Duration":"900","Lookup Data Cache Size":"AUTO","Enable Recursive Read":"NO","Output Old Value On Update":"false","Lookup Source Filter":"","File Name":"batchchktgt.txt","Pre-build lookup cache":"AUTO","Synchronize dynamic cache":"false","Null ordering":"Null Is Highest Value","Download Part Size":"5242880","Thousand Separator":"None","Cache File Name Prefix":"","Lookup Index Cache Size":"AUTO","Multipart Download Threshold":"10485760","Optional":"true","Lookup cache persistent":"false","Hadoop Performance Tuning Options":"","Staging Directory":"","Folder Path":"/temp","Decimal Separator":".","Re-cache from lookup source":"false","Incremental File Load":"NO","Insert Else Update":"false","Lookup caching enabled":"true","Tracing Level":"Normal","Datetime Format":"A  19 mm/dd/yyyy hh24:mi:ss","Subsecond Precision":"0","Encryption Type":"None","Sorted Input":"false","Allow Wildcard Characters":"NO","Compression Format":"None","Lookup cache directory name":"$PMCacheDir","Dynamic Lookup Cache":"false"},"oprRuntimeAttrs":{"S3EncryptionType":"None","targetName":"batchchktgt.txt","enableWildChar":"NO","downloadPartSize":"5242880","multipartDownloadThreshold":"10485760","enableIncrementalLoad":"NO","compressionFormat":"None","temporaryCredentialDuration":"900","S3FolderPath":"/temp","tempFolderPath":"","additionalDistCpOptions":"","sourceType":"File","enableRecursiveRead":"NO"},"isRESTModernSource":true,"isFileList":false,"handleSpecialChars":false,"handleDecimalRoundOff":false,"frsAsset":false,"dynamicFileName":false,"excludeDynamicFileNameField":false,"currentlyProcessedFileName":false,"retainFieldMetadata":false,"objectName":"devidmcsecureagent-secureagent72579156-j5tnwr2hd1yi/temp%2F/batchchktgt.txt","objectLabel":"batchchktgt.txt","useExactSrcNames":false,"tgtObjectAttributes":{},"dataFormat":{"@type":"dataFormat","formatId":"Flat","schema":"","dataFormatAttributes":{"escapeChar":"\\","rowDelimiter":"","importColumnFromFirstLine":"true","headerLineNumber":"","maxRowsToPreview":"0","distributionColumn":"","qualifierMode":"ALL","firstDataRow":"1","generateHeader":"true","delimiter":",","qualifier":"\"","targetHeader":"Without Header","disableEscapeChar":"true","codePage":"UTF-8","fixedWidthMode":"false"}},"runtimeParameterData":{"@type":"mtTaskRuntimeParameterData","isConnectionRuntimeParameter":true,"isObjectRuntimeParameter":false,"connectionParameterName":"FF_Conn_Agent"},"overridableProperties":[],"overriddenFields":[]}],"sequences":[],"inOutParameters":[],"connRuntimeAttrs":[]}]