[{"@type":"mtTask","id":"@1","name":"s_m_Load_PolicySummaryStats_to_PolicySummaryStats_Stg_Ld","description":"Session pushed from PC to ICS : s_m_Load_PolicySummaryStats_to_PolicySummaryStats_Stg_Ld","autoExpireObject":false,"errorTaskEmail":{"@type":"taskEmail","id":695847,"emails":"FailureTaskEmailUser@defaultDomainName.com","emailType":"ERROR"},"runtimeEnvironmentId":"@3pADNCV9u0PcgrXjM7rx0t","maxLogs":10,"verbose":false,"lastRunTime":1718643793000,"mappingId":"@9Huc4SSOKZnirVfmv81qyB","frsGuid":"5llrW8ZmhgYdwlx34GkBEe","shortDescription":"Session pushed from PC to ICS : s_m_Load_PolicySum...","sessionPropertiesList":[{"name":"Allow Temporary Sequence for Pushdown","value":"NO","recommended":false},{"name":"Allow Temporary View for Pushdown","value":"NO","recommended":false},{"name":"Data Column Delimiter","value":"|","recommended":false},{"name":"Error Log File Name","value":"PMError.log","recommended":false},{"name":"Pushdown Optimization","value":"None","recommended":false},{"name":"Pushdown Optimization Context","value":"None","recommended":false},{"name":"Pushdown Optimization Fallback Option","value":"Partial PDO","recommended":false}],"hidden":false,"enableCrossSchemaPushdown":false,"enableParallelRun":false,"autoTunedApplied":false,"autoTunedAppliedType":"NONE","parameterFileName":"Andover_Param_GW.param","parameterFileDir":"$PMRootDir/andover/parameters","paramFileType":"PARAM_FILE_LOCAL","schemaMode":"async","valid":true,"schemaValidationErrorCount":-1,"serverlessProperties":{},"taskProperties":[{"@type":"taskProperty","name":"parameterFileDir","currentValue":"$PMRootDir/andover/parameters","type":"STRING","label":"label.parameterFileDir","required":false},{"@type":"taskProperty","name":"parameterFileName","currentValue":"Andover_Param_GW.param","type":"STRING","label":"label.parameterFileName","required":false},{"@type":"taskProperty","name":"outboundMessageUrlQueueTime","currentValue":"","type":"NUMBER","label":"label.outboundMessageUrlQueueTime","required":false},{"@type":"taskProperty","name":"outboundMessageUrlToken","currentValue":"","type":"STRING","label":"label.outboundMessageUrlToken","required":false}],"jobPriority":"MEDIUM","optimizationPlan":"NONE","isMidstreamPreview":false,"parameters":[{"@type":"mtTaskParameter","id":102931876,"name":"$SQ_policysummarystats$","type":"SOURCE","label":"DBConnection_SRCM","description":"","uiProperties":{"cnxtype":"MySQL","connectionParameterized":"true","paramName":"DBConnection_SRCM","paramLabel":"","paramType-mapping":"Connection","logcnx":"DBConnection_SRCM","isSelectDistinct":"false","objectParameterized":"false","visible":"false","isCustomQueryRetainMetaData":"true","originalPath":"SQ_policysummarystats"},"sourceConnectionId":"@jPo49nVatmzbSnPefVZwCV","sourceObject":"DUMMY_SQ_policysummarystats","newFlatFile":false,"newObject":false,"showBusinessNames":true,"naturalOrder":true,"truncateTarget":false,"bulkApiDBTarget":false,"srcFFAttrs":{"@type":"flatFileAttrs","id":17582880,"delimiter":"|","textQualifier":"NONE","escapeChar":"","headerLineNo":1,"firstDataRow":2,"rowDelimiter":0,"consecutiveDelimiter":false,"multiDelimitersAsAnd":true,"firstDataRowAsHeader":false},"customFuncCfg":{"@type":"customFuncConfig","id":-1,"connections":[],"inputMap":[],"outputFields":[]},"targetRefsV2":{},"targetUpdateColumns":[],"runtimeAttrs":{"Sql Override":"SELECT ReportPeriod, UpdateDt, PolicyRef, ProductVersionIdRef, PolicyNumber, PolicyVersion, TransactionNumber, LineCd, RiskCd, \nRiskTypeCd, SubTypeCd, CoverageCd, FeeCd, EffectiveDt, ExpirationDt,\n  InsuranceTypeCd, NewRenewalCd, Limit1, Limit2, Deductible1, Deductible2, AnnualStatementLineCd, MTDWrittenPremiumAmt, \n  TTDWrittenPremiumAmt, YTDWrittenPremiumAmt, MTDWrittenCommissionAmt, \n  YTDWrittenCommissionAmt, TTDWrittenCommissionAmt, MTDWrittenPremiumFeeAmt, YTDWrittenPremiumFeeAmt, TTDWrittenPremiumFeeAmt, \n  MTDWrittenCommissionFeeAmt, YTDWrittenCommissionFeeAmt, \n  TTDWrittenCommissionFeeAmt\n  ,case when combinedkey like '%healthyhomes%' then 0 else InforceAmt end  as  InforceAmt\n  ,case when combinedkey like '%healthyhomes%' then 0 else LastInforceAmt end  as  LastInforceAmt\n  ,case when combinedkey like '%healthyhomes%' then 0 else MonthEarnedPremiumAmt end  as  MonthEarnedPremiumAmt\n  ,case when combinedkey like '%healthyhomes%' then 0 else MTDEarnedPremiumAmt end  as  MTDEarnedPremiumAmt\n  ,case when combinedkey like '%healthyhomes%' then 0 else YTDEarnedPremiumAmt end  as  YTDEarnedPremiumAmt\n  ,case when combinedkey like '%healthyhomes%' then 0 else TTDEarnedPremiumAmt end  as   TTDEarnedPremiumAmt\n  ,case when combinedkey like '%healthyhomes%' then 0 else MonthUnearnedAmt end  as  MonthUnearnedAmt\n  ,case when combinedkey like '%healthyhomes%' then 0 else UnearnedAmt end  as  UnearnedAmt, RateAreaName,\n  CustomerRef,   StateCd, ProducerCd, OccupancyCd, TerritoryCd, TransactionCd, AgencyNumber, StatLineCd, MajorPerilCd, ClassCd, LocationZip, NumOfFamilies, PolicyTerm\n  FROM\n policysummarystats \nwhere reportperiod = date_format(date_add(current_date() , INTERVAL -1 DAY), '%Y%m')"},"isRESTModernSource":true,"customQuery":"SELECT ReportPeriod, UpdateDt, PolicyRef, ProductVersionIdRef, PolicyNumber, PolicyVersion, TransactionNumber, LineCd, RiskCd, \r\nRiskTypeCd, SubTypeCd, CoverageCd, FeeCd, EffectiveDt, ExpirationDt,\r\n  InsuranceTypeCd, NewRenewalCd, Limit1, Limit2, Deductible1, Deductible2, AnnualStatementLineCd, MTDWrittenPremiumAmt, \r\n  TTDWrittenPremiumAmt, YTDWrittenPremiumAmt, MTDWrittenCommissionAmt, \r\n  YTDWrittenCommissionAmt, TTDWrittenCommissionAmt, MTDWrittenPremiumFeeAmt, YTDWrittenPremiumFeeAmt, TTDWrittenPremiumFeeAmt, \r\n  MTDWrittenCommissionFeeAmt, YTDWrittenCommissionFeeAmt, \r\n  TTDWrittenCommissionFeeAmt\r\n  ,case when combinedkey like '%healthyhomes%' then 0 else InforceAmt end  as  InforceAmt\r\n  ,case when combinedkey like '%healthyhomes%' then 0 else LastInforceAmt end  as  LastInforceAmt\r\n  ,case when combinedkey like '%healthyhomes%' then 0 else MonthEarnedPremiumAmt end  as  MonthEarnedPremiumAmt\r\n  ,case when combinedkey like '%healthyhomes%' then 0 else MTDEarnedPremiumAmt end  as  MTDEarnedPremiumAmt\r\n  ,case when combinedkey like '%healthyhomes%' then 0 else YTDEarnedPremiumAmt end  as  YTDEarnedPremiumAmt\r\n  ,case when combinedkey like '%healthyhomes%' then 0 else TTDEarnedPremiumAmt end  as   TTDEarnedPremiumAmt\r\n  ,case when combinedkey like '%healthyhomes%' then 0 else MonthUnearnedAmt end  as  MonthUnearnedAmt\r\n  ,case when combinedkey like '%healthyhomes%' then 0 else UnearnedAmt end  as  UnearnedAmt, RateAreaName,\r\n  CustomerRef,   StateCd, ProducerCd, OccupancyCd, TerritoryCd, TransactionCd, AgencyNumber, StatLineCd, MajorPerilCd, ClassCd, LocationZip, NumOfFamilies, PolicyTerm\r\n  FROM\r\n policysummarystats where updatedt>='$$m_strtdt' and updatedt<='$$m_Enddt'","isFileList":false,"handleSpecialChars":false,"handleDecimalRoundOff":false,"frsAsset":false,"dynamicFileName":false,"excludeDynamicFileNameField":false,"currentlyProcessedFileName":false,"retainFieldMetadata":false,"objectName":"DUMMY_SQ_policysummarystats","useExactSrcNames":false,"userUpdated":true,"tgtObjectAttributes":{},"runtimeParameterData":{"@type":"mtTaskRuntimeParameterData","isConnectionRuntimeParameter":true,"isObjectRuntimeParameter":false,"connectionParameterName":"DBConnection_SRCM"},"overridableProperties":[],"overriddenFields":[]},{"@type":"mtTaskParameter","id":102931877,"name":"$PolicySummaryStats_Stg$","type":"TARGET","label":"DBConnection_TGT","description":"","uiProperties":{"cnxtype":"Amazon Redshift v2","connectionParameterized":"true","paramName":"DBConnection_TGT","paramLabel":"","paramType-mapping":"Connection","logcnx":"DBConnection_TGT","default":"dbo/policysummarystats_stg","objectParameterized":"false","visible":"false","defaultTargetUpdateColumns":"","supportApplyDDLChanges":"false","originalPath":"PolicySummaryStats_Stg"},"targetConnectionId":"@aYZ4ekzHgIPeKpiaoqDLKP","targetObject":"dbo/policysummarystats_stg","targetObjectLabel":"policysummarystats_stg","newFlatFile":false,"newObject":false,"showBusinessNames":true,"naturalOrder":true,"truncateTarget":false,"bulkApiDBTarget":false,"operationType":"Insert","customFuncCfg":{"@type":"customFuncConfig","id":-1,"connections":[],"inputMap":[],"outputFields":[]},"targetRefsV2":{},"targetUpdateColumns":[],"extendedObject":{"@type":"extendedObject","singleMode":true,"filters":[],"sortFields":[]},"runtimeAttrs":{"Temporary Credential Duration":"7200"},"oprRuntimeAttrs":{"temporaryCredentialDuration":"7200"},"isRESTModernSource":true,"isFileList":false,"handleSpecialChars":false,"handleDecimalRoundOff":false,"frsAsset":false,"dynamicFileName":false,"excludeDynamicFileNameField":false,"currentlyProcessedFileName":false,"retainFieldMetadata":false,"objectName":"dbo/policysummarystats_stg","objectLabel":"policysummarystats_stg","useExactSrcNames":false,"userUpdated":true,"tgtObjectAttributes":{},"runtimeParameterData":{"@type":"mtTaskRuntimeParameterData","isConnectionRuntimeParameter":true,"isObjectRuntimeParameter":false,"connectionParameterName":"DBConnection_TGT"},"overridableProperties":[],"overriddenFields":[]}],"sequences":[],"inOutParameters":[{"@type":"mtTaskInOutParameter","id":"-1","name":"m_StrtDt","description":"","initialValue":"","datatype":"STRING","precision":"30","scale":"0","retentionPolicy":"NEVER","aggregationType":"MAX","currentValue":""},{"@type":"mtTaskInOutParameter","id":"-1","name":"m_EndDt","description":"","initialValue":"","datatype":"STRING","precision":"30","scale":"0","retentionPolicy":"NEVER","aggregationType":"MAX","currentValue":""}],"connRuntimeAttrs":[]}]