[{"@type":"mtTask","id":"@1","name":"s_m_Load_Examiner_To_Examiner_Stg","description":"Session pushed from PC to ICS : s_m_Load_Examiner_To_Examiner_Stg","runtimeEnvironmentId":"@3pADNCV9u0PcgrXjM7rx0t","maxLogs":10,"verbose":false,"lastRunTime":1701798156000,"mappingId":"@fDXkXXNSMY7dqJYG7of4OR","frsGuid":"fJFTnYOozyXggEaZYDBhOt","shortDescription":"Session pushed from PC to ICS : s_m_Load_Examiner_...","sessionPropertiesList":[{"name":"Allow Temporary Sequence for Pushdown","value":"NO","recommended":false},{"name":"Allow Temporary View for Pushdown","value":"NO","recommended":false},{"name":"Data Column Delimiter","value":"|","recommended":false},{"name":"Error Log File Name","value":"PMError.log","recommended":false},{"name":"Override tracing","value":"Normal","recommended":false},{"name":"Pushdown Optimization","value":"None","recommended":false},{"name":"Pushdown Optimization Context","value":"None","recommended":false},{"name":"Pushdown Optimization Fallback Option","value":"Partial PDO","recommended":false},{"name":"Stop on errors","value":"1","recommended":false}],"enableCrossSchemaPushdown":false,"enableParallelRun":false,"autoTunedApplied":false,"autoTunedAppliedType":"NONE","paramFileType":"PARAM_FILE_LOCAL","schemaMode":"async","valid":true,"schemaValidationErrorCount":-1,"serverlessProperties":{},"taskProperties":[{"@type":"taskProperty","name":"parameterFileDir","currentValue":"","type":"STRING","label":"label.parameterFileDir","required":false},{"@type":"taskProperty","name":"parameterFileName","currentValue":"","type":"STRING","label":"label.parameterFileName","required":false}],"jobPriority":"MEDIUM","optimizationPlan":"NONE","parameters":[{"@type":"mtTaskParameter","id":82504674,"name":"$Src_allcontacts$","type":"SOURCE","label":"DBConnection_SRCM","description":"","uiProperties":{"cnxtype":"MySQL","connectionParameterized":"true","paramName":"DBConnection_SRCM","paramLabel":"","paramType-mapping":"Connection","logcnx":"DBConnection_SRCM","isSelectDistinct":"false","objectParameterized":"false","visible":"false","originalPath":"Src_allcontacts"},"sourceConnectionId":"@jPo49nVatmzbSnPefVZwCV","sourceObject":"DUMMY_Src_allcontacts","newFlatFile":false,"newObject":false,"showBusinessNames":true,"naturalOrder":true,"truncateTarget":false,"bulkApiDBTarget":false,"customFuncCfg":{"@type":"customFuncConfig","id":-1,"connections":[],"inputMap":[],"outputFields":[]},"targetRefsV2":{},"targetUpdateColumns":[],"runtimeAttrs":{"Sql Override":"select distinct a.ClaimNumber,c.sourcecd,c.CommercialName,\na.examinerproviderref,c.sourcetypecd from claim a,provider b,allcontacts c \nwhere a.examinerproviderref = b.systemid and a.cmmcontainer = 'claim' and b.cmmcontainer = 'provider'\nand a.typecd = 'claim' and b.providernumber = c.sourcecd and c.sourcetypecd = 'Examiner'","Pre SQL":"","Post SQL":"","Schema Name":""},"isRESTModernSource":true,"customQuery":"select distinct a.ClaimNumber,c.sourcecd,c.CommercialName,\na.examinerproviderref,c.sourcetypecd from claim a,provider b,allcontacts c \nwhere a.examinerproviderref = b.systemid and a.cmmcontainer = 'claim' and b.cmmcontainer = 'provider'\nand a.typecd = 'claim' and b.providernumber = c.sourcecd and c.sourcetypecd = 'Examiner'\nand a.systemid in (select SystemId from advrxxchangedbeans where concat(adddt,addtm)>='$$m_strtdt' and concat(adddt,addtm) <='$$m_Enddt' and\n cmmcontainer='Claim')  and a.CMMContainer='Claim'","isFileList":false,"handleSpecialChars":false,"handleDecimalRoundOff":false,"frsAsset":false,"dynamicFileName":false,"excludeDynamicFileNameField":false,"currentlyProcessedFileName":false,"retainFieldMetadata":false,"objectName":"DUMMY_Src_allcontacts","useExactSrcNames":false,"tgtObjectAttributes":{},"runtimeParameterData":{"@type":"mtTaskRuntimeParameterData","isConnectionRuntimeParameter":true,"isObjectRuntimeParameter":false,"connectionParameterName":"DBConnection_SRCM"},"overridableProperties":[],"overriddenFields":[]},{"@type":"mtTaskParameter","id":82504675,"name":"$Tgt_Examiner_Stg$","type":"TARGET","label":"DBConnection_TGT","description":"","uiProperties":{"cnxtype":"Amazon Redshift v2","connectionParameterized":"true","paramName":"DBConnection_TGT","paramLabel":"","paramType-mapping":"Connection","logcnx":"DBConnection_TGT","default":"dbo/examiner_stg","objectParameterized":"false","visible":"false","defaultTargetUpdateColumns":"","supportApplyDDLChanges":"false","originalPath":"Tgt_Examiner_Stg"},"targetConnectionId":"@aYZ4ekzHgIPeKpiaoqDLKP","targetObject":"dbo/examiner_stg","targetObjectLabel":"examiner_stg","newFlatFile":false,"newObject":false,"showBusinessNames":true,"naturalOrder":true,"truncateTarget":false,"bulkApiDBTarget":false,"operationType":"Insert","customFuncCfg":{"@type":"customFuncConfig","id":-1,"connections":[],"inputMap":[],"outputFields":[]},"targetRefsV2":{},"targetUpdateColumns":[],"extendedObject":{"@type":"extendedObject","singleMode":true,"filters":[],"sortFields":[]},"runtimeAttrs":{"Recovery Schema Name":"","Transfer Manager Thread Pool Size":"10","Override Target Query":"","Post-Sql":"","Enable Compression":"YES","S3 Server Side Encryption":"NO","WaitTime In Seconds For S3 File Consistency":"0","Error File Directory":"","Preserve record order on write":"NO","Require Null Value For Char And Varchar":"","Temporary Credential Duration":"7200","Schema Name":"","Analyze Target Table":"NO","Truncate Target Table Before Data Upload":"YES","S3 Client Side Encryption":"NO","Minimum Upload Part Size":"5242880","Number of files per batch":"0","Vacuum Target Table":"None","Prefix To Retain For Staging Files On S3":"","S3 Bucket Name":"nonproddatawarehouseredshiftclust-staging12d1754e-1w9c6risqayrf","Staging Directory Location":"","Max Errors Per Batch Upload Insert":"1","Copy Options":"","Batch Size":"2000000","Treat Source Rows As":"INSERT","Target Table Name":"","Pre-SQL":"","Success File Directory":""},"oprRuntimeAttrs":{"ErrorFileDirectory":"","numberOfFilesPerBatch":"0","S3ServerSideEncryption":"NO","CopyOptionsPropertyFile":"","SuccessFileDirectory":"","StagingDirectoryLocation":"","schemaName":"","AnalyzeTargetTable":"NO","dataIntegritySupport":"NO","PrefixToRetainForStagingFilesOnS3":"","minUploadPartSize":"5242880","targetTableName":"","postSql":"","BatchSize":"2000000","EnableCompression":"YES","TreatSourceRowsAs":"INSERT","RequireNullValueForCharAndVarchar":"","overrideTargetQuery":"","temporaryCredentialDuration":"7200","TruncateTargetTableBeforeDataUpload":"YES","WaitTimeInSecondsForS3FileConsistency":"0","VacuumTargetTable":"None","MaxErrorsPerBatchUploadForInsert":"1","S3ClientSideEncryption":"NO","recoverySchemaName":"","S3BucketName":"nonproddatawarehouseredshiftclust-staging12d1754e-1w9c6risqayrf","txManagerThreadPoolSize":"10","preSql":""},"isRESTModernSource":true,"isFileList":false,"handleSpecialChars":false,"handleDecimalRoundOff":false,"frsAsset":false,"dynamicFileName":false,"excludeDynamicFileNameField":false,"currentlyProcessedFileName":false,"retainFieldMetadata":false,"objectName":"dbo/examiner_stg","objectLabel":"examiner_stg","useExactSrcNames":false,"tgtObjectAttributes":{"parent":""},"runtimeParameterData":{"@type":"mtTaskRuntimeParameterData","isConnectionRuntimeParameter":true,"isObjectRuntimeParameter":false,"connectionParameterName":"DBConnection_TGT"},"overridableProperties":[],"overriddenFields":[]}],"sequences":[],"inOutParameters":[{"@type":"mtTaskInOutParameter","id":"-1","name":"m_strtdt","description":"where systemid in (select SystemId from advrxxchangedbeans where concat(adddt,addtm)>='$$m_strtdt' and concat(adddt,addtm) <='$$m_Enddt' and\r\n cmmcontainer='Claim')  and CMMContainer='Claim'","initialValue":"","datatype":"STRING","precision":"120","scale":"0","retentionPolicy":"NEVER","aggregationType":"MAX","currentValue":""},{"@type":"mtTaskInOutParameter","id":"-1","name":"m_Enddt","description":"m_strtdt","initialValue":"","datatype":"STRING","precision":"120","scale":"0","retentionPolicy":"NEVER","aggregationType":"MAX","currentValue":""}],"connRuntimeAttrs":[]}]