[{"@type":"mappingTemplate","id":"@1","name":"cdi_map_s3_form_definitions_data_metal_load","description":"This mapping is used to ingest the source JSON file from S3 bucket to AWS Redshift tables - parsing only the Generic fileds information.","autoExpireObject":false,"bundleVersion":"0","assetFrsGuid":"9zYwisZJZmVghVdvWw1YQE","templateId":"@3","deployTime":1755201343000,"hasParameters":true,"valid":true,"fixedConnection":true,"hasParametersDeployed":true,"fixedConnectionDeployed":true,"isSchemaValidationEnabled":false,"tasks":1,"mappingPreviewFileRecordId":"@2","documentType":"MAPPING","allowMaxFieldLength":false,"specialCharacterSupport":false,"references":[{"@type":"reference","refObjectId":"@819CfMiFeqNf9jEUUUrG0a","refType":"structureDefinition"}]}]