[{"@type":"mappingTemplate","id":"@1","name":"m_Load_deductible_to_deductible_stg","description":"This mapping will load the staging table deductible_stg from the Guidewire table deductible","autoExpireObject":false,"bundleVersion":"0","assetFrsGuid":"6FxO7XDRzjvkrMt30x9RWo","templateId":"@3","deployTime":1767814966000,"hasParameters":true,"valid":true,"fixedConnection":false,"hasParametersDeployed":true,"fixedConnectionDeployed":false,"isSchemaValidationEnabled":false,"tasks":1,"mappingPreviewFileRecordId":"@2","documentType":"","allowMaxFieldLength":false,"specialCharacterSupport":false,"references":[]}]