[{"@type":"mappingTemplate","id":"@1","name":"m_Load_Location_stg_from_Location","description":"This mapping will load the staging table location_stg with incremental data from the GuideWire table Location","bundleVersion":"0","assetFrsGuid":"9YhBfhGGrEKgEj1MtBKXGM","templateId":"@3","deployTime":1732714550000,"hasParameters":true,"valid":true,"fixedConnection":false,"hasParametersDeployed":true,"fixedConnectionDeployed":false,"isSchemaValidationEnabled":false,"tasks":2,"mappingPreviewFileRecordId":"@2","documentType":"","references":[]}]