[{"@type":"mappingTemplate","id":"@1","name":"cdi_map_uw_silver_uw_dashboard_flag_note_details_ld","description":"Under Writer Dashboard.","autoExpireObject":false,"bundleVersion":"0","assetFrsGuid":"4AHaTvbcRkVhHLyuDrVv04","templateId":"@3","deployTime":1743014133000,"hasParameters":true,"valid":true,"fixedConnection":false,"hasParametersDeployed":true,"fixedConnectionDeployed":false,"isSchemaValidationEnabled":false,"tasks":1,"mappingPreviewFileRecordId":"@2","documentType":"MAPPING","references":[]}]