[{"@type":"fwConfig","id":"@1","name":"FW_m_Generate_NCOA_fileNCOA","description":"","lineSequential":true,"padBytes":1,"skipRows":0,"nullChar":" ","nullCharType":"ASCII","repeatNullChar":false,"stripTrailingBlank":false,"dateFormat":"A  19 mm/dd/yyyy hh24:mi:ss","columns":[{"@type":"fwColumn","name":"ADDR_1","nativeType":"string","precision":50,"physicalLength":0,"scale":0},{"@type":"fwColumn","name":"ADDR_2","nativeType":"string","precision":50,"physicalLength":0,"scale":0},{"@type":"fwColumn","name":"CITY","nativeType":"string","precision":24,"physicalLength":0,"scale":0},{"@type":"fwColumn","name":"STATE","nativeType":"string","precision":2,"physicalLength":0,"scale":0},{"@type":"fwColumn","name":"ZIP_5","nativeType":"string","precision":5,"physicalLength":0,"scale":0},{"@type":"fwColumn","name":"ZIP_4","nativeType":"string","precision":4,"physicalLength":0,"scale":0},{"@type":"fwColumn","name":"DELIVERY_NAME","nativeType":"string","precision":50,"physicalLength":0,"scale":0},{"@type":"fwColumn","name":"ADDRESS_FORMAT","nativeType":"string","precision":1,"physicalLength":0,"scale":0},{"@type":"fwColumn","name":"POLICY_NUMBER","nativeType":"string","precision":25,"physicalLength":0,"scale":0}]}]