[{"@type":"mappingTemplate","id":"@1","name":"m_load_insured_portal_insured_detail_from_staging","description":"","autoExpireObject":false,"bundleVersion":"0","assetFrsGuid":"cB7Uh3n2bYdiQDglvGzooW","templateId":"@3","deployTime":1722631693000,"hasParameters":true,"valid":true,"fixedConnection":true,"hasParametersDeployed":true,"fixedConnectionDeployed":true,"isSchemaValidationEnabled":false,"tasks":1,"mappingPreviewFileRecordId":"@2","documentType":"MAPPING","allowMaxFieldLength":false,"specialCharacterSupport":false,"references":[{"@type":"reference","refObjectId":"@aYZ4ekzHgIPeKpiaoqDLKP","refType":"connection"}]}]