[{"@type":"mappingTemplate","id":"@1","name":"m_load_claimreinsurancesummarystats_stg_from_claimreinsurancesummarystats","description":"This mapping loads the staging table claimreinsurancesummarystats_stg from the Guidewire view claimreinsurancesummarystats","bundleVersion":"0","templateId":"@3","deployTime":1720719296000,"hasParameters":true,"valid":true,"fixedConnection":false,"hasParametersDeployed":true,"fixedConnectionDeployed":false,"isSchemaValidationEnabled":false,"tasks":2,"mappingPreviewFileRecordId":"@2","documentType":"","references":[]}]