[{"@type":"mappingTemplate","id":"@1","name":"Mapping30","description":"","autoExpireObject":false,"bundleVersion":"0","assetFrsGuid":"a3aHKMnSmemiGTAFRRDmo4","templateId":"@3","deployTime":1757547351000,"hasParameters":false,"valid":true,"fixedConnection":true,"hasParametersDeployed":false,"fixedConnectionDeployed":true,"isSchemaValidationEnabled":false,"tasks":0,"mappingPreviewFileRecordId":"@2","documentType":"MAPPING","allowMaxFieldLength":false,"specialCharacterSupport":false,"references":[{"@type":"reference","refObjectId":"@cQv4Hm2m2aGl2pCgAfWwGT","refType":"connection"}]}]