[{"@type":"mappingTemplate","id":"@1","name":"m_dq_dim_policy_v2","description":"Mapping with parameterized target table and hardcoded source and data quality tables. This is used in the mapping task.","bundleVersion":"0","templateId":"@3","deployTime":1699638873000,"hasParameters":true,"valid":true,"fixedConnection":true,"hasParametersDeployed":true,"fixedConnectionDeployed":true,"isSchemaValidationEnabled":false,"tasks":1,"mappingPreviewFileRecordId":"@2","documentType":"MAPPING","references":[{"@type":"reference","refObjectId":"@dqHTiQhJYWolYaNB9bUmKf","refType":"connection"},{"@type":"reference","refObjectId":"@57nEaebNo3OgH65Ow0fVWO","refType":"connection"}]}]