[{"@type":"mappingTemplate","id":"@1","name":"m_Load_Risk_stg_to_Master_Risk_Ld_1","description":"","autoExpireObject":false,"bundleVersion":"0","assetFrsGuid":"eMBDxwcmGuBdpttvABtfUI","templateId":"@3","deployTime":1741632222000,"hasParameters":true,"valid":true,"fixedConnection":false,"hasParametersDeployed":true,"fixedConnectionDeployed":false,"isSchemaValidationEnabled":false,"tasks":2,"mappingPreviewFileRecordId":"@2","documentType":"MAPPING","references":[{"@type":"reference","refObjectId":"@iBbwdyOJOiHlfSqg9KSc2G","refType":"mappletTemplate"}]}]