[{"@type":"mtTask","id":"@1","name":"s_m_load_msgr_facts_pms_new_vw1","description":"Session pushed from PC to ICS : s_m_load_msgr_facts_pms_new_vw1","autoExpireObject":false,"runtimeEnvironmentId":"@94yEUbQ8g09k6LZ0ShdXQQ","maxLogs":10,"verbose":false,"lastRunTime":1728586675000,"mappingId":"@56YUUvJtrvngimk2nDhJO4","frsGuid":"8t5f1d39alZg9djUwzsYe8","shortDescription":"Session pushed from PC to ICS : s_m_load_msgr_fact...","sessionPropertiesList":[{"name":"Allow Temporary Sequence for Pushdown","value":"NO","recommended":false},{"name":"Allow Temporary View for Pushdown","value":"NO","recommended":false},{"name":"Data Column Delimiter","value":"|","recommended":false},{"name":"Error Log File Name","value":"PMError.log","recommended":false},{"name":"Pushdown Optimization","value":"None","recommended":false},{"name":"Pushdown Optimization Context","value":"None","recommended":false},{"name":"Pushdown Optimization Fallback Option","value":"Partial PDO","recommended":false}],"hidden":false,"enableCrossSchemaPushdown":false,"enableParallelRun":false,"autoTunedApplied":false,"autoTunedAppliedType":"NONE","parameterFileName":"Andover_Parm_Peregrine.txt","parameterFileDir":"$PMRootDir/andover/parameters","paramFileType":"PARAM_FILE_LOCAL","schemaMode":"async","valid":true,"schemaValidationErrorCount":-1,"serverlessProperties":{},"taskProperties":[{"@type":"taskProperty","name":"parameterFileDir","currentValue":"$PMRootDir/andover/parameters","type":"STRING","label":"label.parameterFileDir","required":false},{"@type":"taskProperty","name":"parameterFileName","currentValue":"Andover_Parm_Peregrine.txt","type":"STRING","label":"label.parameterFileName","required":false},{"@type":"taskProperty","name":"outboundMessageUrlQueueTime","currentValue":"","type":"NUMBER","label":"label.outboundMessageUrlQueueTime","required":false},{"@type":"taskProperty","name":"outboundMessageUrlToken","currentValue":"","type":"STRING","label":"label.outboundMessageUrlToken","required":false}],"optimizationPlan":"NONE","isMidstreamPreview":false,"allowMaxFieldLength":false,"specialCharacterSupport":false,"useUserDefinedOrder":false,"parameters":[{"@type":"mtTaskParameter","id":99198745,"name":"$SQ_PMS_Fact_Premiums_Earned$","type":"SOURCE","label":"DBConnection_SRC","description":"","uiProperties":{"cnxtype":"Amazon Redshift v2","connectionParameterized":"true","paramName":"DBConnection_SRC","paramLabel":"","paramType-mapping":"Connection","logcnx":"DBConnection_SRC","isSelectDistinct":"false","objectParameterized":"false","visible":"false","originalPath":"SQ_PMS_Fact_Premiums_Earned"},"sourceConnectionId":"@5Zcq1VmIGjxlaDWgHTaKA5","sourceObject":"DUMMY_SQ_PMS_Fact_Premiums_Earned","newFlatFile":false,"newObject":false,"showBusinessNames":true,"naturalOrder":true,"truncateTarget":false,"bulkApiDBTarget":false,"customFuncCfg":{"@type":"customFuncConfig","id":-1,"connections":[],"inputMap":[],"outputFields":[]},"targetRefsV2":{},"targetUpdateColumns":[],"fieldOrderList":[],"runtimeAttrs":{},"isRESTModernSource":true,"customQuery":"SELECT\nA.Policy_Key, \nA.Policy_Key_Code, \nA.Major_Peril_ID, \nA.Risk_State_ID, \nA.Account_Entered_Dt, \nA.MTD_Earned_Premium, \nA.Unearned_Premium, \nA.Commission_Amount, \nA.Taxes_Svc_Charges, \nA.Written_Premium, \nA.PT_ID, \nA.StateLine,\nA.annual_statement_line, \nB.Policy_Transaction_ID,\nTGT.row_id,\nTGT.md5_hash_value\nFROM \n\tdbo.PMS_Fact_Premiums_Earned A \n\tLEFT JOIN dbo.PMS_Policy_Transactions B\n\tON abs(A.PT_ID) = B.Policy_Transaction_ID \n\tleft join dbo.msgr_facts_pms_new_vw1 TGT on\n\t\tA.Policy_Key = TGT.Policy_Key AND\n\t\tA.Policy_Key_Code = TGT.Policy_Key_Code AND\n\t\tA.Major_Peril_ID = TGT.Major_Peril_ID AND\n\t\tA.Risk_State_ID = TGT.Risk_State_ID AND\n\t\tA.Account_Entered_Dt = TGT.Account_Entered_Dt AND\n\t\tNVL(A.StateLine,'NA') = NVL(TGT.StateLine,'NA') AND\n\t\tNVL(A.annual_statement_line,'NA') = NVL(TGT.annual_statement_line,'NA')\nWHERE \n--YEAR(Account_Entered_Dt) = 2023\n--and\tA.StateLine is not null\n--Account_Entered_Dt >=dateadd(month, -1, cast(getdate() as date)) AND \n--date_part(year,A.account_entered_dt) in ('2022','2023','2024') AND \n--2005 and 2006 '2007','2008','2009' 2010','2011','2012','2013' '2014','2015','2016','2017' 2018, 2019, 2020, 2021  '2022','2023','2024 done. Initial load for testing was completed several years at a time\n(A.row_ins_dt >= (SELECT etlbatchstartst FROM dbo.loadbatchetldt WHERE loadetltype = 'wf_msgr_views') \nOR B.row_ins_dt >= (SELECT etlbatchstartst FROM dbo.loadbatchetldt WHERE loadetltype = 'wf_msgr_views'))\nORDER BY \nA.Policy_Key, \nA.Policy_Key_Code, \nA.Major_Peril_ID, \nA.Risk_State_ID, \nA.Account_Entered_Dt,\nA.StateLine,\nA.annual_statement_line,\nTGT.row_id,\nTGT.md5_hash_value","commandType":0,"isFileList":false,"handleSpecialChars":false,"handleDecimalRoundOff":false,"frsAsset":false,"dynamicFileName":false,"excludeDynamicFileNameField":false,"currentlyProcessedFileName":false,"retainFieldMetadata":false,"objectName":"DUMMY_SQ_PMS_Fact_Premiums_Earned","useExactSrcNames":false,"userUpdated":true,"tgtObjectAttributes":{},"runtimeParameterData":{"@type":"mtTaskRuntimeParameterData","isConnectionRuntimeParameter":true,"isObjectRuntimeParameter":false,"connectionParameterName":"DBConnection_SRC"},"overridableProperties":[],"overriddenFields":[]},{"@type":"mtTaskParameter","id":99198746,"name":"$msgr_facts_pms_new_vw1$","type":"TARGET","label":"DBConnection_TGT","description":"","uiProperties":{"cnxtype":"Amazon Redshift v2","connectionParameterized":"true","paramName":"DBConnection_TGT","paramLabel":"","paramType-mapping":"Connection","logcnx":"DBConnection_TGT","default":"dbo/msgr_facts_pms_new_vw1","objectParameterized":"false","visible":"false","defaultTargetUpdateColumns":"","supportApplyDDLChanges":"false","originalPath":"msgr_facts_pms_new_vw1"},"targetConnectionId":"@5Zcq1VmIGjxlaDWgHTaKA5","targetObject":"dbo/msgr_facts_pms_new_vw1","targetObjectLabel":"msgr_facts_pms_new_vw1","newFlatFile":false,"newObject":false,"showBusinessNames":true,"naturalOrder":true,"truncateTarget":false,"bulkApiDBTarget":false,"operationType":"Rowbased","customFuncCfg":{"@type":"customFuncConfig","id":-1,"connections":[],"inputMap":[],"outputFields":[]},"targetRefsV2":{},"targetUpdateColumns":[],"fieldOrderList":[],"extendedObject":{"@type":"extendedObject","singleMode":true,"filters":[],"sortFields":[]},"runtimeAttrs":{},"isRESTModernSource":true,"commandType":0,"isFileList":false,"handleSpecialChars":false,"handleDecimalRoundOff":false,"frsAsset":false,"dynamicFileName":false,"excludeDynamicFileNameField":false,"currentlyProcessedFileName":false,"retainFieldMetadata":false,"objectName":"dbo/msgr_facts_pms_new_vw1","objectLabel":"msgr_facts_pms_new_vw1","useExactSrcNames":false,"userUpdated":true,"tgtObjectAttributes":{},"runtimeParameterData":{"@type":"mtTaskRuntimeParameterData","isConnectionRuntimeParameter":true,"isObjectRuntimeParameter":false,"connectionParameterName":"DBConnection_TGT"},"overridableProperties":[],"overriddenFields":[]},{"@type":"mtTaskParameter","id":99198747,"name":"$msgr_facts_pms_new_vw2$","type":"TARGET","label":"DBConnection_TGT","description":"","uiProperties":{"cnxtype":"Amazon Redshift v2","connectionParameterized":"true","paramName":"DBConnection_TGT","paramLabel":"","paramType-mapping":"Connection","logcnx":"DBConnection_TGT","default":"dbo/msgr_facts_pms_new_vw1","objectParameterized":"false","visible":"false","defaultTargetUpdateColumns":"row_id","supportApplyDDLChanges":"false","originalPath":"msgr_facts_pms_new_vw2"},"targetConnectionId":"@5Zcq1VmIGjxlaDWgHTaKA5","targetObject":"dbo/msgr_facts_pms_new_vw1","targetObjectLabel":"msgr_facts_pms_new_vw1","newFlatFile":false,"newObject":false,"showBusinessNames":true,"naturalOrder":true,"truncateTarget":false,"bulkApiDBTarget":false,"operationType":"Rowbased","customFuncCfg":{"@type":"customFuncConfig","id":-1,"connections":[],"inputMap":[],"outputFields":[]},"targetRefsV2":{},"targetUpdateColumns":["row_id"],"fieldOrderList":[],"extendedObject":{"@type":"extendedObject","singleMode":true,"filters":[],"sortFields":[]},"runtimeAttrs":{},"isRESTModernSource":true,"commandType":0,"isFileList":false,"handleSpecialChars":false,"handleDecimalRoundOff":false,"frsAsset":false,"dynamicFileName":false,"excludeDynamicFileNameField":false,"currentlyProcessedFileName":false,"retainFieldMetadata":false,"objectName":"dbo/msgr_facts_pms_new_vw1","objectLabel":"msgr_facts_pms_new_vw1","useExactSrcNames":false,"userUpdated":true,"tgtObjectAttributes":{},"runtimeParameterData":{"@type":"mtTaskRuntimeParameterData","isConnectionRuntimeParameter":true,"isObjectRuntimeParameter":false,"connectionParameterName":"DBConnection_TGT"},"overridableProperties":[],"overriddenFields":[]}],"sequences":[],"inOutParameters":[],"connRuntimeAttrs":[]}]