[{"@type":"mappingTemplate","id":"@1","name":"cdi_mps_acx_addr_bronze_address_application_stg_ld","description":"","autoExpireObject":false,"bundleVersion":"0","assetFrsGuid":"7AtD4nNE0kqb8g4muFttYg","templateId":"@3","hasParameters":true,"valid":true,"fixedConnection":false,"hasParametersDeployed":false,"fixedConnectionDeployed":false,"isSchemaValidationEnabled":false,"tasks":1,"mappingPreviewFileRecordId":"@2","documentType":"","allowMaxFieldLength":false,"specialCharacterSupport":false,"references":[]}]