[{"@type":"mappingTemplate","id":"@1","name":"cdi_map_batch_load_summary_status_update_failure","description":"The framework must log each batch execution with a unique batch ID and for each target table.","autoExpireObject":false,"bundleVersion":"0","assetFrsGuid":"a8SlxedIOMAjQ69sEuL6IC","templateId":"@3","deployTime":1748374170000,"hasParameters":false,"valid":true,"fixedConnection":true,"hasParametersDeployed":false,"fixedConnectionDeployed":true,"isSchemaValidationEnabled":false,"tasks":1,"mappingPreviewFileRecordId":"@2","documentType":"MAPPING","allowMaxFieldLength":false,"specialCharacterSupport":false,"references":[{"@type":"reference","refObjectId":"@aYZ4ekzHgIPeKpiaoqDLKP","refType":"connection"}]}]