[{"@type":"mtTask","id":"@1","name":"cdi_tsk_map_uw_silver_prior_carrier_and_prior_loss_ld","autoExpireObject":false,"runtimeEnvironmentId":"@3pADNCV9u0PcgrXjM7rx0t","maxLogs":10,"verbose":false,"lastRunTime":1742386407000,"mappingId":"@eMt2S5OTesygZ9uhyuDno6","frsGuid":"aN6mv3Bk2hfdeK9aijPNEv","sessionPropertiesList":[{"name":"Pushdown Optimization","value":"None","recommended":false},{"name":"Pushdown Optimization Context","value":"None","recommended":false},{"name":"Pushdown Optimization Fallback Option","value":"Partial PDO","recommended":false}],"hidden":false,"enableCrossSchemaPushdown":true,"enableParallelRun":false,"autoTunedApplied":false,"autoTunedAppliedType":"NONE","parameterFileName":"Andover_Param_GW.param","parameterFileDir":"$PMRootDir/andover/parameters","paramFileType":"PARAM_FILE_LOCAL","schemaMode":"async","valid":true,"schemaValidationErrorCount":-1,"serverlessProperties":{},"taskProperties":[{"@type":"taskProperty","name":"parameterFileDir","currentValue":"$PMRootDir/andover/parameters","type":"STRING","label":"label.parameterFileDir","required":false},{"@type":"taskProperty","name":"parameterFileName","currentValue":"Andover_Param_GW.param","type":"STRING","label":"label.parameterFileName","required":false},{"@type":"taskProperty","name":"outboundMessageUrlQueueTime","currentValue":"","type":"NUMBER","label":"label.outboundMessageUrlQueueTime","required":false},{"@type":"taskProperty","name":"outboundMessageUrlToken","currentValue":"","type":"STRING","label":"label.outboundMessageUrlToken","required":false}],"optimizationPlan":"NONE","isMidstreamPreview":false,"parameters":[{"@type":"mtTaskParameter","id":113480872,"name":"$src_query$","type":"SOURCE","label":"DBConnection_SRC","description":"","uiProperties":{"cnxtype":"Amazon Redshift v2","connectionParameterized":"true","paramName":"DBConnection_SRC","paramLabel":"","paramType-mapping":"Connection","logcnx":"DBConnection_SRC","isSelectDistinct":"false","objectParameterized":"false","visible":"false","originalPath":"src_query"},"sourceObject":"DUMMY_src_query","newFlatFile":false,"newObject":false,"showBusinessNames":true,"naturalOrder":true,"truncateTarget":false,"bulkApiDBTarget":false,"customFuncCfg":{"@type":"customFuncConfig","id":-1,"connections":[],"inputMap":[],"outputFields":[]},"targetRefsV2":{},"targetUpdateColumns":[],"runtimeAttrs":{},"oprRuntimeAttrs":{"postSql":"","selectDistinct":"NO","EncryptionType":"None","EnableCompression":"YES","sqlQuery":"","fetchSize":"10000","multipartDownloadThreshold":"5242880","temporaryCredentialDuration":"43200","StagingDirectoryLocation":"","schemaName":"","TreatNullValueAsNull":"NO","sourceTableName":"","UnloadOptionsPropertyFile":"","DownloadS3FilesInMultipleParts":"NO","S3BucketName":"","readMode":"Direct","preSql":""},"isRESTModernSource":true,"customQuery":"select\n\tdistinct \n    prkr.policy_system_id as policy_system_id,\n\tprkr.policy_number as policy_number,\n\tprkr.policy_module_number as policy_module_number,\n\tprkr.policy_key as policy_key,\n\tprkr.policy_key_code as policy_key_code,\n\tprkr.risk_system_id as risk_system_id,\n\tprkr.risk_id as risk_id,\n\tl.system_id as loss_history_system_id,\n\tl.id as loss_history_id,\n\tl.cmm_container as loss_history_record_type,\n\tl.risk_id_ref as risk_id_reference_number,\n\tl.loss_cause_cd as prior_carrier_loss_cause,\n\tl.loss_dt as prior_carrier_loss_date,\n\tl.claim_number as prior_carrier_claim_number,\n\tl.carrier_name as prior_carrier_name_sourced_from_loss_history,\n\tl.policy_type_cd as prior_carrier_policy_type,\n\tl.source_cd as prior_carrier_source,\n\tl.paid_amt as prior_carrier_paid_indemnity_amount,\n\tl.expense_amount as prior_carrier_paid_expense_amount,\n\tl.reserve_amount as prior_carrier_reserve_amount,\n\tl.subrogation_amount as prior_carrier_subrogation_amount,\n\tl.claim_status_cd as prior_carrier_claim_status,\n\tl.loss_desc as prior_carrier_loss_description,\n\tl.\"comment\" as prior_carrier_comment,\n\tl.claim_type_display as prior_carrier_claim_type ,\n\tl.reported_by as loss_history_reported_by,\n\tb.homeautocreditdescription as companion_auto_carrier_and_policy_number,\n\ta.systemid as application_system_id,\n\ta.applicationnumber as application_number,\n\tt.prior_carrier_and_prior_loss_row_id as prior_carrier_and_prior_loss_row_id,\n\tt.prior_carrier_and_prior_loss_md5_hash_value\nfrom\n\tdbo.loss_history_stg l\nleft join dbo.building_stg b\non\n\tl.system_id = b.systemid\n\tand l.cmm_container = b.cmmcontainer\n\tand l.risk_id_ref = b.parentid\nleft join dbo.basicpolicy_stg bs \non\n\tl.system_id = bs.systemid\n\tand l.cmm_container = bs.cmmcontainer\nleft join dbo.policy_risk_key_reference prkr\non\n\tl.system_id = prkr.policy_system_id\n\tand l.cmm_container = prkr.policy_cmm_container\n\tand l.risk_id_ref = prkr.risk_id\nleft join dbo.application_stg a\non\n\tbs.originalapplicationref = a.systemid\nleft join dbo.prior_carrier_and_prior_loss t\non\n\tt.loss_history_id = l.id\n\tand t.loss_history_system_id = l.system_id\n\tand t.loss_history_record_type = l.cmm_container\n\tand t.risk_id = l.risk_id_ref\n\tand t.prior_carrier_and_prior_loss_row_effective_end_date = '9999-12-31'\nwhere\n\tprkr.policy_risk_key_reference_row_effective_end_date = '9999-12-31'\n\tand l.cmm_container = 'Policy'\nunion\nselect\n\tdistinct \nprkr.policy_system_id as policy_system_id,\n\tprkr.policy_number as policy_number,\n\tprkr.policy_module_number as policy_module_number,\n\tprkr.policy_key as policy_key,\n\tprkr.policy_key_code as policy_key_code,\n\tprkr.risk_system_id as risk_system_id,\n\tprkr.risk_id as risk_id,\n\tl.system_id as loss_history_system_id,\n\tl.id as loss_history_id,\n\tl.cmm_container as loss_history_record_type,\n\tl.risk_id_ref as risk_id_reference_number,\n\tl.loss_cause_cd as prior_carrier_loss_cause,\n\tl.loss_dt as prior_carrier_loss_date,\n\tl.claim_number as prior_carrier_claim_number,\n\tl.carrier_name as prior_carrier_name_sourced_from_loss_history,\n\tl.policy_type_cd as prior_carrier_policy_type,\n\tl.source_cd as prior_carrier_source,\n\tl.paid_amt as prior_carrier_paid_indemnity_amount,\n\tl.expense_amount as prior_carrier_paid_expense_amount,\n\tl.reserve_amount as prior_carrier_reserve_amount,\n\tl.subrogation_amount as prior_carrier_subrogation_amount,\n\tl.claim_status_cd as prior_carrier_claim_status,\n\tl.loss_desc as prior_carrier_loss_description,\n\tl.\"comment\" as prior_carrier_comment,\n\tl.claim_type_display as prior_carrier_claim_type ,\n\tl.reported_by as loss_history_reported_by,\n\tb.building_application_home_auto_credit_description as companion_auto_carrier_and_policy_number,\n\ta.systemid as application_system_id,\n\ta.applicationnumber as application_number,\n\tt.prior_carrier_and_prior_loss_row_id as prior_carrier_and_prior_loss_row_id,\n\tt.prior_carrier_and_prior_loss_md5_hash_value\nfrom\n\tdbo.loss_history_stg l\nleft join dbo.building_application_stg b\non\n\tl.system_id = b.building_application_system_id\n\tand l.cmm_container = b.building_application_cmm_container\n\tand l.risk_id_ref = b.building_application_parent_id\nleft join dbo.policy_risk_key_reference prkr\non\n\tl.system_id = prkr.policy_system_id\n\tand l.cmm_container = prkr.policy_cmm_container\n\tand l.risk_id_ref = prkr.risk_id\nleft join dbo.application_stg a\non\n\tl.system_id = a.systemid\n\tand l.cmm_container = a.cmmcontainer\nleft join dbo.prior_carrier_and_prior_loss t\non\n\tt.loss_history_id = l.id\n\tand t.loss_history_system_id = l.system_id\n\tand t.loss_history_record_type = l.cmm_container\n\tand t.risk_id = l.risk_id_ref\n\tand t.prior_carrier_and_prior_loss_row_effective_end_date = '9999-12-31'\nwhere\n\tprkr.policy_risk_key_reference_row_effective_end_date = '9999-12-31'\n\tand l.cmm_container = 'Application'","isFileList":false,"handleSpecialChars":false,"handleDecimalRoundOff":false,"frsAsset":false,"dynamicFileName":false,"excludeDynamicFileNameField":false,"currentlyProcessedFileName":false,"retainFieldMetadata":false,"objectName":"DUMMY_src_query","useExactSrcNames":false,"userUpdated":false,"tgtObjectAttributes":{},"runtimeParameterData":{"@type":"mtTaskRuntimeParameterData","isConnectionRuntimeParameter":false,"isObjectRuntimeParameter":false,"connectionParameterName":"DBConnection_SRC"},"overridableProperties":[],"overriddenFields":[]},{"@type":"mtTaskParameter","id":113480873,"name":"$tgt_prior_carrier_and_prior_loss_close$","type":"TARGET","label":"DBConnection_TGT","description":"","uiProperties":{"cnxtype":"Amazon Redshift v2","connectionParameterized":"true","paramName":"DBConnection_TGT","paramLabel":"","paramType-mapping":"Connection","logcnx":"DBConnection_TGT","default":"dbo/prior_carrier_and_prior_loss","objectParameterized":"false","visible":"false","defaultTargetUpdateColumns":"prior_carrier_and_prior_loss_row_id","supportApplyDDLChanges":"false","originalPath":"tgt_prior_carrier_and_prior_loss_close"},"targetObject":"dbo/prior_carrier_and_prior_loss","targetObjectLabel":"dbo/prior_carrier_and_prior_loss","newFlatFile":false,"newObject":false,"showBusinessNames":true,"naturalOrder":true,"truncateTarget":false,"bulkApiDBTarget":false,"operationType":"Update","customFuncCfg":{"@type":"customFuncConfig","id":-1,"connections":[],"inputMap":[],"outputFields":[]},"targetRefsV2":{},"targetUpdateColumns":["prior_carrier_and_prior_loss_row_id"],"extendedObject":{"@type":"extendedObject","singleMode":true,"filters":[],"sortFields":[]},"runtimeAttrs":{},"isRESTModernSource":true,"isFileList":false,"handleSpecialChars":false,"handleDecimalRoundOff":false,"frsAsset":false,"dynamicFileName":false,"excludeDynamicFileNameField":false,"currentlyProcessedFileName":false,"retainFieldMetadata":false,"objectName":"dbo/prior_carrier_and_prior_loss","objectLabel":"dbo/prior_carrier_and_prior_loss","useExactSrcNames":false,"userUpdated":false,"tgtObjectAttributes":{},"runtimeParameterData":{"@type":"mtTaskRuntimeParameterData","isConnectionRuntimeParameter":false,"isObjectRuntimeParameter":false,"connectionParameterName":"DBConnection_TGT"},"overridableProperties":[],"overriddenFields":[]},{"@type":"mtTaskParameter","id":113480874,"name":"$tgt_prior_carrier_and_prior_loss_insert$","type":"TARGET","label":"DBConnection_TGT","description":"","uiProperties":{"cnxtype":"Amazon Redshift v2","connectionParameterized":"true","paramName":"DBConnection_TGT","paramLabel":"","paramType-mapping":"Connection","logcnx":"DBConnection_TGT","default":"dbo/prior_carrier_and_prior_loss","objectParameterized":"false","visible":"false","defaultTargetUpdateColumns":"","supportApplyDDLChanges":"false","originalPath":"tgt_prior_carrier_and_prior_loss_insert"},"targetObject":"dbo/prior_carrier_and_prior_loss","targetObjectLabel":"dbo/prior_carrier_and_prior_loss","newFlatFile":false,"newObject":false,"showBusinessNames":true,"naturalOrder":true,"truncateTarget":false,"bulkApiDBTarget":false,"operationType":"Insert","customFuncCfg":{"@type":"customFuncConfig","id":-1,"connections":[],"inputMap":[],"outputFields":[]},"targetRefsV2":{},"targetUpdateColumns":[],"extendedObject":{"@type":"extendedObject","singleMode":true,"filters":[],"sortFields":[]},"runtimeAttrs":{},"isRESTModernSource":true,"isFileList":false,"handleSpecialChars":false,"handleDecimalRoundOff":false,"frsAsset":false,"dynamicFileName":false,"excludeDynamicFileNameField":false,"currentlyProcessedFileName":false,"retainFieldMetadata":false,"objectName":"dbo/prior_carrier_and_prior_loss","objectLabel":"dbo/prior_carrier_and_prior_loss","useExactSrcNames":false,"userUpdated":false,"tgtObjectAttributes":{},"runtimeParameterData":{"@type":"mtTaskRuntimeParameterData","isConnectionRuntimeParameter":false,"isObjectRuntimeParameter":false,"connectionParameterName":"DBConnection_TGT"},"overridableProperties":[],"overriddenFields":[]},{"@type":"mtTaskParameter","id":113480875,"name":"$tgt_prior_carrier_and_prior_loss_update$","type":"TARGET","label":"DBConnection_TGT","description":"","uiProperties":{"cnxtype":"Amazon Redshift v2","connectionParameterized":"true","paramName":"DBConnection_TGT","paramLabel":"","paramType-mapping":"Connection","logcnx":"DBConnection_TGT","default":"dbo/prior_carrier_and_prior_loss","objectParameterized":"false","visible":"false","defaultTargetUpdateColumns":"","supportApplyDDLChanges":"false","originalPath":"tgt_prior_carrier_and_prior_loss_update"},"targetObject":"dbo/prior_carrier_and_prior_loss","targetObjectLabel":"dbo/prior_carrier_and_prior_loss","newFlatFile":false,"newObject":false,"showBusinessNames":true,"naturalOrder":true,"truncateTarget":false,"bulkApiDBTarget":false,"operationType":"Insert","customFuncCfg":{"@type":"customFuncConfig","id":-1,"connections":[],"inputMap":[],"outputFields":[]},"targetRefsV2":{},"targetUpdateColumns":[],"extendedObject":{"@type":"extendedObject","singleMode":true,"filters":[],"sortFields":[]},"runtimeAttrs":{},"isRESTModernSource":true,"isFileList":false,"handleSpecialChars":false,"handleDecimalRoundOff":false,"frsAsset":false,"dynamicFileName":false,"excludeDynamicFileNameField":false,"currentlyProcessedFileName":false,"retainFieldMetadata":false,"objectName":"dbo/prior_carrier_and_prior_loss","objectLabel":"dbo/prior_carrier_and_prior_loss","useExactSrcNames":false,"userUpdated":false,"tgtObjectAttributes":{},"runtimeParameterData":{"@type":"mtTaskRuntimeParameterData","isConnectionRuntimeParameter":false,"isObjectRuntimeParameter":false,"connectionParameterName":"DBConnection_TGT"},"overridableProperties":[],"overriddenFields":[]}],"sequences":[],"inOutParameters":[],"connRuntimeAttrs":[]}]