[{"@type":"UDF","id":"@1","name":"DATE_Format","description":"UDF pushed from PC to ICS : DATE_Format","autoExpireObject":false,"expression":"DECODE(\n    TRUE,\n    -- Test first format (MM/DD/YY)\n    IS_DATE(in_Date, 'MM/DD/YY'),\n    DECODE(\n        SIGN(GET_DATE_PART(TO_DATE(in_Date, 'MM/DD/YY'), 'YY') - 1900),\n        -1, NULL,\n        TO_DATE(in_Date, 'MM/DD/YY')\n    ),\n    -- Test second format (MM/DD/YYYY)\n    IS_DATE(in_Date, 'MM/DD/YYYY'),\n    DECODE(\n        SIGN(GET_DATE_PART(TO_DATE(in_Date, 'MM/DD/YYYY'), 'YYYY') - 1900),\n        -1, NULL,\n        TO_DATE(in_Date, 'MM/DD/YYYY')\n    ),\n    -- Test third format (MON DD YYYY)\n    IS_DATE(in_Date, 'MON DD YYYY'),\n    TO_DATE(in_Date, 'MON DD YYYY'),\n    -- Default case\n    NULL\n)\n","detailType":"DEPLOYED","returnType":"date","arguments":[{"name":"in_Date","type":"string"}],"detailCreateTime":1719432701000,"detailUpdateTime":1719432701000,"frsGuid":"jVYDenl01gJhcWn2VyNwUb","valid":true,"validForEnginesStr":"CDI,CDI_E"}]