[{"@type":"mappingTemplate","id":"@1","name":"LoadFileNames_ManualFeed","description":"","autoExpireObject":false,"bundleVersion":"0","assetFrsGuid":"2Q102f4foOkgPAHTu43mki","templateId":"@3","deployTime":1768843253000,"hasParameters":true,"valid":true,"fixedConnection":false,"hasParametersDeployed":true,"fixedConnectionDeployed":false,"isSchemaValidationEnabled":false,"tasks":0,"mappingPreviewFileRecordId":"@2","documentType":"","allowMaxFieldLength":false,"specialCharacterSupport":false,"references":[]}]