[{"@type":"mtTask","id":"@1","name":"cdi_tsk_map_uw_silver_uw_dashboard_additional_insured_details_ld","autoExpireObject":false,"runtimeEnvironmentId":"@3pADNCV9u0PcgrXjM7rx0t","maxLogs":10,"verbose":false,"lastRunTime":1765339657000,"mappingId":"@a7NqhCIo3HOiBqobL2nKkl","frsGuid":"6Kmm6SSStq4hblRixWUk2I","sessionPropertiesList":[{"name":"Pushdown Optimization","value":"None","recommended":false},{"name":"Pushdown Optimization Context","value":"None","recommended":false},{"name":"Pushdown Optimization Fallback Option","value":"Partial PDO","recommended":false}],"hidden":false,"enableCrossSchemaPushdown":true,"enableParallelRun":false,"autoTunedApplied":false,"autoTunedAppliedType":"NONE","parameterFileName":"Andover_Param_GW.param","parameterFileDir":"$PMRootDir/andover/parameters","paramFileType":"PARAM_FILE_LOCAL","schemaMode":"async","valid":true,"schemaValidationErrorCount":-1,"serverlessProperties":{},"taskProperties":[{"@type":"taskProperty","name":"parameterFileDir","currentValue":"$PMRootDir/andover/parameters","type":"STRING","label":"label.parameterFileDir","required":false},{"@type":"taskProperty","name":"parameterFileName","currentValue":"Andover_Param_GW.param","type":"STRING","label":"label.parameterFileName","required":false},{"@type":"taskProperty","name":"outboundMessageUrlQueueTime","currentValue":"","type":"NUMBER","label":"label.outboundMessageUrlQueueTime","required":false},{"@type":"taskProperty","name":"outboundMessageUrlToken","currentValue":"","type":"STRING","label":"label.outboundMessageUrlToken","required":false}],"optimizationPlan":"NONE","isMidstreamPreview":false,"allowMaxFieldLength":false,"specialCharacterSupport":false,"useUserDefinedOrder":false,"parameters":[{"@type":"mtTaskParameter","id":142105740,"name":"$src_query$","type":"SOURCE","label":"DBConnection_SRC","description":"","uiProperties":{"cnxtype":"Amazon Redshift v2","connectionParameterized":"true","paramName":"DBConnection_SRC","paramLabel":"","paramType-mapping":"Connection","logcnx":"DBConnection_SRC","isSelectDistinct":"false","objectParameterized":"false","visible":"false","originalPath":"src_query"},"sourceConnectionId":"@aYZ4ekzHgIPeKpiaoqDLKP","sourceObject":"DUMMY_src_query","newFlatFile":false,"newObject":false,"showBusinessNames":true,"naturalOrder":true,"truncateTarget":false,"bulkApiDBTarget":false,"customFuncCfg":{"@type":"customFuncConfig","id":-1,"connections":[],"inputMap":[],"outputFields":[]},"targetRefsV2":{},"targetUpdateColumns":[],"fieldOrderList":[],"runtimeAttrs":{},"isRESTModernSource":true,"customQuery":"select\n\tdistinct \n        prkr.policy_system_id as policy_system_id,\n\tprkr.policy_number as policy_number,\n\tprkr.policy_module_number as policy_module_number,\n\tprkr.policy_key as policy_key,\n\tai.systemid as additional_interest_system_id,\n\tai.parentid as additional_interest_parent_id,\n\tai.cmmcontainer as additional_interest_cmm_container,\n\tai.id as additional_interest_id,\n\tai.interesttypecd as additional_interest_type_code,\n\tai.accountnumber as additional_interest_account_number,\n\tai.interestname as additional_interest_name,\n\tai.sequencenumber as additional_interest_sequence_number,\n\tai.status as additional_interest_status,\n\tt.uw_dashboard_additional_insured_details_row_id,\n\tt.uw_dashboard_additional_insured_details_md5_hash_value\nfrom\n\tdbo.additional_interest_stg ai\nleft join dbo.basicpolicy_stg bs \non\n\tai.parentid = bs.parentid\n\tand ai.systemid = bs.systemid\n\tand ai.cmmcontainer = bs.cmmcontainer\nleft join dbo.policy_risk_key_reference prkr\non\n\tbs.systemid = prkr.policy_system_id\n\tand bs.cmmcontainer = prkr.policy_cmm_container\n\tand bs.id = prkr.policy_reference_id\nleft join dbo.uw_dashboard_additional_insured_details t\non\n\tai.systemid = t.additional_interest_system_id\n\tand ai.id = t.additional_interest_id\n\tand ai.cmmcontainer = t.additional_interest_cmm_container\n\tand t.uw_dashboard_additional_insured_details_row_effective_end_datetime = '9999-12-31'\nwhere ai.status = 'Active'\n  and prkr.policy_risk_key_reference_row_effective_end_date = '9999-12-31'\nunion\nselect\n\tdistinct \n\tprkr.policy_system_id,\n\tprkr.policy_number,\n\tprkr.policy_module_number,\n\tprkr.policy_key,\n\tai.additional_interest_system_id,\n\tai.additional_interest_parent_id,\n\tai.additional_interest_cmm_container,\n\tai.additional_interest_id,\n\tai.additional_interest_type_code,\n\tai.additional_interest_account_number,\n\tai.additional_interest_name,\n\tai.additional_interest_sequence_number,\n\tai.additional_interest_status,\n\tt.uw_dashboard_additional_insured_details_row_id,\n\tt.uw_dashboard_additional_insured_details_md5_hash_value\nfrom\n\tdbo.additional_interest_application_stg ai\nleft join dbo.basicpolicyapp_stg bs\non\n\tai.additional_interest_parent_id = bs.parentid\n\tand ai.additional_interest_system_id = bs.systemid\n\tand ai.additional_interest_cmm_container = bs.cmmcontainer\nleft join dbo.policy_risk_key_reference prkr\non\n\tai.additional_interest_system_id = prkr.policy_system_id\n\tand ai.additional_interest_cmm_container = prkr.policy_cmm_container\nleft join dbo.uw_dashboard_additional_insured_details t\non\n\tai.additional_interest_system_id = t.additional_interest_system_id\n\tand ai.additional_interest_id = t.additional_interest_id\n\tand ai.additional_interest_cmm_container = t.additional_interest_cmm_container\n\tand t.uw_dashboard_additional_insured_details_row_effective_end_datetime = '9999-12-31'\nwhere ai.additional_interest_status = 'Active'\n  and prkr.policy_risk_key_reference_row_effective_end_date = '9999-12-31'","commandType":0,"isFileList":false,"handleSpecialChars":false,"handleDecimalRoundOff":false,"frsAsset":false,"dynamicFileName":false,"excludeDynamicFileNameField":false,"currentlyProcessedFileName":false,"retainFieldMetadata":false,"objectName":"DUMMY_src_query","useExactSrcNames":false,"userUpdated":true,"fetchMode":"ORIGINAL","tgtObjectAttributes":{},"runtimeParameterData":{"@type":"mtTaskRuntimeParameterData","isConnectionRuntimeParameter":false,"isObjectRuntimeParameter":false,"connectionParameterName":"DBConnection_SRC"},"overridableProperties":[],"overriddenFields":[]},{"@type":"mtTaskParameter","id":142105741,"name":"$tgt_uw_dashboard_additional_insured_details_close$","type":"TARGET","label":"DBConnection_TGT","description":"","uiProperties":{"cnxtype":"Amazon Redshift v2","connectionParameterized":"true","paramName":"DBConnection_TGT","paramLabel":"","paramType-mapping":"Connection","logcnx":"DBConnection_TGT","default":"dbo/uw_dashboard_additional_insured_details","objectParameterized":"false","visible":"false","defaultTargetUpdateColumns":"uw_dashboard_additional_insured_details_row_id","supportApplyDDLChanges":"false","originalPath":"tgt_uw_dashboard_additional_insured_details_close"},"targetConnectionId":"@aYZ4ekzHgIPeKpiaoqDLKP","targetObject":"dbo/uw_dashboard_additional_insured_details","targetObjectLabel":"dbo/uw_dashboard_additional_insured_details","newFlatFile":false,"newObject":false,"showBusinessNames":true,"naturalOrder":true,"truncateTarget":false,"bulkApiDBTarget":false,"operationType":"Update","customFuncCfg":{"@type":"customFuncConfig","id":-1,"connections":[],"inputMap":[],"outputFields":[]},"targetRefsV2":{},"targetUpdateColumns":["uw_dashboard_additional_insured_details_row_id"],"fieldOrderList":[],"extendedObject":{"@type":"extendedObject","singleMode":true,"filters":[],"sortFields":[]},"runtimeAttrs":{},"isRESTModernSource":true,"commandType":0,"isFileList":false,"handleSpecialChars":false,"handleDecimalRoundOff":false,"frsAsset":false,"dynamicFileName":false,"excludeDynamicFileNameField":false,"currentlyProcessedFileName":false,"retainFieldMetadata":false,"objectName":"dbo/uw_dashboard_additional_insured_details","objectLabel":"dbo/uw_dashboard_additional_insured_details","useExactSrcNames":false,"userUpdated":true,"fetchMode":"ORIGINAL","tgtObjectAttributes":{},"runtimeParameterData":{"@type":"mtTaskRuntimeParameterData","isConnectionRuntimeParameter":false,"isObjectRuntimeParameter":false,"connectionParameterName":"DBConnection_TGT"},"overridableProperties":[],"targetSchemaProviderType":"SELECTED_OBJECT","dbSchema":"","overriddenFields":[]},{"@type":"mtTaskParameter","id":142105742,"name":"$tgt_uw_dashboard_additional_insured_details_insert$","type":"TARGET","label":"DBConnection_TGT","description":"","uiProperties":{"cnxtype":"Amazon Redshift v2","connectionParameterized":"true","paramName":"DBConnection_TGT","paramLabel":"","paramType-mapping":"Connection","logcnx":"DBConnection_TGT","default":"dbo/uw_dashboard_additional_insured_details","objectParameterized":"false","visible":"false","defaultTargetUpdateColumns":"","supportApplyDDLChanges":"false","originalPath":"tgt_uw_dashboard_additional_insured_details_insert"},"targetConnectionId":"@aYZ4ekzHgIPeKpiaoqDLKP","targetObject":"dbo/uw_dashboard_additional_insured_details","targetObjectLabel":"dbo/uw_dashboard_additional_insured_details","newFlatFile":false,"newObject":false,"showBusinessNames":true,"naturalOrder":true,"truncateTarget":false,"bulkApiDBTarget":false,"operationType":"Insert","customFuncCfg":{"@type":"customFuncConfig","id":-1,"connections":[],"inputMap":[],"outputFields":[]},"targetRefsV2":{},"targetUpdateColumns":[],"fieldOrderList":[],"extendedObject":{"@type":"extendedObject","singleMode":true,"filters":[],"sortFields":[]},"runtimeAttrs":{},"isRESTModernSource":true,"commandType":0,"isFileList":false,"handleSpecialChars":false,"handleDecimalRoundOff":false,"frsAsset":false,"dynamicFileName":false,"excludeDynamicFileNameField":false,"currentlyProcessedFileName":false,"retainFieldMetadata":false,"objectName":"dbo/uw_dashboard_additional_insured_details","objectLabel":"dbo/uw_dashboard_additional_insured_details","useExactSrcNames":false,"userUpdated":true,"fetchMode":"ORIGINAL","tgtObjectAttributes":{},"runtimeParameterData":{"@type":"mtTaskRuntimeParameterData","isConnectionRuntimeParameter":false,"isObjectRuntimeParameter":false,"connectionParameterName":"DBConnection_TGT"},"overridableProperties":[],"targetSchemaProviderType":"SELECTED_OBJECT","dbSchema":"","overriddenFields":[]},{"@type":"mtTaskParameter","id":142105743,"name":"$tgt_uw_dashboard_additional_insured_details_update$","type":"TARGET","label":"DBConnection_TGT","description":"","uiProperties":{"cnxtype":"Amazon Redshift v2","connectionParameterized":"true","paramName":"DBConnection_TGT","paramLabel":"","paramType-mapping":"Connection","logcnx":"DBConnection_TGT","default":"dbo/uw_dashboard_additional_insured_details","objectParameterized":"false","visible":"false","defaultTargetUpdateColumns":"","supportApplyDDLChanges":"false","originalPath":"tgt_uw_dashboard_additional_insured_details_update"},"targetConnectionId":"@aYZ4ekzHgIPeKpiaoqDLKP","targetObject":"dbo/uw_dashboard_additional_insured_details","targetObjectLabel":"dbo/uw_dashboard_additional_insured_details","newFlatFile":false,"newObject":false,"showBusinessNames":true,"naturalOrder":true,"truncateTarget":false,"bulkApiDBTarget":false,"operationType":"Insert","customFuncCfg":{"@type":"customFuncConfig","id":-1,"connections":[],"inputMap":[],"outputFields":[]},"targetRefsV2":{},"targetUpdateColumns":[],"fieldOrderList":[],"extendedObject":{"@type":"extendedObject","singleMode":true,"filters":[],"sortFields":[]},"runtimeAttrs":{},"isRESTModernSource":true,"commandType":0,"isFileList":false,"handleSpecialChars":false,"handleDecimalRoundOff":false,"frsAsset":false,"dynamicFileName":false,"excludeDynamicFileNameField":false,"currentlyProcessedFileName":false,"retainFieldMetadata":false,"objectName":"dbo/uw_dashboard_additional_insured_details","objectLabel":"dbo/uw_dashboard_additional_insured_details","useExactSrcNames":false,"userUpdated":true,"fetchMode":"ORIGINAL","tgtObjectAttributes":{},"runtimeParameterData":{"@type":"mtTaskRuntimeParameterData","isConnectionRuntimeParameter":false,"isObjectRuntimeParameter":false,"connectionParameterName":"DBConnection_TGT"},"overridableProperties":[],"targetSchemaProviderType":"SELECTED_OBJECT","dbSchema":"","overriddenFields":[]}],"sequences":[],"inOutParameters":[],"connRuntimeAttrs":[]}]