[{"@type":"mappingTemplate","id":"@1","name":"cdi_map_acx_ai_bronze_ai_stg_ld","description":"Mapping to load ai data from GW database to AWS Redshift database","autoExpireObject":false,"bundleVersion":"0","assetFrsGuid":"5Ggb7dTUymGdu1E3C0BjOI","templateId":"@3","deployTime":1742230860000,"hasParameters":true,"valid":true,"fixedConnection":false,"hasParametersDeployed":true,"fixedConnectionDeployed":false,"isSchemaValidationEnabled":false,"tasks":1,"mappingPreviewFileRecordId":"@2","documentType":"MAPPING","references":[]}]