[{"@type":"mappingTemplate","id":"@1","name":"cdi_map_predictive_analytics_search_criteria_silver_load","description":"","autoExpireObject":false,"bundleVersion":"0","assetFrsGuid":"3pp1bAYsNZBjjwVs0wx5cC","templateId":"@3","deployTime":1765298936000,"hasParameters":true,"valid":true,"fixedConnection":false,"hasParametersDeployed":true,"fixedConnectionDeployed":false,"isSchemaValidationEnabled":false,"tasks":1,"mappingPreviewFileRecordId":"@2","documentType":"MAPPING","allowMaxFieldLength":false,"specialCharacterSupport":false,"references":[{"@type":"reference","refObjectId":"@82j5IDTc2lSlG1QZdwkC4D","refType":"mappletTemplate","refObjInSync":"true"}]}]