[{"@type":"mappingTemplate","id":"@1","name":"cdi_map_acx_risk_bronze_risk_application_stg_ld","description":"","autoExpireObject":false,"bundleVersion":"0","assetFrsGuid":"7EGdxqmVkCHltTNLxuOqit","templateId":"@3","deployTime":1740077206000,"hasParameters":true,"valid":true,"fixedConnection":true,"hasParametersDeployed":true,"fixedConnectionDeployed":true,"isSchemaValidationEnabled":false,"tasks":1,"mappingPreviewFileRecordId":"@2","documentType":"","allowMaxFieldLength":false,"specialCharacterSupport":false,"references":[{"@type":"reference","refObjectId":"@1MPwv79N5kdekz7fZXQSas","refType":"connection"}]}]