[{"@type":"mappingTemplate","id":"@1","name":"cdi_map_bv_property_building_bronze_betterview_property_building_stg_ld","description":"","autoExpireObject":false,"bundleVersion":"0","assetFrsGuid":"7vGhqYIZMwAe2dVVoxp94B","templateId":"@3","hasParameters":true,"valid":true,"fixedConnection":false,"hasParametersDeployed":false,"fixedConnectionDeployed":false,"isSchemaValidationEnabled":false,"tasks":1,"mappingPreviewFileRecordId":"@2","documentType":"MAPPING","allowMaxFieldLength":false,"specialCharacterSupport":false,"references":[]}]