[{"@type":"mtTask","id":"@1","name":"s_m_load_Policyreinsurancestats_to_Policyreinsurancestats_stg_Ld","description":"Session pushed from PC to ICS : s_m_load_Policyreinsurancestats_to_Policyreinsurancestats_stg_Ld","runtimeEnvironmentId":"@3pADNCV9u0PcgrXjM7rx0t","maxLogs":10,"verbose":false,"lastRunTime":1711975285000,"mappingId":"@1pFniskNrW5dMWlFrsCda7","frsGuid":"6ad9M8cQYAliwp1ReHWGSj","shortDescription":"Session pushed from PC to ICS : s_m_load_Policyrei...","sessionPropertiesList":[{"name":"Allow Temporary Sequence for Pushdown","value":"NO","recommended":false},{"name":"Allow Temporary View for Pushdown","value":"NO","recommended":false},{"name":"Commit Interval","value":"10000","recommended":false},{"name":"Commit On End Of File","value":"YES","recommended":false},{"name":"Commit Type","value":"Target","recommended":false},{"name":"Data Column Delimiter","value":"|","recommended":false},{"name":"Error Log File Name","value":"PMError.log","recommended":false},{"name":"Pushdown Optimization","value":"None","recommended":false},{"name":"Pushdown Optimization Context","value":"None","recommended":false},{"name":"Pushdown Optimization Fallback Option","value":"Partial PDO","recommended":false},{"name":"Treat source rows as","value":"Insert","recommended":false}],"enableCrossSchemaPushdown":false,"enableParallelRun":false,"autoTunedApplied":false,"autoTunedAppliedType":"NONE","parameterFileName":"Andover_Param_GW.param","parameterFileDir":"$PMRootDir/andover/parameters","paramFileType":"PARAM_FILE_LOCAL","schemaMode":"async","valid":true,"schemaValidationErrorCount":-1,"serverlessProperties":{},"taskProperties":[{"@type":"taskProperty","name":"parameterFileDir","currentValue":"$PMRootDir/andover/parameters","type":"STRING","label":"label.parameterFileDir","required":false},{"@type":"taskProperty","name":"parameterFileName","currentValue":"Andover_Param_GW.param","type":"STRING","label":"label.parameterFileName","required":false}],"parameters":[{"@type":"mtTaskParameter","id":82019979,"name":"$SQ_policyreinsurancestats$","type":"SOURCE","label":"DBConnection_SRCM","description":"","uiProperties":{"cnxtype":"MySQL","connectionParameterized":"true","paramName":"DBConnection_SRCM","paramLabel":"","paramType-mapping":"Connection","logcnx":"DBConnection_SRCM","isSelectDistinct":"false","objectParameterized":"false","visible":"false","originalPath":"SQ_policyreinsurancestats"},"sourceConnectionId":"@jPo49nVatmzbSnPefVZwCV","sourceObject":"DUMMY_SQ_policyreinsurancestats","newFlatFile":false,"newObject":false,"showBusinessNames":true,"naturalOrder":true,"truncateTarget":false,"bulkApiDBTarget":false,"customFuncCfg":{"@type":"customFuncConfig","id":-1,"connections":[],"inputMap":[],"outputFields":[]},"targetRefsV2":{},"targetUpdateColumns":[],"runtimeAttrs":{},"isRESTModernSource":true,"customQuery":"SELECT policyreinsurancestats.SystemId, policyreinsurancestats.id, policyreinsurancestats.StatSequence, policyreinsurancestats.StatSequenceReplace, policyreinsurancestats.PolicyRef, policyreinsurancestats.PolicyNumber, policyreinsurancestats.PolicyVersion, policyreinsurancestats.TransactionNumber, policyreinsurancestats.EffectiveDt, policyreinsurancestats.ExpirationDt, policyreinsurancestats.CombinedKey, policyreinsurancestats.AddDt, policyreinsurancestats.BookDt, policyreinsurancestats.TransactionEffectiveDt, policyreinsurancestats.AccountingDt, policyreinsurancestats.WrittenPremiumAmt, policyreinsurancestats.WrittenCommissionAmt, policyreinsurancestats.EarnDays, policyreinsurancestats.InforceChangeAmt, policyreinsurancestats.PolicyYear, policyreinsurancestats.TermDays, policyreinsurancestats.InsuranceTypeCd, policyreinsurancestats.StartDt, policyreinsurancestats.EndDt, policyreinsurancestats.StatusCd, policyreinsurancestats.NewRenewalCd, policyreinsurancestats.AnnualStatementLineCd, policyreinsurancestats.ReinsuranceName, policyreinsurancestats.MasterSubInd, policyreinsurancestats.ReinsuranceItemName, policyreinsurancestats.ProviderCd, policyreinsurancestats.TransactionCd, policyreinsurancestats.StateCd, policyreinsurancestats.ReinsuranceGroupId, policyreinsurancestats.ProductVersionIdRef, policyreinsurancestats.CarrierGroupCd, policyreinsurancestats.CarrierCd, policyreinsurancestats.PolicyStatusCd, policyreinsurancestats.ProductName, policyreinsurancestats.PolicyTypeCd, policyreinsurancestats.PolicyGroupCd, policyreinsurancestats.CustomerRef, policyreinsurancestats.ReinsuranceCoverageGroupCd, policyreinsurancestats.PolicySource, policyreinsurancestats.ReinsurerCode, policyreinsurancestats.MajorPerilCd, policyreinsurancestats.StateLineCd,\npolicyreinsurancestats.UpdateTimestamp\nFROM\n policyreinsurancestats \n where policyref in\n (select policyref from policyreinsurancestats\n where\n updatetimestamp >= '$$m_strtdt' \n and updatetimestamp < '$$m_Enddt'\n)","isFileList":false,"handleSpecialChars":false,"handleDecimalRoundOff":false,"frsAsset":false,"dynamicFileName":false,"excludeDynamicFileNameField":false,"currentlyProcessedFileName":false,"retainFieldMetadata":false,"objectName":"DUMMY_SQ_policyreinsurancestats","useExactSrcNames":false,"tgtObjectAttributes":{},"runtimeParameterData":{"@type":"mtTaskRuntimeParameterData","isConnectionRuntimeParameter":true,"isObjectRuntimeParameter":false,"connectionParameterName":"DBConnection_SRCM"},"overridableProperties":[],"overriddenFields":[]},{"@type":"mtTaskParameter","id":82019980,"name":"$policyreinsurancestats_Stg$","type":"TARGET","label":"DBConnection_TGT","description":"","uiProperties":{"cnxtype":"Amazon Redshift v2","connectionParameterized":"true","paramName":"DBConnection_TGT","paramLabel":"","paramType-mapping":"Connection","logcnx":"DBConnection_TGT","default":"dbo/policyreinsurancestats_stg","objectParameterized":"false","visible":"false","defaultTargetUpdateColumns":"","supportApplyDDLChanges":"true","originalPath":"policyreinsurancestats_Stg"},"targetConnectionId":"@aYZ4ekzHgIPeKpiaoqDLKP","targetObject":"dbo/policyreinsurancestats_stg","targetObjectLabel":"policyreinsurancestats_stg","newFlatFile":false,"newObject":false,"showBusinessNames":true,"naturalOrder":true,"truncateTarget":false,"bulkApiDBTarget":false,"operationType":"Insert","customFuncCfg":{"@type":"customFuncConfig","id":-1,"connections":[],"inputMap":[],"outputFields":[]},"targetRefsV2":{},"targetUpdateColumns":[],"extendedObject":{"@type":"extendedObject","singleMode":true,"filters":[],"sortFields":[]},"runtimeAttrs":{},"isRESTModernSource":true,"isFileList":false,"handleSpecialChars":false,"handleDecimalRoundOff":false,"frsAsset":false,"dynamicFileName":false,"excludeDynamicFileNameField":false,"currentlyProcessedFileName":false,"retainFieldMetadata":false,"objectName":"dbo/policyreinsurancestats_stg","objectLabel":"policyreinsurancestats_stg","useExactSrcNames":false,"tgtObjectAttributes":{},"runtimeParameterData":{"@type":"mtTaskRuntimeParameterData","isConnectionRuntimeParameter":true,"isObjectRuntimeParameter":false,"connectionParameterName":"DBConnection_TGT"},"overridableProperties":[],"overriddenFields":[]}],"sequences":[],"inOutParameters":[{"@type":"mtTaskInOutParameter","id":"-1","name":"m_strtdt","description":"","initialValue":"","datatype":"STRING","precision":"120","scale":"0","retentionPolicy":"NEVER","aggregationType":"MAX","currentValue":""},{"@type":"mtTaskInOutParameter","id":"-1","name":"m_Enddt","description":"","initialValue":"","datatype":"STRING","precision":"120","scale":"0","retentionPolicy":"NEVER","aggregationType":"MAX","currentValue":""}],"connRuntimeAttrs":[]}]