[{"@type":"mappingTemplate","id":"@1","name":"m_load_lkp_address_key_gw","description":"","autoExpireObject":false,"bundleVersion":"0","assetFrsGuid":"1vqlCFSxlc0cE8b4vScvOs","templateId":"@3","deployTime":1767815008000,"hasParameters":true,"valid":true,"fixedConnection":false,"hasParametersDeployed":true,"fixedConnectionDeployed":false,"isSchemaValidationEnabled":false,"tasks":1,"mappingPreviewFileRecordId":"@2","documentType":"","allowMaxFieldLength":false,"specialCharacterSupport":false,"references":[]}]