[{"@type":"mtTask","id":"@1","name":"s_m_load_ClaimSubro_SelfService_Combined_open","description":"Loads the GW data into ClaimSubro Self service combned to provide MTD data for Subrogation related measures on the basis of Subrogation Open date","runtimeEnvironmentId":"@2NZZ3Ll26eokZZRvQWlJuU","maxLogs":10,"verbose":false,"lastRunTime":1727894947000,"mappingId":"@7x4RI9hTLafc4e8tyZf68Y","frsGuid":"fqanpLFX1gNkaJXGahnPW1","shortDescription":"Loads the GW data into ClaimSubro Self service com...","sessionPropertiesList":[{"name":"Allow Temporary Sequence for Pushdown","value":"NO","recommended":false},{"name":"Allow Temporary View for Pushdown","value":"NO","recommended":false},{"name":"Cache LOOKUP() function","value":"YES","recommended":false},{"name":"Commit On End Of File","value":"YES","recommended":false},{"name":"Data Column Delimiter","value":"|","recommended":false},{"name":"DateTime Format String","value":"MM/DD/YYYY HH24:MI:SS.US","recommended":false},{"name":"Error Log File Name","value":"PMError.log","recommended":false},{"name":"Pushdown Optimization","value":"None","recommended":false},{"name":"Pushdown Optimization Context","value":"None","recommended":false},{"name":"Pushdown Optimization Fallback Option","value":"Partial PDO","recommended":false}],"hidden":false,"enableCrossSchemaPushdown":false,"enableParallelRun":false,"autoTunedApplied":false,"autoTunedAppliedType":"NONE","parameterFileName":"Andover_Param_GW.param","parameterFileDir":"$PMRootDir/andover/parameters","paramFileType":"PARAM_FILE_LOCAL","schemaMode":"async","valid":true,"schemaValidationErrorCount":-1,"serverlessProperties":{},"taskProperties":[{"@type":"taskProperty","name":"parameterFileDir","currentValue":"$PMRootDir/andover/parameters","type":"STRING","label":"label.parameterFileDir","required":false},{"@type":"taskProperty","name":"parameterFileName","currentValue":"Andover_Param_GW.param","type":"STRING","label":"label.parameterFileName","required":false},{"@type":"taskProperty","name":"outboundMessageUrlQueueTime","currentValue":"","type":"NUMBER","label":"label.outboundMessageUrlQueueTime","required":false},{"@type":"taskProperty","name":"outboundMessageUrlToken","currentValue":"","type":"STRING","label":"label.outboundMessageUrlToken","required":false}],"optimizationPlan":"NONE","isMidstreamPreview":false,"parameters":[{"@type":"mtTaskParameter","id":98802018,"name":"$SQ_claimdetail$","type":"SOURCE","label":"DBConnection_SRC","description":"","uiProperties":{"cnxtype":"Amazon Redshift v2","connectionParameterized":"true","paramName":"DBConnection_SRC","paramLabel":"","paramType-mapping":"Connection","logcnx":"DBConnection_SRC","isSelectDistinct":"false","objectParameterized":"false","visible":"false","originalPath":"SQ_claimdetail"},"sourceConnectionId":"@iWG7WweMRiOiUzzrDFkK0U","sourceObject":"DUMMY_SQ_claimdetail","newFlatFile":false,"newObject":false,"showBusinessNames":true,"naturalOrder":true,"truncateTarget":false,"bulkApiDBTarget":false,"customFuncCfg":{"@type":"customFuncConfig","id":-1,"connections":[],"inputMap":[],"outputFields":[]},"targetRefsV2":{},"targetUpdateColumns":[],"runtimeAttrs":{"Temporary Credential Duration":"3600"},"oprRuntimeAttrs":{"temporaryCredentialDuration":"3600"},"isRESTModernSource":true,"customQuery":"select isnull(sd.OpenedDt,'9999-12-31'),substring(rk.riskstate,1,2) as riskstate,cd.claimnumber,cd.CatGroupDesc,cd.LosscauseCd,\ncd.subLosscauseCd,l.GW_LOB_Desc as LineOfBusiness,l.GW_LOB_Group_Desc as LOB_group,\nisnull(sd.OpenedDt,'9999-12-31') as OpenedDt,isnull(sd.ClosedDt,'9999-12-31') as ClosedDt,\nisnull(cd.LossReportedDt,'9999-12-31') as ReportedDt,\ncase when sd.TotalRecoveryAmt>0 then abs(datediff(day,sd.ClosedDt,sd.openeddt)) else 0 end as Cycle_Time_Files_With_Recovery,\ncase when sd.TotalRecoveryAmt<=0 then abs(datediff(day,sd.ClosedDt,sd.openeddt)) else 0 end as Cycle_Time_Files_Without_Recovery,\nltrim(rtrim(sd.SubrogationStatusCd)) as SubrogationStatusCd,\ncase when sd.TotalRecoveryAmt>0 then 'Recovered' else 'Not Recovered' end as Subro_success_Status,\n0 as LossPaidAmt,sd.Demand as Demand,\nct.SubroExpenseAmt as Subro_Expense_Amt,ct.SubroExpenseAmt as Allocated_Loss_Adjustment_Expense,\nisnull(sd.TotalRecoveryAmt,0),sd.DeductibleReturnedAmt as Deductible_returned,cd.ClaimType,'OpenedDt-Dashboard' as Dashboard_Indicator\n,sd.SubrogationExaminer\n,sd.SubrogationLegalCounsel\nfrom dbo.subrogationdetail sd \nleft join (select * from dbo.Claimdetail where RowEffEndDt = '9999-12-31 00:00:00.0000000') cd on cd.policykey=sd.policykey and cd.claimnumber=sd.claimnumber\nleft join (select claimnumber,policykey,sum(LossPaidAmt) as SubroExpenseAmt from dbo.claimtransaction where classificationcd in ('Subrogation-Legal','Subrogation-Expert','Subrogation-Other') group by claimnumber,policykey)ct\non sd.claimnumber=ct.claimnumber and sd.policykey=ct.policykey\nleft join dbo.policydetail pd  on pd.policykey=sd.policykey\nleft join (select distinct PolicyKey,RiskState from dbo.Risk where RowEffEndDt = '9999-12-31 00:00:00.0000000')  rk on rk.policykey=sd.policykey\nleft join dbo.LOB_Ref l on pd.LineOfBusiness = l.GW_LOB_Desc\nwhere sd.claimnumber like '%CLM%'\n\nunion all\n\nselect isnull(ct.LossAccountEnteredDate,'9999-12-31'),'NA' as riskstate,ct.claimnumber,cd.CatGroupDesc,'NA' as LosscauseCd,\n'NA' as subLosscauseCd\n,l.GW_LOB_Desc as LineOfBusiness,l.GW_LOB_Group_Desc as LOB_group\n,'8888-01-01' as OpenedDt,'8888-01-01' as ClosedDt\n,cd.LossReportedDt as ReportedDt,\n0 as Cycle_Time_Files_With_Recovery,\n0 as Cycle_Time_Files_Without_Recovery,\n'NA' as SubrogationStatusCd,\n'NA' as Subro_success_Status,\nsum(ct.LossPaidAmt),0 as Demand,\n0 as Subro_Expense_Amt,0 as Allocated_Loss_Adjustment_Expense,\n0 as TotalRecoveryAmt,0 as Deductible_returned,'NA' as ClaimType,'OpenedDt-Dashboard' as Dashboard_Indicator\n,NULL as SubrogrationExaminer\n,NULL as SubrogationLegalCounsel\nfrom dbo.claimtransaction ct\nleft join (select * from dbo.Claimdetail where RowEffEndDt = '9999-12-31 00:00:00.0000000') cd on cd.claimnumber=ct.claimnumber\nleft join dbo.PolicyDetail pd  on ct.PolicyKey = pd.PolicyKey\nleft join dbo.LOB_Ref L  on pd.LineOfBusiness = l.GW_LOB_Desc\nwhere ct.claimnumber like '%CLM%' and cd.CatGroupDesc='Non-Cat' group by ct.LossAccountEnteredDate,ct.claimnumber,cd.CatGroupDesc\n,l.GW_LOB_Desc,l.GW_LOB_Group_Desc,cd.LossReportedDt","isFileList":false,"handleSpecialChars":false,"handleDecimalRoundOff":false,"frsAsset":false,"dynamicFileName":false,"excludeDynamicFileNameField":false,"currentlyProcessedFileName":false,"retainFieldMetadata":false,"objectName":"DUMMY_SQ_claimdetail","useExactSrcNames":false,"tgtObjectAttributes":{},"runtimeParameterData":{"@type":"mtTaskRuntimeParameterData","isConnectionRuntimeParameter":true,"isObjectRuntimeParameter":false,"connectionParameterName":"DBConnection_SRC"},"overridableProperties":[],"overriddenFields":[]},{"@type":"mtTaskParameter","id":98802019,"name":"$Claimsubro_SelfService_Combined$","type":"TARGET","label":"DBConnection_TGT","description":"","uiProperties":{"cnxtype":"Amazon Redshift v2","connectionParameterized":"true","paramName":"DBConnection_TGT","paramLabel":"","paramType-mapping":"Connection","logcnx":"DBConnection_TGT","default":"dbo/claimsubro_selfservice_combined","objectParameterized":"false","visible":"false","defaultTargetUpdateColumns":"","supportApplyDDLChanges":"false","originalPath":"Claimsubro_SelfService_Combined"},"targetConnectionId":"@iWG7WweMRiOiUzzrDFkK0U","targetObject":"dbo/claimsubro_selfservice_combined","targetObjectLabel":"claimsubro_selfservice_combined","newFlatFile":false,"newObject":false,"showBusinessNames":true,"naturalOrder":true,"truncateTarget":false,"bulkApiDBTarget":false,"operationType":"Insert","customFuncCfg":{"@type":"customFuncConfig","id":-1,"connections":[],"inputMap":[],"outputFields":[]},"targetRefsV2":{},"targetUpdateColumns":[],"extendedObject":{"@type":"extendedObject","singleMode":true,"filters":[],"sortFields":[]},"runtimeAttrs":{"Temporary Credential Duration":"3600"},"oprRuntimeAttrs":{"temporaryCredentialDuration":"3600"},"isRESTModernSource":true,"isFileList":false,"handleSpecialChars":false,"handleDecimalRoundOff":false,"frsAsset":false,"dynamicFileName":false,"excludeDynamicFileNameField":false,"currentlyProcessedFileName":false,"retainFieldMetadata":false,"objectName":"dbo/claimsubro_selfservice_combined","objectLabel":"claimsubro_selfservice_combined","useExactSrcNames":false,"tgtObjectAttributes":{},"runtimeParameterData":{"@type":"mtTaskRuntimeParameterData","isConnectionRuntimeParameter":true,"isObjectRuntimeParameter":false,"connectionParameterName":"DBConnection_TGT"},"overridableProperties":[],"overriddenFields":[]}],"sequences":[],"inOutParameters":[],"connRuntimeAttrs":[]}]