[{"@type":"mtTask","id":"@1","name":"s_m_Load_AssignedProvider_Stg_From_Assignedprovider","description":"Session pushed from PC to ICS : s_m_Load_AssignedProvider_Stg_From_Assignedprovider","runtimeEnvironmentId":"@3pADNCV9u0PcgrXjM7rx0t","maxLogs":10,"verbose":false,"lastRunTime":1712603446000,"mappingId":"@gi9IS8naxgpj1G9lPuuhAH","frsGuid":"81zGITuyc4GcKBoA8xBJec","shortDescription":"Session pushed from PC to ICS : s_m_Load_AssignedP...","sessionPropertiesList":[{"name":"Allow Temporary Sequence for Pushdown","value":"NO","recommended":false},{"name":"Allow Temporary View for Pushdown","value":"NO","recommended":false},{"name":"Data Column Delimiter","value":"|","recommended":false},{"name":"Error Log File Name","value":"PMError.log","recommended":false},{"name":"Override tracing","value":"Normal","recommended":false},{"name":"Pushdown Optimization","value":"None","recommended":false},{"name":"Pushdown Optimization Context","value":"None","recommended":false},{"name":"Pushdown Optimization Fallback Option","value":"Partial PDO","recommended":false},{"name":"Stop on errors","value":"1","recommended":false}],"hidden":false,"enableCrossSchemaPushdown":false,"enableParallelRun":false,"autoTunedApplied":false,"autoTunedAppliedType":"NONE","parameterFileName":"Andover_Param_GW.param","parameterFileDir":"$PMRootDir/andover/parameters","paramFileType":"PARAM_FILE_LOCAL","schemaMode":"async","valid":true,"schemaValidationErrorCount":-1,"serverlessProperties":{},"taskProperties":[{"@type":"taskProperty","name":"parameterFileDir","currentValue":"$PMRootDir/andover/parameters","type":"STRING","label":"label.parameterFileDir","required":false},{"@type":"taskProperty","name":"parameterFileName","currentValue":"Andover_Param_GW.param","type":"STRING","label":"label.parameterFileName","required":false}],"jobPriority":"MEDIUM","optimizationPlan":"NONE","isMidstreamPreview":false,"parameters":[{"@type":"mtTaskParameter","id":82039406,"name":"$Src__assignedprovider$","type":"SOURCE","label":"DBConnection_SRCM","description":"","uiProperties":{"cnxtype":"MySQL","connectionParameterized":"true","paramName":"DBConnection_SRCM","paramLabel":"","paramType-mapping":"Connection","logcnx":"DBConnection_SRCM","isSelectDistinct":"false","objectParameterized":"false","visible":"false","originalPath":"Src__assignedprovider"},"sourceConnectionId":"@jPo49nVatmzbSnPefVZwCV","sourceObject":"DUMMY_Src__assignedprovider","newFlatFile":false,"newObject":false,"showBusinessNames":true,"naturalOrder":true,"truncateTarget":false,"bulkApiDBTarget":false,"customFuncCfg":{"@type":"customFuncConfig","id":-1,"connections":[],"inputMap":[],"outputFields":[]},"targetRefsV2":{},"targetUpdateColumns":[],"runtimeAttrs":{"Sql Override":"SELECT assignedprovider.SystemId, assignedprovider.ParentId, assignedprovider.CMMContainer, assignedprovider.Id, assignedprovider.AssignedProviderTypeCd, assignedprovider.ProviderRef, assignedprovider.ProviderTypeCd, assignedprovider.RowId \nFROM\n assignedprovider\n Where cmmcontainer='Claim'","Pre SQL":"","Post SQL":"","Schema Name":""},"isRESTModernSource":true,"customQuery":"SELECT distinct assignedprovider.SystemId, assignedprovider.ParentId, assignedprovider.CMMContainer, assignedprovider.Id, assignedprovider.AssignedProviderTypeCd, assignedprovider.ProviderRef, assignedprovider.ProviderTypeCd, assignedprovider.RowId \nFROM\n assignedprovider\n where systemid in (select SystemId from advrxxchangedbeans where concat(adddt,addtm)>='$$M_StartDt' and concat(adddt,addtm) <='$$M_EndDt' and\n cmmcontainer='Claim') and cmmcontainer='Claim'","isFileList":false,"handleSpecialChars":false,"handleDecimalRoundOff":false,"frsAsset":false,"dynamicFileName":false,"excludeDynamicFileNameField":false,"currentlyProcessedFileName":false,"retainFieldMetadata":false,"objectName":"DUMMY_Src__assignedprovider","useExactSrcNames":false,"tgtObjectAttributes":{},"runtimeParameterData":{"@type":"mtTaskRuntimeParameterData","isConnectionRuntimeParameter":true,"isObjectRuntimeParameter":false,"connectionParameterName":"DBConnection_SRCM"},"overridableProperties":[],"overriddenFields":[]},{"@type":"mtTaskParameter","id":82039407,"name":"$Tgt_assignedprovider_Stg$","type":"TARGET","label":"DBConnection_TGT","description":"","uiProperties":{"cnxtype":"Amazon Redshift v2","connectionParameterized":"true","paramName":"DBConnection_TGT","paramLabel":"","paramType-mapping":"Connection","logcnx":"DBConnection_TGT","default":"dbo/assignedprovider_stg","objectParameterized":"false","visible":"false","defaultTargetUpdateColumns":"","supportApplyDDLChanges":"false","originalPath":"Tgt_assignedprovider_Stg"},"targetConnectionId":"@aYZ4ekzHgIPeKpiaoqDLKP","targetObject":"dbo/assignedprovider_stg","targetObjectLabel":"assignedprovider_stg","newFlatFile":false,"newObject":false,"showBusinessNames":true,"naturalOrder":true,"truncateTarget":false,"bulkApiDBTarget":false,"operationType":"Insert","customFuncCfg":{"@type":"customFuncConfig","id":-1,"connections":[],"inputMap":[],"outputFields":[]},"targetRefsV2":{},"targetUpdateColumns":[],"extendedObject":{"@type":"extendedObject","singleMode":true,"filters":[],"sortFields":[]},"runtimeAttrs":{"Temporary Credential Duration":"7200"},"oprRuntimeAttrs":{"temporaryCredentialDuration":"7200"},"isRESTModernSource":true,"isFileList":false,"handleSpecialChars":false,"handleDecimalRoundOff":false,"frsAsset":false,"dynamicFileName":false,"excludeDynamicFileNameField":false,"currentlyProcessedFileName":false,"retainFieldMetadata":false,"objectName":"dbo/assignedprovider_stg","objectLabel":"assignedprovider_stg","useExactSrcNames":false,"tgtObjectAttributes":{},"runtimeParameterData":{"@type":"mtTaskRuntimeParameterData","isConnectionRuntimeParameter":true,"isObjectRuntimeParameter":false,"connectionParameterName":"DBConnection_TGT"},"overridableProperties":[],"overriddenFields":[]}],"sequences":[],"inOutParameters":[{"@type":"mtTaskInOutParameter","id":"-1","name":"M_StartDt","description":"","initialValue":"","datatype":"STRING","precision":"120","scale":"0","retentionPolicy":"NEVER","aggregationType":"MAX","currentValue":""},{"@type":"mtTaskInOutParameter","id":"-1","name":"M_EndDt","description":"","initialValue":"","datatype":"STRING","precision":"120","scale":"0","retentionPolicy":"NEVER","aggregationType":"MAX","currentValue":""}],"connRuntimeAttrs":[]}]