[{"@type":"mappingTemplate","id":"@1","name":"m_check_stats_core_tables","description":"","autoExpireObject":false,"bundleVersion":"0","assetFrsGuid":"1Go6S1AzleDiEVScBL8QGo","templateId":"@3","deployTime":1767814956000,"hasParameters":true,"valid":true,"fixedConnection":false,"hasParametersDeployed":true,"fixedConnectionDeployed":false,"isSchemaValidationEnabled":false,"tasks":1,"mappingPreviewFileRecordId":"@2","documentType":"","allowMaxFieldLength":false,"specialCharacterSupport":false,"references":[]}]