[{"@type":"mappingTemplate","id":"@1","name":"cdi_map_adm_agency_license_bronze_load","description":"Loads from Metal staging layer to the Bronze tables. SCD2(maintains history of the records, active records are open ended and old ones have closed date)","autoExpireObject":false,"bundleVersion":"0","assetFrsGuid":"l2o3XGJhPUghfh0Qbqv8QH","templateId":"@3","deployTime":1755895795000,"hasParameters":true,"valid":true,"fixedConnection":false,"hasParametersDeployed":true,"fixedConnectionDeployed":false,"isSchemaValidationEnabled":false,"tasks":1,"mappingPreviewFileRecordId":"@2","documentType":"MAPPING","allowMaxFieldLength":false,"specialCharacterSupport":false,"references":[]}]