[{"@type":"mappingTemplate","id":"@1","name":"m_Load_Policy_to_Policy_Stg_Ld-Advanced","description":"","autoExpireObject":false,"bundleVersion":"0","assetFrsGuid":"9GnPDb4hELLc0dMkg5aGgo","templateId":"@3","hasParameters":true,"valid":true,"fixedConnection":false,"hasParametersDeployed":false,"fixedConnectionDeployed":false,"isSchemaValidationEnabled":false,"tasks":0,"mappingPreviewFileRecordId":"@2","documentType":"AT_SCALE_MAPPING","allowMaxFieldLength":false,"specialCharacterSupport":false,"references":[]}]