[{"@type":"mappingTemplate","id":"@1","name":"cdi_map_acx_silver_policy_risk_key_reference_ld","description":"","autoExpireObject":false,"bundleVersion":"0","assetFrsGuid":"2DqL3FNTLEpdKYUpsDqAam","templateId":"@3","hasParameters":true,"valid":true,"fixedConnection":false,"hasParametersDeployed":false,"fixedConnectionDeployed":false,"isSchemaValidationEnabled":false,"tasks":1,"mappingPreviewFileRecordId":"@2","documentType":"MAPPING","allowMaxFieldLength":false,"specialCharacterSupport":false,"references":[]}]