[{"@type":"mappingTemplate","id":"@1","name":"cdi_map_batch_load_status_update_failure","description":"","autoExpireObject":false,"bundleVersion":"0","assetFrsGuid":"8fpvpUIqSwXkhrUXcOjuG5","templateId":"@3","hasParameters":true,"valid":true,"fixedConnection":true,"hasParametersDeployed":false,"fixedConnectionDeployed":false,"isSchemaValidationEnabled":false,"tasks":1,"mappingPreviewFileRecordId":"@2","documentType":"MAPPING","allowMaxFieldLength":false,"specialCharacterSupport":false,"references":[{"@type":"reference","refObjectId":"@aYZ4ekzHgIPeKpiaoqDLKP","refType":"connection"}]}]