[{"@type":"mappingTemplate","id":"@1","name":"cdi_map_uw_silver_uw_dashboard_additional_insured_details_ld","description":"Under Writer Dashboard.","autoExpireObject":false,"bundleVersion":"0","assetFrsGuid":"6BE2zQwfiTGcbBxUg6LwiZ","templateId":"@3","deployTime":1742477245000,"hasParameters":true,"valid":true,"fixedConnection":false,"hasParametersDeployed":true,"fixedConnectionDeployed":false,"isSchemaValidationEnabled":false,"tasks":1,"mappingPreviewFileRecordId":"@2","documentType":"MAPPING","references":[]}]