[{"@type":"mappingTemplate","id":"@1","name":"LoadFileNames_ManualFeed","description":"","autoExpireObject":false,"bundleVersion":"0","assetFrsGuid":"a6swtqkWKH9iR1lRmhXz66","templateId":"@3","hasParameters":true,"valid":true,"fixedConnection":true,"hasParametersDeployed":false,"fixedConnectionDeployed":false,"isSchemaValidationEnabled":false,"tasks":1,"mappingPreviewFileRecordId":"@2","documentType":"","allowMaxFieldLength":false,"references":[{"@type":"reference","refObjectId":"@4PR5UG8LgQbgjcPh0nvIgA","refType":"connection"}]}]