[{"@type":"mappingTemplate","id":"@1","name":"cdi_map_adm_contact_guidewire_bronze_ld","description":"","autoExpireObject":false,"bundleVersion":"0","assetFrsGuid":"39iSV7UVhtsdxEtBPCarYm","templateId":"@3","deployTime":1749435340000,"hasParameters":true,"valid":true,"fixedConnection":false,"hasParametersDeployed":true,"fixedConnectionDeployed":false,"isSchemaValidationEnabled":false,"tasks":1,"mappingPreviewFileRecordId":"@2","documentType":"MAPPING","allowMaxFieldLength":false,"references":[]}]