[{"@type":"mappingTemplate","id":"@1","name":"cdi_map_acx_search_criteria_embedded_analytics_bronze_load","description":"","autoExpireObject":false,"bundleVersion":"0","assetFrsGuid":"9bAFAkqY3Q4iwpop8vhj2d","templateId":"@3","deployTime":1758567343000,"hasParameters":true,"valid":true,"fixedConnection":false,"hasParametersDeployed":true,"fixedConnectionDeployed":false,"isSchemaValidationEnabled":false,"tasks":1,"mappingPreviewFileRecordId":"@2","documentType":"MAPPING","allowMaxFieldLength":false,"specialCharacterSupport":false,"references":[]}]