[{"@type":"mappingTemplate","id":"@1","name":"cdi_map_batch_load_status_update","description":"","autoExpireObject":false,"bundleVersion":"0","assetFrsGuid":"3KzwEDjcw9Qk3FuBEWlmam","templateId":"@3","deployTime":1758778521000,"hasParameters":true,"valid":true,"fixedConnection":false,"hasParametersDeployed":true,"fixedConnectionDeployed":false,"isSchemaValidationEnabled":false,"tasks":3,"mappingPreviewFileRecordId":"@2","documentType":"MAPPING","allowMaxFieldLength":false,"specialCharacterSupport":false,"references":[]}]