[{"@type":"mappingTemplate","id":"@1","name":"cdi_map_uw_silver_prior_carrier_and_prior_loss_ld_copy","description":"Under Writer Dashboard.","autoExpireObject":false,"bundleVersion":"0","assetFrsGuid":"3SEaQUNWSGNgJV0luHqkSx","templateId":"@3","deployTime":1749671003000,"hasParameters":true,"valid":true,"fixedConnection":false,"hasParametersDeployed":true,"fixedConnectionDeployed":false,"isSchemaValidationEnabled":false,"tasks":1,"mappingPreviewFileRecordId":"@2","documentType":"MAPPING","allowMaxFieldLength":false,"specialCharacterSupport":false,"references":[]}]