[{"@type":"mappingTemplate","id":"@1","name":"m_Load_Subrogation_Stg_to_SubrogationDetail_Ld","description":"","autoExpireObject":false,"bundleVersion":"0","assetFrsGuid":"7udiPBc9UGqlimrId0Rzg5","templateId":"@3","deployTime":1744226252000,"hasParameters":true,"valid":true,"fixedConnection":false,"hasParametersDeployed":true,"fixedConnectionDeployed":false,"isSchemaValidationEnabled":false,"tasks":2,"mappingPreviewFileRecordId":"@2","documentType":"","allowMaxFieldLength":false,"references":[]}]