[{"@type":"mappingTemplate","id":"@1","name":"m_Load_Claimstats_to_ClaimTransaction_Ld","description":"Mapping to load Master Claim transaction from Stage table","bundleVersion":"0","templateId":"@3","deployTime":1719591771000,"hasParameters":true,"valid":true,"fixedConnection":true,"hasParametersDeployed":true,"fixedConnectionDeployed":true,"isSchemaValidationEnabled":false,"tasks":1,"mappingPreviewFileRecordId":"@2","documentType":"","references":[{"@type":"reference","refObjectId":"@aYZ4ekzHgIPeKpiaoqDLKP","refType":"connection"}]}]