[{"@type":"mappingTemplate","id":"@1","name":"m_Load_BasicPolicy_to_BasicPolicy_Stg_Ld","description":"","autoExpireObject":false,"bundleVersion":"0","assetFrsGuid":"ixwUMbOybolcU9bOlQzzYG","templateId":"@3","deployTime":1767815030000,"hasParameters":true,"valid":true,"fixedConnection":false,"hasParametersDeployed":true,"fixedConnectionDeployed":false,"isSchemaValidationEnabled":false,"tasks":2,"mappingPreviewFileRecordId":"@2","documentType":"","allowMaxFieldLength":false,"specialCharacterSupport":false,"references":[]}]