[{"@type":"mtTask","id":"@1","name":"s_m_load_PMS_ClaimSubro_SelfService_Combined_open","description":"Loads the PMS data into ClaimSubro Self service combned to provide MTD data for Subrogation related measures on the basis of Subrogation Open date","runtimeEnvironmentId":"@3pADNCV9u0PcgrXjM7rx0t","maxLogs":10,"verbose":false,"lastRunTime":1707138684000,"mappingId":"@3le7dXj66kDhKFNj2hJgOR","frsGuid":"0QztERD5dUTfdmwqR0f0ob","shortDescription":"Loads the PMS data into ClaimSubro Self service co...","sessionPropertiesList":[{"name":"Allow Temporary Sequence for Pushdown","value":"NO","recommended":false},{"name":"Allow Temporary View for Pushdown","value":"NO","recommended":false},{"name":"Data Column Delimiter","value":"|","recommended":false},{"name":"Error Log File Name","value":"PMError.log","recommended":false},{"name":"Pushdown Optimization","value":"None","recommended":false},{"name":"Pushdown Optimization Context","value":"None","recommended":false},{"name":"Pushdown Optimization Fallback Option","value":"Partial PDO","recommended":false}],"enableCrossSchemaPushdown":false,"enableParallelRun":false,"autoTunedApplied":false,"autoTunedAppliedType":"NONE","parameterFileName":"Andover_Param_GW.param","parameterFileDir":"$PMRootDir/andover/parameters","paramFileType":"PARAM_FILE_LOCAL","schemaMode":"async","valid":true,"schemaValidationErrorCount":-1,"serverlessProperties":{},"taskProperties":[{"@type":"taskProperty","name":"parameterFileDir","currentValue":"$PMRootDir/andover/parameters","type":"STRING","label":"label.parameterFileDir","required":false},{"@type":"taskProperty","name":"parameterFileName","currentValue":"Andover_Param_GW.param","type":"STRING","label":"label.parameterFileName","required":false}],"optimizationPlan":"NONE","parameters":[{"@type":"mtTaskParameter","id":76215826,"name":"$SQ_claimdetail$","type":"SOURCE","label":"DBConnection_SRC","description":"","uiProperties":{"cnxtype":"Amazon Redshift v2","connectionParameterized":"true","paramName":"DBConnection_SRC","paramLabel":"","paramType-mapping":"Connection","logcnx":"DBConnection_SRC","isSelectDistinct":"false","objectParameterized":"false","visible":"false","originalPath":"SQ_claimdetail"},"sourceConnectionId":"@aYZ4ekzHgIPeKpiaoqDLKP","sourceObject":"DUMMY_SQ_claimdetail","sourceObjectLabel":"DUMMY_SQ_claimdetail","newFlatFile":false,"newObject":false,"showBusinessNames":true,"naturalOrder":true,"truncateTarget":false,"bulkApiDBTarget":false,"customFuncCfg":{"@type":"customFuncConfig","id":-1,"connections":[],"inputMap":[],"outputFields":[]},"targetRefsV2":{},"targetUpdateColumns":[],"runtimeAttrs":{"Unload Options":"","S3 Bucket Name":"nonproddatawarehouseredshiftclust-staging12d1754e-1w9c6risqayrf","Post-Sql":"","SQL Query":"","Enable Compression":"YES","Read Mode":"Direct","Multipart Download Threshold Size":"5242880","Staging Directory Location":"","Temporary Credential Duration":"900","Treat NULL Value as NULL":"NO","Fetch Size":"10000","Schema Name":"","Source Table Name":"","Encryption Type":"None","Select Distinct":"NO","Download S3 Files In Multiple Parts":"NO","Pre-SQL":""},"oprRuntimeAttrs":{"postSql":"","selectDistinct":"NO","EncryptionType":"None","EnableCompression":"YES","sqlQuery":"","fetchSize":"10000","multipartDownloadThreshold":"5242880","temporaryCredentialDuration":"900","StagingDirectoryLocation":"","schemaName":"","TreatNullValueAsNull":"NO","sourceTableName":"","UnloadOptionsPropertyFile":"","DownloadS3FilesInMultipleParts":"NO","S3BucketName":"nonproddatawarehouseredshiftclust-staging12d1754e-1w9c6risqayrf","readMode":"Direct","preSql":""},"isRESTModernSource":true,"customQuery":"select isnull(pms.opened_date,'9999-12-31') as Account_entered_dt,pms.Risk_State as  Risk_State,convert(varchar(12),pms.claim_number) as Claim_Number,\npmc.cat_group_desc,pms.\"Loss Cause\" as LosscauseCd,pms.Sub_Loss_Cause,\nCASE WHEN pms.lob like '%HP%' then 'Homeowners'\nWHEN pms.lob like '%SBP%' then 'Businessowners'\nWHEN pms.lob like '%FP%' then 'Dwelling'\nwhen pms.lob like '%IMC%' then 'Inland Marine – Commercial (IMC)'\nELSE PMS.LOB END AS Lob_desc, \nCASE WHEN pms.lob like '%HP%' then 'Personal'\nWHEN pms.lob like '%SBP%' then 'Commercial'\nWHEN pms.lob like '%FP%' then 'Personal'\nwhen pms.lob like '%IMC%' then 'Commercial'\nELSE PMS.LOB END AS Lob_Group_desc\n,isnull(pms.opened_date,'9999-12-31' ) as opened_date\n,isnull(pms.Closed_date,'9999-12-31') as  Closed_date\n,isnull(pms.Reported_Date,'9999-12-31' ) as Reported_Date\n,pmc.Claim_Type,\ncase when pms.Gross_Recovery>0 then abs(datediff(days,pms.Closed_Date,pms.opened_date)) else 0 end as Cycle_Time_Files_With_Recovery,\ncase when pms.Gross_Recovery<=0 then abs(datediff(days,pms.Closed_Date,pms.Opened_Date)) else 0 end as Cycle_Time_Files_Without_Recovery,\nltrim(rtrim(pms.status)) as status,case when pms.Gross_Recovery>0 then 'Recovered' else 'Not Recovered' end as Subro_success_Status,\n0 as Loss_Paid_amt,\npms.Demand as Demand,\nisnull(pms.Total_Subrogation_Expenses,0) as Subro_Expense_Amt,isnull(pms.Total_Subrogation_Expenses,0) as Allocated_Loss_Adjustment_Expense,\nisnull(pms.Gross_Recovery,0) as Gross_Recovery,isnull(pms.Deductible_Returned,0) as Deductible_returned,\nisnull(pms.\"Net Recovery\",0) as Net_Recovery,'OpenedDt-Dashboard' as Dashboard_Indicator\n,pms.Subrogation_Examiner\n,pms.Subrogation_Legal_Counsel\nfrom dbo.PMS_Master_Subrogation pms\nleft join (select distinct a.Claim_Number,a.Cat_Group_Desc,Claim_Type,b.Accident_Dt from  dbo.PMS_Master_Claim a, dbo.PMS_Fact_Loss b\nwhere a.Claim_Key = b.Claim_Key and b.Claim_Type = 'Property') pmc  \non pmc.claim_number=right(replicate('0',12)+convert(varchar(12),pms.claim_number ),12) \nand pms.Loss_Date = pmc.Accident_Dt\n\n\nUNION ALL\n\nselect isnull(pfl.Account_Entered_Dt,'9999-12-31') as Account_entered_dt,'NA' as  Risk_State,PFL.Claim_Number,\nPMC.cat_group_desc,'NA' as LosscauseCd,'NA' as Sub_Loss_Cause,\nL.LOB_Display_Desc AS Lob_desc, \nL.LOB_Display_Group_Desc AS Lob_Group_desc\n,'8888-01-01' as opened_date\n,'8888-01-01' as  Closed_date\n,pfl.Reported_Dt as Reported_Date\n,'NA' as Claim_Type,\n0 as Cycle_Time_Files_With_Recovery,\n0 as Cycle_Time_Files_Without_Recovery,\n'NA' as status,'NA' as Subro_success_Status,\nsum(PFL.Loss_Paid_amt) as Loss_Paid_amt,\n0 as Demand,\n0 as Subro_Expense_Amt,0 as Allocated_Loss_Adjustment_Expense,\n0 as Gross_Recovery,0 as Deductible_returned,\n0 as Net_Recovery,'OpenedDt-Dashboard' as Dashboard_Indicator\n,NULL AS Subrogation_Examiner,\nNULL AS Subrogation_Legal_Counsel\nfrom dbo.PMS_Fact_Loss PFL left join dbo.PMS_MASTER_CLAIM PMC on PFL.claim_key=PMC.claim_key \nleft join dbo.PMS_Master_Policy PMP on PFL.Policy_Key = PMP.Policy_Key\nleft join dbo.LOB_Ref L on PMP.Lob_Desc = L.PMS_LOB_Desc\nwhere PFL.claim_type='Property' and PMC.Cat_group_desc='Non-Cat' group by pfl.Account_entered_dt,pfl.Claim_Number,PMC.cat_group_desc\n,l.LOB_Display_Desc,l.LOB_Display_Group_Desc,pfl.Reported_Dt","isFileList":false,"handleSpecialChars":false,"handleDecimalRoundOff":false,"frsAsset":false,"dynamicFileName":false,"excludeDynamicFileNameField":false,"currentlyProcessedFileName":false,"retainFieldMetadata":false,"objectName":"DUMMY_SQ_claimdetail","objectLabel":"DUMMY_SQ_claimdetail","useExactSrcNames":false,"tgtObjectAttributes":{},"runtimeParameterData":{"@type":"mtTaskRuntimeParameterData","isConnectionRuntimeParameter":true,"isObjectRuntimeParameter":false,"connectionParameterName":"DBConnection_SRC"},"overridableProperties":[],"overriddenFields":[]},{"@type":"mtTaskParameter","id":76215827,"name":"$ClaimSubro_SelfService_Combined$","type":"TARGET","label":"DBConnection_TGT","description":"","uiProperties":{"cnxtype":"Amazon Redshift v2","connectionParameterized":"true","paramName":"DBConnection_TGT","paramLabel":"","paramType-mapping":"Connection","logcnx":"DBConnection_TGT","default":"dbo/claimsubro_selfservice_combined","objectParameterized":"false","visible":"false","defaultTargetUpdateColumns":"","supportApplyDDLChanges":"false","originalPath":"ClaimSubro_SelfService_Combined"},"targetConnectionId":"@aYZ4ekzHgIPeKpiaoqDLKP","targetObject":"dbo/claimsubro_selfservice_combined","targetObjectLabel":"claimsubro_selfservice_combined","newFlatFile":false,"newObject":false,"showBusinessNames":true,"naturalOrder":true,"truncateTarget":false,"bulkApiDBTarget":false,"operationType":"Insert","customFuncCfg":{"@type":"customFuncConfig","id":-1,"connections":[],"inputMap":[],"outputFields":[]},"targetRefsV2":{},"targetUpdateColumns":[],"extendedObject":{"@type":"extendedObject","singleMode":true,"filters":[],"sortFields":[]},"runtimeAttrs":{"Recovery Schema Name":"","Transfer Manager Thread Pool Size":"10","Override Target Query":"","Post-Sql":"","Enable Compression":"YES","S3 Server Side Encryption":"NO","WaitTime In Seconds For S3 File Consistency":"0","Error File Directory":"","Preserve record order on write":"NO","Require Null Value For Char And Varchar":"","Temporary Credential Duration":"900","Schema Name":"","Analyze Target Table":"NO","Truncate Target Table Before Data Upload":"NO","S3 Client Side Encryption":"NO","Minimum Upload Part Size":"5242880","Number of files per batch":"0","Vacuum Target Table":"None","Prefix To Retain For Staging Files On S3":"","S3 Bucket Name":"nonproddatawarehouseredshiftclust-staging12d1754e-1w9c6risqayrf","Staging Directory Location":"","Max Errors Per Batch Upload Insert":"1","Copy Options":"","Batch Size":"2000000","Treat Source Rows As":"INSERT","Target Table Name":"","Pre-SQL":"","Success File Directory":""},"oprRuntimeAttrs":{"ErrorFileDirectory":"","numberOfFilesPerBatch":"0","S3ServerSideEncryption":"NO","CopyOptionsPropertyFile":"","SuccessFileDirectory":"","StagingDirectoryLocation":"","schemaName":"","AnalyzeTargetTable":"NO","dataIntegritySupport":"NO","PrefixToRetainForStagingFilesOnS3":"","minUploadPartSize":"5242880","targetTableName":"","postSql":"","BatchSize":"2000000","EnableCompression":"YES","TreatSourceRowsAs":"INSERT","RequireNullValueForCharAndVarchar":"","overrideTargetQuery":"","temporaryCredentialDuration":"900","TruncateTargetTableBeforeDataUpload":"NO","WaitTimeInSecondsForS3FileConsistency":"0","VacuumTargetTable":"None","MaxErrorsPerBatchUploadForInsert":"1","S3ClientSideEncryption":"NO","recoverySchemaName":"","S3BucketName":"nonproddatawarehouseredshiftclust-staging12d1754e-1w9c6risqayrf","txManagerThreadPoolSize":"10","preSql":""},"isRESTModernSource":true,"isFileList":false,"handleSpecialChars":false,"handleDecimalRoundOff":false,"frsAsset":false,"dynamicFileName":false,"excludeDynamicFileNameField":false,"currentlyProcessedFileName":false,"retainFieldMetadata":false,"objectName":"dbo/claimsubro_selfservice_combined","objectLabel":"claimsubro_selfservice_combined","useExactSrcNames":false,"tgtObjectAttributes":{},"runtimeParameterData":{"@type":"mtTaskRuntimeParameterData","isConnectionRuntimeParameter":true,"isObjectRuntimeParameter":false,"connectionParameterName":"DBConnection_TGT"},"overridableProperties":[],"overriddenFields":[]}],"sequences":[],"inOutParameters":[],"connRuntimeAttrs":[]}]