[{"@type":"mappingTemplate","id":"@1","name":"cdi_map_acx_questionreply_bronze_question_reply_stg_ld","description":"","autoExpireObject":false,"bundleVersion":"0","assetFrsGuid":"3R5NCg7r98Mjrq0Nw4AFIc","templateId":"@3","hasParameters":true,"valid":true,"fixedConnection":false,"hasParametersDeployed":false,"fixedConnectionDeployed":false,"isSchemaValidationEnabled":false,"tasks":1,"mappingPreviewFileRecordId":"@2","documentType":"","allowMaxFieldLength":false,"specialCharacterSupport":false,"references":[]}]