[{"@type":"mtTask","id":"@1","name":"s_m_load_msgr_part_three","description":"Session pushed from PC to ICS : s_m_load_msgr_part_three","runtimeEnvironmentId":"@3pADNCV9u0PcgrXjM7rx0t","maxLogs":10,"verbose":false,"lastRunTime":1718891500000,"mappingId":"@4RZQoIIlHP5fpK6Q68zlUy","frsGuid":"7BSAQCagkntibUbVCiZngV","shortDescription":"Session pushed from PC to ICS : s_m_load_msgr_part...","sessionPropertiesList":[{"name":"Allow Temporary Sequence for Pushdown","value":"NO","recommended":false},{"name":"Allow Temporary View for Pushdown","value":"NO","recommended":false},{"name":"Commit Interval","value":"100000","recommended":false},{"name":"Data Column Delimiter","value":"|","recommended":false},{"name":"Error Log File Name","value":"PMError.log","recommended":false},{"name":"Pushdown Optimization","value":"None","recommended":false},{"name":"Pushdown Optimization Context","value":"None","recommended":false},{"name":"Pushdown Optimization Fallback Option","value":"Partial PDO","recommended":false}],"hidden":false,"enableCrossSchemaPushdown":false,"enableParallelRun":false,"autoTunedApplied":false,"autoTunedAppliedType":"NONE","parameterFileName":"Andover_Parm_Peregrine.txt","parameterFileDir":"$PMRootDir/andover/parameters","paramFileType":"PARAM_FILE_LOCAL","schemaMode":"async","valid":true,"schemaValidationErrorCount":-1,"serverlessProperties":{},"taskProperties":[{"@type":"taskProperty","name":"parameterFileDir","currentValue":"$PMRootDir/andover/parameters","type":"STRING","label":"label.parameterFileDir","required":false},{"@type":"taskProperty","name":"parameterFileName","currentValue":"Andover_Parm_Peregrine.txt","type":"STRING","label":"label.parameterFileName","required":false},{"@type":"taskProperty","name":"outboundMessageUrlQueueTime","currentValue":"","type":"NUMBER","label":"label.outboundMessageUrlQueueTime","required":false},{"@type":"taskProperty","name":"outboundMessageUrlToken","currentValue":"","type":"STRING","label":"label.outboundMessageUrlToken","required":false}],"optimizationPlan":"NONE","isMidstreamPreview":false,"parameters":[{"@type":"mtTaskParameter","id":91534963,"name":"$SQ_msgr_facts_pms_new_vw$","type":"SOURCE","label":"DBConnection_SRC","description":"","uiProperties":{"cnxtype":"Amazon Redshift v2","connectionParameterized":"true","paramName":"DBConnection_SRC","paramLabel":"","paramType-mapping":"Connection","logcnx":"DBConnection_SRC","isSelectDistinct":"false","objectParameterized":"false","visible":"false","originalPath":"SQ_msgr_facts_pms_new_vw"},"sourceConnectionId":"@aYZ4ekzHgIPeKpiaoqDLKP","sourceObject":"DUMMY_SQ_msgr_facts_pms_new_vw","newFlatFile":false,"newObject":false,"showBusinessNames":true,"naturalOrder":true,"truncateTarget":false,"bulkApiDBTarget":false,"customFuncCfg":{"@type":"customFuncConfig","id":-1,"connections":[],"inputMap":[],"outputFields":[]},"targetRefsV2":{},"targetUpdateColumns":[],"runtimeAttrs":{},"isRESTModernSource":true,"customQuery":"select\n    f.\"policy key code\",\n    f.\"policy key\",\n    a.\"agency code\",\n    f.\"claim key\",\n    f.\"accident dt\",\n    f.\"reported dt\",\n    f.\"account entered dt\",\n    p.\"master policy key\",\n    f.\"inforce policy key\",\n    p.\"policy number\",\n    p.\"company desc\",\n    c.claim_number,\n    cs.claim_status_display_value,\n    f.\"claim type\",\n    p.\"renewal code desc\",\n    p.\"fairplan desc\",\n    p.\"lob group desc\",\n    p.\"new renewal desc\",\n    p.\"lob desc\",\n    p.\"insurance score desc\",\n    p.insurance_score as \"insurance score\",\n    p.insurance_score_year,\n    p.insurance_score_desc_2,\n    p.insurance_score_2,\n    p.insurance_score_2_year,\n    p.\"secondary home desc\",\n    p.\"policy inception date\",\n    p.\"policy effective date\",\n    p.\"policy expiration date\",\n    p.\"policy transaction dt\",\n    p.\"policy symbol\",\n    p.\"module number\",\n    p.\"insured name\",\n    p.insured_address1,\n    p.insured_address2,\n    p.insured_city,\n    p.insured_zip,\n    p.\"blanket policy ind\",\n    p.\"billing type\",\n    a.\"agency group\",\n    a.\"group name\",\n    a.\"agency name\",\n    a.\"agency address\",\n    a.\"agency city\",\n    a.\"agency state\",\n    a.\"agency city state\",\n    a.\"agency zip code\",\n    a.\"field representative group\",\n    a.\"field representative\",\n    a.\"agency appointed dt\",\n    a.\"agency contact phone\",\n    a.\"agency alpha workflow\",\n    p.\"producer code\",\n    c.cat_desc,\n    c.cat_group_desc,\n    f.\"loss cause\",\n    f.\"loss cause desc\",\n    m.dim_desc as major_peril_desc,\n    r.coverage_a_premium,\n    r.coverage_c_premium,\n    r.\"building limits group\",\n    r.\"building limits\",\n    r.\"building limit amt\",\n    r.\"building limit band 1k\",\n    r.\"building limit band 100k\",\n    r.\"building limit band 500k\",\n    r.\"contents limit\",\n    r.\"total insured value\",\n    r.individual_risk_premium_mod,\n    r.expense_mod,\n    r.age_credit,\n    r.dupC,\n    r.prc,\n    latitude,\n    longitude,\n    r.wind_site_deductible,\n    r.per_unit_deductible_type,\n    r.per_unit_deductible_amt,\n    distance_to_coast_feet,\n    distance_to_coast_mile,\n    sir_result_feet,\n    sir_mile,\n    flood,\n    elevation,\n    r.\"building class\",\n    r.\"contents class\",\n    r.\"construction type\",\n    r.\"construction year\",\n    r.\"construction year band\",\n    r.\"contents limits\",\n    r.\"form\",\n    r.\"liability limit\",\n    r.\"commercial umbrella liability limit\",\n    r.\"commercial excess liability limit\",\n    r.water_backup_limit as \"water backup limit\",\n    r.\"number of apartments\",\n    r.\"number of families\",\n    r.\"occupancy\",\n    r.\"protection class\",\n    r.\"sprinkler\",\n    r.\"rating territory\",\n    r.\"rating territory desc\",\n    risk_address_line_1,\n    risk_address_line_2,\n    risk_address_line_3,\n    r.\"risk city\",\n    r.\"risk zip\",\n    r.\"personal umbrella limit\",\n    r.\"number of apartments band\",\n    r.\"number of stories\",\n    r.\"number of stories band\",\n    r.\"sq feet area\",\n    r.\"sq feet area band\",\n    deductible,\n    r.\"num vehicles\",\n    r.\"distance_to_shoreband\",\n    r.\"sir_coastline_band\",\n    r.\"num buildings complex\",\n    r.policy_key_code,\n    r.\"building class description\",\n    r.\"contents class description\",\n    s.dim_desc as riskstate_dim_desc,\n    s.gen4_desc,\n    f.\"independent adjuster\",\n    f.\"claim paid dt\",\n    r.\"formatted risk address\",\n    r.\"formatted risk city\",\n    r.\"formatted risk zip\",\n    r.\"formatted risk latitude\",\n    r.\"formatted risk longitude\",\n    p.\"formatted insured address\",\n    f.\"earned premium\",\n    f.\"unearned premium\",\n    f.\"commission amt\",\n    f.\"taxes service charges\",\n    f.\"written premium\",\n    f.\"inforce premium\",\n    f.\"loss paid amt\",\n    f.\"loss paid recovery amt\",\n    f.\"loss salvage amt\",\n    f.\"loss subrogation amt\",\n    f.\"loss ulae expense\",\n    f.\"loss alae expense\",\n    f.\"loss reserve amt\",\n    f.\"loss reserve for incurred loss\",\n    f.\"incurred loss amt\",\n    f.\"loss o/s adjexp\",\n    r.formattedstreet,\n    r.formattedcounty,\n    ad.inspectiondt\nfrom (\n    select\n        \"accident dt\",\n        \"account entered dt\",\n        \"claim key\",\n        \"claim paid dt\",\n        \"claim type\",\n        \"commission amt\",\n        \"earned premium\",\n        \"incurred loss amt\",\n        \"independent adjuster\",\n        \"inforce policy key\",\n        \"inforce premium\",\n        \"loss cause\",\n        \"loss cause desc\",\n        \"loss o/s adjexp\",\n        \"loss paid amt\",\n        \"loss paid recovery amt\",\n        \"loss salvage amt\",\n        \"loss subrogation amt\",\n        \"loss ulae expense\",\n        \"loss alae expense\",\n        \"loss reserve amt\",\n        \"loss reserve for incurred loss\",\n        \"major peril id\",\n        \"policy key\",\n        \"policy key code\",\n        \"reported dt\",\n        \"risk state id\",\n        \"taxes service charges\",\n        \"unearned premium\",\n        \"written premium\"\n    from dbo.msgr_facts_pms_new_vw\n    where \"account entered dt\" >= dateadd(month, -1, cast(getdate() as date))\n    union all\n    select\n        \"accident dt\",\n        \"account entered dt\",\n        \"claim key\",\n        \"claim paid dt\",\n        \"claim type\",\n        \"commission amt\",\n        \"earned premium\",\n        \"incurred loss amt\",\n        \"independent adjuster\",\n        \"inforce policy key\",\n        \"inforce premium\",\n        \"loss cause\",\n        \"loss cause desc\",\n        \"loss o/s adjexp\",\n        \"loss paid amt\",\n        \"loss paid recovery amt\",\n        \"loss salvage amt\",\n        \"loss subrogation amt\",\n        \"loss ulae expense\",\n        \"loss alae expense\",\n        \"loss reserve amt\",\n        \"loss reserve for incurred loss\",\n        \"major peril id\",\n        \"policy key\",\n        \"policy key code\",\n        \"reported dt\",\n        \"risk state id\",\n        \"taxes service charges\",\n        \"unearned premium\",\n        \"written premium\"\n    from dbo.msgrmissinglossrevenue\n    where \"account entered dt\" >= dateadd(month, -1, cast(getdate() as date))\n) f\nleft outer join (\n    select\n        i.policy_key as \"master policy key\",\n        i.agency_code,\n        i.company_desc as \"company desc\",\n        i.formatted_policy_number as \"policy number\",\n        i.policy_number,\n        c.display_renewalcd as \"renewal code desc\",\n        i.fairplan_desc as \"fairplan desc\",\n        r.lob_display_group_desc as \"lob group desc\",\n        i.new_renewal_desc as \"new renewal desc\",\n        r.lob_display_desc as \"lob desc\",\n        i.insurance_score_desc as \"insurance score desc\",\n        i.secondary_home_desc as \"secondary home desc\",\n        i.policy_inception_date as \"policy inception date\",\n        i.policy_effective_date as \"policy effective date\",\n        i.policy_expiration_date as \"policy expiration date\",\n        i.policy_symbol as \"policy symbol\",\n        i.formatted_module_number as \"module number\",\n        i.insurance_score,\n        i.new_business_entry_date as \"policy transaction dt\",\n        s.insured_name as \"insured name\",\n        i.insurance_score_2,\n        i.insurance_score_desc_2,\n        i.producer_code as \"producer code\",\n        i.blanket_policy_ind as \"blanket policy ind\",\n        i.billingtype as \"billing type\",\n        s.insured_address1,\n        s.insured_address2,\n        s.insured_city,\n        s.insured_zip,\n        s.formattedinsuredaddress as \"formatted insured address\",\n        i.insurance_score_year,\n        i.insurance_score_2_year\n    from (\n        select\n            agency_code,\n            billingtype,\n            blanket_policy_ind,\n            company_desc,\n            fairplan_desc,\n            formatted_module_number,\n            formatted_policy_number,\n            insurance_score,\n            insurance_score_desc,\n            insurance_score_2,\n            insurance_score_desc_2,\n            lob_desc,\n            new_business_entry_date,\n            new_renewal_desc,\n            policy_effective_date,\n            policy_expiration_date,\n            policy_inception_date,\n            policy_renewal_code,\n            policy_key,\n            policy_symbol,\n            producer_code,\n            secondary_home_desc,\n            policy_number,\n            insurance_score_year,\n            insurance_score_2_year\n        from dbo.msgr_pms_master_policy\n    ) i\n    left outer join (\n        select\n            formattedinsuredaddress,\n            insured_address1,\n            insured_address2,\n            insured_city,\n            insured_name,\n            insured_zip,\n            policy_key\n        from dbo.pms_master_insured\n    ) s on s.policy_key = i.policy_key\n    left outer join (\n        select\n            lob_display_desc,\n            lob_display_group_desc,\n            pms_lob_desc\n        from dbo.lob_ref\n\n\n    ) r on r.pms_lob_desc = i.lob_desc\n    left outer join (\n        select\n            display_renewalcd,\n            pmsrenewalcd\n        from dbo.renewalcode_ref\n    ) c on c.pmsrenewalcd = i.policy_renewal_code\n) p on p.\"master policy key\" = f.\"policy key\"\nleft outer join (\n    select\n        \"agency address\",\n        \"agency alpha workflow\",\n        \"agency appointed dt\",\n        \"agency city\",\n        \"agency city state\",\n        \"agency code\",\n        \"agency contact phone\",\n        \"agency group\",\n        \"agency name\",\n        \"agency state\",\n        \"agency zip code\",\n        \"field representative\",\n        \"field representative group\",\n        \"group name\"\n    from dbo.msgr_view_master_agency\n    where \"field representative\" != 'Jim Ford'\n) a on a.\"agency code\" = p.agency_code\nleft outer join (\n    select\n        cat_desc,\n        cat_group_desc,\n        claim_key,\n        claim_number,\n        claim_status\n    from dbo.pms_master_claim\n) c on c.claim_key = f.\"claim key\"\nleft outer join (\n    select\n        claim_status,\n        claim_status_display_value\n    from dbo.claimstatus_ref\n) cs on c.claim_status = cs.claim_status\nleft outer join (\n    select\n        dim_desc,\n        dim_id\n    from dbo.hier_dim_majorperil\n) m on m.dim_id = f.\"major peril id\"\nleft outer join (\n    select\n        dim_desc,\n        dim_id,\n        gen4_desc\n    from dbo.hier_dim_riskstate\n) s on s.dim_id = f.\"risk state id\"\nleft outer join (\n    select\n        building_limits_group as \"building limits group\",\n        building_limits as \"building limits\",\n        building_class_code as \"building class\",\n        contents_class_code as \"contents class\",\n        display_constructiontype as \"construction type\",\n        construction_year as \"construction year\",\n        construction_year_band as \"construction year band\",\n        contents_limits as \"contents limits\",\n        deductible,\n        liability_limit as \"liability limit\",\n        number_of_apartments as \"number of apartments\",\n        number_of_families as \"number of families\",\n        display_occupancydesc as \"occupancy\",\n        policy_key_code,\n        protection_class as \"protection class\",\n        sprinkler_indicator as \"sprinkler\",\n        form,\n        rating_territory as \"rating territory\",\n        rating_territory_desc as \"rating territory desc\",\n        building_amount as \"building limit amt\",\n        individual_risk_premium_mod,\n        age_credit,\n        dupc,\n        prc,\n        expense_mod,\n        latitude,\n        longitude,\n        total_insured_value as \"total insured value\",\n        risk_address_line_1,\n        risk_address_line_2,\n        risk_address_line_3,\n        risk_city as \"risk city\",\n        risk_postal_cd as \"risk zip\",\n        coverage_a_premium,\n        coverage_c_premium,\n        water_backup_limit,\n        personal_umbrella_limit as \"personal umbrella limit\",\n        commercial_umbrella_liability_limit as \"commercial umbrella liability limit\",\n        commercial_excess_liability_limit as \"commercial excess liability limit\",\n        building_limit_band_1k as \"building limit band 1k\",\n        building_limit_band_100k as \"building limit band 100k\",\n        building_limit_band_500k as \"building limit band 500k\",\n        contents_amount as \"contents limit\",\n        number_of_apartments_band as \"number of apartments band\",\n        number_of_stories as \"number of stories\",\n        number_of_stories_band as \"number of stories band\",\n        sq_feet_area as \"sq feet area\",\n        num_vehicles as \"num vehicles\",\n        building_class_description as \"building class description\",\n        contents_class_description as \"contents class description\",\n        sir_result_feet,\n        sir_mile,\n        distance_to_shoreband,\n        sir_coastline_band,\n        distance_to_coast_feet,\n        distance_to_coast_mile,\n        flood,\n        elevation,\n        risk_count as \"num buildings complex\",\n        sqft_area_band as \"sq feet area band\",\n        formattedriskaddress as \"formatted risk address\",\n        formattedriskcity as \"formatted risk city\",\n        formattedriskzipcode as \"formatted risk zip\",\n        formattedlatitude as \"formatted risk latitude\",\n        formattedlongitude as \"formatted risk longitude\",\n        formattedstreet,\n        formattedcounty,\n        wind_site_deductible,\n        per_unit_deductible_amt,\n        per_unit_deductible_type\n    from dbo.msgr_pms_master_risk\n) r on r.policy_key_code = f.\"policy key code\"\nleft join (\n    select\n        policy_number,\n        cast(max(inspection_dt) as datetime) inspectiondt\n    from dbo.pms_inspection\n    group by policy_number\n) ad on p.policy_number = ad.policy_number","isFileList":false,"handleSpecialChars":false,"handleDecimalRoundOff":false,"frsAsset":false,"dynamicFileName":false,"excludeDynamicFileNameField":false,"currentlyProcessedFileName":false,"retainFieldMetadata":false,"objectName":"DUMMY_SQ_msgr_facts_pms_new_vw","useExactSrcNames":false,"tgtObjectAttributes":{},"runtimeParameterData":{"@type":"mtTaskRuntimeParameterData","isConnectionRuntimeParameter":true,"isObjectRuntimeParameter":false,"connectionParameterName":"DBConnection_SRC"},"overridableProperties":[],"overriddenFields":[]},{"@type":"mtTaskParameter","id":91534964,"name":"$msgr_part_three$","type":"TARGET","label":"DBConnection_TGT","description":"","uiProperties":{"cnxtype":"Amazon Redshift v2","connectionParameterized":"true","paramName":"DBConnection_TGT","paramLabel":"","paramType-mapping":"Connection","logcnx":"DBConnection_TGT","default":"dbo/msgr_part_three","objectParameterized":"false","visible":"false","defaultTargetUpdateColumns":"","supportApplyDDLChanges":"false","originalPath":"msgr_part_three"},"targetConnectionId":"@aYZ4ekzHgIPeKpiaoqDLKP","targetObject":"dbo/msgr_part_three","targetObjectLabel":"msgr_part_three","newFlatFile":false,"newObject":false,"showBusinessNames":true,"naturalOrder":true,"truncateTarget":false,"bulkApiDBTarget":false,"operationType":"Insert","customFuncCfg":{"@type":"customFuncConfig","id":-1,"connections":[],"inputMap":[],"outputFields":[]},"targetRefsV2":{},"targetUpdateColumns":[],"extendedObject":{"@type":"extendedObject","singleMode":true,"filters":[],"sortFields":[]},"runtimeAttrs":{},"isRESTModernSource":true,"isFileList":false,"handleSpecialChars":false,"handleDecimalRoundOff":false,"frsAsset":false,"dynamicFileName":false,"excludeDynamicFileNameField":false,"currentlyProcessedFileName":false,"retainFieldMetadata":false,"objectName":"dbo/msgr_part_three","objectLabel":"msgr_part_three","useExactSrcNames":false,"tgtObjectAttributes":{},"runtimeParameterData":{"@type":"mtTaskRuntimeParameterData","isConnectionRuntimeParameter":true,"isObjectRuntimeParameter":false,"connectionParameterName":"DBConnection_TGT"},"overridableProperties":[],"overriddenFields":[]}],"sequences":[],"inOutParameters":[],"connRuntimeAttrs":[]}]