[{"@type":"mappingTemplate","id":"@1","name":"LoadFileNames_ManualFeed","description":"","autoExpireObject":false,"bundleVersion":"0","assetFrsGuid":"1fYUn88If8FdUSp3sxujG2","templateId":"@3","deployTime":1731097948000,"hasParameters":true,"valid":true,"fixedConnection":false,"hasParametersDeployed":true,"fixedConnectionDeployed":false,"isSchemaValidationEnabled":false,"tasks":1,"mappingPreviewFileRecordId":"@2","documentType":"","allowMaxFieldLength":false,"specialCharacterSupport":false,"references":[]}]