[{"@type":"mappingTemplate","id":"@1","name":"m_usp_update_policy_info_import","description":"Executes stored proc dbo.usp_update_policy_info_import","autoExpireObject":false,"bundleVersion":"0","assetFrsGuid":"1OgeB1VqpJEgCair0vGPM0","templateId":"@3","deployTime":1701281390000,"hasParameters":true,"valid":true,"fixedConnection":true,"hasParametersDeployed":true,"fixedConnectionDeployed":true,"isSchemaValidationEnabled":false,"tasks":1,"mappingPreviewFileRecordId":"@2","documentType":"MAPPING","allowMaxFieldLength":false,"specialCharacterSupport":false,"references":[{"@type":"reference","refObjectId":"@aYZ4ekzHgIPeKpiaoqDLKP","refType":"connection"}]}]