[{"@type":"mappingTemplate","id":"@1","name":"cdi_map_underwriting_questions_and_answers_silver_load","description":"","autoExpireObject":false,"bundleVersion":"0","assetFrsGuid":"anAOXhSgvjNjujFY47RV0x","templateId":"@3","deployTime":1757538616000,"hasParameters":false,"valid":true,"fixedConnection":true,"hasParametersDeployed":false,"fixedConnectionDeployed":true,"isSchemaValidationEnabled":false,"tasks":1,"mappingPreviewFileRecordId":"@2","documentType":"MAPPING","allowMaxFieldLength":false,"specialCharacterSupport":false,"references":[{"@type":"reference","refObjectId":"@aYZ4ekzHgIPeKpiaoqDLKP","refType":"connection"}]}]