[{"@type":"mappingTemplate","id":"@1","name":"m_redshift_S3_tst","description":"","autoExpireObject":false,"bundleVersion":"0","assetFrsGuid":"2wybZHlaFqMgqMvUh1Wxk8","templateId":"@3","deployTime":1763739097000,"hasParameters":false,"valid":true,"fixedConnection":true,"hasParametersDeployed":false,"fixedConnectionDeployed":true,"isSchemaValidationEnabled":false,"tasks":0,"mappingPreviewFileRecordId":"@2","documentType":"MAPPING","allowMaxFieldLength":false,"specialCharacterSupport":false,"references":[{"@type":"reference","refObjectId":"@aYZ4ekzHgIPeKpiaoqDLKP","refType":"connection"},{"@type":"reference","refObjectId":"@2xG9sf0VgfKh3CkghuJRmA","refType":"connection"}]}]