[{"@type":"mappingTemplate","id":"@1","name":"map_Equifax_POC","description":"","autoExpireObject":false,"bundleVersion":"0","assetFrsGuid":"72NmEL82sLhjtmuP2jtFqy","templateId":"@3","deployTime":1769524295000,"hasParameters":false,"valid":true,"fixedConnection":true,"hasParametersDeployed":false,"fixedConnectionDeployed":true,"isSchemaValidationEnabled":false,"tasks":0,"mappingPreviewFileRecordId":"@2","documentType":"MAPPING","allowMaxFieldLength":false,"specialCharacterSupport":false,"references":[{"@type":"reference","refObjectId":"@4PR5UG8LgQbgjcPh0nvIgA","refType":"connection"},{"@type":"reference","refObjectId":"@3YALJveDsomdTfPIQoJo2R","refType":"frsDocument"},{"@type":"reference","refObjectId":"@2xG9sf0VgfKh3CkghuJRmA","refType":"connection"}]}]