[{"@type":"mappingTemplate","id":"@1","name":"m_PMS_Master_Policy_SQL_SERVER_TO_Redshift","description":"","autoExpireObject":false,"bundleVersion":"0","assetFrsGuid":"aWVyQmwhT0Fd9Afe2Crw2a","templateId":"@3","deployTime":1720705336000,"hasParameters":true,"valid":true,"fixedConnection":false,"hasParametersDeployed":true,"fixedConnectionDeployed":false,"isSchemaValidationEnabled":false,"tasks":1,"mappingPreviewFileRecordId":"@2","documentType":"MAPPING","allowMaxFieldLength":false,"references":[]}]