[{"@type":"mtTask","id":"@1","name":"s_m_PMS_Load_Reinsurance_Trans_From_Ceded_Stg","description":"Session pushed from PC to ICS : s_m_PMS_Load_Reinsurance_Trans_From_Ceded_Stg","runtimeEnvironmentId":"@l5ReTxe0L4Udpq0dXr0vIZ","maxLogs":10,"verbose":false,"lastRunTime":1721853685000,"mappingId":"@926lunQ7FCyemEqxkcpdel","frsGuid":"1Djbrq3LrPteI0gMHdBjyk","shortDescription":"Session pushed from PC to ICS : s_m_PMS_Load_Reins...","sessionPropertiesList":[{"name":"Allow Temporary Sequence for Pushdown","value":"NO","recommended":false},{"name":"Allow Temporary View for Pushdown","value":"NO","recommended":false},{"name":"Data Column Delimiter","value":"|","recommended":false},{"name":"DateTime Format String","value":"MM/DD/YYYY HH24:MI:SS.US","recommended":false},{"name":"Error Log File Name","value":"PMError.log","recommended":false},{"name":"Pushdown Optimization","value":"None","recommended":false},{"name":"Pushdown Optimization Context","value":"None","recommended":false},{"name":"Pushdown Optimization Fallback Option","value":"Partial PDO","recommended":false}],"hidden":false,"enableCrossSchemaPushdown":false,"enableParallelRun":false,"autoTunedApplied":false,"autoTunedAppliedType":"NONE","parameterFileName":"Andover_Param_GW.param","parameterFileDir":"$PMRootDir/andover/parameters","paramFileType":"PARAM_FILE_LOCAL","schemaMode":"async","valid":true,"schemaValidationErrorCount":-1,"serverlessProperties":{},"taskProperties":[{"@type":"taskProperty","name":"parameterFileDir","currentValue":"$PMRootDir/andover/parameters","type":"STRING","label":"label.parameterFileDir","required":false},{"@type":"taskProperty","name":"parameterFileName","currentValue":"Andover_Param_GW.param","type":"STRING","label":"label.parameterFileName","required":false},{"@type":"taskProperty","name":"outboundMessageUrlQueueTime","currentValue":"","type":"NUMBER","label":"label.outboundMessageUrlQueueTime","required":false},{"@type":"taskProperty","name":"outboundMessageUrlToken","currentValue":"","type":"STRING","label":"label.outboundMessageUrlToken","required":false}],"optimizationPlan":"NONE","isMidstreamPreview":false,"parameters":[{"@type":"mtTaskParameter","id":92598361,"name":"$SQ_Ceded_PolicyReinsurance_Stg$","type":"SOURCE","label":"DBConnection_SRC","description":"","uiProperties":{"cnxtype":"Amazon Redshift v2","connectionParameterized":"true","paramName":"DBConnection_SRC","paramLabel":"","paramType-mapping":"Connection","logcnx":"DBConnection_SRC","isSelectDistinct":"false","objectParameterized":"false","visible":"false","originalPath":"SQ_Ceded_PolicyReinsurance_Stg"},"sourceConnectionId":"@kz9Es8IGoicjZNLnrhio0E","sourceObject":"DUMMY_SQ_Ceded_PolicyReinsurance_Stg","newFlatFile":false,"newObject":false,"showBusinessNames":true,"naturalOrder":true,"truncateTarget":false,"bulkApiDBTarget":false,"customFuncCfg":{"@type":"customFuncConfig","id":-1,"connections":[],"inputMap":[],"outputFields":[]},"targetRefsV2":{},"targetUpdateColumns":[],"runtimeAttrs":{"Download S3 Files In Multiple Parts":"NO","Select Distinct":"NO","Temporary Credential Duration":"7200","Treat NULL Value as NULL":"NO","Read Mode":"Direct"},"oprRuntimeAttrs":{"selectDistinct":"NO","TreatNullValueAsNull":"NO","DownloadS3FilesInMultipleParts":"NO","temporaryCredentialDuration":"7200","readMode":"Direct"},"isRESTModernSource":true,"customQuery":"SELECT \nStg.PolicySymbol, \nStg.PolicyNumber, \nStg.ModuleNumber, \nStg.RiskState, \nStg.Transactions, \nStg.Agent_CompanyNumber, \nStg.MajorPeril, \nStg.CoverageEffectiveDate, \nStg.PolicyEffectiveDate, \nStg.PolicyExpirationDate, \nStg.CededWrittenPremium, \nStg.AccountingMonthYear, \nStg.Stateline, \nStg.AnnualStatementLine, \nCOALESCE(LKP.POLICY_KEY,LATEST_POL.POLICY_KEY,'Not Applicable') AS POLICY_KEY\n,stg.CommissionRate as CommissionRate\n,stg.OriginalPremiumCancelAmount  as OriginalPremiumCancelAmount\n,stg.Unit as Unit\nFROM\n dbo.Ceded_PolicyReinsurance_Stg stg LEFT JOIN (Select POLICY_SYMBOL,POLICY_NUMBER,Module_Number,min(POLICY_KEY) as Policy_Key,min(company_Number) as Company_Number from dbo.lkp_policy_key \n group by POLICY_SYMBOL,POLICY_NUMBER,Module_Number\n )lkp\non stg.PolicySymbol=lkp.POLICY_SYMBOL\nAND Stg.PolicyNumber=lkp.POLICY_NUMBER\nand Stg.ModuleNumber=lkp.Module_Number\nand Stg.Agent_CompanyNumber NOT IN \n('0000001','0000019','0000024','0000025','0000026','0000032','0000034')\n LEFT JOIN ( SELECT A.POLICY_SYMBOL,B.POLICY_NUMBER,B.POLICY_KEY FROM \n (select \n POLICY_SYMBOL,POLICY_NUMBER,MAX(MODULE_NUMBER) AS LATEST_MODULE_NUMBER FROM dbo.lkp_policy_key\n GROUP BY  POLICY_SYMBOL,POLICY_NUMBER) A JOIN  dbo.lkp_policy_key B\n ON A.POLICY_SYMBOL=B.POLICY_SYMBOL AND A.POLICY_NUMBER=B.POLICY_NUMBER AND A.LATEST_MODULE_NUMBER=B.MODULE_NUMBER\n )LATEST_POL\n ON STG.POLICYSYMBOL=LATEST_POL.POLICY_SYMBOL \n AND STG.POLICYNUMBER=LATEST_POL.POLICY_NUMBER\n AND Stg.Agent_CompanyNumber  IN ('0000019')","isFileList":false,"handleSpecialChars":false,"handleDecimalRoundOff":false,"frsAsset":false,"dynamicFileName":false,"excludeDynamicFileNameField":false,"currentlyProcessedFileName":false,"retainFieldMetadata":false,"objectName":"DUMMY_SQ_Ceded_PolicyReinsurance_Stg","useExactSrcNames":false,"fetchMode":"ORIGINAL","tgtObjectAttributes":{},"runtimeParameterData":{"@type":"mtTaskRuntimeParameterData","isConnectionRuntimeParameter":true,"isObjectRuntimeParameter":false,"connectionParameterName":"DBConnection_SRC"},"overridableProperties":[],"overriddenFields":[]},{"@type":"mtTaskParameter","id":92598362,"name":"$PMS_Policy_Reins_Transaction$","type":"TARGET","label":"DBConnection_TGT","description":"","uiProperties":{"cnxtype":"Amazon Redshift v2","connectionParameterized":"true","paramName":"DBConnection_TGT","paramLabel":"","paramType-mapping":"Connection","logcnx":"DBConnection_TGT","default":"dbo/pms_policy_reins_transaction","objectParameterized":"false","visible":"false","defaultTargetUpdateColumns":"","supportApplyDDLChanges":"false","originalPath":"PMS_Policy_Reins_Transaction"},"targetConnectionId":"@kz9Es8IGoicjZNLnrhio0E","targetObject":"dbo/pms_policy_reins_transaction","targetObjectLabel":"pms_policy_reins_transaction","newFlatFile":false,"newObject":false,"showBusinessNames":true,"naturalOrder":true,"truncateTarget":false,"bulkApiDBTarget":false,"operationType":"Insert","customFuncCfg":{"@type":"customFuncConfig","id":-1,"connections":[],"inputMap":[],"outputFields":[]},"targetRefsV2":{},"targetUpdateColumns":[],"extendedObject":{"@type":"extendedObject","singleMode":true,"filters":[],"sortFields":[]},"runtimeAttrs":{},"isRESTModernSource":true,"isFileList":false,"handleSpecialChars":false,"handleDecimalRoundOff":false,"frsAsset":false,"dynamicFileName":false,"excludeDynamicFileNameField":false,"currentlyProcessedFileName":false,"retainFieldMetadata":false,"objectName":"dbo/pms_policy_reins_transaction","objectLabel":"pms_policy_reins_transaction","useExactSrcNames":false,"fetchMode":"ORIGINAL","tgtObjectAttributes":{},"runtimeParameterData":{"@type":"mtTaskRuntimeParameterData","isConnectionRuntimeParameter":true,"isObjectRuntimeParameter":false,"connectionParameterName":"DBConnection_TGT"},"overridableProperties":[],"overriddenFields":[]},{"@type":"mtTaskParameter","id":92598363,"name":"$m_lookup_ids_lkp_HIER_LOB$","type":"LOOKUP","label":"m_lookup_ids_DBConnection_Tgt","description":"","uiProperties":{"cnxtype":"Amazon Redshift v2","connectionParameterized":"true","paramName":"m_lookup_ids_DBConnection_Tgt","paramLabel":"","paramType-mapping":"Connection","logcnx":"m_lookup_ids_DBConnection_Tgt","isCachedLookup":"true","multipleMatchPolicy":"Use First Value","default":"dbo/hier_dim_lob","objectParameterized":"false","visible":"false","originalPath":"m_lookup_ids.lkp_HIER_LOB"},"lookupConnectionId":"@kz9Es8IGoicjZNLnrhio0E","lookupObject":"dbo/hier_dim_lob","lookupObjectLabel":"hier_dim_lob","newFlatFile":false,"newObject":false,"showBusinessNames":true,"naturalOrder":true,"truncateTarget":false,"bulkApiDBTarget":false,"customFuncCfg":{"@type":"customFuncConfig","id":-1,"connections":[],"inputMap":[],"outputFields":[]},"targetRefsV2":{},"targetUpdateColumns":[],"runtimeAttrs":{"Cache File Name Prefix":"","Lookup Index Cache Size":"AUTO","Optional":"true","Lookup cache persistent":"false","Lookup source is static":"true","Update Dynamic Cache Condition":"TRUE","Case Sensitive String Comparison":"false","Re-cache from lookup source":"false","Insert Else Update":"false","Lookup caching enabled":"true","Lookup Data Cache Size":"AUTO","Tracing Level":"Normal","Sorted Input":"false","Lookup cache directory name":"$PMCacheDir","Output Old Value On Update":"false","Dynamic Lookup Cache":"false","Pre-build lookup cache":"AUTO","Null ordering":""},"isRESTModernSource":true,"isFileList":false,"handleSpecialChars":false,"handleDecimalRoundOff":false,"frsAsset":false,"dynamicFileName":false,"excludeDynamicFileNameField":false,"currentlyProcessedFileName":false,"retainFieldMetadata":false,"objectName":"dbo/hier_dim_lob","objectLabel":"hier_dim_lob","useExactSrcNames":false,"fetchMode":"ORIGINAL","tgtObjectAttributes":{},"runtimeParameterData":{"@type":"mtTaskRuntimeParameterData","isConnectionRuntimeParameter":true,"isObjectRuntimeParameter":false,"connectionParameterName":"m_lookup_ids_DBConnection_Tgt"},"overridableProperties":[],"overriddenFields":[]},{"@type":"mtTaskParameter","id":92598364,"name":"$m_lookup_ids_lkp_HIER_Risk_State$","type":"LOOKUP","label":"m_lookup_ids_DBConnection_Tgt","description":"","uiProperties":{"cnxtype":"Amazon Redshift v2","connectionParameterized":"true","paramName":"m_lookup_ids_DBConnection_Tgt","paramLabel":"","paramType-mapping":"Connection","logcnx":"m_lookup_ids_DBConnection_Tgt","isCachedLookup":"true","multipleMatchPolicy":"Use First Value","default":"dbo/hier_dim_riskstate","objectParameterized":"false","visible":"false","originalPath":"m_lookup_ids.lkp_HIER_Risk_State"},"lookupConnectionId":"@kz9Es8IGoicjZNLnrhio0E","lookupObject":"dbo/hier_dim_riskstate","lookupObjectLabel":"hier_dim_riskstate","newFlatFile":false,"newObject":false,"showBusinessNames":true,"naturalOrder":true,"truncateTarget":false,"bulkApiDBTarget":false,"customFuncCfg":{"@type":"customFuncConfig","id":-1,"connections":[],"inputMap":[],"outputFields":[]},"targetRefsV2":{},"targetUpdateColumns":[],"runtimeAttrs":{"Cache File Name Prefix":"","Lookup Index Cache Size":"AUTO","Lookup Data Filter":"","Optional":"true","Lookup cache persistent":"false","Lookup source is static":"true","Update Dynamic Cache Condition":"TRUE","Case Sensitive String Comparison":"false","Re-cache from lookup source":"false","Insert Else Update":"false","Lookup caching enabled":"true","Lookup Data Cache Size":"AUTO","Tracing Level":"Normal","Sorted Input":"false","Lookup cache directory name":"$PMCacheDir","Output Old Value On Update":"false","Dynamic Lookup Cache":"false","Pre-build lookup cache":"AUTO","Null ordering":""},"isRESTModernSource":true,"isFileList":false,"handleSpecialChars":false,"handleDecimalRoundOff":false,"frsAsset":false,"dynamicFileName":false,"excludeDynamicFileNameField":false,"currentlyProcessedFileName":false,"retainFieldMetadata":false,"objectName":"dbo/hier_dim_riskstate","objectLabel":"hier_dim_riskstate","useExactSrcNames":false,"fetchMode":"ORIGINAL","tgtObjectAttributes":{},"runtimeParameterData":{"@type":"mtTaskRuntimeParameterData","isConnectionRuntimeParameter":true,"isObjectRuntimeParameter":false,"connectionParameterName":"m_lookup_ids_DBConnection_Tgt"},"overridableProperties":[],"overriddenFields":[]},{"@type":"mtTaskParameter","id":92598365,"name":"$m_lookup_ids_lkp_bor_sprinkler$","type":"LOOKUP","label":"m_lookup_ids_DBConnection_Tgt","description":"","uiProperties":{"cnxtype":"Amazon Redshift v2","connectionParameterized":"true","paramName":"m_lookup_ids_DBConnection_Tgt","paramLabel":"","paramType-mapping":"Connection","logcnx":"m_lookup_ids_DBConnection_Tgt","isCachedLookup":"true","multipleMatchPolicy":"Use Any Value","default":"dbo/dim_bor_sprinkler","objectParameterized":"false","visible":"false","originalPath":"m_lookup_ids.lkp_bor_sprinkler"},"lookupConnectionId":"@kz9Es8IGoicjZNLnrhio0E","lookupObject":"dbo/dim_bor_sprinkler","lookupObjectLabel":"dim_bor_sprinkler","newFlatFile":false,"newObject":false,"showBusinessNames":true,"naturalOrder":true,"truncateTarget":false,"bulkApiDBTarget":false,"customFuncCfg":{"@type":"customFuncConfig","id":-1,"connections":[],"inputMap":[],"outputFields":[]},"targetRefsV2":{},"targetUpdateColumns":[],"runtimeAttrs":{"Cache File Name Prefix":"","Lookup Index Cache Size":"AUTO","Optional":"true","Lookup cache persistent":"false","Lookup source is static":"false","Update Dynamic Cache Condition":"TRUE","Case Sensitive String Comparison":"false","Re-cache from lookup source":"false","Insert Else Update":"false","Lookup caching enabled":"true","Lookup Data Cache Size":"AUTO","Tracing Level":"Normal","Sorted Input":"false","Lookup cache directory name":"$PMCacheDir","Output Old Value On Update":"false","Dynamic Lookup Cache":"false","Pre-build lookup cache":"AUTO","Null ordering":""},"isRESTModernSource":true,"isFileList":false,"handleSpecialChars":false,"handleDecimalRoundOff":false,"frsAsset":false,"dynamicFileName":false,"excludeDynamicFileNameField":false,"currentlyProcessedFileName":false,"retainFieldMetadata":false,"objectName":"dbo/dim_bor_sprinkler","objectLabel":"dim_bor_sprinkler","useExactSrcNames":false,"fetchMode":"ORIGINAL","tgtObjectAttributes":{},"runtimeParameterData":{"@type":"mtTaskRuntimeParameterData","isConnectionRuntimeParameter":true,"isObjectRuntimeParameter":false,"connectionParameterName":"m_lookup_ids_DBConnection_Tgt"},"overridableProperties":[],"overriddenFields":[]},{"@type":"mtTaskParameter","id":92598366,"name":"$m_lookup_ids_lkp_company$","type":"LOOKUP","label":"m_lookup_ids_DBConnection_Tgt","description":"","uiProperties":{"cnxtype":"Amazon Redshift v2","connectionParameterized":"true","paramName":"m_lookup_ids_DBConnection_Tgt","paramLabel":"","paramType-mapping":"Connection","logcnx":"m_lookup_ids_DBConnection_Tgt","isCachedLookup":"true","multipleMatchPolicy":"Use First Value","default":"dbo/dim_company","objectParameterized":"false","visible":"false","originalPath":"m_lookup_ids.lkp_company"},"lookupConnectionId":"@kz9Es8IGoicjZNLnrhio0E","lookupObject":"dbo/dim_company","lookupObjectLabel":"dim_company","newFlatFile":false,"newObject":false,"showBusinessNames":true,"naturalOrder":true,"truncateTarget":false,"bulkApiDBTarget":false,"customFuncCfg":{"@type":"customFuncConfig","id":-1,"connections":[],"inputMap":[],"outputFields":[]},"targetRefsV2":{},"targetUpdateColumns":[],"runtimeAttrs":{"Cache File Name Prefix":"","Lookup Index Cache Size":"AUTO","Lookup Data Filter":"","Optional":"true","Lookup cache persistent":"false","Lookup source is static":"true","Update Dynamic Cache Condition":"TRUE","Case Sensitive String Comparison":"false","Re-cache from lookup source":"false","Insert Else Update":"false","Lookup caching enabled":"true","Lookup Data Cache Size":"AUTO","Tracing Level":"Normal","Sorted Input":"false","Lookup cache directory name":"$PMCacheDir","Output Old Value On Update":"false","Dynamic Lookup Cache":"false","Pre-build lookup cache":"AUTO","Null ordering":""},"isRESTModernSource":true,"isFileList":false,"handleSpecialChars":false,"handleDecimalRoundOff":false,"frsAsset":false,"dynamicFileName":false,"excludeDynamicFileNameField":false,"currentlyProcessedFileName":false,"retainFieldMetadata":false,"objectName":"dbo/dim_company","objectLabel":"dim_company","useExactSrcNames":false,"fetchMode":"ORIGINAL","tgtObjectAttributes":{},"runtimeParameterData":{"@type":"mtTaskRuntimeParameterData","isConnectionRuntimeParameter":true,"isObjectRuntimeParameter":false,"connectionParameterName":"m_lookup_ids_DBConnection_Tgt"},"overridableProperties":[],"overriddenFields":[]},{"@type":"mtTaskParameter","id":92598367,"name":"$m_lookup_ids_lkp_constructionType$","type":"LOOKUP","label":"m_lookup_ids_DBConnection_Tgt","description":"","uiProperties":{"cnxtype":"Amazon Redshift v2","connectionParameterized":"true","paramName":"m_lookup_ids_DBConnection_Tgt","paramLabel":"","paramType-mapping":"Connection","logcnx":"m_lookup_ids_DBConnection_Tgt","isCachedLookup":"true","multipleMatchPolicy":"Use First Value","default":"dbo/dim_constructiontype","objectParameterized":"false","visible":"false","originalPath":"m_lookup_ids.lkp_constructionType"},"lookupConnectionId":"@kz9Es8IGoicjZNLnrhio0E","lookupObject":"dbo/dim_constructiontype","lookupObjectLabel":"dim_constructiontype","newFlatFile":false,"newObject":false,"showBusinessNames":true,"naturalOrder":true,"truncateTarget":false,"bulkApiDBTarget":false,"customFuncCfg":{"@type":"customFuncConfig","id":-1,"connections":[],"inputMap":[],"outputFields":[]},"targetRefsV2":{},"targetUpdateColumns":[],"runtimeAttrs":{"Cache File Name Prefix":"","Lookup Index Cache Size":"AUTO","Lookup Data Filter":"","Optional":"true","Lookup cache persistent":"false","Lookup source is static":"true","Update Dynamic Cache Condition":"TRUE","Case Sensitive String Comparison":"false","Re-cache from lookup source":"false","Insert Else Update":"false","Lookup caching enabled":"true","Lookup Data Cache Size":"AUTO","Tracing Level":"Normal","Sorted Input":"false","Lookup cache directory name":"$PMCacheDir","Output Old Value On Update":"false","Dynamic Lookup Cache":"false","Pre-build lookup cache":"AUTO","Null ordering":""},"isRESTModernSource":true,"isFileList":false,"handleSpecialChars":false,"handleDecimalRoundOff":false,"frsAsset":false,"dynamicFileName":false,"excludeDynamicFileNameField":false,"currentlyProcessedFileName":false,"retainFieldMetadata":false,"objectName":"dbo/dim_constructiontype","objectLabel":"dim_constructiontype","useExactSrcNames":false,"fetchMode":"ORIGINAL","tgtObjectAttributes":{},"runtimeParameterData":{"@type":"mtTaskRuntimeParameterData","isConnectionRuntimeParameter":true,"isObjectRuntimeParameter":false,"connectionParameterName":"m_lookup_ids_DBConnection_Tgt"},"overridableProperties":[],"overriddenFields":[]},{"@type":"mtTaskParameter","id":92598368,"name":"$m_lookup_ids_lkp_construction_year$","type":"LOOKUP","label":"m_lookup_ids_DBConnection_Tgt","description":"","uiProperties":{"cnxtype":"Amazon Redshift v2","connectionParameterized":"true","paramName":"m_lookup_ids_DBConnection_Tgt","paramLabel":"","paramType-mapping":"Connection","logcnx":"m_lookup_ids_DBConnection_Tgt","isCachedLookup":"true","multipleMatchPolicy":"Use First Value","default":"dbo/view_construction_year","objectParameterized":"false","visible":"false","originalPath":"m_lookup_ids.lkp_construction_year"},"lookupConnectionId":"@kz9Es8IGoicjZNLnrhio0E","lookupObject":"dbo/view_construction_year","lookupObjectLabel":"view_construction_year","newFlatFile":false,"newObject":false,"showBusinessNames":true,"naturalOrder":true,"truncateTarget":false,"bulkApiDBTarget":false,"customFuncCfg":{"@type":"customFuncConfig","id":-1,"connections":[],"inputMap":[],"outputFields":[]},"targetRefsV2":{},"targetUpdateColumns":[],"runtimeAttrs":{"Cache File Name Prefix":"","Lookup Index Cache Size":"AUTO","Optional":"true","Lookup cache persistent":"false","Lookup source is static":"true","Update Dynamic Cache Condition":"TRUE","Case Sensitive String Comparison":"false","Re-cache from lookup source":"false","Insert Else Update":"false","Lookup caching enabled":"true","Lookup Data Cache Size":"AUTO","Tracing Level":"Normal","Sorted Input":"false","Lookup cache directory name":"$PMCacheDir","Output Old Value On Update":"false","Dynamic Lookup Cache":"false","Pre-build lookup cache":"AUTO","Null ordering":""},"isRESTModernSource":true,"isFileList":false,"handleSpecialChars":false,"handleDecimalRoundOff":false,"frsAsset":false,"dynamicFileName":false,"excludeDynamicFileNameField":false,"currentlyProcessedFileName":false,"retainFieldMetadata":false,"objectName":"dbo/view_construction_year","objectLabel":"view_construction_year","useExactSrcNames":false,"fetchMode":"ORIGINAL","tgtObjectAttributes":{},"runtimeParameterData":{"@type":"mtTaskRuntimeParameterData","isConnectionRuntimeParameter":true,"isObjectRuntimeParameter":false,"connectionParameterName":"m_lookup_ids_DBConnection_Tgt"},"overridableProperties":[],"overriddenFields":[]},{"@type":"mtTaskParameter","id":92598369,"name":"$m_lookup_ids_lkp_contents_limit$","type":"LOOKUP","label":"m_lookup_ids_DBConnection_Tgt","description":"","uiProperties":{"cnxtype":"Amazon Redshift v2","connectionParameterized":"true","paramName":"m_lookup_ids_DBConnection_Tgt","paramLabel":"","paramType-mapping":"Connection","logcnx":"m_lookup_ids_DBConnection_Tgt","isCachedLookup":"true","multipleMatchPolicy":"Use First Value","default":"dbo/view_dim_limits","objectParameterized":"false","visible":"false","originalPath":"m_lookup_ids.lkp_contents_limit"},"lookupConnectionId":"@kz9Es8IGoicjZNLnrhio0E","lookupObject":"dbo/view_dim_limits","lookupObjectLabel":"view_dim_limits","newFlatFile":false,"newObject":false,"showBusinessNames":true,"naturalOrder":true,"truncateTarget":false,"bulkApiDBTarget":false,"customFuncCfg":{"@type":"customFuncConfig","id":-1,"connections":[],"inputMap":[],"outputFields":[]},"targetRefsV2":{},"targetUpdateColumns":[],"runtimeAttrs":{"Cache File Name Prefix":"","Lookup Index Cache Size":"AUTO","Lookup Data Filter":"","Optional":"true","Lookup cache persistent":"false","Lookup source is static":"true","Update Dynamic Cache Condition":"TRUE","Case Sensitive String Comparison":"false","Re-cache from lookup source":"false","Insert Else Update":"false","Lookup caching enabled":"true","Lookup Data Cache Size":"AUTO","Tracing Level":"Normal","Sorted Input":"false","Lookup cache directory name":"$PMCacheDir","Output Old Value On Update":"false","Dynamic Lookup Cache":"false","Pre-build lookup cache":"AUTO","Null ordering":""},"isRESTModernSource":true,"isFileList":false,"handleSpecialChars":false,"handleDecimalRoundOff":false,"frsAsset":false,"dynamicFileName":false,"excludeDynamicFileNameField":false,"currentlyProcessedFileName":false,"retainFieldMetadata":false,"objectName":"dbo/view_dim_limits","objectLabel":"view_dim_limits","useExactSrcNames":false,"fetchMode":"ORIGINAL","tgtObjectAttributes":{},"runtimeParameterData":{"@type":"mtTaskRuntimeParameterData","isConnectionRuntimeParameter":true,"isObjectRuntimeParameter":false,"connectionParameterName":"m_lookup_ids_DBConnection_Tgt"},"overridableProperties":[],"overriddenFields":[]},{"@type":"mtTaskParameter","id":92598370,"name":"$m_lookup_ids_lkp_convert_state$","type":"LOOKUP","label":"m_lookup_ids_DBConnection_Tgt","description":"","uiProperties":{"cnxtype":"Amazon Redshift v2","connectionParameterized":"true","paramName":"m_lookup_ids_DBConnection_Tgt","paramLabel":"","paramType-mapping":"Connection","logcnx":"m_lookup_ids_DBConnection_Tgt","isCachedLookup":"true","multipleMatchPolicy":"Use First Value","default":"dbo/lkp_convert_state_digit_to_alpha","objectParameterized":"false","visible":"false","originalPath":"m_lookup_ids.lkp_convert_state"},"lookupConnectionId":"@kz9Es8IGoicjZNLnrhio0E","lookupObject":"dbo/lkp_convert_state_digit_to_alpha","lookupObjectLabel":"lkp_convert_state_digit_to_alpha","newFlatFile":false,"newObject":false,"showBusinessNames":true,"naturalOrder":true,"truncateTarget":false,"bulkApiDBTarget":false,"customFuncCfg":{"@type":"customFuncConfig","id":-1,"connections":[],"inputMap":[],"outputFields":[]},"targetRefsV2":{},"targetUpdateColumns":[],"runtimeAttrs":{"Cache File Name Prefix":"","Lookup Index Cache Size":"AUTO","Lookup Data Filter":"","Optional":"true","Lookup cache persistent":"false","Lookup source is static":"true","Update Dynamic Cache Condition":"TRUE","Case Sensitive String Comparison":"false","Re-cache from lookup source":"false","Insert Else Update":"false","Lookup caching enabled":"true","Lookup Data Cache Size":"AUTO","Tracing Level":"Normal","Sorted Input":"false","Lookup cache directory name":"$PMCacheDir","Output Old Value On Update":"false","Dynamic Lookup Cache":"false","Pre-build lookup cache":"AUTO","Null ordering":""},"isRESTModernSource":true,"isFileList":false,"handleSpecialChars":false,"handleDecimalRoundOff":false,"frsAsset":false,"dynamicFileName":false,"excludeDynamicFileNameField":false,"currentlyProcessedFileName":false,"retainFieldMetadata":false,"objectName":"dbo/lkp_convert_state_digit_to_alpha","objectLabel":"lkp_convert_state_digit_to_alpha","useExactSrcNames":false,"fetchMode":"ORIGINAL","tgtObjectAttributes":{},"runtimeParameterData":{"@type":"mtTaskRuntimeParameterData","isConnectionRuntimeParameter":true,"isObjectRuntimeParameter":false,"connectionParameterName":"m_lookup_ids_DBConnection_Tgt"},"overridableProperties":[],"overriddenFields":[]},{"@type":"mtTaskParameter","id":92598371,"name":"$m_lookup_ids_lkp_fairplan$","type":"LOOKUP","label":"m_lookup_ids_DBConnection_Tgt","description":"","uiProperties":{"cnxtype":"Amazon Redshift v2","connectionParameterized":"true","paramName":"m_lookup_ids_DBConnection_Tgt","paramLabel":"","paramType-mapping":"Connection","logcnx":"m_lookup_ids_DBConnection_Tgt","isCachedLookup":"true","multipleMatchPolicy":"Use First Value","default":"dbo/dim_fairplan","objectParameterized":"false","visible":"false","originalPath":"m_lookup_ids.lkp_fairplan"},"lookupConnectionId":"@kz9Es8IGoicjZNLnrhio0E","lookupObject":"dbo/dim_fairplan","lookupObjectLabel":"dim_fairplan","newFlatFile":false,"newObject":false,"showBusinessNames":true,"naturalOrder":true,"truncateTarget":false,"bulkApiDBTarget":false,"customFuncCfg":{"@type":"customFuncConfig","id":-1,"connections":[],"inputMap":[],"outputFields":[]},"targetRefsV2":{},"targetUpdateColumns":[],"runtimeAttrs":{"Cache File Name Prefix":"","Lookup Index Cache Size":"AUTO","Optional":"true","Lookup cache persistent":"false","Lookup source is static":"true","Update Dynamic Cache Condition":"TRUE","Case Sensitive String Comparison":"false","Re-cache from lookup source":"false","Insert Else Update":"false","Lookup caching enabled":"true","Lookup Data Cache Size":"AUTO","Tracing Level":"Normal","Sorted Input":"false","Lookup cache directory name":"$PMCacheDir","Output Old Value On Update":"false","Dynamic Lookup Cache":"false","Pre-build lookup cache":"AUTO","Null ordering":""},"isRESTModernSource":true,"isFileList":false,"handleSpecialChars":false,"handleDecimalRoundOff":false,"frsAsset":false,"dynamicFileName":false,"excludeDynamicFileNameField":false,"currentlyProcessedFileName":false,"retainFieldMetadata":false,"objectName":"dbo/dim_fairplan","objectLabel":"dim_fairplan","useExactSrcNames":false,"fetchMode":"ORIGINAL","tgtObjectAttributes":{},"runtimeParameterData":{"@type":"mtTaskRuntimeParameterData","isConnectionRuntimeParameter":true,"isObjectRuntimeParameter":false,"connectionParameterName":"m_lookup_ids_DBConnection_Tgt"},"overridableProperties":[],"overriddenFields":[]},{"@type":"mtTaskParameter","id":92598372,"name":"$m_lookup_ids_lkp_hier_cat_code$","type":"LOOKUP","label":"m_lookup_ids_DBConnection_Tgt","description":"","uiProperties":{"cnxtype":"Amazon Redshift v2","connectionParameterized":"true","paramName":"m_lookup_ids_DBConnection_Tgt","paramLabel":"","paramType-mapping":"Connection","logcnx":"m_lookup_ids_DBConnection_Tgt","isCachedLookup":"true","multipleMatchPolicy":"Use First Value","default":"dbo/hier_dim_catcode","objectParameterized":"false","visible":"false","originalPath":"m_lookup_ids.lkp_hier_cat_code"},"lookupConnectionId":"@kz9Es8IGoicjZNLnrhio0E","lookupObject":"dbo/hier_dim_catcode","lookupObjectLabel":"hier_dim_catcode","newFlatFile":false,"newObject":false,"showBusinessNames":true,"naturalOrder":true,"truncateTarget":false,"bulkApiDBTarget":false,"customFuncCfg":{"@type":"customFuncConfig","id":-1,"connections":[],"inputMap":[],"outputFields":[]},"targetRefsV2":{},"targetUpdateColumns":[],"runtimeAttrs":{"Cache File Name Prefix":"","Lookup Index Cache Size":"AUTO","Optional":"true","Lookup cache persistent":"false","Lookup source is static":"true","Update Dynamic Cache Condition":"TRUE","Case Sensitive String Comparison":"false","Re-cache from lookup source":"false","Insert Else Update":"false","Lookup caching enabled":"true","Lookup Data Cache Size":"AUTO","Tracing Level":"Normal","Sorted Input":"false","Lookup cache directory name":"$PMCacheDir","Output Old Value On Update":"false","Dynamic Lookup Cache":"false","Pre-build lookup cache":"AUTO","Null ordering":""},"isRESTModernSource":true,"isFileList":false,"handleSpecialChars":false,"handleDecimalRoundOff":false,"frsAsset":false,"dynamicFileName":false,"excludeDynamicFileNameField":false,"currentlyProcessedFileName":false,"retainFieldMetadata":false,"objectName":"dbo/hier_dim_catcode","objectLabel":"hier_dim_catcode","useExactSrcNames":false,"fetchMode":"ORIGINAL","tgtObjectAttributes":{},"runtimeParameterData":{"@type":"mtTaskRuntimeParameterData","isConnectionRuntimeParameter":true,"isObjectRuntimeParameter":false,"connectionParameterName":"m_lookup_ids_DBConnection_Tgt"},"overridableProperties":[],"overriddenFields":[]},{"@type":"mtTaskParameter","id":92598373,"name":"$m_lookup_ids_lkp_insurance_score$","type":"LOOKUP","label":"m_lookup_ids_DBConnection_Tgt","description":"","uiProperties":{"cnxtype":"Amazon Redshift v2","connectionParameterized":"true","paramName":"m_lookup_ids_DBConnection_Tgt","paramLabel":"","paramType-mapping":"Connection","logcnx":"m_lookup_ids_DBConnection_Tgt","isCachedLookup":"true","multipleMatchPolicy":"Use First Value","default":"dbo/view_dim_insuracescore","objectParameterized":"false","visible":"false","originalPath":"m_lookup_ids.lkp_insurance_score"},"lookupConnectionId":"@kz9Es8IGoicjZNLnrhio0E","lookupObject":"dbo/view_dim_insuracescore","lookupObjectLabel":"view_dim_insuracescore","newFlatFile":false,"newObject":false,"showBusinessNames":true,"naturalOrder":true,"truncateTarget":false,"bulkApiDBTarget":false,"customFuncCfg":{"@type":"customFuncConfig","id":-1,"connections":[],"inputMap":[],"outputFields":[]},"targetRefsV2":{},"targetUpdateColumns":[],"runtimeAttrs":{"Cache File Name Prefix":"","Lookup Index Cache Size":"AUTO","Optional":"true","Lookup cache persistent":"false","Lookup source is static":"true","Update Dynamic Cache Condition":"TRUE","Case Sensitive String Comparison":"false","Re-cache from lookup source":"false","Insert Else Update":"false","Lookup caching enabled":"true","Lookup Data Cache Size":"AUTO","Tracing Level":"Normal","Sorted Input":"false","Lookup cache directory name":"$PMCacheDir","Output Old Value On Update":"false","Dynamic Lookup Cache":"false","Pre-build lookup cache":"AUTO","Null ordering":""},"isRESTModernSource":true,"isFileList":false,"handleSpecialChars":false,"handleDecimalRoundOff":false,"frsAsset":false,"dynamicFileName":false,"excludeDynamicFileNameField":false,"currentlyProcessedFileName":false,"retainFieldMetadata":false,"objectName":"dbo/view_dim_insuracescore","objectLabel":"view_dim_insuracescore","useExactSrcNames":false,"fetchMode":"ORIGINAL","tgtObjectAttributes":{},"runtimeParameterData":{"@type":"mtTaskRuntimeParameterData","isConnectionRuntimeParameter":true,"isObjectRuntimeParameter":false,"connectionParameterName":"m_lookup_ids_DBConnection_Tgt"},"overridableProperties":[],"overriddenFields":[]},{"@type":"mtTaskParameter","id":92598374,"name":"$m_lookup_ids_lkp_liab_limit$","type":"LOOKUP","label":"m_lookup_ids_DBConnection_Tgt","description":"","uiProperties":{"cnxtype":"Amazon Redshift v2","connectionParameterized":"true","paramName":"m_lookup_ids_DBConnection_Tgt","paramLabel":"","paramType-mapping":"Connection","logcnx":"m_lookup_ids_DBConnection_Tgt","isCachedLookup":"true","multipleMatchPolicy":"Use First Value","default":"dbo/dim_liability_limit","objectParameterized":"false","visible":"false","originalPath":"m_lookup_ids.lkp_liab_limit"},"lookupConnectionId":"@kz9Es8IGoicjZNLnrhio0E","lookupObject":"dbo/dim_liability_limit","lookupObjectLabel":"dim_liability_limit","newFlatFile":false,"newObject":false,"showBusinessNames":true,"naturalOrder":true,"truncateTarget":false,"bulkApiDBTarget":false,"customFuncCfg":{"@type":"customFuncConfig","id":-1,"connections":[],"inputMap":[],"outputFields":[]},"targetRefsV2":{},"targetUpdateColumns":[],"runtimeAttrs":{"Cache File Name Prefix":"","Lookup Index Cache Size":"AUTO","Lookup Data Filter":"","Optional":"true","Lookup cache persistent":"false","Lookup source is static":"true","Update Dynamic Cache Condition":"TRUE","Case Sensitive String Comparison":"false","Re-cache from lookup source":"false","Insert Else Update":"false","Lookup caching enabled":"true","Lookup Data Cache Size":"AUTO","Tracing Level":"Normal","Sorted Input":"false","Lookup cache directory name":"$PMCacheDir","Output Old Value On Update":"false","Dynamic Lookup Cache":"false","Pre-build lookup cache":"AUTO","Null ordering":""},"isRESTModernSource":true,"isFileList":false,"handleSpecialChars":false,"handleDecimalRoundOff":false,"frsAsset":false,"dynamicFileName":false,"excludeDynamicFileNameField":false,"currentlyProcessedFileName":false,"retainFieldMetadata":false,"objectName":"dbo/dim_liability_limit","objectLabel":"dim_liability_limit","useExactSrcNames":false,"fetchMode":"ORIGINAL","tgtObjectAttributes":{},"runtimeParameterData":{"@type":"mtTaskRuntimeParameterData","isConnectionRuntimeParameter":true,"isObjectRuntimeParameter":false,"connectionParameterName":"m_lookup_ids_DBConnection_Tgt"},"overridableProperties":[],"overriddenFields":[]},{"@type":"mtTaskParameter","id":92598375,"name":"$m_lookup_ids_lkp_limit$","type":"LOOKUP","label":"m_lookup_ids_DBConnection_Tgt","description":"","uiProperties":{"cnxtype":"Amazon Redshift v2","connectionParameterized":"true","paramName":"m_lookup_ids_DBConnection_Tgt","paramLabel":"","paramType-mapping":"Connection","logcnx":"m_lookup_ids_DBConnection_Tgt","isCachedLookup":"true","multipleMatchPolicy":"Use First Value","default":"dbo/view_dim_limits","objectParameterized":"false","visible":"false","originalPath":"m_lookup_ids.lkp_limit"},"lookupConnectionId":"@kz9Es8IGoicjZNLnrhio0E","lookupObject":"dbo/view_dim_limits","lookupObjectLabel":"view_dim_limits","newFlatFile":false,"newObject":false,"showBusinessNames":true,"naturalOrder":true,"truncateTarget":false,"bulkApiDBTarget":false,"customFuncCfg":{"@type":"customFuncConfig","id":-1,"connections":[],"inputMap":[],"outputFields":[]},"targetRefsV2":{},"targetUpdateColumns":[],"runtimeAttrs":{"Cache File Name Prefix":"","Lookup Index Cache Size":"AUTO","Lookup Data Filter":"","Optional":"true","Lookup cache persistent":"false","Lookup source is static":"true","Update Dynamic Cache Condition":"TRUE","Case Sensitive String Comparison":"false","Re-cache from lookup source":"false","Insert Else Update":"false","Lookup caching enabled":"true","Lookup Data Cache Size":"AUTO","Tracing Level":"Normal","Sorted Input":"false","Lookup cache directory name":"$PMCacheDir","Output Old Value On Update":"false","Dynamic Lookup Cache":"false","Pre-build lookup cache":"AUTO","Null ordering":""},"isRESTModernSource":true,"isFileList":false,"handleSpecialChars":false,"handleDecimalRoundOff":false,"frsAsset":false,"dynamicFileName":false,"excludeDynamicFileNameField":false,"currentlyProcessedFileName":false,"retainFieldMetadata":false,"objectName":"dbo/view_dim_limits","objectLabel":"view_dim_limits","useExactSrcNames":false,"fetchMode":"ORIGINAL","tgtObjectAttributes":{},"runtimeParameterData":{"@type":"mtTaskRuntimeParameterData","isConnectionRuntimeParameter":true,"isObjectRuntimeParameter":false,"connectionParameterName":"m_lookup_ids_DBConnection_Tgt"},"overridableProperties":[],"overriddenFields":[]},{"@type":"mtTaskParameter","id":92598376,"name":"$m_lookup_ids_lkp_loss_cause$","type":"LOOKUP","label":"m_lookup_ids_DBConnection_Tgt","description":"","uiProperties":{"cnxtype":"Amazon Redshift v2","connectionParameterized":"true","paramName":"m_lookup_ids_DBConnection_Tgt","paramLabel":"","paramType-mapping":"Connection","logcnx":"m_lookup_ids_DBConnection_Tgt","isCachedLookup":"true","multipleMatchPolicy":"Use First Value","default":"dbo/dim_losscause","objectParameterized":"false","visible":"false","originalPath":"m_lookup_ids.lkp_loss_cause"},"lookupConnectionId":"@kz9Es8IGoicjZNLnrhio0E","lookupObject":"dbo/dim_losscause","lookupObjectLabel":"dim_losscause","newFlatFile":false,"newObject":false,"showBusinessNames":true,"naturalOrder":true,"truncateTarget":false,"bulkApiDBTarget":false,"customFuncCfg":{"@type":"customFuncConfig","id":-1,"connections":[],"inputMap":[],"outputFields":[]},"targetRefsV2":{},"targetUpdateColumns":[],"runtimeAttrs":{"Cache File Name Prefix":"","Lookup Index Cache Size":"AUTO","Lookup Data Filter":"","Optional":"true","Lookup cache persistent":"false","Lookup source is static":"true","Update Dynamic Cache Condition":"TRUE","Case Sensitive String Comparison":"false","Re-cache from lookup source":"false","Insert Else Update":"false","Lookup caching enabled":"true","Lookup Data Cache Size":"AUTO","Tracing Level":"Normal","Sorted Input":"false","Lookup cache directory name":"$PMCacheDir","Output Old Value On Update":"false","Dynamic Lookup Cache":"false","Pre-build lookup cache":"AUTO","Null ordering":""},"isRESTModernSource":true,"isFileList":false,"handleSpecialChars":false,"handleDecimalRoundOff":false,"frsAsset":false,"dynamicFileName":false,"excludeDynamicFileNameField":false,"currentlyProcessedFileName":false,"retainFieldMetadata":false,"objectName":"dbo/dim_losscause","objectLabel":"dim_losscause","useExactSrcNames":false,"fetchMode":"ORIGINAL","tgtObjectAttributes":{},"runtimeParameterData":{"@type":"mtTaskRuntimeParameterData","isConnectionRuntimeParameter":true,"isObjectRuntimeParameter":false,"connectionParameterName":"m_lookup_ids_DBConnection_Tgt"},"overridableProperties":[],"overriddenFields":[]},{"@type":"mtTaskParameter","id":92598377,"name":"$m_lookup_ids_lkp_major_peril$","type":"LOOKUP","label":"m_lookup_ids_DBConnection_Tgt","description":"","uiProperties":{"cnxtype":"Amazon Redshift v2","connectionParameterized":"true","paramName":"m_lookup_ids_DBConnection_Tgt","paramLabel":"","paramType-mapping":"Connection","logcnx":"m_lookup_ids_DBConnection_Tgt","isCachedLookup":"true","multipleMatchPolicy":"Use First Value","default":"dbo/dim_majorperil","objectParameterized":"false","visible":"false","originalPath":"m_lookup_ids.lkp_major_peril"},"lookupConnectionId":"@kz9Es8IGoicjZNLnrhio0E","lookupObject":"dbo/dim_majorperil","lookupObjectLabel":"dim_majorperil","newFlatFile":false,"newObject":false,"showBusinessNames":true,"naturalOrder":true,"truncateTarget":false,"bulkApiDBTarget":false,"customFuncCfg":{"@type":"customFuncConfig","id":-1,"connections":[],"inputMap":[],"outputFields":[]},"targetRefsV2":{},"targetUpdateColumns":[],"runtimeAttrs":{"Cache File Name Prefix":"","Lookup Index Cache Size":"AUTO","Lookup Data Filter":"","Optional":"true","Lookup cache persistent":"false","Lookup source is static":"true","Update Dynamic Cache Condition":"TRUE","Case Sensitive String Comparison":"false","Re-cache from lookup source":"false","Insert Else Update":"false","Lookup caching enabled":"true","Lookup Data Cache Size":"AUTO","Tracing Level":"Normal","Sorted Input":"false","Lookup cache directory name":"$PMCacheDir","Output Old Value On Update":"false","Dynamic Lookup Cache":"false","Pre-build lookup cache":"AUTO","Null ordering":""},"isRESTModernSource":true,"isFileList":false,"handleSpecialChars":false,"handleDecimalRoundOff":false,"frsAsset":false,"dynamicFileName":false,"excludeDynamicFileNameField":false,"currentlyProcessedFileName":false,"retainFieldMetadata":false,"objectName":"dbo/dim_majorperil","objectLabel":"dim_majorperil","useExactSrcNames":false,"fetchMode":"ORIGINAL","tgtObjectAttributes":{},"runtimeParameterData":{"@type":"mtTaskRuntimeParameterData","isConnectionRuntimeParameter":true,"isObjectRuntimeParameter":false,"connectionParameterName":"m_lookup_ids_DBConnection_Tgt"},"overridableProperties":[],"overriddenFields":[]},{"@type":"mtTaskParameter","id":92598378,"name":"$m_lookup_ids_lkp_nbr_apts$","type":"LOOKUP","label":"m_lookup_ids_DBConnection_Tgt","description":"","uiProperties":{"cnxtype":"Amazon Redshift v2","connectionParameterized":"true","paramName":"m_lookup_ids_DBConnection_Tgt","paramLabel":"","paramType-mapping":"Connection","logcnx":"m_lookup_ids_DBConnection_Tgt","isCachedLookup":"true","multipleMatchPolicy":"Use First Value","default":"dbo/lkp_nbr_of_apts","objectParameterized":"false","visible":"false","originalPath":"m_lookup_ids.lkp_nbr_apts"},"lookupConnectionId":"@kz9Es8IGoicjZNLnrhio0E","lookupObject":"dbo/lkp_nbr_of_apts","lookupObjectLabel":"lkp_nbr_of_apts","newFlatFile":false,"newObject":false,"showBusinessNames":true,"naturalOrder":true,"truncateTarget":false,"bulkApiDBTarget":false,"customFuncCfg":{"@type":"customFuncConfig","id":-1,"connections":[],"inputMap":[],"outputFields":[]},"targetRefsV2":{},"targetUpdateColumns":[],"runtimeAttrs":{"Cache File Name Prefix":"","Lookup Index Cache Size":"AUTO","Optional":"true","Lookup cache persistent":"false","Lookup source is static":"true","Update Dynamic Cache Condition":"TRUE","Case Sensitive String Comparison":"false","Re-cache from lookup source":"false","Insert Else Update":"false","Lookup caching enabled":"true","Lookup Data Cache Size":"AUTO","Tracing Level":"Normal","Sorted Input":"false","Lookup cache directory name":"$PMCacheDir","Output Old Value On Update":"false","Dynamic Lookup Cache":"false","Pre-build lookup cache":"AUTO","Null ordering":""},"isRESTModernSource":true,"isFileList":false,"handleSpecialChars":false,"handleDecimalRoundOff":false,"frsAsset":false,"dynamicFileName":false,"excludeDynamicFileNameField":false,"currentlyProcessedFileName":false,"retainFieldMetadata":false,"objectName":"dbo/lkp_nbr_of_apts","objectLabel":"lkp_nbr_of_apts","useExactSrcNames":false,"fetchMode":"ORIGINAL","tgtObjectAttributes":{},"runtimeParameterData":{"@type":"mtTaskRuntimeParameterData","isConnectionRuntimeParameter":true,"isObjectRuntimeParameter":false,"connectionParameterName":"m_lookup_ids_DBConnection_Tgt"},"overridableProperties":[],"overriddenFields":[]},{"@type":"mtTaskParameter","id":92598379,"name":"$m_lookup_ids_lkp_nbr_families$","type":"LOOKUP","label":"m_lookup_ids_DBConnection_Tgt","description":"","uiProperties":{"cnxtype":"Amazon Redshift v2","connectionParameterized":"true","paramName":"m_lookup_ids_DBConnection_Tgt","paramLabel":"","paramType-mapping":"Connection","logcnx":"m_lookup_ids_DBConnection_Tgt","isCachedLookup":"true","multipleMatchPolicy":"Use First Value","default":"dbo/lkp_nbr_of_families","objectParameterized":"false","visible":"false","originalPath":"m_lookup_ids.lkp_nbr_families"},"lookupConnectionId":"@kz9Es8IGoicjZNLnrhio0E","lookupObject":"dbo/lkp_nbr_of_families","lookupObjectLabel":"lkp_nbr_of_families","newFlatFile":false,"newObject":false,"showBusinessNames":true,"naturalOrder":true,"truncateTarget":false,"bulkApiDBTarget":false,"customFuncCfg":{"@type":"customFuncConfig","id":-1,"connections":[],"inputMap":[],"outputFields":[]},"targetRefsV2":{},"targetUpdateColumns":[],"runtimeAttrs":{"Cache File Name Prefix":"","Lookup Index Cache Size":"AUTO","Lookup Data Filter":"","Optional":"true","Lookup cache persistent":"false","Lookup source is static":"true","Update Dynamic Cache Condition":"TRUE","Case Sensitive String Comparison":"false","Re-cache from lookup source":"false","Insert Else Update":"false","Lookup caching enabled":"true","Lookup Data Cache Size":"AUTO","Tracing Level":"Normal","Sorted Input":"false","Lookup cache directory name":"$PMCacheDir","Output Old Value On Update":"false","Dynamic Lookup Cache":"false","Pre-build lookup cache":"AUTO","Null ordering":""},"isRESTModernSource":true,"isFileList":false,"handleSpecialChars":false,"handleDecimalRoundOff":false,"frsAsset":false,"dynamicFileName":false,"excludeDynamicFileNameField":false,"currentlyProcessedFileName":false,"retainFieldMetadata":false,"objectName":"dbo/lkp_nbr_of_families","objectLabel":"lkp_nbr_of_families","useExactSrcNames":false,"fetchMode":"ORIGINAL","tgtObjectAttributes":{},"runtimeParameterData":{"@type":"mtTaskRuntimeParameterData","isConnectionRuntimeParameter":true,"isObjectRuntimeParameter":false,"connectionParameterName":"m_lookup_ids_DBConnection_Tgt"},"overridableProperties":[],"overriddenFields":[]},{"@type":"mtTaskParameter","id":92598380,"name":"$m_lookup_ids_lkp_new_renewal$","type":"LOOKUP","label":"m_lookup_ids_DBConnection_Tgt","description":"","uiProperties":{"cnxtype":"Amazon Redshift v2","connectionParameterized":"true","paramName":"m_lookup_ids_DBConnection_Tgt","paramLabel":"","paramType-mapping":"Connection","logcnx":"m_lookup_ids_DBConnection_Tgt","isCachedLookup":"true","multipleMatchPolicy":"Use First Value","default":"dbo/dim_newrenewal","objectParameterized":"false","visible":"false","originalPath":"m_lookup_ids.lkp_new_renewal"},"lookupConnectionId":"@kz9Es8IGoicjZNLnrhio0E","lookupObject":"dbo/dim_newrenewal","lookupObjectLabel":"dim_newrenewal","newFlatFile":false,"newObject":false,"showBusinessNames":true,"naturalOrder":true,"truncateTarget":false,"bulkApiDBTarget":false,"customFuncCfg":{"@type":"customFuncConfig","id":-1,"connections":[],"inputMap":[],"outputFields":[]},"targetRefsV2":{},"targetUpdateColumns":[],"runtimeAttrs":{"Cache File Name Prefix":"","Lookup Index Cache Size":"AUTO","Optional":"true","Lookup cache persistent":"false","Lookup source is static":"true","Update Dynamic Cache Condition":"TRUE","Case Sensitive String Comparison":"false","Re-cache from lookup source":"false","Insert Else Update":"false","Lookup caching enabled":"true","Lookup Data Cache Size":"AUTO","Tracing Level":"Normal","Sorted Input":"false","Lookup cache directory name":"$PMCacheDir","Output Old Value On Update":"false","Dynamic Lookup Cache":"false","Pre-build lookup cache":"AUTO","Null ordering":""},"isRESTModernSource":true,"isFileList":false,"handleSpecialChars":false,"handleDecimalRoundOff":false,"frsAsset":false,"dynamicFileName":false,"excludeDynamicFileNameField":false,"currentlyProcessedFileName":false,"retainFieldMetadata":false,"objectName":"dbo/dim_newrenewal","objectLabel":"dim_newrenewal","useExactSrcNames":false,"fetchMode":"ORIGINAL","tgtObjectAttributes":{},"runtimeParameterData":{"@type":"mtTaskRuntimeParameterData","isConnectionRuntimeParameter":true,"isObjectRuntimeParameter":false,"connectionParameterName":"m_lookup_ids_DBConnection_Tgt"},"overridableProperties":[],"overriddenFields":[]},{"@type":"mtTaskParameter","id":92598381,"name":"$m_lookup_ids_lkp_policy_deductible$","type":"LOOKUP","label":"m_lookup_ids_DBConnection_Tgt","description":"","uiProperties":{"cnxtype":"Amazon Redshift v2","connectionParameterized":"true","paramName":"m_lookup_ids_DBConnection_Tgt","paramLabel":"","paramType-mapping":"Connection","logcnx":"m_lookup_ids_DBConnection_Tgt","isCachedLookup":"true","multipleMatchPolicy":"Use First Value","default":"dbo/dim_policydeductible","objectParameterized":"false","visible":"false","originalPath":"m_lookup_ids.lkp_policy_deductible"},"lookupConnectionId":"@kz9Es8IGoicjZNLnrhio0E","lookupObject":"dbo/dim_policydeductible","lookupObjectLabel":"dim_policydeductible","newFlatFile":false,"newObject":false,"showBusinessNames":true,"naturalOrder":true,"truncateTarget":false,"bulkApiDBTarget":false,"customFuncCfg":{"@type":"customFuncConfig","id":-1,"connections":[],"inputMap":[],"outputFields":[]},"targetRefsV2":{},"targetUpdateColumns":[],"runtimeAttrs":{"Cache File Name Prefix":"","Lookup Index Cache Size":"AUTO","Optional":"true","Lookup cache persistent":"false","Lookup source is static":"true","Update Dynamic Cache Condition":"TRUE","Case Sensitive String Comparison":"false","Re-cache from lookup source":"false","Insert Else Update":"false","Lookup caching enabled":"true","Lookup Data Cache Size":"AUTO","Tracing Level":"Normal","Sorted Input":"false","Lookup cache directory name":"$PMCacheDir","Output Old Value On Update":"false","Dynamic Lookup Cache":"false","Pre-build lookup cache":"AUTO","Null ordering":""},"isRESTModernSource":true,"isFileList":false,"handleSpecialChars":false,"handleDecimalRoundOff":false,"frsAsset":false,"dynamicFileName":false,"excludeDynamicFileNameField":false,"currentlyProcessedFileName":false,"retainFieldMetadata":false,"objectName":"dbo/dim_policydeductible","objectLabel":"dim_policydeductible","useExactSrcNames":false,"fetchMode":"ORIGINAL","tgtObjectAttributes":{},"runtimeParameterData":{"@type":"mtTaskRuntimeParameterData","isConnectionRuntimeParameter":true,"isObjectRuntimeParameter":false,"connectionParameterName":"m_lookup_ids_DBConnection_Tgt"},"overridableProperties":[],"overriddenFields":[]},{"@type":"mtTaskParameter","id":92598382,"name":"$m_lookup_ids_lkp_secondary$","type":"LOOKUP","label":"m_lookup_ids_DBConnection_Tgt","description":"","uiProperties":{"cnxtype":"Amazon Redshift v2","connectionParameterized":"true","paramName":"m_lookup_ids_DBConnection_Tgt","paramLabel":"","paramType-mapping":"Connection","logcnx":"m_lookup_ids_DBConnection_Tgt","isCachedLookup":"true","multipleMatchPolicy":"Use Any Value","default":"dbo/dim_secondaryhome","objectParameterized":"false","visible":"false","originalPath":"m_lookup_ids.lkp_secondary"},"lookupConnectionId":"@kz9Es8IGoicjZNLnrhio0E","lookupObject":"dbo/dim_secondaryhome","lookupObjectLabel":"dim_secondaryhome","newFlatFile":false,"newObject":false,"showBusinessNames":true,"naturalOrder":true,"truncateTarget":false,"bulkApiDBTarget":false,"customFuncCfg":{"@type":"customFuncConfig","id":-1,"connections":[],"inputMap":[],"outputFields":[]},"targetRefsV2":{},"targetUpdateColumns":[],"runtimeAttrs":{"Cache File Name Prefix":"","Lookup Index Cache Size":"AUTO","Optional":"true","Lookup cache persistent":"false","Lookup source is static":"false","Update Dynamic Cache Condition":"TRUE","Case Sensitive String Comparison":"false","Re-cache from lookup source":"false","Insert Else Update":"false","Lookup caching enabled":"true","Lookup Data Cache Size":"AUTO","Tracing Level":"Normal","Sorted Input":"false","Lookup cache directory name":"$PMCacheDir","Output Old Value On Update":"false","Dynamic Lookup Cache":"false","Pre-build lookup cache":"AUTO","Null ordering":""},"isRESTModernSource":true,"isFileList":false,"handleSpecialChars":false,"handleDecimalRoundOff":false,"frsAsset":false,"dynamicFileName":false,"excludeDynamicFileNameField":false,"currentlyProcessedFileName":false,"retainFieldMetadata":false,"objectName":"dbo/dim_secondaryhome","objectLabel":"dim_secondaryhome","useExactSrcNames":false,"fetchMode":"ORIGINAL","tgtObjectAttributes":{},"runtimeParameterData":{"@type":"mtTaskRuntimeParameterData","isConnectionRuntimeParameter":true,"isObjectRuntimeParameter":false,"connectionParameterName":"m_lookup_ids_DBConnection_Tgt"},"overridableProperties":[],"overriddenFields":[]},{"@type":"mtTaskParameter","id":92598383,"name":"$m_lookup_ids_lkp_zipcounty$","type":"LOOKUP","label":"m_lookup_ids_DBConnection_Tgt","description":"","uiProperties":{"cnxtype":"Amazon Redshift v2","connectionParameterized":"true","paramName":"m_lookup_ids_DBConnection_Tgt","paramLabel":"","paramType-mapping":"Connection","logcnx":"m_lookup_ids_DBConnection_Tgt","isCachedLookup":"true","multipleMatchPolicy":"Use Any Value","default":"dbo/lkp_zipcounty","objectParameterized":"false","visible":"false","originalPath":"m_lookup_ids.lkp_zipcounty"},"lookupConnectionId":"@kz9Es8IGoicjZNLnrhio0E","lookupObject":"dbo/lkp_zipcounty","lookupObjectLabel":"lkp_zipcounty","newFlatFile":false,"newObject":false,"showBusinessNames":true,"naturalOrder":true,"truncateTarget":false,"bulkApiDBTarget":false,"customFuncCfg":{"@type":"customFuncConfig","id":-1,"connections":[],"inputMap":[],"outputFields":[]},"targetRefsV2":{},"targetUpdateColumns":[],"runtimeAttrs":{"Cache File Name Prefix":"","Lookup Index Cache Size":"AUTO","Lookup Data Filter":"","Optional":"true","Lookup cache persistent":"false","Lookup source is static":"false","Update Dynamic Cache Condition":"TRUE","Case Sensitive String Comparison":"false","Re-cache from lookup source":"false","Insert Else Update":"false","Lookup caching enabled":"true","Lookup Data Cache Size":"AUTO","Tracing Level":"Normal","Sorted Input":"false","Lookup cache directory name":"$PMCacheDir","Output Old Value On Update":"false","Dynamic Lookup Cache":"false","Pre-build lookup cache":"AUTO","Null ordering":""},"isRESTModernSource":true,"isFileList":false,"handleSpecialChars":false,"handleDecimalRoundOff":false,"frsAsset":false,"dynamicFileName":false,"excludeDynamicFileNameField":false,"currentlyProcessedFileName":false,"retainFieldMetadata":false,"objectName":"dbo/lkp_zipcounty","objectLabel":"lkp_zipcounty","useExactSrcNames":false,"fetchMode":"ORIGINAL","tgtObjectAttributes":{},"runtimeParameterData":{"@type":"mtTaskRuntimeParameterData","isConnectionRuntimeParameter":true,"isObjectRuntimeParameter":false,"connectionParameterName":"m_lookup_ids_DBConnection_Tgt"},"overridableProperties":[],"overriddenFields":[]}],"sequences":[],"inOutParameters":[],"connRuntimeAttrs":[]}]