[{"@type":"mappingTemplate","id":"@1","name":"cdi_map_uw_silver_uw_dashboard_application_details_ld","description":"","autoExpireObject":false,"bundleVersion":"0","assetFrsGuid":"b2pSlskcMKfkIXR7a21xGm","templateId":"@3","deployTime":1751908569000,"hasParameters":true,"valid":true,"fixedConnection":false,"hasParametersDeployed":true,"fixedConnectionDeployed":false,"isSchemaValidationEnabled":false,"tasks":1,"mappingPreviewFileRecordId":"@2","documentType":"MAPPING","allowMaxFieldLength":false,"references":[]}]