[{"@type":"mappletTemplate","id":"@1","name":"mplt_Comparison_Bigram","description":"The Bigram algorithm calculates a match score for two data strings based on the occurrence of consecutive characters in both strings. The algorithm looks for pairs of consecutive characters that are common to both strings. It divides the number of pairs that match in both strings by the total number of character pairs.","autoExpireObject":false,"documentType":"DMAPPLET","valid":true,"validForEngines":["CDI"],"active":false,"hasFixedReferences":false,"templateId":"@2","templateImageId":"@3","references":[]}]