[{"@type":"mappingTemplate","id":"@1","name":"m_Load_BasicPolicy_to_MasterPolicyDetail_Ld","description":"Mapping to load Master Policy detail from stage table","bundleVersion":"0","templateId":"@3","deployTime":1723728158000,"hasParameters":true,"valid":true,"fixedConnection":true,"hasParametersDeployed":true,"fixedConnectionDeployed":true,"isSchemaValidationEnabled":false,"tasks":1,"mappingPreviewFileRecordId":"@2","documentType":"","references":[{"@type":"reference","refObjectId":"@aYZ4ekzHgIPeKpiaoqDLKP","refType":"connection"}]}]