[{"@type":"mtTask","id":"@1","name":"s_m_load_Foreclosure_from_State_MA","description":"","runtimeEnvironmentId":"@3pADNCV9u0PcgrXjM7rx0t","maxLogs":10,"verbose":false,"lastRunTime":1710759994000,"mappingId":"@6w0B065gmrOdLRKOhxfluX","frsGuid":"0gcgoVN8VxsjgV00ltHJYT","shortDescription":"","sessionPropertiesList":[{"name":"Allow Temporary Sequence for Pushdown","value":"NO","recommended":false},{"name":"Allow Temporary View for Pushdown","value":"NO","recommended":false},{"name":"DateTime Format String","value":"MM/DD/YYYY HH24:MI:SS.US","recommended":false},{"name":"Pushdown Optimization","value":"None","recommended":false},{"name":"Pushdown Optimization Context","value":"None","recommended":false},{"name":"Pushdown Optimization Fallback Option","value":"Partial PDO","recommended":false},{"name":"Treat source rows as","value":"Insert","recommended":false}],"hidden":false,"enableCrossSchemaPushdown":false,"enableParallelRun":true,"autoTunedApplied":false,"autoTunedAppliedType":"NONE","parameterFileName":"Andover_Parm_Feed.txt","parameterFileDir":"$PMRootDir/andover/parameters","paramFileType":"PARAM_FILE_LOCAL","schemaMode":"async","valid":true,"schemaValidationErrorCount":-1,"parameterFileEncoding":"UTF-8","serverlessProperties":{},"taskProperties":[{"@type":"taskProperty","name":"parameterFileDir","currentValue":"$PMRootDir/andover/parameters","type":"STRING","label":"label.parameterFileDir","required":false},{"@type":"taskProperty","name":"parameterFileName","currentValue":"Andover_Parm_Feed.txt","type":"STRING","label":"label.parameterFileName","required":false},{"@type":"taskProperty","name":"outboundMessageUrlQueueTime","currentValue":"","type":"NUMBER","label":"label.outboundMessageUrlQueueTime","required":false},{"@type":"taskProperty","name":"outboundMessageUrlToken","currentValue":"","type":"STRING","label":"label.outboundMessageUrlToken","required":false}],"isMidstreamPreview":false,"parameters":[{"@type":"mtTaskParameter","id":91549490,"name":"$Src_Foreclosure$","type":"EXTENDED_SOURCE","label":"FF_Conn","description":"","uiProperties":{"cnxtype":"Amazon S3 v2","connectionParameterized":"true","paramName":"FF_Conn","paramLabel":"","paramType-mapping":"Connection","logcnx":"FF_Conn","isSelectDistinct":"false","isMsrcFilterParameterized":"false","isMsrcSortParameterized":"false","objlabel":"Src_FileName","origobjlabel":"","objectParameterized":"true","objDesc":"","objectParamName":"Src_FileName","objectParamType-mapping":"DataObject","originalPath":"Src_Foreclosure"},"sourceConnectionId":"@4PR5UG8LgQbgjcPh0nvIgA","newFlatFile":false,"newObject":false,"showBusinessNames":true,"naturalOrder":true,"truncateTarget":false,"bulkApiDBTarget":false,"customFuncCfg":{"@type":"customFuncConfig","id":-1,"connections":[],"inputMap":[],"outputFields":[]},"targetRefsV2":{},"targetUpdateColumns":[],"extendedObject":{"@type":"extendedObject","object":{"@type":"mObject","name":"advr-np-inbound-data/internal%2F/foreclosure%2F/ME_FCData.csv","label":"ME_FCData.csv","metadataUpdated":false,"relations":[],"children":[]},"singleMode":true,"objects":[{"@type":"mObject","name":"advr-np-inbound-data/internal%2F/foreclosure%2F/ME_FCData.csv","label":"ME_FCData.csv","metadataUpdated":false,"relations":[],"children":[]}],"filters":[],"sortFields":[]},"runtimeAttrs":{"Folder Path":"/internal/foreclosure"},"oprRuntimeAttrs":{"S3FolderPath":"/internal/foreclosure"},"isRESTModernSource":true,"isFileList":false,"handleSpecialChars":false,"handleDecimalRoundOff":false,"frsAsset":false,"dynamicFileName":false,"excludeDynamicFileNameField":false,"currentlyProcessedFileName":false,"retainFieldMetadata":false,"useExactSrcNames":false,"tgtObjectAttributes":{},"dataFormat":{"@type":"dataFormat","formatId":"Flat","dataFormatAttributes":{"escapeChar":"\\","rowDelimiter":"","importColumnFromFirstLine":"true","headerLineNumber":"1","maxRowsToPreview":"0","distributionColumn":"","qualifierMode":"ALL","firstDataRow":"2","generateHeader":"true","delimiter":",","qualifier":"\"","targetHeader":"With Header","disableEscapeChar":"true","codePage":"UTF-8","fixedWidthMode":"false"}},"runtimeParameterData":{"@type":"mtTaskRuntimeParameterData","isConnectionRuntimeParameter":false,"isObjectRuntimeParameter":false,"connectionParameterName":"FF_Conn","objectParameterName":"Src_FileName"},"overridableProperties":[{"@type":"overridableProperty","id":"defaultPrecision","labelKey":"Src_Foreclosure_defaultPrecision","type":"integer","hidden":false,"required":false,"defaultValue":"","renderingHints":{}},{"@type":"overridableProperty","id":"dataFormat","labelKey":"Src_Foreclosure_dataFormat","type":"string","hidden":false,"required":false,"defaultValue":"{\n  \"@type\" : \"dataFormat\",\n  \"formatId\" : \"Flat\",\n  \"dataFormatAttributes\" : {\n    \"escapeChar\" : \"\\\\\",\n    \"rowDelimiter\" : \"\",\n    \"importColumnFromFirstLine\" : \"true\",\n    \"headerLineNumber\" : \"1\",\n    \"maxRowsToPreview\" : \"0\",\n    \"distributionColumn\" : \"\",\n    \"qualifierMode\" : \"ALL\",\n    \"firstDataRow\" : \"2\",\n    \"generateHeader\" : \"true\",\n    \"delimiter\" : \",\",\n    \"qualifier\" : \"\\\"\",\n    \"targetHeader\" : \"With Header\",\n    \"disableEscapeChar\" : \"true\",\n    \"codePage\" : \"UTF-8\",\n    \"fixedWidthMode\" : \"false\"\n  }\n}","renderingHints":{"renderingType":"json"}}],"overriddenFields":[]},{"@type":"mtTaskParameter","id":91549491,"name":"$Tgt_Foreclosure_stg$","type":"TARGET","label":"DBConnection_TGT","description":"","uiProperties":{"cnxtype":"Amazon Redshift v2","connectionParameterized":"true","paramName":"DBConnection_TGT","paramLabel":"","paramType-mapping":"Connection","logcnx":"DBConnection_TGT","default":"dbo/foreclosure_stg","objectParameterized":"false","visible":"false","defaultTargetUpdateColumns":"","supportApplyDDLChanges":"false","originalPath":"Tgt_Foreclosure_stg"},"targetConnectionId":"@aYZ4ekzHgIPeKpiaoqDLKP","targetObject":"dbo/foreclosure_stg","targetObjectLabel":"foreclosure_stg","newFlatFile":false,"newObject":false,"showBusinessNames":true,"naturalOrder":true,"truncateTarget":false,"bulkApiDBTarget":false,"operationType":"Insert","customFuncCfg":{"@type":"customFuncConfig","id":-1,"connections":[],"inputMap":[],"outputFields":[]},"targetRefsV2":{},"targetUpdateColumns":[],"extendedObject":{"@type":"extendedObject","singleMode":true,"filters":[],"sortFields":[]},"runtimeAttrs":{},"isRESTModernSource":true,"isFileList":false,"handleSpecialChars":false,"handleDecimalRoundOff":false,"frsAsset":false,"dynamicFileName":false,"excludeDynamicFileNameField":false,"currentlyProcessedFileName":false,"retainFieldMetadata":false,"objectName":"dbo/foreclosure_stg","objectLabel":"foreclosure_stg","useExactSrcNames":false,"tgtObjectAttributes":{},"runtimeParameterData":{"@type":"mtTaskRuntimeParameterData","isConnectionRuntimeParameter":true,"isObjectRuntimeParameter":false,"connectionParameterName":"DBConnection_TGT"},"overridableProperties":[],"overriddenFields":[]},{"@type":"mtTaskParameter","id":91549492,"name":"$tgt_Archive$","type":"TARGET","label":"FF_Conn","description":"","uiProperties":{"cnxtype":"Amazon S3 v2","connectionParameterized":"true","paramName":"FF_Conn","paramLabel":"","paramType-mapping":"Connection","logcnx":"FF_Conn","objlabel":"Arc_FileName","origobjlabel":"","objectParameterized":"true","objDesc":"","objectParamName":"Arc_FileName","objectParamType-mapping":"DataObject","defaultTargetUpdateColumns":"","supportApplyDDLChanges":"true","originalPath":"tgt_Archive"},"targetConnectionId":"@4PR5UG8LgQbgjcPh0nvIgA","targetObject":"MA_FCDatacsv","targetObjectLabel":"MA_FCDatacsv","newFlatFile":false,"newObject":true,"showBusinessNames":true,"naturalOrder":true,"newObjectName":"MA_FCDatacsv","truncateTarget":false,"bulkApiDBTarget":false,"operationType":"Insert","customFuncCfg":{"@type":"customFuncConfig","id":-1,"connections":[],"inputMap":[],"outputFields":[]},"targetRefsV2":{},"targetUpdateColumns":[],"extendedObject":{"@type":"extendedObject","singleMode":true,"filters":[],"sortFields":[]},"runtimeAttrs":{"Folder Path":"/internal/processed/wf_Foreclosure_Files"},"oprRuntimeAttrs":{"S3FolderPath":"/internal/processed/wf_Foreclosure_Files"},"isRESTModernSource":true,"isFileList":false,"handleSpecialChars":false,"handleDecimalRoundOff":false,"frsAsset":false,"dynamicFileName":false,"excludeDynamicFileNameField":false,"currentlyProcessedFileName":false,"retainFieldMetadata":false,"objectName":"MA_FCDatacsv","objectLabel":"MA_FCDatacsv","useExactSrcNames":false,"tgtObjectAttributes":{"parent":""},"dataFormat":{"@type":"dataFormat","formatId":"Flat","schema":"","dataFormatAttributes":{"escapeChar":"","rowDelimiter":"","importColumnFromFirstLine":"true","headerLineNumber":"1","maxRowsToPreview":"0","distributionColumn":"","qualifierMode":"ALL","firstDataRow":"2","generateHeader":"true","delimiter":",","qualifier":"\"","targetHeader":"With Header","disableEscapeChar":"true","codePage":"MS Windows Latin 1","fixedWidthMode":"false"}},"runtimeParameterData":{"@type":"mtTaskRuntimeParameterData","isConnectionRuntimeParameter":false,"isObjectRuntimeParameter":false,"connectionParameterName":"FF_Conn","objectParameterName":"Arc_FileName"},"overridableProperties":[],"overriddenFields":[]}],"sequences":[],"inOutParameters":[{"@type":"mtTaskInOutParameter","id":"-1","name":"Region","description":"","initialValue":"","datatype":"STRING","precision":"10","scale":"0","retentionPolicy":"NEVER","aggregationType":"MAX","currentValue":"MA"}],"connRuntimeAttrs":[]}]