[{"@type":"mtTask","id":"@1","name":"s_m_load_claimant_stg_from_claimant","description":"Session pushed from PC to ICS : s_m_load_claimant_stg_from_claimant","runtimeEnvironmentId":"@3pADNCV9u0PcgrXjM7rx0t","maxLogs":10,"verbose":false,"lastRunTime":1711975286000,"mappingId":"@1NlMtrUcvlhg9qq59JvFm0","frsGuid":"2x6FyyCPwMzg6aVpOU0aap","shortDescription":"Session pushed from PC to ICS : s_m_load_claimant_...","sessionPropertiesList":[{"name":"Allow Temporary Sequence for Pushdown","value":"NO","recommended":false},{"name":"Allow Temporary View for Pushdown","value":"NO","recommended":false},{"name":"Commit Interval","value":"10000","recommended":false},{"name":"Commit On End Of File","value":"YES","recommended":false},{"name":"Commit Type","value":"Target","recommended":false},{"name":"Data Column Delimiter","value":"|","recommended":false},{"name":"Error Log File Name","value":"PMError.log","recommended":false},{"name":"Pushdown Optimization","value":"None","recommended":false},{"name":"Pushdown Optimization Context","value":"None","recommended":false},{"name":"Pushdown Optimization Fallback Option","value":"Partial PDO","recommended":false},{"name":"Treat source rows as","value":"Insert","recommended":false}],"enableCrossSchemaPushdown":false,"enableParallelRun":false,"autoTunedApplied":false,"autoTunedAppliedType":"NONE","parameterFileName":"Andover_Param_GW.param","parameterFileDir":"$PMRootDir/andover/parameters","paramFileType":"PARAM_FILE_LOCAL","schemaMode":"async","valid":true,"schemaValidationErrorCount":-1,"serverlessProperties":{},"taskProperties":[{"@type":"taskProperty","name":"parameterFileDir","currentValue":"$PMRootDir/andover/parameters","type":"STRING","label":"label.parameterFileDir","required":false},{"@type":"taskProperty","name":"parameterFileName","currentValue":"Andover_Param_GW.param","type":"STRING","label":"label.parameterFileName","required":false}],"parameters":[{"@type":"mtTaskParameter","id":82484666,"name":"$SQ_claimant$","type":"SOURCE","label":"DBConnection_SRCM","description":"","uiProperties":{"cnxtype":"MySQL","connectionParameterized":"true","paramName":"DBConnection_SRCM","paramLabel":"","paramType-mapping":"Connection","logcnx":"DBConnection_SRCM","isSelectDistinct":"false","objectParameterized":"false","visible":"false","originalPath":"SQ_claimant"},"sourceConnectionId":"@jPo49nVatmzbSnPefVZwCV","sourceObject":"DUMMY_SQ_claimant","sourceObjectLabel":"DUMMY_SQ_claimant","newFlatFile":false,"newObject":false,"showBusinessNames":true,"naturalOrder":true,"truncateTarget":false,"bulkApiDBTarget":false,"customFuncCfg":{"@type":"customFuncConfig","id":-1,"connections":[],"inputMap":[],"outputFields":[]},"targetRefsV2":{},"targetUpdateColumns":[],"runtimeAttrs":{},"isRESTModernSource":true,"customQuery":"SELECT distinct claimant.SystemId, claimant.ParentId, claimant.CMMContainer, claimant.Id, claimant.ClaimantNumber, claimant.ClaimantTypeCd, claimant.ClaimantSubTypeCd, claimant.Comment, claimant.StatusCd, claimant.StatusDt, claimant.InjuryDesc, claimant.MajorTraumaCd, claimant.FatalityInd, claimant.IndexName, claimant.PreferredDeliveryMethod, claimant.InjuryInvolvedInd, claimant.InjuredPartyRelationshipCd, claimant.MedicareReportingFilename, claimant.ClaimantLinkIdRef, claimant.ClaimantLinkDescription, claimant.PreferredPaymentMethodCd, claimant.InternationalInd, claimant.DeathDt, claimant.MMIDt, claimant.MMIPct, claimant.InjuredPartyContacted, claimant.NumberOfDependents, claimant.NatureCd, claimant.BodyPartGeneralCd, claimant.BodyPartSpecificCd, claimant.BodyPartIAIABCCd, claimant.InitialTreatment, claimant.DisabilityTypeCd, claimant.ClassCd, claimant.EmploymentStatusCd, claimant.ShiftCd, claimant.HourlySalaryCd, claimant.AverageWeeklyWagesAmt, claimant.HireDt, claimant.PayrollLocation, claimant.Department, claimant.LastWorkedDt, claimant.MealsLodging, claimant.InpatientOvernight, claimant.EmergencyRoomOnly, claimant.LiabilityDenied, claimant.LiabilityDeniedDesc, claimant.PaidFullWages, claimant.SalaryContinued, claimant.BenefitAmt, claimant.DeathBenefitAmt, claimant.DaysPaid, claimant.WeeksPaid, claimant.UpdateCount, claimant.UpdateUser, claimant.UpdateTimestamp, claimant.Status, claimant.BenefitRate, claimant.OverrideRate, claimant.OverrideRateComments, claimant.ShortDescription, claimant.DetailDescription, claimant.OccupationDescription, claimant.ManagedCareOrganizationTypeCd, claimant.EducationLevel, claimant.PreExistingDisabilityCd, claimant.ReducedBenefitAmountCd, claimant.AdjusterName, claimant.AdjusterCompany, claimant.AttorneyName, claimant.AttorneyFirm, claimant.PhoneNamePA, claimant.PhoneNumberPA, claimant.EmailAddrPA, claimant.PhoneNameAttorney, claimant.PhoneNumberAttorney, claimant.EmailAddrAttorney, claimant.AssignedAdjusterName \nFROM\n  claimant where claimant.CMMContainer='Claim' and claimant.SystemId in (select systemid from advrxxchangedbeans where concat(adddt,addtm)>='$$m_strtdt' and concat(adddt,addtm) <='$$m_Enddt' and\n cmmcontainer='Claim')","isFileList":false,"handleSpecialChars":false,"handleDecimalRoundOff":false,"frsAsset":false,"dynamicFileName":false,"excludeDynamicFileNameField":false,"currentlyProcessedFileName":false,"retainFieldMetadata":false,"objectName":"DUMMY_SQ_claimant","objectLabel":"DUMMY_SQ_claimant","useExactSrcNames":false,"tgtObjectAttributes":{},"runtimeParameterData":{"@type":"mtTaskRuntimeParameterData","isConnectionRuntimeParameter":true,"isObjectRuntimeParameter":false,"connectionParameterName":"DBConnection_SRCM"},"overridableProperties":[],"overriddenFields":[]},{"@type":"mtTaskParameter","id":82484667,"name":"$Claimant_Stg$","type":"TARGET","label":"DBConnection_TGT","description":"","uiProperties":{"cnxtype":"Amazon Redshift v2","connectionParameterized":"true","paramName":"DBConnection_TGT","paramLabel":"","paramType-mapping":"Connection","logcnx":"DBConnection_TGT","default":"dbo/claimant_stg","objectParameterized":"false","visible":"false","defaultTargetUpdateColumns":"","supportApplyDDLChanges":"false","originalPath":"Claimant_Stg"},"targetConnectionId":"@aYZ4ekzHgIPeKpiaoqDLKP","targetObject":"dbo/claimant_stg","targetObjectLabel":"claimant_stg","newFlatFile":false,"newObject":false,"showBusinessNames":true,"naturalOrder":true,"truncateTarget":false,"bulkApiDBTarget":false,"operationType":"Insert","customFuncCfg":{"@type":"customFuncConfig","id":-1,"connections":[],"inputMap":[],"outputFields":[]},"targetRefsV2":{},"targetUpdateColumns":[],"extendedObject":{"@type":"extendedObject","singleMode":true,"filters":[],"sortFields":[]},"runtimeAttrs":{},"isRESTModernSource":true,"isFileList":false,"handleSpecialChars":false,"handleDecimalRoundOff":false,"frsAsset":false,"dynamicFileName":false,"excludeDynamicFileNameField":false,"currentlyProcessedFileName":false,"retainFieldMetadata":false,"objectName":"dbo/claimant_stg","objectLabel":"claimant_stg","useExactSrcNames":false,"tgtObjectAttributes":{},"runtimeParameterData":{"@type":"mtTaskRuntimeParameterData","isConnectionRuntimeParameter":true,"isObjectRuntimeParameter":false,"connectionParameterName":"DBConnection_TGT"},"overridableProperties":[],"overriddenFields":[]},{"@type":"mtTaskParameter","id":82484668,"name":"$Lkp_provider$","type":"LOOKUP","label":"DBConnection_SRCM","description":"","uiProperties":{"cnxtype":"MySQL","connectionParameterized":"true","paramName":"DBConnection_SRCM","paramLabel":"","paramType-mapping":"Connection","logcnx":"DBConnection_SRCM","isCachedLookup":"true","multipleMatchPolicy":"Use Any Value","objectParameterized":"false","visible":"false","originalPath":"Lkp_provider"},"lookupConnectionId":"@jPo49nVatmzbSnPefVZwCV","lookupObject":"DUMMY_Lkp_provider","newFlatFile":false,"newObject":false,"showBusinessNames":true,"naturalOrder":true,"truncateTarget":false,"bulkApiDBTarget":false,"customFuncCfg":{"@type":"customFuncConfig","id":-1,"connections":[],"inputMap":[],"outputFields":[]},"targetRefsV2":{},"targetUpdateColumns":[],"runtimeAttrs":{},"isRESTModernSource":true,"customQuery":"SELECT  n.CommercialName as IndexName, \np.ProviderTypeCd as ProviderTypeCd, p.SystemId as SystemId,p.ProviderNumber as ProviderNumber\nFROM \nprovider p inner join nameinfo n on\np.systemid=n.systemid\nwhere p.CMMContainer='Provider' \nand n.cmmcontainer='Provider'\nand p.ProviderTypeCd='Outside Adjuster'\nand n.nametypecd='ProviderName'","isFileList":false,"handleSpecialChars":false,"handleDecimalRoundOff":false,"frsAsset":false,"dynamicFileName":false,"excludeDynamicFileNameField":false,"currentlyProcessedFileName":false,"retainFieldMetadata":false,"objectName":"DUMMY_Lkp_provider","useExactSrcNames":false,"tgtObjectAttributes":{},"runtimeParameterData":{"@type":"mtTaskRuntimeParameterData","isConnectionRuntimeParameter":true,"isObjectRuntimeParameter":false,"connectionParameterName":"DBConnection_SRCM"},"overridableProperties":[],"overriddenFields":[]}],"sequences":[],"inOutParameters":[{"@type":"mtTaskInOutParameter","id":"-1","name":"m_strtdt","description":"","initialValue":"","datatype":"STRING","precision":"120","scale":"0","retentionPolicy":"NEVER","aggregationType":"MAX","currentValue":""},{"@type":"mtTaskInOutParameter","id":"-1","name":"m_Enddt","description":"","initialValue":"","datatype":"STRING","precision":"120","scale":"0","retentionPolicy":"NEVER","aggregationType":"MAX","currentValue":""}],"connRuntimeAttrs":[]}]