[{"@type":"mappingTemplate","id":"@1","name":"m_dq_dim_majorperil_v2","description":"","autoExpireObject":false,"bundleVersion":"0","assetFrsGuid":"9mqnaX3uX2DhGa0fM2DMgP","templateId":"@3","deployTime":1706883946000,"hasParameters":true,"valid":true,"fixedConnection":true,"hasParametersDeployed":true,"fixedConnectionDeployed":true,"isSchemaValidationEnabled":false,"tasks":1,"mappingPreviewFileRecordId":"@2","documentType":"MAPPING","allowMaxFieldLength":false,"specialCharacterSupport":false,"references":[{"@type":"reference","refObjectId":"@dqHTiQhJYWolYaNB9bUmKf","refType":"connection"}]}]