[{"@type":"mtTask","id":"@1","name":"cdi_tsk_map_uw_silver_uw_dashboard_customer_details_ld","autoExpireObject":false,"runtimeEnvironmentId":"@3pADNCV9u0PcgrXjM7rx0t","maxLogs":10,"verbose":false,"lastRunTime":1765340479000,"mappingId":"@4sakjl2XAdxg0rU6SCYiwB","frsGuid":"1Ak5jWMcmaIiqv1rWS2YU5","sessionPropertiesList":[{"name":"Pushdown Optimization","value":"None","recommended":false},{"name":"Pushdown Optimization Context","value":"None","recommended":false},{"name":"Pushdown Optimization Fallback Option","value":"Partial PDO","recommended":false}],"hidden":false,"enableCrossSchemaPushdown":true,"enableParallelRun":false,"autoTunedApplied":false,"autoTunedAppliedType":"NONE","parameterFileName":"Andover_Param_GW.param","parameterFileDir":"$PMRootDir/andover/parameters","paramFileType":"PARAM_FILE_LOCAL","schemaMode":"async","valid":true,"schemaValidationErrorCount":-1,"serverlessProperties":{},"taskProperties":[{"@type":"taskProperty","name":"parameterFileDir","currentValue":"$PMRootDir/andover/parameters","type":"STRING","label":"label.parameterFileDir","required":false},{"@type":"taskProperty","name":"parameterFileName","currentValue":"Andover_Param_GW.param","type":"STRING","label":"label.parameterFileName","required":false},{"@type":"taskProperty","name":"outboundMessageUrlQueueTime","currentValue":"","type":"NUMBER","label":"label.outboundMessageUrlQueueTime","required":false},{"@type":"taskProperty","name":"outboundMessageUrlToken","currentValue":"","type":"STRING","label":"label.outboundMessageUrlToken","required":false}],"optimizationPlan":"NONE","isMidstreamPreview":false,"allowMaxFieldLength":false,"specialCharacterSupport":false,"useUserDefinedOrder":false,"parameters":[{"@type":"mtTaskParameter","id":142105890,"name":"$src_query$","type":"SOURCE","label":"DBConnection_SRC","description":"","uiProperties":{"cnxtype":"Amazon Redshift v2","connectionParameterized":"true","paramName":"DBConnection_SRC","paramLabel":"","paramType-mapping":"Connection","logcnx":"DBConnection_SRC","isSelectDistinct":"false","objectParameterized":"false","visible":"false","originalPath":"src_query"},"sourceConnectionId":"@aYZ4ekzHgIPeKpiaoqDLKP","sourceObject":"DUMMY_src_query","newFlatFile":false,"newObject":false,"showBusinessNames":true,"naturalOrder":true,"truncateTarget":false,"bulkApiDBTarget":false,"customFuncCfg":{"@type":"customFuncConfig","id":-1,"connections":[],"inputMap":[],"outputFields":[]},"targetRefsV2":{},"targetUpdateColumns":[],"fieldOrderList":[],"runtimeAttrs":{},"isRESTModernSource":true,"customQuery":"select\n\tdistinct\n    prkr.policy_system_id as policy_risk_key_reference_system_id,\n\tprkr.policy_cmm_container as policy_cmm_container,\n\tprkr.policy_number as policy_number,\n\tprkr.policy_module_number as policy_module_number,\n\tprkr.policy_key as policy_key,\n\tprkr.line_system_id as line_system_id,\n\tprkr.line_of_business as line_of_business,\n\tbp.statuscd,\n\tbp.expirationdt,\n\tc.system_id as system_id,\n\tc.index_name as index_name,\n\tc.customer_number as customer_number,\n\tc.status as status,\n\tp.systemid as policy_system_id,\n\tp.customerref as policy_customer_number,\n\tp.accountref as policy_account_number,\n\ttgt.uw_dashboard_customer_details_row_id as tgt_customer_details_row_id,\n\ttgt.uw_dashboard_customer_details_md5_hash_value as tgt_customer_details_md5_hash_value\nfrom\n\tdbo.customer_stg c\nleft join dbo.policy_stg p\n    on\n\tc.system_id = p.customerref\nleft join dbo.policy_risk_key_reference prkr\n    on\n\tp.systemid = prkr.policy_system_id\n\tand p.cmmcontainer = prkr.policy_cmm_container\nleft join dbo.basicpolicy_stg bp\n    on\n\tprkr.policy_system_id = bp.systemid\n\tand prkr.policy_cmm_container = bp.cmmcontainer\nleft join dbo.uw_dashboard_customer_details tgt\n    on\n\tprkr.line_system_id = tgt.line_system_id\n\tand c.system_id = tgt.customer_system_id\n\tand prkr.policy_cmm_container = tgt.policy_cmm_container\n\tand tgt.uw_dashboard_customer_details_row_effective_end_datetime = '9999-12-31'\n\t\nwhere\n\tprkr.policy_risk_key_reference_row_effective_end_date = '9999-12-31'\n\tand prkr.policy_cmm_container='Policy'\t\nunion\nselect\n\tdistinct\n    prkr.policy_system_id as policy_risk_key_reference_system_id,\n\tprkr.policy_cmm_container as policy_cmm_container,\n\tprkr.policy_number as policy_number,\n\tprkr.policy_module_number as policy_module_number,\n\tprkr.policy_key as policy_key,\n\tprkr.line_system_id as line_system_id,\n\tprkr.line_of_business as line_of_business,\n\tbp.statuscd,\n\tbp.expirationdt,\n\tc.system_id as system_id,\n\tc.index_name as index_name,\n\tc.customer_number as customer_number,\n\tc.status as status,\n\tp.systemid as policy_system_id,\n\tp.customerref as policy_customer_number,\n\tp.accountref as policy_account_number,\n\ttgt.uw_dashboard_customer_details_row_id as tgt_customer_details_row_id,\n\ttgt.uw_dashboard_customer_details_md5_hash_value as tgt_customer_details_md5_hash_value\nfrom\n\tdbo.customer_stg c\nleft join dbo.application_stg a\n    on\n\ta.customerref = c.system_id\nleft join dbo.policy_risk_key_reference prkr\n    on\n\ta.systemid = prkr.policy_system_id\n\tand a.cmmcontainer = prkr.policy_cmm_container\nleft join dbo.basicpolicyapp_stg bp\n    on\n\tprkr.policy_system_id = bp.systemid\n\tand prkr.policy_cmm_container = bp.cmmcontainer\nleft join dbo.policy_stg p\n    on\n\tp.systemid = a.policyref\nleft join dbo.uw_dashboard_customer_details tgt\n    on\n\tprkr.line_system_id = tgt.line_system_id\n\tand c.system_id = tgt.customer_system_id\n\tand prkr.policy_cmm_container = tgt.policy_cmm_container\n\tand tgt.uw_dashboard_customer_details_row_effective_end_datetime = '9999-12-31'\t\nwhere\n\tprkr.policy_risk_key_reference_row_effective_end_date = '9999-12-31'\n\tand prkr.policy_cmm_container = 'Application'","commandType":0,"isFileList":false,"handleSpecialChars":false,"handleDecimalRoundOff":false,"frsAsset":false,"dynamicFileName":false,"excludeDynamicFileNameField":false,"currentlyProcessedFileName":false,"retainFieldMetadata":false,"objectName":"DUMMY_src_query","useExactSrcNames":false,"userUpdated":true,"fetchMode":"ORIGINAL","tgtObjectAttributes":{},"runtimeParameterData":{"@type":"mtTaskRuntimeParameterData","isConnectionRuntimeParameter":false,"isObjectRuntimeParameter":false,"connectionParameterName":"DBConnection_SRC"},"overridableProperties":[],"overriddenFields":[]},{"@type":"mtTaskParameter","id":142105891,"name":"$tgt_uw_dashboard_customer_details_close$","type":"TARGET","label":"DBConnection_TGT","description":"","uiProperties":{"cnxtype":"Amazon Redshift v2","connectionParameterized":"true","paramName":"DBConnection_TGT","paramLabel":"","paramType-mapping":"Connection","logcnx":"DBConnection_TGT","default":"dbo/uw_dashboard_customer_details","objectParameterized":"false","visible":"false","defaultTargetUpdateColumns":"uw_dashboard_customer_details_row_id","supportApplyDDLChanges":"false","originalPath":"tgt_uw_dashboard_customer_details_close"},"targetConnectionId":"@aYZ4ekzHgIPeKpiaoqDLKP","targetObject":"dbo/uw_dashboard_customer_details","targetObjectLabel":"dbo/uw_dashboard_customer_details","newFlatFile":false,"newObject":false,"showBusinessNames":true,"naturalOrder":true,"truncateTarget":false,"bulkApiDBTarget":false,"operationType":"Update","customFuncCfg":{"@type":"customFuncConfig","id":-1,"connections":[],"inputMap":[],"outputFields":[]},"targetRefsV2":{},"targetUpdateColumns":["uw_dashboard_customer_details_row_id"],"fieldOrderList":[],"extendedObject":{"@type":"extendedObject","singleMode":true,"filters":[],"sortFields":[]},"runtimeAttrs":{},"isRESTModernSource":true,"commandType":0,"isFileList":false,"handleSpecialChars":false,"handleDecimalRoundOff":false,"frsAsset":false,"dynamicFileName":false,"excludeDynamicFileNameField":false,"currentlyProcessedFileName":false,"retainFieldMetadata":false,"objectName":"dbo/uw_dashboard_customer_details","objectLabel":"dbo/uw_dashboard_customer_details","useExactSrcNames":false,"userUpdated":true,"fetchMode":"ORIGINAL","tgtObjectAttributes":{},"runtimeParameterData":{"@type":"mtTaskRuntimeParameterData","isConnectionRuntimeParameter":false,"isObjectRuntimeParameter":false,"connectionParameterName":"DBConnection_TGT"},"overridableProperties":[],"targetSchemaProviderType":"SELECTED_OBJECT","dbSchema":"","overriddenFields":[]},{"@type":"mtTaskParameter","id":142105892,"name":"$tgt_uw_dashboard_customer_details_insert$","type":"TARGET","label":"DBConnection_TGT","description":"","uiProperties":{"cnxtype":"Amazon Redshift v2","connectionParameterized":"true","paramName":"DBConnection_TGT","paramLabel":"","paramType-mapping":"Connection","logcnx":"DBConnection_TGT","default":"dbo/uw_dashboard_customer_details","objectParameterized":"false","visible":"false","defaultTargetUpdateColumns":"","supportApplyDDLChanges":"false","originalPath":"tgt_uw_dashboard_customer_details_insert"},"targetConnectionId":"@aYZ4ekzHgIPeKpiaoqDLKP","targetObject":"dbo/uw_dashboard_customer_details","targetObjectLabel":"dbo/uw_dashboard_customer_details","newFlatFile":false,"newObject":false,"showBusinessNames":true,"naturalOrder":true,"truncateTarget":false,"bulkApiDBTarget":false,"operationType":"Insert","customFuncCfg":{"@type":"customFuncConfig","id":-1,"connections":[],"inputMap":[],"outputFields":[]},"targetRefsV2":{},"targetUpdateColumns":[],"fieldOrderList":[],"extendedObject":{"@type":"extendedObject","singleMode":true,"filters":[],"sortFields":[]},"runtimeAttrs":{},"isRESTModernSource":true,"commandType":0,"isFileList":false,"handleSpecialChars":false,"handleDecimalRoundOff":false,"frsAsset":false,"dynamicFileName":false,"excludeDynamicFileNameField":false,"currentlyProcessedFileName":false,"retainFieldMetadata":false,"objectName":"dbo/uw_dashboard_customer_details","objectLabel":"dbo/uw_dashboard_customer_details","useExactSrcNames":false,"userUpdated":true,"fetchMode":"ORIGINAL","tgtObjectAttributes":{},"runtimeParameterData":{"@type":"mtTaskRuntimeParameterData","isConnectionRuntimeParameter":false,"isObjectRuntimeParameter":false,"connectionParameterName":"DBConnection_TGT"},"overridableProperties":[],"targetSchemaProviderType":"SELECTED_OBJECT","dbSchema":"","overriddenFields":[]},{"@type":"mtTaskParameter","id":142105893,"name":"$tgt_uw_dashboard_customer_details_update$","type":"TARGET","label":"DBConnection_TGT","description":"","uiProperties":{"cnxtype":"Amazon Redshift v2","connectionParameterized":"true","paramName":"DBConnection_TGT","paramLabel":"","paramType-mapping":"Connection","logcnx":"DBConnection_TGT","default":"dbo/uw_dashboard_customer_details","objectParameterized":"false","visible":"false","defaultTargetUpdateColumns":"","supportApplyDDLChanges":"false","originalPath":"tgt_uw_dashboard_customer_details_update"},"targetConnectionId":"@aYZ4ekzHgIPeKpiaoqDLKP","targetObject":"dbo/uw_dashboard_customer_details","targetObjectLabel":"dbo/uw_dashboard_customer_details","newFlatFile":false,"newObject":false,"showBusinessNames":true,"naturalOrder":true,"truncateTarget":false,"bulkApiDBTarget":false,"operationType":"Insert","customFuncCfg":{"@type":"customFuncConfig","id":-1,"connections":[],"inputMap":[],"outputFields":[]},"targetRefsV2":{},"targetUpdateColumns":[],"fieldOrderList":[],"extendedObject":{"@type":"extendedObject","singleMode":true,"filters":[],"sortFields":[]},"runtimeAttrs":{},"isRESTModernSource":true,"commandType":0,"isFileList":false,"handleSpecialChars":false,"handleDecimalRoundOff":false,"frsAsset":false,"dynamicFileName":false,"excludeDynamicFileNameField":false,"currentlyProcessedFileName":false,"retainFieldMetadata":false,"objectName":"dbo/uw_dashboard_customer_details","objectLabel":"dbo/uw_dashboard_customer_details","useExactSrcNames":false,"userUpdated":true,"fetchMode":"ORIGINAL","tgtObjectAttributes":{},"runtimeParameterData":{"@type":"mtTaskRuntimeParameterData","isConnectionRuntimeParameter":false,"isObjectRuntimeParameter":false,"connectionParameterName":"DBConnection_TGT"},"overridableProperties":[],"targetSchemaProviderType":"SELECTED_OBJECT","dbSchema":"","overriddenFields":[]}],"sequences":[],"inOutParameters":[],"connRuntimeAttrs":[]}]