[{"@type":"mtTask","id":"@1","name":"cdi_tsk_map_acx_questionreply_bronze_question_reply_stg_ld","autoExpireObject":false,"runtimeEnvironmentId":"@3pADNCV9u0PcgrXjM7rx0t","maxLogs":10,"verbose":false,"lastRunTime":1751404843000,"mappingId":"@eAEsbruzKQZhMjfGfAKUaf","frsGuid":"gKr0EGzV6GJjmCq5HtMJa7","sessionPropertiesList":[{"name":"Pushdown Optimization","value":"None","recommended":false},{"name":"Pushdown Optimization Context","value":"None","recommended":false},{"name":"Pushdown Optimization Fallback Option","value":"Partial PDO","recommended":false}],"hidden":false,"enableCrossSchemaPushdown":true,"enableParallelRun":false,"autoTunedApplied":false,"autoTunedAppliedType":"NONE","parameterFileName":"Andover_Param_GW.param","parameterFileDir":"$PMRootDir/andover/parameters","paramFileType":"PARAM_FILE_LOCAL","schemaMode":"async","valid":true,"schemaValidationErrorCount":-1,"serverlessProperties":{},"taskProperties":[{"@type":"taskProperty","name":"parameterFileDir","currentValue":"$PMRootDir/andover/parameters","type":"STRING","label":"label.parameterFileDir","required":false},{"@type":"taskProperty","name":"parameterFileName","currentValue":"Andover_Param_GW.param","type":"STRING","label":"label.parameterFileName","required":false},{"@type":"taskProperty","name":"outboundMessageUrlQueueTime","currentValue":"","type":"NUMBER","label":"label.outboundMessageUrlQueueTime","required":false},{"@type":"taskProperty","name":"outboundMessageUrlToken","currentValue":"","type":"STRING","label":"label.outboundMessageUrlToken","required":false}],"optimizationPlan":"NONE","isMidstreamPreview":false,"allowMaxFieldLength":false,"specialCharacterSupport":false,"useUserDefinedOrder":false,"parameters":[{"@type":"mtTaskParameter","id":122359585,"name":"$src_ACX_questionreply$","type":"SOURCE","label":"DBConnection_SRCM","description":"","uiProperties":{"cnxtype":"MySQL","connectionParameterized":"true","paramName":"DBConnection_SRCM","paramLabel":"","paramType-mapping":"Connection","logcnx":"DBConnection_SRCM","isSelectDistinct":"false","objectParameterized":"false","visible":"false","originalPath":"src_ACX_questionreply"},"sourceConnectionId":"@1MPwv79N5kdekz7fZXQSas","sourceObject":"DUMMY_src_ACX_questionreply","newFlatFile":false,"newObject":false,"showBusinessNames":true,"naturalOrder":true,"truncateTarget":false,"bulkApiDBTarget":false,"customFuncCfg":{"@type":"customFuncConfig","id":-1,"connections":[],"inputMap":[],"outputFields":[]},"targetRefsV2":{},"targetUpdateColumns":[],"fieldOrderList":[],"runtimeAttrs":{},"isRESTModernSource":true,"customQuery":"SELECT distinct q.CMMContainer as cmm_container,\n DisplayDesc as display_desc,\n Id as id,\n Name as name,\n ParentId as parent_id,\n RowId as row_id,\n q.SystemId as system_id,\n Text as text,\n Value as value,\n VisibleInd as visible_ind\nfrom questionreply q\njoin advrxxchangedbeans a\non q.CMMContainer = a.CMMContainer\nand q.SystemId = a.SystemId\nwhere q.Name in (\n  '03PreviousCarrierPropertyLimitsPremium','AnnualRevenue','AnnualRevenueFour','AnnualRevenueThree','AnnualRevenueTwo',\n  'AnyLapse','AnyLapsePast','AnyOutbuildings','ArsonConvicted','BreedDescription','BreedDetails','BusinessDescOffPremise',\n  'BusinessDescOffPremiseFour','BusinessDescOffPremiseThree','BusinessDescOffPremiseTwo','BusinessDescOnPremise',\n  'BusinessDescOnPremiseFour','BusinessDescOnPremiseThree','BusinessDescOnPremiseTwo','BusinessDescOther','BusinessDescOtherFour',\n  'BusinessDescOtherThree','BusinessDescOtherTwo','BusinessType','BusinessTypeFour','BusinessTypeThree','BusinessTypeTwo',\n  'CancelledRecently','ClaimsRecently','ConstructionOrRenovation','DateAndReason','DayCareCount','DayCareCountFour',\n  'DayCareCountThree',  'DayCareCountTwo','DayCareOnPremises','DayCarePremises','DiscussedWithUnderwriter','DogsCare',\n  'DwellingVacantReason','DwellingVisible','ElectricalService','EstimatedCompletionDate','FencedWithGate','FireApparatus',\n  'FrameDwellings','FruitsAndVeg','FruitsAndVegFour','FruitsAndVegThree','FruitsAndVegTwo','FullFoundation','HoovedAnimals',\n  'HoovedAnimalsFour','HoovedAnimalsThree','HoovedAnimalsTwo','IsolatedProperty','lapseDescription','LicensedDayCare',\n  'LicensedDayCareFour','LicensedDayCareThree','LicensedDayCareTwo','LocationAddress','LocationAddressFour','LocationAddressThree',\n  'LocationAddressTwo','LocationOfBusiness','LocationOfDayCare','LockingGate','Measurements','NumberOfBusiness','OilHeated',\n  'OnlineHome','OtherInsurance','PolicyNum','PoolOnPremises','PrevDiscussed','PrevKnown','PrimaryHeat','PriorCarrier',\n  'PurchasePrice','RelationshipDescription','RemovableLadder','RiskCarrierName','RiskNumber10PriorCarrier',\n  'RiskNumber11PriorCarrier','RiskNumber12PriorCarrier','RiskNumber13PriorCarrier','RiskNumber14PriorCarrier',\n  'RiskNumber15PriorCarrier','RiskNumber16PriorCarrier','RiskNumber17PriorCarrier','RiskNumber18PriorCarrier',\n  'RiskNumber1PriorCarrier','RiskNumber2PriorCarrier','RiskNumber3PriorCarrier','RiskNumber4PriorCarrier','RiskNumber5PriorCarrier',\n  'RiskNumber6PriorCarrier','RiskNumber7PriorCarrier','RiskNumber8PriorCarrier','RiskNumber9PriorCarrier','RiskPriorCarrier',\n  'SafetyNet','SafetyNetting','SeasonalHome','SolarPanels','StoveInspection','StoveOnPremises','TankLocation','TrampolineOnPremises',\n  'TrampolinePremises','UndergraduateStudents','UnderwriterDetails','UnderwritingGuidelines','UseAndOccupancy','VacantOrOccupied',\n  'WiringInUse'\n  ) \n  AND concat(a.adddt,' ',a.addtm)>='$$m_strtdt' and concat(a.adddt,' ',a.addtm) <='$$m_Enddt'","commandType":0,"isFileList":false,"handleSpecialChars":false,"handleDecimalRoundOff":false,"frsAsset":false,"dynamicFileName":false,"excludeDynamicFileNameField":false,"currentlyProcessedFileName":false,"retainFieldMetadata":false,"objectName":"DUMMY_src_ACX_questionreply","useExactSrcNames":false,"userUpdated":true,"fetchMode":"ORIGINAL","tgtObjectAttributes":{},"runtimeParameterData":{"@type":"mtTaskRuntimeParameterData","isConnectionRuntimeParameter":true,"isObjectRuntimeParameter":false,"connectionParameterName":"DBConnection_SRCM"},"overridableProperties":[],"overriddenFields":[]},{"@type":"mtTaskParameter","id":122359586,"name":"$tgt_DW_question_reply_stg$","type":"TARGET","label":"DBConnection_TGT","description":"","uiProperties":{"cnxtype":"Amazon Redshift v2","connectionParameterized":"true","paramName":"DBConnection_TGT","paramLabel":"","paramType-mapping":"Connection","logcnx":"DBConnection_TGT","default":"dbo/underwriting_dashboard_question_reply_stg","objectParameterized":"false","visible":"false","defaultTargetUpdateColumns":"","supportApplyDDLChanges":"false","originalPath":"tgt_DW_question_reply_stg"},"targetConnectionId":"@aYZ4ekzHgIPeKpiaoqDLKP","targetObject":"dbo/underwriting_dashboard_question_reply_stg","targetObjectLabel":"dbo/underwriting_dashboard_question_reply_stg","newFlatFile":false,"newObject":false,"showBusinessNames":true,"naturalOrder":true,"truncateTarget":false,"bulkApiDBTarget":false,"operationType":"Insert","customFuncCfg":{"@type":"customFuncConfig","id":-1,"connections":[],"inputMap":[],"outputFields":[]},"targetRefsV2":{},"targetUpdateColumns":[],"fieldOrderList":[],"extendedObject":{"@type":"extendedObject","singleMode":true,"filters":[],"sortFields":[]},"runtimeAttrs":{},"isRESTModernSource":true,"commandType":0,"isFileList":false,"handleSpecialChars":false,"handleDecimalRoundOff":false,"frsAsset":false,"dynamicFileName":false,"excludeDynamicFileNameField":false,"currentlyProcessedFileName":false,"retainFieldMetadata":false,"objectName":"dbo/underwriting_dashboard_question_reply_stg","objectLabel":"dbo/underwriting_dashboard_question_reply_stg","useExactSrcNames":false,"userUpdated":true,"fetchMode":"ORIGINAL","tgtObjectAttributes":{},"runtimeParameterData":{"@type":"mtTaskRuntimeParameterData","isConnectionRuntimeParameter":true,"isObjectRuntimeParameter":false,"connectionParameterName":"DBConnection_TGT"},"overridableProperties":[],"targetSchemaProviderType":"SELECTED_OBJECT","dbSchema":"","overriddenFields":[]}],"sequences":[],"inOutParameters":[{"@type":"mtTaskInOutParameter","id":"-1","name":"m_strtdt","description":"","initialValue":"","datatype":"STRING","precision":"120","scale":"0","retentionPolicy":"NEVER","aggregationType":"MAX","currentValue":""},{"@type":"mtTaskInOutParameter","id":"-1","name":"m_Enddt","description":"","initialValue":"","datatype":"STRING","precision":"120","scale":"0","retentionPolicy":"NEVER","aggregationType":"MAX","currentValue":""}],"connRuntimeAttrs":[]}]