[{"@type":"mappingTemplate","id":"@1","name":"cdi_tsk_adm_t_agency_bronze_load_rank","description":"this job will read data from Metal stage and load to bronze scd2 tables. ","autoExpireObject":false,"bundleVersion":"0","assetFrsGuid":"a8HsmFslTt2btZ7JihaZ8g","templateId":"@3","hasParameters":false,"valid":true,"fixedConnection":true,"hasParametersDeployed":false,"fixedConnectionDeployed":false,"isSchemaValidationEnabled":false,"tasks":0,"mappingPreviewFileRecordId":"@2","documentType":"MAPPING","allowMaxFieldLength":false,"specialCharacterSupport":false,"references":[{"@type":"reference","refObjectId":"@aYZ4ekzHgIPeKpiaoqDLKP","refType":"connection"}]}]