[{"@type":"mtTask","id":"@1","name":"cdi_tsk_map_shell_policy_major_peril_reference_query_ld","autoExpireObject":false,"runtimeEnvironmentId":"@3pADNCV9u0PcgrXjM7rx0t","maxLogs":10,"verbose":false,"lastRunTime":1748018664000,"mappingId":"@8VIqUp9iJOhiOzcMEqgRcF","frsGuid":"5iALBGNwYeJeW2ZIseCCUc","sessionPropertiesList":[{"name":"Pushdown Optimization","value":"None","recommended":false},{"name":"Pushdown Optimization Context","value":"None","recommended":false},{"name":"Pushdown Optimization Fallback Option","value":"Partial PDO","recommended":false}],"hidden":false,"enableCrossSchemaPushdown":true,"enableParallelRun":false,"autoTunedApplied":false,"autoTunedAppliedType":"NONE","parameterFileName":"Andover_Param_GW.param","parameterFileDir":"$PMRootDir/andover/parameters","paramFileType":"PARAM_FILE_LOCAL","schemaMode":"async","valid":true,"schemaValidationErrorCount":-1,"serverlessProperties":{},"taskProperties":[{"@type":"taskProperty","name":"parameterFileDir","currentValue":"$PMRootDir/andover/parameters","type":"STRING","label":"label.parameterFileDir","required":false},{"@type":"taskProperty","name":"parameterFileName","currentValue":"Andover_Param_GW.param","type":"STRING","label":"label.parameterFileName","required":false},{"@type":"taskProperty","name":"outboundMessageUrlQueueTime","currentValue":"","type":"NUMBER","label":"label.outboundMessageUrlQueueTime","required":false},{"@type":"taskProperty","name":"outboundMessageUrlToken","currentValue":"","type":"STRING","label":"label.outboundMessageUrlToken","required":false}],"optimizationPlan":"NONE","isMidstreamPreview":false,"allowMaxFieldLength":false,"specialCharacterSupport":false,"useUserDefinedOrder":false,"parameters":[{"@type":"mtTaskParameter","id":119071029,"name":"$SQ_shell_policy_major_peril_reference_query$","type":"SOURCE","label":"DBConnection_SRC","description":"","uiProperties":{"cnxtype":"Amazon Redshift v2","connectionParameterized":"true","paramName":"DBConnection_SRC","paramLabel":"","paramType-mapping":"Connection","logcnx":"DBConnection_SRC","isSelectDistinct":"false","objectParameterized":"false","visible":"false","originalPath":"SQ_shell_policy_major_peril_reference_query"},"sourceConnectionId":"@aYZ4ekzHgIPeKpiaoqDLKP","sourceObject":"DUMMY_SQ_shell_policy_major_peril_reference_query","newFlatFile":false,"newObject":false,"showBusinessNames":true,"naturalOrder":true,"truncateTarget":false,"bulkApiDBTarget":false,"customFuncCfg":{"@type":"customFuncConfig","id":-1,"connections":[],"inputMap":[],"outputFields":[]},"targetRefsV2":{},"targetUpdateColumns":[],"fieldOrderList":[],"runtimeAttrs":{},"isRESTModernSource":true,"customQuery":"select distinct pms_claim_number, guidewire_claim_number, major_peril_id\nfrom (select\n        distinct claim_number as pms_claim_number      ,\n        claimnumber  as guidewire_claim_number,\n        pmscd.major_peril                     ,\n        pmscd.major_peril_id                  ,\n        pmscd.major_peril_desc\nfrom\n        (\n                select distinct\n                        claimnumber\n                from\n                        dbo.claimdetail\n                where\n                        claimnumber not like 'CLM%'\n                and     claimnumber not like 'LN%'\n                and     ClaimNumber not like 'TX%') cd\ninner join\n        (\n                select\n                        *\n                from\n                        (\n                                select\n                                        claim_number                                              ,\n                                        loss_reported_dt                                          ,\n                                        major_peril                                               ,\n                                        m.dim_key as major_peril_id                                ,\n                                        COALESCE(m.dim_desc, 'Not Applicable') AS major_peril_desc,\n                                        row_number() over\n                                                          (\n                                                                  partition by claim_number\n                                                                  order by row_start_dt desc\n                                                          )\n                                        as row_num\n                                from\n                                        dbo.pms_master_claim_detail pmcd\n                                left join\n                                        \"dbo\".\"hier_dim_majorperil\" m\n                                ON\n                                        m.dim_id = pmcd.major_peril_id\n                                where\n                                        row_end_dt = '9999-12-31'\n                                and     policy_key is not null)\n                where\n                        row_num = 1) pmscd\non\n        pmscd.claim_number = LPAD(cd.claimnumber, 12, 0))","commandType":0,"isFileList":false,"handleSpecialChars":false,"handleDecimalRoundOff":false,"frsAsset":false,"dynamicFileName":false,"excludeDynamicFileNameField":false,"currentlyProcessedFileName":false,"retainFieldMetadata":false,"objectName":"DUMMY_SQ_shell_policy_major_peril_reference_query","useExactSrcNames":false,"userUpdated":true,"tgtObjectAttributes":{},"runtimeParameterData":{"@type":"mtTaskRuntimeParameterData","isConnectionRuntimeParameter":true,"isObjectRuntimeParameter":false,"connectionParameterName":"DBConnection_SRC"},"overridableProperties":[],"overriddenFields":[]},{"@type":"mtTaskParameter","id":119071030,"name":"$Target$","type":"TARGET","label":"Target","uiProperties":{"connectionParameterized":"false","objectParameterized":"false","visible":"false","defaultTargetUpdateColumns":"major_peril_id","supportApplyDDLChanges":"false","originalPath":"Target"},"targetConnectionId":"@aYZ4ekzHgIPeKpiaoqDLKP","targetObject":"dbo/shell_policy_major_peril_reference","targetObjectLabel":"dbo/shell_policy_major_peril_reference","newFlatFile":false,"newObject":false,"showBusinessNames":false,"naturalOrder":true,"truncateTarget":false,"bulkApiDBTarget":false,"operationType":"Upsert","customFuncCfg":{"@type":"customFuncConfig","id":-1,"connections":[],"inputMap":[],"outputFields":[]},"targetRefsV2":{},"targetUpdateColumns":["major_peril_id"],"fieldOrderList":[],"extendedObject":{"@type":"extendedObject","singleMode":true,"filters":[],"sortFields":[]},"runtimeAttrs":{},"isRESTModernSource":true,"commandType":0,"isFileList":false,"handleSpecialChars":false,"handleDecimalRoundOff":false,"frsAsset":false,"dynamicFileName":false,"excludeDynamicFileNameField":false,"currentlyProcessedFileName":false,"retainFieldMetadata":false,"objectName":"dbo/shell_policy_major_peril_reference","objectLabel":"dbo/shell_policy_major_peril_reference","useExactSrcNames":false,"userUpdated":true,"tgtObjectAttributes":{},"runtimeParameterData":{"@type":"mtTaskRuntimeParameterData","isConnectionRuntimeParameter":false,"isObjectRuntimeParameter":false},"overridableProperties":[],"dbSchema":"","overriddenFields":[]}],"sequences":[],"inOutParameters":[],"connRuntimeAttrs":[]}]