[{"@type":"mappingTemplate","id":"@1","name":"m_Load_Policystats_to_PolicyTransaction_Ld","description":"Mapping to Load Master Policy Transaction table from Stage table","autoExpireObject":false,"bundleVersion":"0","assetFrsGuid":"38sNLlMHSQEiBdsIgx600m","templateId":"@3","deployTime":1739816029000,"hasParameters":true,"valid":true,"fixedConnection":false,"hasParametersDeployed":true,"fixedConnectionDeployed":false,"isSchemaValidationEnabled":false,"tasks":2,"mappingPreviewFileRecordId":"@2","documentType":"","references":[]}]