[{"@type":"mappingTemplate","id":"@1","name":"m_Load_Policystats_to_PolicyTransaction_Ld","description":"Mapping to Load Master Policy Transaction table from Stage table","autoExpireObject":false,"bundleVersion":"0","assetFrsGuid":"38sNLlMHSQEiBdsIgx600m","templateId":"@3","deployTime":1764873860000,"hasParameters":true,"valid":true,"fixedConnection":true,"hasParametersDeployed":true,"fixedConnectionDeployed":true,"isSchemaValidationEnabled":false,"tasks":2,"mappingPreviewFileRecordId":"@2","documentType":"","allowMaxFieldLength":false,"specialCharacterSupport":false,"references":[{"@type":"reference","refObjectId":"@aYZ4ekzHgIPeKpiaoqDLKP","refType":"connection"}]}]