[{"@type":"mtTask","id":"@1","name":"s_m_Load_Appication_Stg_From_Application","description":"Session pushed from PC to ICS : s_m_Load_Appication_Stg_From_Application","runtimeEnvironmentId":"@3pADNCV9u0PcgrXjM7rx0t","maxLogs":10,"verbose":false,"lastRunTime":1712603446000,"mappingId":"@eGlK6R2PYEGbw4MPvsm5E8","frsGuid":"bFQoERufn4Yf4L0rsK6lOY","shortDescription":"Session pushed from PC to ICS : s_m_Load_Appicatio...","sessionPropertiesList":[{"name":"Allow Temporary Sequence for Pushdown","value":"NO","recommended":false},{"name":"Allow Temporary View for Pushdown","value":"NO","recommended":false},{"name":"Data Column Delimiter","value":"|","recommended":false},{"name":"Error Log File Name","value":"PMError.log","recommended":false},{"name":"Pushdown Optimization","value":"None","recommended":false},{"name":"Pushdown Optimization Context","value":"None","recommended":false},{"name":"Pushdown Optimization Fallback Option","value":"Partial PDO","recommended":false}],"hidden":false,"enableCrossSchemaPushdown":false,"enableParallelRun":false,"autoTunedApplied":false,"autoTunedAppliedType":"NONE","parameterFileName":"Andover_Param_GW.param","parameterFileDir":"$PMRootDir/andover/parameters","paramFileType":"PARAM_FILE_LOCAL","schemaMode":"async","valid":true,"schemaValidationErrorCount":-1,"serverlessProperties":{},"taskProperties":[{"@type":"taskProperty","name":"parameterFileDir","currentValue":"$PMRootDir/andover/parameters","type":"STRING","label":"label.parameterFileDir","required":false},{"@type":"taskProperty","name":"parameterFileName","currentValue":"Andover_Param_GW.param","type":"STRING","label":"label.parameterFileName","required":false}],"jobPriority":"MEDIUM","optimizationPlan":"NONE","isMidstreamPreview":false,"parameters":[{"@type":"mtTaskParameter","id":82037442,"name":"$Srcc_application$","type":"SOURCE","label":"DBConnection_SRCM","description":"","uiProperties":{"cnxtype":"MySQL","connectionParameterized":"true","paramName":"DBConnection_SRCM","paramLabel":"","paramType-mapping":"Connection","logcnx":"DBConnection_SRCM","isSelectDistinct":"false","objectParameterized":"false","visible":"false","originalPath":"Srcc_application"},"sourceConnectionId":"@jPo49nVatmzbSnPefVZwCV","sourceObject":"DUMMY_Srcc_application","newFlatFile":false,"newObject":false,"showBusinessNames":true,"naturalOrder":true,"truncateTarget":false,"bulkApiDBTarget":false,"customFuncCfg":{"@type":"customFuncConfig","id":-1,"connections":[],"inputMap":[],"outputFields":[]},"targetRefsV2":{},"targetUpdateColumns":[],"runtimeAttrs":{"Sql Override":"SELECT application.SystemId, application.ParentId, application.CMMContainer, application.Id, application.UpdateCount, application.UpdateUser, application.UpdateTimestamp, application.ApplicationNumber, application.Version, application.CustomerRef, application.PolicyRef, application.Status, application.ChangeInfoRef, application.TypeCd, application.LockTaskId, application.Description, application.ExternalStateData, application.VIPLevel, application.AuditAccountRef, application.StatementAccountRef, application.PolicyScreenInd, application.UnderwritingScreenInd, application.LocationsScreenInd, application.RisksScreenInd, application.PropertyLineScreenInd, application.PropertyScreenInd, application.LiabilityScreenInd, application.LossHistoryScreenInd, application.AdditionalInterestsScreenInd, application.FormsScreenInd, application.ReviewScreenInd, application.ReinsuranceScreenInd, application.CommissionScreenInd, application.PremiumInfoScreenInd, application.WorksheetsScreenInd, application.SpecialOptionsScreenInd, application.CloseoutScreenInd, application.RowId \nFROM\n application  where application.CMMContainer='Application'","Pre SQL":"","Post SQL":"","Schema Name":""},"isRESTModernSource":true,"customQuery":"SELECT distinct application.SystemId, application.ParentId, application.CMMContainer, application.Id, application.UpdateCount, application.UpdateUser, application.UpdateTimestamp, application.ApplicationNumber, application.Version, application.CustomerRef, application.PolicyRef, application.Status, application.ChangeInfoRef, application.TypeCd, application.LockTaskId, application.Description, application.ExternalStateData, application.VIPLevel, application.AuditAccountRef, application.StatementAccountRef, application.PolicyScreenInd, application.UnderwritingScreenInd, application.LocationsScreenInd, application.RisksScreenInd, application.PropertyLineScreenInd, application.PropertyScreenInd, application.LiabilityScreenInd, application.LossHistoryScreenInd, application.AdditionalInterestsScreenInd, application.FormsScreenInd, application.ReviewScreenInd, application.ReinsuranceScreenInd, application.CommissionScreenInd, application.PremiumInfoScreenInd, application.WorksheetsScreenInd, application.SpecialOptionsScreenInd, application.CloseoutScreenInd, application.RowId \nFROM\n application  where application.CMMContainer='Application' and application.SystemId in (select SystemId from advrxxchangedbeans where CMMContainer='Application' AND \nconcat(adddt,addtm)>='$$M_StartDt' and concat(adddt,addtm) <='$$M_EndDt' )","isFileList":false,"handleSpecialChars":false,"handleDecimalRoundOff":false,"frsAsset":false,"dynamicFileName":false,"excludeDynamicFileNameField":false,"currentlyProcessedFileName":false,"retainFieldMetadata":false,"objectName":"DUMMY_Srcc_application","useExactSrcNames":false,"tgtObjectAttributes":{},"runtimeParameterData":{"@type":"mtTaskRuntimeParameterData","isConnectionRuntimeParameter":true,"isObjectRuntimeParameter":false,"connectionParameterName":"DBConnection_SRCM"},"overridableProperties":[],"overriddenFields":[]},{"@type":"mtTaskParameter","id":82037443,"name":"$Tgt_Application_Stg$","type":"TARGET","label":"DBConnection_TGT","description":"","uiProperties":{"cnxtype":"Amazon Redshift v2","connectionParameterized":"true","paramName":"DBConnection_TGT","paramLabel":"","paramType-mapping":"Connection","logcnx":"DBConnection_TGT","default":"dbo/application_stg","objectParameterized":"false","visible":"false","defaultTargetUpdateColumns":"","supportApplyDDLChanges":"false","originalPath":"Tgt_Application_Stg"},"targetConnectionId":"@aYZ4ekzHgIPeKpiaoqDLKP","targetObject":"dbo/application_stg","targetObjectLabel":"application_stg","newFlatFile":false,"newObject":false,"showBusinessNames":true,"naturalOrder":true,"truncateTarget":false,"bulkApiDBTarget":false,"operationType":"Insert","customFuncCfg":{"@type":"customFuncConfig","id":-1,"connections":[],"inputMap":[],"outputFields":[]},"targetRefsV2":{},"targetUpdateColumns":[],"extendedObject":{"@type":"extendedObject","singleMode":true,"filters":[],"sortFields":[]},"runtimeAttrs":{"Temporary Credential Duration":"7200"},"oprRuntimeAttrs":{"temporaryCredentialDuration":"7200"},"isRESTModernSource":true,"isFileList":false,"handleSpecialChars":false,"handleDecimalRoundOff":false,"frsAsset":false,"dynamicFileName":false,"excludeDynamicFileNameField":false,"currentlyProcessedFileName":false,"retainFieldMetadata":false,"objectName":"dbo/application_stg","objectLabel":"application_stg","useExactSrcNames":false,"tgtObjectAttributes":{},"runtimeParameterData":{"@type":"mtTaskRuntimeParameterData","isConnectionRuntimeParameter":true,"isObjectRuntimeParameter":false,"connectionParameterName":"DBConnection_TGT"},"overridableProperties":[],"overriddenFields":[]}],"sequences":[],"inOutParameters":[{"@type":"mtTaskInOutParameter","id":"-1","name":"M_StartDt","description":"","initialValue":"","datatype":"STRING","precision":"120","scale":"0","retentionPolicy":"NEVER","aggregationType":"MAX","currentValue":""},{"@type":"mtTaskInOutParameter","id":"-1","name":"M_EndDt","description":"","initialValue":"","datatype":"STRING","precision":"120","scale":"0","retentionPolicy":"NEVER","aggregationType":"MAX","currentValue":""}],"connRuntimeAttrs":[]}]