[{"@type":"mtTask","id":"@1","name":"s_m_load_msgr_pms_master_risk","description":"Session pushed from PC to ICS : s_m_load_msgr_pms_master_risk","runtimeEnvironmentId":"@3pADNCV9u0PcgrXjM7rx0t","maxLogs":10,"verbose":false,"lastRunTime":1707930740000,"mappingId":"@5Wj4TO0lVmuhAkfsx7oEqi","frsGuid":"6d7ubYPyLG2fmYmZy4Rfg9","shortDescription":"Session pushed from PC to ICS : s_m_load_msgr_pms_...","sessionPropertiesList":[{"name":"Allow Temporary Sequence for Pushdown","value":"NO","recommended":false},{"name":"Allow Temporary View for Pushdown","value":"NO","recommended":false},{"name":"Data Column Delimiter","value":"|","recommended":false},{"name":"Error Log File Name","value":"PMError.log","recommended":false},{"name":"Pushdown Optimization","value":"None","recommended":false},{"name":"Pushdown Optimization Context","value":"None","recommended":false},{"name":"Pushdown Optimization Fallback Option","value":"Partial PDO","recommended":false}],"enableCrossSchemaPushdown":false,"enableParallelRun":false,"autoTunedApplied":false,"autoTunedAppliedType":"NONE","parameterFileName":"Andover_Parm_Peregrine.txt","parameterFileDir":"$PMRootDir/andover/parameters","paramFileType":"PARAM_FILE_LOCAL","schemaMode":"async","valid":true,"schemaValidationErrorCount":-1,"serverlessProperties":{},"taskProperties":[{"@type":"taskProperty","name":"parameterFileDir","currentValue":"$PMRootDir/andover/parameters","type":"STRING","label":"label.parameterFileDir","required":false},{"@type":"taskProperty","name":"parameterFileName","currentValue":"Andover_Parm_Peregrine.txt","type":"STRING","label":"label.parameterFileName","required":false}],"parameters":[{"@type":"mtTaskParameter","id":76218521,"name":"$SQ_PMS_Master_Risk_Hist$","type":"SOURCE","label":"DBConnection_SRC","description":"","uiProperties":{"cnxtype":"Amazon Redshift v2","connectionParameterized":"true","paramName":"DBConnection_SRC","paramLabel":"","paramType-mapping":"Connection","logcnx":"DBConnection_SRC","isSelectDistinct":"false","objectParameterized":"false","visible":"false","originalPath":"SQ_PMS_Master_Risk_Hist"},"sourceConnectionId":"@aYZ4ekzHgIPeKpiaoqDLKP","sourceObject":"DUMMY_SQ_PMS_Master_Risk_Hist","sourceObjectLabel":"DUMMY_SQ_PMS_Master_Risk_Hist","newFlatFile":false,"newObject":false,"showBusinessNames":true,"naturalOrder":true,"truncateTarget":false,"bulkApiDBTarget":false,"customFuncCfg":{"@type":"customFuncConfig","id":-1,"connections":[],"inputMap":[],"outputFields":[]},"targetRefsV2":{},"targetUpdateColumns":[],"runtimeAttrs":{},"isRESTModernSource":true,"customQuery":"SELECT PMS_Master_Risk_Hist.Risk_Id, PMS_Master_Risk_Hist.Policy_Key, PMS_Master_Risk_Hist.Policy_Key_Code, PMS_Master_Risk_Hist.Form, PMS_Master_Risk_Hist.Number_Of_Families, PMS_Master_Risk_Hist.Construction_Type, PMS_Master_Risk_Hist.Protection_Class, PMS_Master_Risk_Hist.Number_Of_Apartments, PMS_Master_Risk_Hist.Number_Of_Apartments_Band, PMS_Master_Risk_Hist.Number_Of_Stories, PMS_Master_Risk_Hist.Construction_Year, PMS_Master_Risk_Hist.Sq_Feet_Area, PMS_Master_Risk_Hist.Deductible, PMS_Master_Risk_Hist.Building_Limits, PMS_Master_Risk_Hist.Building_Limits_Group, PMS_Master_Risk_Hist.Contents_Limits, PMS_Master_Risk_Hist.Occupancy_Desc, PMS_Master_Risk_Hist.Liability_Limit, PMS_Master_Risk_Hist.Building_Class_Code, PMS_Master_Risk_Hist.Contents_Class_Code, PMS_Master_Risk_Hist.Sprinkler_Indicator, PMS_Master_Risk_Hist.Underwriter_Territory, PMS_Master_Risk_Hist.Underwriter_Territory_State, PMS_Master_Risk_Hist.Rating_Territory, PMS_Master_Risk_Hist.Rating_Territory_Desc, PMS_Master_Risk_Hist.Insured_Name, PMS_Master_Risk_Hist.Risk_Address_Line_1, PMS_Master_Risk_Hist.Risk_Address_Line_2, PMS_Master_Risk_Hist.Risk_Address_Line_3, PMS_Master_Risk_Hist.Risk_Address_Line_4, PMS_Master_Risk_Hist.Risk_City, PMS_Master_Risk_Hist.Risk_State, PMS_Master_Risk_Hist.Risk_Postal_Cd, PMS_Master_Risk_Hist.Longitude, PMS_Master_Risk_Hist.Latitude, PMS_Master_Risk_Hist.Record_Id, PMS_Master_Risk_Hist.Coverage_Limit, PMS_Master_Risk_Hist.Building_Amount, PMS_Master_Risk_Hist.Contents_Amount, PMS_Master_Risk_Hist.Building_Deductible, PMS_Master_Risk_Hist.Contents_Deductible, PMS_Master_Risk_Hist.Total_Insured_Value, PMS_Master_Risk_Hist.Individual_Risk_Premium_Mod, PMS_Master_Risk_Hist.AGE_CREDIT, PMS_Master_Risk_Hist.DUPC, PMS_Master_Risk_Hist.PRC, PMS_Master_Risk_Hist.Expense_Mod, PMS_Master_Risk_Hist.Coverage_A_Premium, PMS_Master_Risk_Hist.Coverage_C_Premium, PMS_Master_Risk_Hist.Cyber_Liability_Limit, PMS_Master_Risk_Hist.Commercial_Umbrella_Liability_Limit, PMS_Master_Risk_Hist.Commercial_Excess_Liability_Limit, PMS_Master_Risk_Hist.OnPremises_Limit, PMS_Master_Risk_Hist.OffPremises_Limit, PMS_Master_Risk_Hist.Valuable_Papers_Limit, PMS_Master_Risk_Hist.Food_Spoilage_Limit, PMS_Master_Risk_Hist.Fungi_Property_Limit, PMS_Master_Risk_Hist.Demolition_Limit, PMS_Master_Risk_Hist.Increased_Cost_Construction_Limit, PMS_Master_Risk_Hist.Combined_Demolition_Increased_Cost_Limit, PMS_Master_Risk_Hist.Ext_Building_Broad_Limit, PMS_Master_Risk_Hist.Ext_Building_EQ_Limit, PMS_Master_Risk_Hist.Ext_Building_Flood_Limit, PMS_Master_Risk_Hist.Exterior_Signs_Limit, PMS_Master_Risk_Hist.Water_Backup_Limit, PMS_Master_Risk_Hist.ISO_EQ_Limit, PMS_Master_Risk_Hist.Personal_Umbrella_Limit, PMS_Master_Risk_Hist.Building_Limit_Band_1K, PMS_Master_Risk_Hist.Building_Limit_Band_100K, PMS_Master_Risk_Hist.Building_Limit_Band_500K, PMS_Master_Risk_Hist.Display_OccupancyDesc, PMS_Master_Risk_Hist.Display_ConstructionType, PMS_Master_Risk_Hist.Address_Key, PMS_Master_Risk_Hist.Site_Deductible, PMS_Master_Risk_Hist.Earthquake_Endorsed_Ind, PMS_Master_Risk_Hist.Risk_Count, PMS_Master_Risk_Hist.Earthquake_Site_Sublimit, PMS_Master_Risk_Hist.Earthquake_Site_Deductible, PMS_Master_Risk_Hist.Wind_Site_Deductible, PMS_Master_Risk_Hist.Earthquake_Building_Deductible, PMS_Master_Risk_Hist.Earthquake_Contents_Deductible, PMS_Master_Risk_Hist.Appurtenant_Structures_Limit, PMS_Master_Risk_Hist.Appurtenant_Structures_Deductible, PMS_Master_Risk_Hist.SITE_LIMIT, PMS_Master_Risk_Hist.Num_Vehicles, PMS_Master_Risk_Hist.Num_Buildings_Complex, PMS_Master_Risk_Hist.Building_Class_Description, PMS_Master_Risk_Hist.Contents_Class_Description, PMS_Master_Risk_Hist.distance_To_Coast, PMS_Master_Risk_Hist.Distance_To_Coast_Feet, PMS_Master_Risk_Hist.Distance_To_Coast_Mile, PMS_Master_Risk_Hist.Elevation, PMS_Master_Risk_Hist.Flood, PMS_Master_Risk_Hist.Sir_Result_Feet, PMS_Master_Risk_Hist.Sir_Mile, PMS_Master_Risk_Hist.Sir_Result, PMS_Master_Risk_Hist.Distance_To_ShoreBand, PMS_Master_Risk_Hist.Sir_Coastline_Band, PMS_Master_Risk_Hist.SqFt_Area_Band, PMS_Master_Risk_Hist.Row_Eff_Start_Dt, PMS_Master_Risk_Hist.Row_Eff_End_Dt, PMS_Master_Risk_Hist.Hash_Value, PMS_Master_Risk_Hist.FormattedRiskAddress, PMS_Master_Risk_Hist.FormattedRiskZipCode, PMS_Master_Risk_Hist.FormattedRiskCity, PMS_Master_Risk_Hist.FormattedLatitude, PMS_Master_Risk_Hist.FormattedLongitude, PMS_Master_Risk_Hist.WIND_HAIL_EXCLUSION, PMS_Master_Risk_Hist.WINDSTORM_ASSUMPTION, PMS_Master_Risk_Hist.Construction_Year_Band, PMS_Master_Risk_Hist.Number_Of_Stories_Band, PMS_Master_Risk_Hist.Fire_District, PMS_Master_Risk_Hist.FormattedStreet, PMS_Master_Risk_Hist.FormattedCounty, PMS_Master_Risk_Hist.Umbrella_Auto_Liability, PMS_Master_Risk_Hist.Umbrella_Residence_Exposures, PMS_Master_Risk_Hist.Umbrella_Youthful_Operators, PMS_Master_Risk_Hist.Umbrella_Watercraft_Exposures, PMS_Master_Risk_Hist.Umbrella_UL_Watercraft_Exposures, PMS_Master_Risk_Hist.Umbrella_Additional_Rentals, PMS_Master_Risk_Hist.Umbrella_Territory_Description, PMS_Master_Risk_Hist.Per_Unit_Deductible_Type, PMS_Master_Risk_Hist.Per_Unit_Deductible_Amt, PMS_Master_Risk_Hist.Coverage_A_Limit, PMS_Master_Risk_Hist.Coverage_B_Limit, PMS_Master_Risk_Hist.Coverage_C_Limit, PMS_Master_Risk_Hist.Coverage_D_Limit, PMS_Master_Risk_Hist.Other_Structures_Limit, PMS_Master_Risk_Hist.Building_Items_DP1766_Limit, PMS_Master_Risk_Hist.Optional_TIV_Limit \nFROM\ndbo.PMS_Master_Risk_Hist \nWHERE PMS_Master_Risk_Hist.Row_eff_End_Dt = '9999-12-31'","isFileList":false,"handleSpecialChars":false,"handleDecimalRoundOff":false,"frsAsset":false,"dynamicFileName":false,"excludeDynamicFileNameField":false,"currentlyProcessedFileName":false,"retainFieldMetadata":false,"objectName":"DUMMY_SQ_PMS_Master_Risk_Hist","objectLabel":"DUMMY_SQ_PMS_Master_Risk_Hist","useExactSrcNames":false,"tgtObjectAttributes":{},"runtimeParameterData":{"@type":"mtTaskRuntimeParameterData","isConnectionRuntimeParameter":true,"isObjectRuntimeParameter":false,"connectionParameterName":"DBConnection_SRC"},"overridableProperties":[],"overriddenFields":[]},{"@type":"mtTaskParameter","id":76218522,"name":"$msgr_pms_master_risk$","type":"TARGET","label":"DBConnection_TGT","description":"","uiProperties":{"cnxtype":"Amazon Redshift v2","connectionParameterized":"true","paramName":"DBConnection_TGT","paramLabel":"","paramType-mapping":"Connection","logcnx":"DBConnection_TGT","default":"dbo/msgr_pms_master_risk","objectParameterized":"false","visible":"false","defaultTargetUpdateColumns":"","supportApplyDDLChanges":"false","originalPath":"msgr_pms_master_risk"},"targetConnectionId":"@aYZ4ekzHgIPeKpiaoqDLKP","targetObject":"dbo/msgr_pms_master_risk","targetObjectLabel":"msgr_pms_master_risk","newFlatFile":false,"newObject":false,"showBusinessNames":true,"naturalOrder":true,"truncateTarget":false,"bulkApiDBTarget":false,"operationType":"Insert","customFuncCfg":{"@type":"customFuncConfig","id":-1,"connections":[],"inputMap":[],"outputFields":[]},"targetRefsV2":{},"targetUpdateColumns":[],"extendedObject":{"@type":"extendedObject","singleMode":true,"filters":[],"sortFields":[]},"runtimeAttrs":{},"isRESTModernSource":true,"isFileList":false,"handleSpecialChars":false,"handleDecimalRoundOff":false,"frsAsset":false,"dynamicFileName":false,"excludeDynamicFileNameField":false,"currentlyProcessedFileName":false,"retainFieldMetadata":false,"objectName":"dbo/msgr_pms_master_risk","objectLabel":"msgr_pms_master_risk","useExactSrcNames":false,"tgtObjectAttributes":{},"runtimeParameterData":{"@type":"mtTaskRuntimeParameterData","isConnectionRuntimeParameter":true,"isObjectRuntimeParameter":false,"connectionParameterName":"DBConnection_TGT"},"overridableProperties":[],"overriddenFields":[]}],"sequences":[],"inOutParameters":[],"connRuntimeAttrs":[]}]