[{"@type":"mtTask","id":"@1","name":"s_m_Load_CommissionDetail_Stg_From_CommissionDetail","description":"IDMC Admin check out for remigration because of a corrupted mapping in IDMC QA and IDMC UAT.  Bob D.; 8/4/24Session pushed from PC to ICS : s_m_Load_CommissionDetail_Stg_From_CommissionDetail","autoExpireObject":false,"runtimeEnvironmentId":"@3pADNCV9u0PcgrXjM7rx0t","maxLogs":10,"verbose":false,"lastRunTime":1738256947000,"mappingId":"@8RvnBstPi20fWm5PaXlzgR","frsGuid":"ctRaHtLqf4hgYefP7RS1O5","shortDescription":"IDMC Admin check out for remigration because of a ...","sessionPropertiesList":[{"name":"Allow Temporary Sequence for Pushdown","value":"NO","recommended":false},{"name":"Allow Temporary View for Pushdown","value":"NO","recommended":false},{"name":"Cache LOOKUP() function","value":"YES","recommended":false},{"name":"Commit On End Of File","value":"YES","recommended":false},{"name":"Data Column Delimiter","value":"|","recommended":false},{"name":"Error Log File Name","value":"PMError.log","recommended":false},{"name":"Log Row Data","value":"YES","recommended":false},{"name":"Override tracing","value":"Normal","recommended":false},{"name":"Pushdown Optimization","value":"None","recommended":false},{"name":"Pushdown Optimization Context","value":"None","recommended":false},{"name":"Pushdown Optimization Fallback Option","value":"Partial PDO","recommended":false}],"hidden":false,"enableCrossSchemaPushdown":false,"enableParallelRun":false,"autoTunedApplied":false,"autoTunedAppliedType":"NONE","parameterFileName":"Andover_Param_GW.param","parameterFileDir":"$PMRootDir/andover/parameters","paramFileType":"PARAM_FILE_LOCAL","schemaMode":"async","valid":true,"schemaValidationErrorCount":-1,"serverlessProperties":{},"taskProperties":[{"@type":"taskProperty","name":"parameterFileDir","currentValue":"$PMRootDir/andover/parameters","type":"STRING","label":"label.parameterFileDir","required":false},{"@type":"taskProperty","name":"parameterFileName","currentValue":"Andover_Param_GW.param","type":"STRING","label":"label.parameterFileName","required":false},{"@type":"taskProperty","name":"outboundMessageUrlQueueTime","currentValue":"","type":"NUMBER","label":"label.outboundMessageUrlQueueTime","required":false},{"@type":"taskProperty","name":"outboundMessageUrlToken","currentValue":"","type":"STRING","label":"label.outboundMessageUrlToken","required":false}],"optimizationPlan":"NONE","isMidstreamPreview":false,"parameters":[{"@type":"mtTaskParameter","id":106723840,"name":"$Src_CommissionDetail$","type":"SOURCE","label":"DBConnection_SRCM","description":"","uiProperties":{"cnxtype":"MySQL","connectionParameterized":"true","paramName":"DBConnection_SRCM","paramLabel":"","paramType-mapping":"Connection","logcnx":"DBConnection_SRCM","isSelectDistinct":"false","objectParameterized":"false","visible":"false","originalPath":"Src_CommissionDetail"},"sourceConnectionId":"@jPo49nVatmzbSnPefVZwCV","sourceObject":"DUMMY_Src_CommissionDetail","newFlatFile":false,"newObject":false,"showBusinessNames":true,"naturalOrder":true,"truncateTarget":false,"bulkApiDBTarget":false,"customFuncCfg":{"@type":"customFuncConfig","id":-1,"connections":[],"inputMap":[],"outputFields":[]},"targetRefsV2":{},"targetUpdateColumns":[],"runtimeAttrs":{},"isRESTModernSource":true,"customQuery":"SELECT CommissionDetail.SystemId, CommissionDetail.id, CommissionDetail.AddDt, CommissionDetail.CarrierCd, CommissionDetail.CarrierGroupCd, CommissionDetail.ChargedAmt, CommissionDetail.CommissionableAmt, CommissionDetail.CommissionAmt, CommissionDetail.CommissionArea, CommissionDetail.CommissionKey, CommissionDetail.CommissionPct, CommissionDetail.CorrectionInd, CommissionDetail.CorrectionReason, CommissionDetail.CorrectionReasonCd, CommissionDetail.InsuredName, CommissionDetail.OriginalPayThroughDt, CommissionDetail.OtherFeeAmt, CommissionDetail.PaidAccount, CommissionDetail.PaidItemDt, CommissionDetail.PaidItemNumber, CommissionDetail.PaidMethodCd, CommissionDetail.PaidStatusCd, CommissionDetail.PaymentRequestedDt, CommissionDetail.PaymentSourceRef, CommissionDetail.PayThroughDt, CommissionDetail.PayToCd, CommissionDetail.PayToTypeCd, CommissionDetail.PolicyFeeAmt, CommissionDetail.PremiumAmt, CommissionDetail.ProducerAgency, CommissionDetail.ProducerAgencyProviderRef, CommissionDetail.ProducerGroup, CommissionDetail.ProducerGroupProviderRef, CommissionDetail.ProviderCd, CommissionDetail.ProviderRef, CommissionDetail.ReceivedAmt, CommissionDetail.SourceEffectiveDt, CommissionDetail.SourceNumber, CommissionDetail.SourceRef, CommissionDetail.SourceTransactionNumber, CommissionDetail.SourceVersion, CommissionDetail.SubTypeCd, CommissionDetail.TaxesAmt, CommissionDetail.TransactionCheckAmt, CommissionDetail.TransactionCheckNumber, CommissionDetail.TransactionEffectiveDt, CommissionDetail.TransactionEntryDt, CommissionDetail.TransactionEntryTm, CommissionDetail.TransactionTypeCd, CommissionDetail.Type, CommissionDetail.WrittenPremiumAmt, CommissionDetail.PayToRef, CommissionDetail.OriginalCommissionDetailRef, CommissionDetail.UpdateTimestamp \nFROM\n CommissionDetail","isFileList":false,"handleSpecialChars":false,"handleDecimalRoundOff":false,"frsAsset":false,"dynamicFileName":false,"excludeDynamicFileNameField":false,"currentlyProcessedFileName":false,"retainFieldMetadata":false,"objectName":"DUMMY_Src_CommissionDetail","useExactSrcNames":false,"userUpdated":true,"tgtObjectAttributes":{},"runtimeParameterData":{"@type":"mtTaskRuntimeParameterData","isConnectionRuntimeParameter":true,"isObjectRuntimeParameter":false,"connectionParameterName":"DBConnection_SRCM"},"overridableProperties":[],"overriddenFields":[]},{"@type":"mtTaskParameter","id":106723841,"name":"$Tgt_CommissionDetail_Stg$","type":"TARGET","label":"DBConnection_TGT","description":"","uiProperties":{"cnxtype":"Amazon Redshift v2","connectionParameterized":"true","paramName":"DBConnection_TGT","paramLabel":"","paramType-mapping":"Connection","logcnx":"DBConnection_TGT","default":"dbo/commissiondetail_stg","objectParameterized":"false","visible":"false","defaultTargetUpdateColumns":"","supportApplyDDLChanges":"false","originalPath":"Tgt_CommissionDetail_Stg"},"targetConnectionId":"@aYZ4ekzHgIPeKpiaoqDLKP","targetObject":"dbo/commissiondetail_stg","targetObjectLabel":"commissiondetail_stg","newFlatFile":false,"newObject":false,"showBusinessNames":true,"naturalOrder":true,"truncateTarget":false,"bulkApiDBTarget":false,"operationType":"Insert","customFuncCfg":{"@type":"customFuncConfig","id":-1,"connections":[],"inputMap":[],"outputFields":[]},"targetRefsV2":{},"targetUpdateColumns":[],"extendedObject":{"@type":"extendedObject","singleMode":true,"filters":[],"sortFields":[]},"runtimeAttrs":{"Temporary Credential Duration":"7200"},"oprRuntimeAttrs":{"temporaryCredentialDuration":"7200"},"isRESTModernSource":true,"isFileList":false,"handleSpecialChars":false,"handleDecimalRoundOff":false,"frsAsset":false,"dynamicFileName":false,"excludeDynamicFileNameField":false,"currentlyProcessedFileName":false,"retainFieldMetadata":false,"objectName":"dbo/commissiondetail_stg","objectLabel":"commissiondetail_stg","useExactSrcNames":false,"userUpdated":true,"tgtObjectAttributes":{"parent":""},"runtimeParameterData":{"@type":"mtTaskRuntimeParameterData","isConnectionRuntimeParameter":true,"isObjectRuntimeParameter":false,"connectionParameterName":"DBConnection_TGT"},"overridableProperties":[],"overriddenFields":[]}],"sequences":[],"inOutParameters":[],"connRuntimeAttrs":[]}]