[{"@type":"mappingTemplate","id":"@1","name":"cdi_map_question_reply_parent_child_home_owners_reference","description":"","autoExpireObject":false,"bundleVersion":"0","assetFrsGuid":"33XdM89CsWhhlcV8ckNECj","templateId":"@3","deployTime":1752671730000,"hasParameters":true,"valid":true,"fixedConnection":false,"hasParametersDeployed":true,"fixedConnectionDeployed":false,"isSchemaValidationEnabled":false,"tasks":1,"mappingPreviewFileRecordId":"@2","documentType":"","allowMaxFieldLength":false,"specialCharacterSupport":false,"references":[]}]