[{"@type":"mappingTemplate","id":"@1","name":"m_Load_t_members_to_Member_Stg","description":"","autoExpireObject":false,"bundleVersion":"0","assetFrsGuid":"6QmNMHEFzUggklxGEHvcAh","templateId":"@3","deployTime":1767814975000,"hasParameters":true,"valid":true,"fixedConnection":false,"hasParametersDeployed":true,"fixedConnectionDeployed":false,"isSchemaValidationEnabled":false,"tasks":1,"mappingPreviewFileRecordId":"@2","documentType":"","allowMaxFieldLength":false,"specialCharacterSupport":false,"references":[]}]