[{"@type":"mtTask","id":"@1","name":"s_m_PMS_Fact_Loss_Reserves_SQL_SERVER_TO_Redshift","description":"","runtimeEnvironmentId":"@3pADNCV9u0PcgrXjM7rx0t","maxLogs":10,"verbose":false,"lastRunTime":1709799135000,"mappingId":"@5cZyXLTCrdLccnr8mJC1eP","frsGuid":"2MKSAIrhcNKcUDLknUE2Ef","shortDescription":"","sessionPropertiesList":[{"name":"Allow Temporary Sequence for Pushdown","value":"NO","recommended":false},{"name":"Allow Temporary View for Pushdown","value":"NO","recommended":false},{"name":"DateTime Format String","value":"MM/DD/YYYY HH24:MI:SS.US","recommended":false},{"name":"Pushdown Optimization","value":"None","recommended":false},{"name":"Pushdown Optimization Context","value":"None","recommended":false},{"name":"Pushdown Optimization Fallback Option","value":"Partial PDO","recommended":false}],"enableCrossSchemaPushdown":false,"enableParallelRun":false,"autoTunedApplied":false,"autoTunedAppliedType":"NONE","parameterFileName":"Andover_Parm_Daily.param","parameterFileDir":"$PMRootDir/andover/parameters","paramFileType":"PARAM_FILE_LOCAL","schemaMode":"async","valid":true,"schemaValidationErrorCount":-1,"parameterFileEncoding":"UTF-8","serverlessProperties":{},"taskProperties":[{"@type":"taskProperty","name":"parameterFileDir","currentValue":"$PMRootDir/andover/parameters","type":"STRING","label":"label.parameterFileDir","required":false},{"@type":"taskProperty","name":"parameterFileName","currentValue":"Andover_Parm_Daily.param","type":"STRING","label":"label.parameterFileName","required":false}],"parameters":[{"@type":"mtTaskParameter","id":79771162,"name":"$src_PMS_Fact_Loss_Reserves_SQL_Server$","type":"SOURCE","label":"DBConnection_SRC_SS","description":"","uiProperties":{"cnxtype":"SqlServer","connectionParameterized":"true","paramName":"DBConnection_SRC_SS","paramLabel":"","paramType-mapping":"Connection","logcnx":"DBConnection_SRC_SS","isSelectDistinct":"false","objectParameterized":"false","visible":"false","originalPath":"src_PMS_Fact_Loss_Reserves_SQL_Server"},"sourceConnectionId":"@5SoH9iOW3aub166UzfAmet","sourceObject":"DUMMY_src_PMS_Fact_Loss_Reserves_SQL_Server","newFlatFile":false,"newObject":false,"showBusinessNames":true,"naturalOrder":true,"truncateTarget":false,"bulkApiDBTarget":false,"customFuncCfg":{"@type":"customFuncConfig","id":-1,"connections":[],"inputMap":[],"outputFields":[]},"targetRefsV2":{},"targetUpdateColumns":[],"runtimeAttrs":{},"isRESTModernSource":true,"customQuery":"SELECT * FROM pms_fact_loss_reserves WHERE CAST(insert_date AS DATE) > dateadd(day,-1,'$$m_last_run_date')","isFileList":false,"handleSpecialChars":false,"handleDecimalRoundOff":false,"frsAsset":false,"dynamicFileName":false,"excludeDynamicFileNameField":false,"currentlyProcessedFileName":false,"retainFieldMetadata":false,"objectName":"DUMMY_src_PMS_Fact_Loss_Reserves_SQL_Server","useExactSrcNames":false,"tgtObjectAttributes":{},"runtimeParameterData":{"@type":"mtTaskRuntimeParameterData","isConnectionRuntimeParameter":true,"isObjectRuntimeParameter":false,"connectionParameterName":"DBConnection_SRC_SS"},"overridableProperties":[],"overriddenFields":[]},{"@type":"mtTaskParameter","id":79771163,"name":"$tgt_PMS_Fact_Loss_Reserves_Redshift$","type":"TARGET","label":"DBConnection_TGT","description":"","uiProperties":{"cnxtype":"Amazon Redshift v2","connectionParameterized":"true","paramName":"DBConnection_TGT","paramLabel":"","paramType-mapping":"Connection","logcnx":"DBConnection_TGT","default":"dbo/pms_fact_loss_reserves","objectParameterized":"false","visible":"false","defaultTargetUpdateColumns":"","supportApplyDDLChanges":"false","originalPath":"tgt_PMS_Fact_Loss_Reserves_Redshift"},"targetConnectionId":"@aYZ4ekzHgIPeKpiaoqDLKP","targetObject":"dbo/pms_fact_loss_reserves","targetObjectLabel":"pms_fact_loss_reserves","newFlatFile":false,"newObject":false,"showBusinessNames":true,"naturalOrder":true,"truncateTarget":false,"bulkApiDBTarget":false,"operationType":"Insert","customFuncCfg":{"@type":"customFuncConfig","id":-1,"connections":[],"inputMap":[],"outputFields":[]},"targetRefsV2":{},"targetUpdateColumns":[],"extendedObject":{"@type":"extendedObject","singleMode":true,"filters":[],"sortFields":[]},"runtimeAttrs":{"Pre-SQL":"delete from dbo.pms_fact_loss_reserves where trunc(insert_date)='$$m_last_run_date';\nDELETE FROM dbo.pms_fact_loss_reserves\n        WHERE account_entered_dt IN (SELECT\n            date_value\n            FROM dbo.constant_values);"},"oprRuntimeAttrs":{"preSql":"delete from dbo.pms_fact_loss_reserves where trunc(insert_date)='$$m_last_run_date';\nDELETE FROM dbo.pms_fact_loss_reserves\n        WHERE account_entered_dt IN (SELECT\n            date_value\n            FROM dbo.constant_values);"},"isRESTModernSource":true,"isFileList":false,"handleSpecialChars":false,"handleDecimalRoundOff":false,"frsAsset":false,"dynamicFileName":false,"excludeDynamicFileNameField":false,"currentlyProcessedFileName":false,"retainFieldMetadata":false,"objectName":"dbo/pms_fact_loss_reserves","objectLabel":"pms_fact_loss_reserves","useExactSrcNames":false,"tgtObjectAttributes":{},"runtimeParameterData":{"@type":"mtTaskRuntimeParameterData","isConnectionRuntimeParameter":true,"isObjectRuntimeParameter":false,"connectionParameterName":"DBConnection_TGT"},"overridableProperties":[],"overriddenFields":[]}],"sequences":[],"inOutParameters":[{"@type":"mtTaskInOutParameter","id":"-1","name":"m_last_run_date","description":"","initialValue":"2023-10-01","datatype":"STRING","precision":"30","scale":"0","retentionPolicy":"NEVER","aggregationType":"MAX","currentValue":"2023-10-01"}],"connRuntimeAttrs":[]}]