[{"@type":"mappingTemplate","id":"@1","name":"m_update_src_file","description":"","autoExpireObject":false,"bundleVersion":"0","assetFrsGuid":"i1NUaRhfH8MfWZeLV1t6S6","templateId":"@3","deployTime":1768841829000,"hasParameters":true,"valid":true,"fixedConnection":false,"hasParametersDeployed":true,"fixedConnectionDeployed":false,"isSchemaValidationEnabled":false,"tasks":1,"mappingPreviewFileRecordId":"@2","documentType":"MAPPING","allowMaxFieldLength":false,"specialCharacterSupport":false,"references":[]}]