[{"@type":"mappingTemplate","id":"@1","name":"m_load_AddressDetail_from_lkp_address_key_Finalv1","description":"","autoExpireObject":false,"bundleVersion":"0","assetFrsGuid":"d07UDXFgji0hNmYMUF0Q6Q","templateId":"@3","deployTime":1737497835000,"hasParameters":false,"valid":true,"fixedConnection":true,"hasParametersDeployed":false,"fixedConnectionDeployed":true,"isSchemaValidationEnabled":false,"tasks":0,"mappingPreviewFileRecordId":"@2","documentType":"MAPPING","allowMaxFieldLength":false,"specialCharacterSupport":false,"references":[{"@type":"reference","refObjectId":"@eaGIrQjBi4WdeMOwqdfE2D","refType":"frsDocument"},{"@type":"reference","refObjectId":"@aYZ4ekzHgIPeKpiaoqDLKP","refType":"connection"}]}]