[{"@type":"mappingTemplate","id":"@1","name":"m_load_claimreinsurancesummarystats_stg_from_claimreinsurancesummarystats","description":"This mapping loads the staging table claimreinsurancesummarystats_stg from the Guidewire view claimreinsurancesummarystats","autoExpireObject":false,"bundleVersion":"0","assetFrsGuid":"1d6F7Mw8vMmfezssRnuh8D","templateId":"@3","deployTime":1767814994000,"hasParameters":true,"valid":true,"fixedConnection":false,"hasParametersDeployed":true,"fixedConnectionDeployed":false,"isSchemaValidationEnabled":false,"tasks":1,"mappingPreviewFileRecordId":"@2","documentType":"","allowMaxFieldLength":false,"specialCharacterSupport":false,"references":[]}]