[{"@type":"mtTask","id":"@1","name":"s_m_load_msgr_pms_master_policy","description":"Session pushed from PC to ICS : s_m_load_msgr_pms_master_policy","runtimeEnvironmentId":"@94yEUbQ8g09k6LZ0ShdXQQ","maxLogs":10,"verbose":false,"lastRunTime":1718043779000,"mappingId":"@83cvIfoC7DclNCnXoOMoGk","frsGuid":"ctxAmyvMM0Hcq2dqKmFQ8K","shortDescription":"Session pushed from PC to ICS : s_m_load_msgr_pms_...","sessionPropertiesList":[{"name":"Allow Temporary Sequence for Pushdown","value":"NO","recommended":false},{"name":"Allow Temporary View for Pushdown","value":"NO","recommended":false},{"name":"Data Column Delimiter","value":"|","recommended":false},{"name":"Error Log File Name","value":"PMError.log","recommended":false},{"name":"Pushdown Optimization","value":"None","recommended":false},{"name":"Pushdown Optimization Context","value":"None","recommended":false},{"name":"Pushdown Optimization Fallback Option","value":"Partial PDO","recommended":false}],"hidden":false,"enableCrossSchemaPushdown":false,"enableParallelRun":false,"autoTunedApplied":false,"autoTunedAppliedType":"NONE","parameterFileName":"Andover_Parm_Peregrine.txt","parameterFileDir":"$PMRootDir/andover/parameters","paramFileType":"PARAM_FILE_LOCAL","schemaMode":"async","valid":true,"schemaValidationErrorCount":-1,"serverlessProperties":{},"taskProperties":[{"@type":"taskProperty","name":"parameterFileDir","currentValue":"$PMRootDir/andover/parameters","type":"STRING","label":"label.parameterFileDir","required":false},{"@type":"taskProperty","name":"parameterFileName","currentValue":"Andover_Parm_Peregrine.txt","type":"STRING","label":"label.parameterFileName","required":false},{"@type":"taskProperty","name":"outboundMessageUrlQueueTime","currentValue":"","type":"NUMBER","label":"label.outboundMessageUrlQueueTime","required":false},{"@type":"taskProperty","name":"outboundMessageUrlToken","currentValue":"","type":"STRING","label":"label.outboundMessageUrlToken","required":false}],"optimizationPlan":"NONE","isMidstreamPreview":false,"parameters":[{"@type":"mtTaskParameter","id":91799530,"name":"$SQ_PMS_Master_Policy_Hist$","type":"SOURCE","label":"DBConnection_SRC","description":"","uiProperties":{"cnxtype":"Amazon Redshift v2","connectionParameterized":"true","paramName":"DBConnection_SRC","paramLabel":"","paramType-mapping":"Connection","logcnx":"DBConnection_SRC","isSelectDistinct":"false","objectParameterized":"false","visible":"false","originalPath":"SQ_PMS_Master_Policy_Hist"},"sourceConnectionId":"@5Zcq1VmIGjxlaDWgHTaKA5","sourceObject":"DUMMY_SQ_PMS_Master_Policy_Hist","newFlatFile":false,"newObject":false,"showBusinessNames":true,"naturalOrder":true,"truncateTarget":false,"bulkApiDBTarget":false,"customFuncCfg":{"@type":"customFuncConfig","id":-1,"connections":[],"inputMap":[],"outputFields":[]},"targetRefsV2":{},"targetUpdateColumns":[],"runtimeAttrs":{},"isRESTModernSource":true,"customQuery":"SELECT PMS_Master_Policy_Hist.Policy_Id, PMS_Master_Policy_Hist.Policy_Key, PMS_Master_Policy_Hist.Policy_Symbol, PMS_Master_Policy_Hist.Policy_Number, PMS_Master_Policy_Hist.Module_Number, PMS_Master_Policy_Hist.Policy_Location, PMS_Master_Policy_Hist.Company_Number, PMS_Master_Policy_Hist.Agency_Number, PMS_Master_Policy_Hist.New_Business_Entry_Date, PMS_Master_Policy_Hist.Policy_Entered_Date, PMS_Master_Policy_Hist.Policy_Effective_Date, PMS_Master_Policy_Hist.Policy_Effective_period, PMS_Master_Policy_Hist.Policy_Expiration_period, PMS_Master_Policy_Hist.Policy_Expiration_Date, PMS_Master_Policy_Hist.Policy_Installment_Term, PMS_Master_Policy_Hist.Policy_Number_Installments, PMS_Master_Policy_Hist.Policy_Renewal_Code, PMS_Master_Policy_Hist.Policy_Status, PMS_Master_Policy_Hist.Original_Inception, PMS_Master_Policy_Hist.Fairplan_ID, PMS_Master_Policy_Hist.Company_ID, PMS_Master_Policy_Hist.Lob_ID, PMS_Master_Policy_Hist.Lob_Group_Desc, PMS_Master_Policy_Hist.Lob_Desc, PMS_Master_Policy_Hist.Agency_Code, PMS_Master_Policy_Hist.Producer_Code, PMS_Master_Policy_Hist.Risk_State_Prov, PMS_Master_Policy_Hist.Risk_State, PMS_Master_Policy_Hist.Policy_Form, PMS_Master_Policy_Hist.Underwriter_Territory, PMS_Master_Policy_Hist.Underwriter_State, PMS_Master_Policy_Hist.Fairplan_Desc, PMS_Master_Policy_Hist.Company_Desc, PMS_Master_Policy_Hist.New_Renewal_Desc, PMS_Master_Policy_Hist.Insurance_Score, PMS_Master_Policy_Hist.Insurance_Score_Desc, PMS_Master_Policy_Hist.Insurance_Score_2, PMS_Master_Policy_Hist.Insurance_Score_Desc_2, PMS_Master_Policy_Hist.Insurance_Score_ID, PMS_Master_Policy_Hist.Insurance_Score_Year, PMS_Master_Policy_Hist.Insurance_Score_ID_2, PMS_Master_Policy_Hist.Insurance_Score_2_Year, PMS_Master_Policy_Hist.Secondary_Home_ID, PMS_Master_Policy_Hist.Secondary_Home_Desc, PMS_Master_Policy_Hist.Program, PMS_Master_Policy_Hist.Policy_Issue_Code, PMS_Master_Policy_Hist.Tier, PMS_Master_Policy_Hist.Blanket_Policy_Ind, PMS_Master_Policy_Hist.Status_Description, PMS_Master_Policy_Hist.md5_hash_value, PMS_Master_Policy_Hist.Row_Start_Dt, PMS_Master_Policy_Hist.Row_End_Dt, PMS_Master_Policy_Hist.Last_Upd_Dt, PMS_Master_Policy_Hist.BillingType, PMS_Master_Policy_Hist.Status_Desc, PMS_Master_Policy_Hist.Special_Use_Pos, PMS_Master_Policy_Hist.Formatted_Policy_Number, PMS_Master_Policy_Hist.Formatted_Module_Number, PMS_Master_Policy_Hist.Policy_Inception_Date \nFROM\n dbo.PMS_Master_Policy_Hist\nWHERE PMS_Master_Policy_Hist.Row_End_Dt = '9999-12-31'","isFileList":false,"handleSpecialChars":false,"handleDecimalRoundOff":false,"frsAsset":false,"dynamicFileName":false,"excludeDynamicFileNameField":false,"currentlyProcessedFileName":false,"retainFieldMetadata":false,"objectName":"DUMMY_SQ_PMS_Master_Policy_Hist","useExactSrcNames":false,"fetchMode":"ORIGINAL","tgtObjectAttributes":{},"runtimeParameterData":{"@type":"mtTaskRuntimeParameterData","isConnectionRuntimeParameter":true,"isObjectRuntimeParameter":false,"connectionParameterName":"DBConnection_SRC"},"overridableProperties":[],"overriddenFields":[]},{"@type":"mtTaskParameter","id":91799531,"name":"$msgr_pms_master_policy$","type":"TARGET","label":"DBConnection_TGT","description":"","uiProperties":{"cnxtype":"Amazon Redshift v2","connectionParameterized":"true","paramName":"DBConnection_TGT","paramLabel":"","paramType-mapping":"Connection","logcnx":"DBConnection_TGT","default":"dbo/msgr_pms_master_policy","objectParameterized":"false","visible":"false","defaultTargetUpdateColumns":"","supportApplyDDLChanges":"false","originalPath":"msgr_pms_master_policy"},"targetConnectionId":"@5Zcq1VmIGjxlaDWgHTaKA5","targetObject":"dbo/msgr_pms_master_policy","targetObjectLabel":"msgr_pms_master_policy","newFlatFile":false,"newObject":false,"showBusinessNames":true,"naturalOrder":true,"truncateTarget":false,"bulkApiDBTarget":false,"operationType":"Insert","customFuncCfg":{"@type":"customFuncConfig","id":-1,"connections":[],"inputMap":[],"outputFields":[]},"targetRefsV2":{},"targetUpdateColumns":[],"extendedObject":{"@type":"extendedObject","singleMode":true,"filters":[],"sortFields":[]},"runtimeAttrs":{},"isRESTModernSource":true,"isFileList":false,"handleSpecialChars":false,"handleDecimalRoundOff":false,"frsAsset":false,"dynamicFileName":false,"excludeDynamicFileNameField":false,"currentlyProcessedFileName":false,"retainFieldMetadata":false,"objectName":"dbo/msgr_pms_master_policy","objectLabel":"msgr_pms_master_policy","useExactSrcNames":false,"fetchMode":"ORIGINAL","tgtObjectAttributes":{},"runtimeParameterData":{"@type":"mtTaskRuntimeParameterData","isConnectionRuntimeParameter":true,"isObjectRuntimeParameter":false,"connectionParameterName":"DBConnection_TGT"},"overridableProperties":[],"overriddenFields":[]}],"sequences":[],"inOutParameters":[],"connRuntimeAttrs":[]}]