[{"@type":"mappingTemplate","id":"@1","name":"m_Update_Batch_Table","description":"","autoExpireObject":false,"bundleVersion":"0","assetFrsGuid":"dybQE45cGayicFepuSanCk","templateId":"@3","deployTime":1699033078000,"hasParameters":true,"valid":true,"fixedConnection":false,"hasParametersDeployed":false,"fixedConnectionDeployed":true,"isSchemaValidationEnabled":false,"tasks":2,"mappingPreviewFileRecordId":"@2","documentType":"MAPPING","allowMaxFieldLength":false,"specialCharacterSupport":false,"references":[]}]