[{"@type":"mtTask","id":"@1","name":"cdi_batch_load_summary_status_update","autoExpireObject":false,"runtimeEnvironmentId":"@3pADNCV9u0PcgrXjM7rx0t","maxLogs":10,"verbose":false,"lastRunTime":1748445563000,"mappingId":"@0CD118FEnpqglpecz18gqb","frsGuid":"3IEbhAVhJ6ZfmDBllbtOkp","sessionPropertiesList":[{"name":"Pushdown Optimization","value":"None","recommended":false},{"name":"Pushdown Optimization Context","value":"None","recommended":false},{"name":"Pushdown Optimization Fallback Option","value":"Partial PDO","recommended":false}],"hidden":false,"enableCrossSchemaPushdown":true,"enableParallelRun":true,"autoTunedApplied":false,"autoTunedAppliedType":"NONE","parameterFileName":"Andover_Param_ADM.param","parameterFileDir":"$PMRootDir/andover/parameters","paramFileType":"PARAM_FILE_LOCAL","schemaMode":"async","valid":true,"schemaValidationErrorCount":-1,"serverlessProperties":{},"taskProperties":[{"@type":"taskProperty","name":"parameterFileDir","currentValue":"$PMRootDir/andover/parameters","type":"STRING","label":"label.parameterFileDir","required":false},{"@type":"taskProperty","name":"parameterFileName","currentValue":"Andover_Param_ADM.param","type":"STRING","label":"label.parameterFileName","required":false},{"@type":"taskProperty","name":"outboundMessageUrlQueueTime","currentValue":"","type":"NUMBER","label":"label.outboundMessageUrlQueueTime","required":false},{"@type":"taskProperty","name":"outboundMessageUrlToken","currentValue":"","type":"STRING","label":"label.outboundMessageUrlToken","required":false}],"optimizationPlan":"NONE","isMidstreamPreview":false,"allowMaxFieldLength":false,"parameters":[{"@type":"mtTaskParameter","id":120487355,"name":"$src_get_max_batch_id$","type":"SOURCE","label":"DBConnection_UDM_SRC","description":"this is to connect to UDM redshift","uiProperties":{"cnxtype":"Amazon Redshift v2","connectionParameterized":"true","paramName":"DBConnection_UDM_SRC","paramLabel":"","paramType-mapping":"Connection","logcnx":"DBConnection_UDM_SRC","isSelectDistinct":"false","objectParameterized":"false","visible":"false","originalPath":"src_get_max_batch_id"},"sourceConnectionId":"@aYZ4ekzHgIPeKpiaoqDLKP","sourceObject":"DUMMY_src_get_max_batch_id","newFlatFile":false,"newObject":false,"showBusinessNames":true,"naturalOrder":true,"truncateTarget":false,"bulkApiDBTarget":false,"customFuncCfg":{"@type":"customFuncConfig","id":-1,"connections":[],"inputMap":[],"outputFields":[]},"targetRefsV2":{},"targetUpdateColumns":[],"runtimeAttrs":{},"isRESTModernSource":true,"customQuery":"select batch_load_summary_row_id,target_table_name,batch_id  from metal.batch_load_summary\nwhere batch_id \nin \n(\nSELECT MAX(batch_id) AS batch_id  from metal.batch_load_summary\nWHERE \nsource_system_code = 'ADM' AND \nbatch_status = 'Inprogress' AND\n target_table_name = '$$target_table_name' AND batch_end_Datetime IS NULL\n  GROUP BY target_table_name\n  )\nand batch_end_Datetime IS NULL and target_table_name = '$$target_table_name';","commandType":0,"isFileList":false,"handleSpecialChars":false,"handleDecimalRoundOff":false,"frsAsset":false,"dynamicFileName":false,"excludeDynamicFileNameField":false,"currentlyProcessedFileName":false,"retainFieldMetadata":false,"objectName":"DUMMY_src_get_max_batch_id","useExactSrcNames":false,"userUpdated":true,"fetchMode":"ORIGINAL","tgtObjectAttributes":{},"runtimeParameterData":{"@type":"mtTaskRuntimeParameterData","isConnectionRuntimeParameter":true,"isObjectRuntimeParameter":false,"connectionParameterName":"DBConnection_UDM_SRC"},"overridableProperties":[],"overriddenFields":[]},{"@type":"mtTaskParameter","id":120487356,"name":"$tgt_batch_table_load$","type":"TARGET","label":"tgt_batch_table_load","uiProperties":{"connectionParameterized":"false","objectParameterized":"false","visible":"false","defaultTargetUpdateColumns":"batch_id,target_table_name,batch_load_summary_row_id,source_system_code","supportApplyDDLChanges":"false","originalPath":"tgt_batch_table_load"},"targetConnectionId":"@aYZ4ekzHgIPeKpiaoqDLKP","targetObject":"metal/batch_load_summary","targetObjectLabel":"metal/batch_load_summary","newFlatFile":false,"newObject":false,"showBusinessNames":false,"naturalOrder":true,"truncateTarget":false,"bulkApiDBTarget":false,"operationType":"Update","customFuncCfg":{"@type":"customFuncConfig","id":-1,"connections":[],"inputMap":[],"outputFields":[]},"targetRefsV2":{},"targetUpdateColumns":["batch_id","target_table_name","batch_load_summary_row_id","source_system_code"],"extendedObject":{"@type":"extendedObject","singleMode":true,"filters":[],"sortFields":[]},"runtimeAttrs":{},"isRESTModernSource":true,"commandType":0,"isFileList":false,"handleSpecialChars":false,"handleDecimalRoundOff":false,"frsAsset":false,"dynamicFileName":false,"excludeDynamicFileNameField":false,"currentlyProcessedFileName":false,"retainFieldMetadata":false,"objectName":"metal/batch_load_summary","objectLabel":"metal/batch_load_summary","useExactSrcNames":false,"userUpdated":true,"fetchMode":"ORIGINAL","tgtObjectAttributes":{},"runtimeParameterData":{"@type":"mtTaskRuntimeParameterData","isConnectionRuntimeParameter":false,"isObjectRuntimeParameter":false},"overridableProperties":[],"targetSchemaProviderType":"SELECTED_OBJECT","dbSchema":"","overriddenFields":[]}],"sequences":[],"inOutParameters":[{"@type":"mtTaskInOutParameter","id":"-1","name":"metal_schema","description":"","initialValue":"metal","datatype":"STRING","precision":"10","scale":"0","retentionPolicy":"ON_SUCCESS_OR_WARNING","aggregationType":"MAX","currentValue":"metal"},{"@type":"mtTaskInOutParameter","id":"-1","name":"batch_status","description":"","initialValue":"'Success'","datatype":"STRING","precision":"10","scale":"0","retentionPolicy":"ON_SUCCESS_OR_WARNING","aggregationType":"MAX","currentValue":"1"},{"@type":"mtTaskInOutParameter","id":"-1","name":"target_table_name","description":"","initialValue":"adm_t_agency","datatype":"STRING","precision":"100","scale":"0","retentionPolicy":"ON_SUCCESS_OR_WARNING","aggregationType":"MAX","currentValue":"adm_t_agency"}],"connRuntimeAttrs":[]}]