[{"@type":"mappingTemplate","id":"@1","name":"cdi_map_adm_producer_license_metal_stg_load","description":"","autoExpireObject":false,"bundleVersion":"0","assetFrsGuid":"2LYIYdqXw7XfrVNNSKH5gq","templateId":"@3","deployTime":1749569405000,"hasParameters":true,"valid":true,"fixedConnection":false,"hasParametersDeployed":true,"fixedConnectionDeployed":false,"isSchemaValidationEnabled":false,"tasks":1,"mappingPreviewFileRecordId":"@2","documentType":"MAPPING","allowMaxFieldLength":false,"references":[]}]