[{"@type":"mappingTemplate","id":"@1","name":"m_PMS_Master_Risk_Detail_SQL_SERVER_TO_Redshift","description":"","autoExpireObject":false,"bundleVersion":"0","assetFrsGuid":"3RkSX5j1NrgeAhIDTOLysB","templateId":"@3","deployTime":1720705257000,"hasParameters":true,"valid":true,"fixedConnection":false,"hasParametersDeployed":true,"fixedConnectionDeployed":false,"isSchemaValidationEnabled":false,"tasks":1,"mappingPreviewFileRecordId":"@2","documentType":"MAPPING","allowMaxFieldLength":false,"references":[]}]