[{"@type":"mappingTemplate","id":"@1","name":"m_usp_add_filedate_rm_dup","description":"Executes stored procedure dbo.usp_add_filedate_rm_dup","autoExpireObject":false,"bundleVersion":"0","assetFrsGuid":"5RK4eIb2SzSd9URgB9eBaD","templateId":"@3","deployTime":1701356410000,"hasParameters":true,"valid":true,"fixedConnection":false,"hasParametersDeployed":true,"fixedConnectionDeployed":false,"isSchemaValidationEnabled":false,"tasks":1,"mappingPreviewFileRecordId":"@2","documentType":"MAPPING","allowMaxFieldLength":false,"specialCharacterSupport":false,"references":[]}]