[{"@type":"mappingTemplate","id":"@1","name":"cdi_map_adm_termination_guidewire_metal_stg_load","description":"Mapping to load the terminationguidewire table from the ADM database to the corresponding table in the metal layer in Redshift database","autoExpireObject":false,"bundleVersion":"0","assetFrsGuid":"0xSCQnJnJXBdSvNVcoiNOx","templateId":"@3","deployTime":1751557047000,"hasParameters":true,"valid":true,"fixedConnection":false,"hasParametersDeployed":true,"fixedConnectionDeployed":false,"isSchemaValidationEnabled":false,"tasks":1,"mappingPreviewFileRecordId":"@2","documentType":"MAPPING","allowMaxFieldLength":false,"specialCharacterSupport":false,"references":[]}]