[{"@type":"mappingTemplate","id":"@1","name":"m_Load_Risk_stg_to_Master_Risk_Ld_1","description":"","autoExpireObject":false,"bundleVersion":"0","assetFrsGuid":"5GmLM523mSpkNF1j8FGDoy","templateId":"@3","deployTime":1736355975000,"hasParameters":true,"valid":false,"fixedConnection":true,"hasParametersDeployed":true,"fixedConnectionDeployed":true,"isSchemaValidationEnabled":false,"tasks":1,"mappingPreviewFileRecordId":"@2","documentType":"MAPPING","allowMaxFieldLength":false,"specialCharacterSupport":false,"references":[{"@type":"reference","refObjectId":"@iBbwdyOJOiHlfSqg9KSc2G","refType":"mappletTemplate"},{"@type":"reference","refObjectId":"@aYZ4ekzHgIPeKpiaoqDLKP","refType":"connection"}]}]