[{"@type":"mappingTemplate","id":"@1","name":"m_load_AgencyQuote_from_Staging","description":"","autoExpireObject":false,"bundleVersion":"0","assetFrsGuid":"gw7tjwV8OUBkGTIyRIR6Yh","templateId":"@3","deployTime":1720706193000,"hasParameters":true,"valid":true,"fixedConnection":false,"hasParametersDeployed":true,"fixedConnectionDeployed":false,"isSchemaValidationEnabled":false,"tasks":1,"mappingPreviewFileRecordId":"@2","documentType":"","allowMaxFieldLength":false,"specialCharacterSupport":false,"references":[]}]