[{"@type":"mtTask","id":"@1","name":"s_m_Load_Examiner_To_Examiner_Stg","description":"Session pushed from PC to ICS : s_m_Load_Examiner_To_Examiner_Stg","runtimeEnvironmentId":"@3pADNCV9u0PcgrXjM7rx0t","maxLogs":10,"verbose":false,"lastRunTime":1714674134000,"mappingId":"@fDXkXXNSMY7dqJYG7of4OR","frsGuid":"80FKekKAJOabRDVvj6GLqZ","shortDescription":"Session pushed from PC to ICS : s_m_Load_Examiner_...","sessionPropertiesList":[{"name":"Allow Temporary Sequence for Pushdown","value":"NO","recommended":false},{"name":"Allow Temporary View for Pushdown","value":"NO","recommended":false},{"name":"Cache LOOKUP() function","value":"YES","recommended":false},{"name":"Commit On End Of File","value":"YES","recommended":false},{"name":"Data Column Delimiter","value":"|","recommended":false},{"name":"Error Log File Name","value":"PMError.log","recommended":false},{"name":"Log Row Data","value":"YES","recommended":false},{"name":"Override tracing","value":"Normal","recommended":false},{"name":"Pushdown Optimization","value":"None","recommended":false},{"name":"Pushdown Optimization Context","value":"None","recommended":false},{"name":"Pushdown Optimization Fallback Option","value":"Partial PDO","recommended":false},{"name":"Stop on errors","value":"1","recommended":false}],"hidden":false,"enableCrossSchemaPushdown":false,"enableParallelRun":false,"autoTunedApplied":false,"autoTunedAppliedType":"NONE","parameterFileName":"Andover_Param_GW.param","parameterFileDir":"$PMRootDir/andover/parameters","paramFileType":"PARAM_FILE_LOCAL","schemaMode":"async","valid":true,"schemaValidationErrorCount":-1,"serverlessProperties":{},"taskProperties":[{"@type":"taskProperty","name":"parameterFileDir","currentValue":"$PMRootDir/andover/parameters","type":"STRING","label":"label.parameterFileDir","required":false},{"@type":"taskProperty","name":"parameterFileName","currentValue":"Andover_Param_GW.param","type":"STRING","label":"label.parameterFileName","required":false},{"@type":"taskProperty","name":"outboundMessageUrlQueueTime","currentValue":"","type":"NUMBER","label":"label.outboundMessageUrlQueueTime","required":false},{"@type":"taskProperty","name":"outboundMessageUrlToken","currentValue":"","type":"STRING","label":"label.outboundMessageUrlToken","required":false}],"isMidstreamPreview":false,"parameters":[{"@type":"mtTaskParameter","id":82855006,"name":"$Src_allcontacts$","type":"SOURCE","label":"DBConnection_SRCM","description":"","uiProperties":{"cnxtype":"MySQL","connectionParameterized":"true","paramName":"DBConnection_SRCM","paramLabel":"","paramType-mapping":"Connection","logcnx":"DBConnection_SRCM","isSelectDistinct":"false","objectParameterized":"false","visible":"false","originalPath":"Src_allcontacts"},"sourceConnectionId":"@jPo49nVatmzbSnPefVZwCV","sourceObject":"DUMMY_Src_allcontacts","newFlatFile":false,"newObject":false,"showBusinessNames":true,"naturalOrder":true,"truncateTarget":false,"bulkApiDBTarget":false,"customFuncCfg":{"@type":"customFuncConfig","id":-1,"connections":[],"inputMap":[],"outputFields":[]},"targetRefsV2":{},"targetUpdateColumns":[],"runtimeAttrs":{},"isRESTModernSource":true,"customQuery":"select distinct a.ClaimNumber,c.sourcecd,c.CommercialName,\na.examinerproviderref,c.sourcetypecd from claim a,provider b,allcontacts c \nwhere a.examinerproviderref = b.systemid and a.cmmcontainer = 'claim' and b.cmmcontainer = 'provider'\nand a.typecd = 'claim' and b.providernumber = c.sourcecd and c.sourcetypecd = 'Examiner'\nand a.systemid in (select SystemId from advrxxchangedbeans where concat(adddt,addtm)>='$$m_strtdt' and concat(adddt,addtm) <='$$m_Enddt' and\n cmmcontainer='Claim')  and a.CMMContainer='Claim'","isFileList":false,"handleSpecialChars":false,"handleDecimalRoundOff":false,"frsAsset":false,"dynamicFileName":false,"excludeDynamicFileNameField":false,"currentlyProcessedFileName":false,"retainFieldMetadata":false,"objectName":"DUMMY_Src_allcontacts","useExactSrcNames":false,"tgtObjectAttributes":{},"runtimeParameterData":{"@type":"mtTaskRuntimeParameterData","isConnectionRuntimeParameter":true,"isObjectRuntimeParameter":false,"connectionParameterName":"DBConnection_SRCM"},"overridableProperties":[],"overriddenFields":[]},{"@type":"mtTaskParameter","id":82855007,"name":"$Tgt_Examiner_Stg$","type":"TARGET","label":"DBConnection_TGT","description":"","uiProperties":{"cnxtype":"Amazon Redshift v2","connectionParameterized":"true","paramName":"DBConnection_TGT","paramLabel":"","paramType-mapping":"Connection","logcnx":"DBConnection_TGT","default":"dbo/examiner_stg","objectParameterized":"false","visible":"false","defaultTargetUpdateColumns":"","supportApplyDDLChanges":"false","originalPath":"Tgt_Examiner_Stg"},"targetConnectionId":"@aYZ4ekzHgIPeKpiaoqDLKP","targetObject":"dbo/examiner_stg","targetObjectLabel":"examiner_stg","newFlatFile":false,"newObject":false,"showBusinessNames":true,"naturalOrder":true,"truncateTarget":false,"bulkApiDBTarget":false,"operationType":"Insert","customFuncCfg":{"@type":"customFuncConfig","id":-1,"connections":[],"inputMap":[],"outputFields":[]},"targetRefsV2":{},"targetUpdateColumns":[],"extendedObject":{"@type":"extendedObject","singleMode":true,"filters":[],"sortFields":[]},"runtimeAttrs":{"Temporary Credential Duration":"7200"},"oprRuntimeAttrs":{"temporaryCredentialDuration":"7200"},"isRESTModernSource":true,"isFileList":false,"handleSpecialChars":false,"handleDecimalRoundOff":false,"frsAsset":false,"dynamicFileName":false,"excludeDynamicFileNameField":false,"currentlyProcessedFileName":false,"retainFieldMetadata":false,"objectName":"dbo/examiner_stg","objectLabel":"examiner_stg","useExactSrcNames":false,"tgtObjectAttributes":{"parent":""},"runtimeParameterData":{"@type":"mtTaskRuntimeParameterData","isConnectionRuntimeParameter":true,"isObjectRuntimeParameter":false,"connectionParameterName":"DBConnection_TGT"},"overridableProperties":[],"targetSchemaProviderType":"SELECTED_OBJECT","overriddenFields":[]}],"sequences":[],"inOutParameters":[{"@type":"mtTaskInOutParameter","id":"-1","name":"m_strtdt","description":"where systemid in (select SystemId from advrxxchangedbeans where concat(adddt,addtm)>='$$m_strtdt' and concat(adddt,addtm) <='$$m_Enddt' and\r\n cmmcontainer='Claim')  and CMMContainer='Claim'","initialValue":"","datatype":"STRING","precision":"120","scale":"0","retentionPolicy":"NEVER","aggregationType":"MAX","currentValue":""},{"@type":"mtTaskInOutParameter","id":"-1","name":"m_Enddt","description":"m_strtdt","initialValue":"","datatype":"STRING","precision":"120","scale":"0","retentionPolicy":"NEVER","aggregationType":"MAX","currentValue":""}],"connRuntimeAttrs":[]}]