[{"@type":"mappingTemplate","id":"@1","name":"cdi_map_stp_validated_data_silver_load","description":"","autoExpireObject":false,"bundleVersion":"0","assetFrsGuid":"a0BZWldFocFkNUiiWPrRuA","templateId":"@3","hasParameters":true,"valid":true,"fixedConnection":false,"hasParametersDeployed":false,"fixedConnectionDeployed":false,"isSchemaValidationEnabled":false,"tasks":0,"mappingPreviewFileRecordId":"@2","documentType":"MAPPING","allowMaxFieldLength":false,"specialCharacterSupport":false,"references":[{"@type":"reference","refObjectId":"@eAe8FJ9fmcAd2s1AZZDNWL","refType":"mappletTemplate","refObjInSync":"true"}]}]