[{"@type":"mappingTemplate","id":"@1","name":"cdi_map_adm_agency_notes_metal_stg_load","description":"","autoExpireObject":false,"bundleVersion":"0","assetFrsGuid":"77LmmhWRqmHbvZkvegEqqh","templateId":"@3","deployTime":1749491364000,"hasParameters":true,"valid":true,"fixedConnection":false,"hasParametersDeployed":true,"fixedConnectionDeployed":false,"isSchemaValidationEnabled":false,"tasks":1,"mappingPreviewFileRecordId":"@2","documentType":"MAPPING","allowMaxFieldLength":false,"references":[]}]