[{"@type":"mtTask","id":"@1","name":"s_m_Load_TransactionHistory_Stg_From_TransactionHistory","description":"Session pushed from PC to ICS : s_m_Load_TransactionHistory_Stg_From_TransactionHistory","runtimeEnvironmentId":"@3pADNCV9u0PcgrXjM7rx0t","maxLogs":10,"verbose":false,"lastRunTime":1714674133000,"mappingId":"@i4PelR2E4YxdbcCyu4T9kC","frsGuid":"2NVrViSFkIFlqV0ZGo5ooi","shortDescription":"Session pushed from PC to ICS : s_m_Load_Transacti...","sessionPropertiesList":[{"name":"Allow Temporary Sequence for Pushdown","value":"NO","recommended":false},{"name":"Allow Temporary View for Pushdown","value":"NO","recommended":false},{"name":"Cache LOOKUP() function","value":"YES","recommended":false},{"name":"Commit On End Of File","value":"YES","recommended":false},{"name":"Data Column Delimiter","value":"|","recommended":false},{"name":"Error Log File Name","value":"PMError.log","recommended":false},{"name":"Log Row Data","value":"YES","recommended":false},{"name":"Override tracing","value":"Normal","recommended":false},{"name":"Pushdown Optimization","value":"None","recommended":false},{"name":"Pushdown Optimization Context","value":"None","recommended":false},{"name":"Pushdown Optimization Fallback Option","value":"Partial PDO","recommended":false},{"name":"Stop on errors","value":"1","recommended":false}],"hidden":false,"enableCrossSchemaPushdown":false,"enableParallelRun":false,"autoTunedApplied":false,"autoTunedAppliedType":"NONE","parameterFileName":"Andover_Param_GW.param","parameterFileDir":"$PMRootDir/andover/parameters","paramFileType":"PARAM_FILE_LOCAL","schemaMode":"async","valid":true,"schemaValidationErrorCount":-1,"serverlessProperties":{},"taskProperties":[{"@type":"taskProperty","name":"parameterFileDir","currentValue":"$PMRootDir/andover/parameters","type":"STRING","label":"label.parameterFileDir","required":false},{"@type":"taskProperty","name":"parameterFileName","currentValue":"Andover_Param_GW.param","type":"STRING","label":"label.parameterFileName","required":false},{"@type":"taskProperty","name":"outboundMessageUrlQueueTime","currentValue":"","type":"NUMBER","label":"label.outboundMessageUrlQueueTime","required":false},{"@type":"taskProperty","name":"outboundMessageUrlToken","currentValue":"","type":"STRING","label":"label.outboundMessageUrlToken","required":false}],"isMidstreamPreview":false,"parameters":[{"@type":"mtTaskParameter","id":82850271,"name":"$Src_transactionhistory$","type":"SOURCE","label":"DBConnection_SRCM","description":"","uiProperties":{"cnxtype":"MySQL","connectionParameterized":"true","paramName":"DBConnection_SRCM","paramLabel":"","paramType-mapping":"Connection","logcnx":"DBConnection_SRCM","isSelectDistinct":"false","objectParameterized":"false","visible":"false","originalPath":"Src_transactionhistory"},"sourceConnectionId":"@jPo49nVatmzbSnPefVZwCV","sourceObject":"DUMMY_Src_transactionhistory","sourceObjectLabel":"DUMMY_Src_transactionhistory","newFlatFile":false,"newObject":false,"showBusinessNames":true,"naturalOrder":true,"truncateTarget":false,"bulkApiDBTarget":false,"customFuncCfg":{"@type":"customFuncConfig","id":-1,"connections":[],"inputMap":[],"outputFields":[]},"targetRefsV2":{},"targetUpdateColumns":[],"runtimeAttrs":{"Sql Override":"SELECT transactionhistory.SystemId,\n       transactionhistory.ParentId,\n       transactionhistory.CMMContainer,\n       transactionhistory.Id,\n       transactionhistory.TransactionCd,\n       transactionhistory.TransactionEffectiveDt,\n       transactionhistory.TransactionEffectiveTm,\n       transactionhistory.TransactionUser,\n       transactionhistory.TransactionDt,\n       transactionhistory.TransactionTm,\n       transactionhistory.TransactionLongDescription,\n       transactionhistory.TransactionShortDescription,\n       transactionhistory.TransactionNumber,\n       transactionhistory.SubmissionNumber,\n       transactionhistory.InforcePremiumAmt,\n       transactionhistory.InforceChangePremiumAmt,\n       transactionhistory.WrittenPremiumAmt,\n       transactionhistory.WrittenChangePremiumAmt,\n       transactionhistory.CancelTypeCd,\n       transactionhistory.CancelRequestedByCd,\n       transactionhistory.RewriteToProductVersion,\n       transactionhistory.PremiumCalculationDt,\n       transactionhistory.NewPolicyEffectiveDt,\n       transactionhistory.NewPolicyExpirationDt,\n       transactionhistory.ReleaseHoldReason,\n       transactionhistory.ChangeInfoRef,\n       transactionhistory.BookDt,\n       transactionhistory.MasterTransactionNumber,\n       transactionhistory.ReplacedByTransactionNumber,\n       transactionhistory.ReplacementOfTransactionNumber,\n       transactionhistory.UnAppliedByTransactionNumber,\n       transactionhistory.UnApplyOfTransactionNumber,\n       transactionhistory.StatProcessedInd,\n       transactionhistory.OutputTypeCd,\n       transactionhistory.ApplicationRef,\n       transactionhistory.HoldType,\n       transactionhistory.SourceCd,\n       transactionhistory.DelayInvoiceInd,\n       transactionhistory.PaymentTypeCd,\n       transactionhistory.CheckNumber,\n       transactionhistory.PaymentAmt,\n       transactionhistory.ConversionGroup,\n       transactionhistory.ConversionTemplateIdRef,\n       transactionhistory.ConversionJobRef,\n       transactionhistory.RenewalProviderRef,\n       transactionhistory.RenewalSubProducerCd,\n       transactionhistory.WrittenFeeAmt,\n       transactionhistory.WrittenCommissionFeeAmt,\n       transactionhistory.TransactionCommissionAmt,\n       transactionhistory.FutureTermAutoTransactionInd,\n       transactionhistory.UnapplySource,\n       transactionhistory.ChargeReinstatementFeeInd,\n       transactionhistory.ReferenceNumber,\n       transactionhistory.RowId\nFROM transactionhistory transactionhistory\n\t\t\t\t\t\t\t\t\t\t\t\t\t\t \n\t\t\t\t\t\t\t\t\t\t\t\t\t\t\t\t\t\t\t\t\t\n\t\t\t\t\t\t\t\t\t\t\t\t\t\t\t\t\t\t\t\t\t\t\nwhere (bookdt >= '$$M_StartDt' and bookdt < '$$m_Enddt')\n\t\t\t\t\t\t\t\t\t\t ","Pre SQL":"","Post SQL":"","Schema Name":""},"isRESTModernSource":true,"customQuery":"SELECT distinct transactionhistory.SystemId, transactionhistory.ParentId, transactionhistory.CMMContainer, transactionhistory.Id, transactionhistory.TransactionCd, transactionhistory.TransactionEffectiveDt, transactionhistory.TransactionEffectiveTm, transactionhistory.TransactionUser, transactionhistory.TransactionDt, transactionhistory.TransactionTm, transactionhistory.TransactionLongDescription, transactionhistory.TransactionShortDescription, transactionhistory.TransactionNumber, transactionhistory.SubmissionNumber, transactionhistory.InforcePremiumAmt, transactionhistory.InforceChangePremiumAmt, transactionhistory.WrittenPremiumAmt, transactionhistory.WrittenChangePremiumAmt, transactionhistory.CancelTypeCd, transactionhistory.CancelRequestedByCd, transactionhistory.RewriteToProductVersion, transactionhistory.PremiumCalculationDt, transactionhistory.NewPolicyEffectiveDt, transactionhistory.NewPolicyExpirationDt, transactionhistory.ReleaseHoldReason, transactionhistory.ChangeInfoRef, transactionhistory.BookDt, transactionhistory.MasterTransactionNumber, transactionhistory.ReplacedByTransactionNumber, transactionhistory.ReplacementOfTransactionNumber, transactionhistory.UnAppliedByTransactionNumber, transactionhistory.UnApplyOfTransactionNumber, transactionhistory.StatProcessedInd, transactionhistory.OutputTypeCd, transactionhistory.ApplicationRef, transactionhistory.HoldType, transactionhistory.SourceCd, transactionhistory.DelayInvoiceInd, transactionhistory.PaymentTypeCd, transactionhistory.CheckNumber, transactionhistory.PaymentAmt, transactionhistory.ConversionGroup, transactionhistory.ConversionTemplateIdRef, transactionhistory.ConversionJobRef, transactionhistory.RenewalProviderRef, transactionhistory.RenewalSubProducerCd, transactionhistory.WrittenFeeAmt, transactionhistory.WrittenCommissionFeeAmt, transactionhistory.TransactionCommissionAmt, transactionhistory.FutureTermAutoTransactionInd, transactionhistory.UnapplySource, transactionhistory.ChargeReinstatementFeeInd, transactionhistory.ReferenceNumber, transactionhistory.RowId \nFROM\n transactionhistory  transactionhistory inner join advrxxchangedbeans advrxxchangedbeans\non transactionhistory.Systemid=advrxxchangedbeans.Systemid\nand transactionhistory.cmmcontainer=advrxxchangedbeans.cmmcontainer\nwhere concat(adddt,addtm)>='$$M_StartDt' and concat(adddt,addtm) <='$$M_EndDt'","isFileList":false,"handleSpecialChars":false,"handleDecimalRoundOff":false,"frsAsset":false,"dynamicFileName":false,"excludeDynamicFileNameField":false,"currentlyProcessedFileName":false,"retainFieldMetadata":false,"objectName":"DUMMY_Src_transactionhistory","objectLabel":"DUMMY_Src_transactionhistory","useExactSrcNames":false,"tgtObjectAttributes":{},"runtimeParameterData":{"@type":"mtTaskRuntimeParameterData","isConnectionRuntimeParameter":true,"isObjectRuntimeParameter":false,"connectionParameterName":"DBConnection_SRCM"},"overridableProperties":[],"overriddenFields":[]},{"@type":"mtTaskParameter","id":82850272,"name":"$Tgt_transactionhistory_stg$","type":"TARGET","label":"DBConnection_TGT","description":"","uiProperties":{"cnxtype":"Amazon Redshift v2","connectionParameterized":"true","paramName":"DBConnection_TGT","paramLabel":"","paramType-mapping":"Connection","logcnx":"DBConnection_TGT","default":"dbo/transactionhistory_stg","objectParameterized":"false","visible":"false","defaultTargetUpdateColumns":"","supportApplyDDLChanges":"false","originalPath":"Tgt_transactionhistory_stg"},"targetConnectionId":"@aYZ4ekzHgIPeKpiaoqDLKP","targetObject":"dbo/transactionhistory_stg","targetObjectLabel":"transactionhistory_stg","newFlatFile":false,"newObject":false,"showBusinessNames":true,"naturalOrder":true,"truncateTarget":false,"bulkApiDBTarget":false,"operationType":"Insert","customFuncCfg":{"@type":"customFuncConfig","id":-1,"connections":[],"inputMap":[],"outputFields":[]},"targetRefsV2":{},"targetUpdateColumns":[],"extendedObject":{"@type":"extendedObject","singleMode":true,"filters":[],"sortFields":[]},"runtimeAttrs":{"Temporary Credential Duration":"7200"},"oprRuntimeAttrs":{"temporaryCredentialDuration":"7200"},"isRESTModernSource":true,"isFileList":false,"handleSpecialChars":false,"handleDecimalRoundOff":false,"frsAsset":false,"dynamicFileName":false,"excludeDynamicFileNameField":false,"currentlyProcessedFileName":false,"retainFieldMetadata":false,"objectName":"dbo/transactionhistory_stg","objectLabel":"transactionhistory_stg","useExactSrcNames":false,"tgtObjectAttributes":{},"runtimeParameterData":{"@type":"mtTaskRuntimeParameterData","isConnectionRuntimeParameter":true,"isObjectRuntimeParameter":false,"connectionParameterName":"DBConnection_TGT"},"overridableProperties":[],"targetSchemaProviderType":"SELECTED_OBJECT","overriddenFields":[]}],"sequences":[],"inOutParameters":[{"@type":"mtTaskInOutParameter","id":"-1","name":"M_StartDt","description":"","initialValue":"","datatype":"STRING","precision":"120","scale":"0","retentionPolicy":"NEVER","aggregationType":"MAX","currentValue":""},{"@type":"mtTaskInOutParameter","id":"-1","name":"M_EndDt","description":"","initialValue":"","datatype":"STRING","precision":"120","scale":"0","retentionPolicy":"NEVER","aggregationType":"MAX","currentValue":""}],"connRuntimeAttrs":[]}]