[{"@type":"mappingTemplate","id":"@1","name":"m_metal_load_template","description":"","autoExpireObject":false,"bundleVersion":"0","assetFrsGuid":"gORiM6EYY4mlEYhvJShUe2","templateId":"@3","deployTime":1766595693000,"hasParameters":true,"valid":true,"fixedConnection":false,"hasParametersDeployed":true,"fixedConnectionDeployed":false,"isSchemaValidationEnabled":false,"tasks":0,"mappingPreviewFileRecordId":"@2","documentType":"MAPPING","allowMaxFieldLength":false,"specialCharacterSupport":false,"references":[]}]