[{"@type":"mappingTemplate","id":"@1","name":"m_Loading_dim_policy","description":"Objective: Union policy data from both PMS and GW systems into dim_policy while maintaining it as SCD1 with incremental ETL.\n\nStep 1: Pull data from each system which are updated or needs to be inserted\n\nGW System\n- Combine the latest inspection date from attachment details to the policy table\n- Use LatestAgentData_CTE to get distinct agency-related information\n- Use LatestAccountDetail_CTE for billing type\n- LatestAttachmentDetails_CTE provides the latest inspection data\n- Policydetail is used to pull policy-related data\n- Insureddetail is used to fetch customer insured-related data\n- dim_insurancescore is used for insurance score\n\nPMS System\n- PMS_Master_Policy_Hist is used to fetch the columns used in MSGR\n- LatestInspection is used to pull the latest inspection date\n- PMS_Master_Insured is used for customer insured-related data\n- Joining other lookup tables like RenewalCode_Ref and LOB_Ref\n\nStep 2: Create field expressions to populate the ETL audit fields and update flag_U_D\n- Audit fields are updated to track ETL activity\n\nStep 3: Union transformation to combine data from both systems\n\nStep 4: Target: Insert the transformed data into dim_policy\n","bundleVersion":"0","templateId":"@3","hasParameters":true,"valid":true,"fixedConnection":false,"hasParametersDeployed":false,"fixedConnectionDeployed":false,"isSchemaValidationEnabled":false,"tasks":1,"mappingPreviewFileRecordId":"@2","documentType":"MAPPING","references":[]}]