[{"@type":"mtTask","id":"@1","name":"s_m_Audit_Load_Balancing_SRC_to_STG_Ld","description":"Session pushed from PC to ICS : s_m_Audit_Load_Balancing_SRC_to_STG_Ld","runtimeEnvironmentId":"@3pADNCV9u0PcgrXjM7rx0t","maxLogs":10,"verbose":false,"mappingId":"@3dZQfnuAV6aku3geCWH38h","frsGuid":"2QUm35ZdAZ3exa0CcqJJCA","shortDescription":"Session pushed from PC to ICS : s_m_Audit_Load_Bal...","sessionPropertiesList":[{"name":"Allow Temporary Sequence for Pushdown","value":"NO","recommended":false},{"name":"Allow Temporary View for Pushdown","value":"NO","recommended":false},{"name":"Data Column Delimiter","value":"|","recommended":false},{"name":"Error Log File Name","value":"PMError.log","recommended":false},{"name":"Pushdown Optimization","value":"None","recommended":false}],"hidden":false,"enableCrossSchemaPushdown":false,"enableParallelRun":false,"autoTunedApplied":false,"autoTunedAppliedType":"NONE","schemaMode":"async","valid":true,"schemaValidationErrorCount":-1,"serverlessProperties":{},"taskProperties":[{"@type":"taskProperty","name":"parameterFileDir","currentValue":"","type":"STRING","label":"label.parameterFileDir","required":false},{"@type":"taskProperty","name":"parameterFileName","currentValue":"","type":"STRING","label":"label.parameterFileName","required":false}],"jobPriority":"MEDIUM","optimizationPlan":"NONE","isMidstreamPreview":false,"parameters":[{"@type":"mtTaskParameter","id":71894501,"name":"$SQ_Load_Balancing_Src_to_Import$","type":"SOURCE","label":"SQ_Load_Balancing_Src_to_Import","uiProperties":{"cnxtype":"SqlServer","connectionParameterized":"true","paramName":"DBConnection_TGT","paramLabel":"","paramType-mapping":"Connection","logcnx":"DBConnection_TGT","isSelectDistinct":"false","objectParameterized":"false","visible":"false","isCustomQueryRetainMetaData":"true","originalPath":"SQ_Load_Balancing_Src_to_Import"},"sourceConnectionId":"@aYZ4ekzHgIPeKpiaoqDLKP","sourceObject":"DUMMY_SQ_Load_Balancing_Src_to_Import","newFlatFile":false,"newObject":false,"showBusinessNames":true,"naturalOrder":true,"truncateTarget":false,"bulkApiDBTarget":false,"srcFFAttrs":{"@type":"flatFileAttrs","id":11078842,"delimiter":"|","textQualifier":"NONE","escapeChar":"","headerLineNo":1,"firstDataRow":2,"rowDelimiter":0,"consecutiveDelimiter":false,"multiDelimitersAsAnd":true},"customFuncCfg":{"@type":"customFuncConfig","id":-1,"connections":[],"inputMap":[],"outputFields":[]},"targetRefsV2":{},"targetUpdateColumns":[],"runtimeAttrs":{},"isRESTModernSource":true,"customQuery":"SELECT Load_Balancing_Src_to_Import.GW_Policy_Count, Load_Balancing_Src_to_Import.GW_Claim_count, Load_Balancing_Src_to_Import.GW_MTDWrittenPremiumAmt, Load_Balancing_Src_to_Import.GW_MTDEarnedPremiumAmount, Load_Balancing_Src_to_Import.GW_LossExpense, Load_Balancing_Src_to_Import.GW_LossPaid, Load_Balancing_Src_to_Import.Import_Policy_Count, Load_Balancing_Src_to_Import.Import_Claim_count, Load_Balancing_Src_to_Import.Import_MTDWrittenPremiumAmt, Load_Balancing_Src_to_Import.Import_MTDEarnedPremiumAmount, Load_Balancing_Src_to_Import.Import_LossExpense, Load_Balancing_Src_to_Import.Import_LossPaid, Load_Balancing_Src_to_Import.Variance_Policy_Count, Load_Balancing_Src_to_Import.Variance_Claim_count, Load_Balancing_Src_to_Import.Variance_MTDWrittenPremiumAmt, Load_Balancing_Src_to_Import.Variance_MTDEarnedPremiumAmount, Load_Balancing_Src_to_Import.Variance_LossExpense, Load_Balancing_Src_to_Import.Variance_LossPaid, Load_Balancing_Src_to_Import.RowInsDt \r\nFROM\r\n Load_Balancing_Src_to_Import  where \r\nRowinsdt in (select max(Rowinsdt) from Load_Balancing_Src_to_Import)","isFileList":false,"handleSpecialChars":false,"handleDecimalRoundOff":false,"frsAsset":false,"dynamicFileName":false,"excludeDynamicFileNameField":false,"currentlyProcessedFileName":false,"retainFieldMetadata":false,"objectName":"DUMMY_SQ_Load_Balancing_Src_to_Import","useExactSrcNames":false,"fetchMode":"ORIGINAL","tgtObjectAttributes":{},"runtimeParameterData":{"@type":"mtTaskRuntimeParameterData","isConnectionRuntimeParameter":true,"isObjectRuntimeParameter":false,"connectionParameterName":"DBConnection_TGT"},"overridableProperties":[],"overriddenFields":[]},{"@type":"mtTaskParameter","id":71894502,"name":"$SQ_claimstats$","type":"SOURCE","label":"SQ_claimstats","uiProperties":{"cnxtype":"ODBC","connectionParameterized":"true","paramName":"DBConnection_SRCM","paramLabel":"","paramType-mapping":"Connection","logcnx":"DBConnection_SRCM","isSelectDistinct":"false","objectParameterized":"false","visible":"false","isCustomQueryRetainMetaData":"true","originalPath":"SQ_claimstats"},"sourceConnectionId":"@jPo49nVatmzbSnPefVZwCV","sourceObject":"DUMMY_SQ_claimstats","newFlatFile":false,"newObject":false,"showBusinessNames":true,"naturalOrder":true,"truncateTarget":false,"bulkApiDBTarget":false,"srcFFAttrs":{"@type":"flatFileAttrs","id":11078843,"delimiter":"|","textQualifier":"NONE","escapeChar":"","headerLineNo":1,"firstDataRow":2,"rowDelimiter":0,"consecutiveDelimiter":false,"multiDelimitersAsAnd":true},"customFuncCfg":{"@type":"customFuncConfig","id":-1,"connections":[],"inputMap":[],"outputFields":[]},"targetRefsV2":{},"targetUpdateColumns":[],"runtimeAttrs":{"Sql Override":"SELECT Policy_Count,Claim_count, MTDWrittenPremiumAmt, MTDEarnedPremiumAmount, LossExpense,LossPaid \r\nFROM\r\n (select max(Policy_Count) as Policy_Count,max(Claim_count) as Claim_count,\r\nmax(MTDWrittenPremiumAmt) as MTDWrittenPremiumAmt,max(MTDEarnedPremiumAmount) as MTDEarnedPremiumAmount,(sum(ULAEExpense)+sum(ALAEExpense)) as LossExpense,sum(LossPaid) as LossPaid from (select coalesce(sum(ULAEExpense),0) as ULAEExpense,coalesce(sum(ALAEExpense),0) as ALAEExpense,coalesce(sum(LossPaid),0) as LossPaid from  (select case when Reservecd in ('Adjustment','Defense') and claimanttransactioncd in ('Payment', 'Stop Payment','Void Payment') then PaidAmt else NULL end as ULAEExpense,\r\ncase when ReserveCd='DEFENSE' then PaidAmt else NULL end as ALAEExpense,\r\ncase when ReserveCd='Indemnity' and ClaimantTransactionCd in ('Payment', 'Stop Payment','Void Payment') then PaidAmt else NULL end as LossPaid\r\nfrom (SELECT \r\n  sum(Claimstats_Stg.PaidAmt) as PaidAmt,\r\n Claimstats_Stg.ReserveCd ReserveCd,\r\n Claimstats_Stg.ClaimantTransactionCd ClaimantTransactionCd,\r\n Claimstats_Stg.PolicyNumber PolicyNumber,\r\n case when length(claimstats_stg.policyversion)='1' then concat('00',claimstats_stg.policyversion)\r\n             when length(claimstats_stg.policyversion)='2' then concat('0',claimstats_stg.policyversion)\r\n             else claimstats_stg.policyversion end as policyversion,\r\n Claimstats_Stg.LineCd LineCd,\r\n Claimstats_Stg.RiskCd RiskCd,\r\n Claimstats_Stg.CoverageCd CoverageCd,\r\n Claimstats_Stg.ClaimNumber ClaimNumber,\r\n Claimstats_Stg.LosscauseCd LosscauseCd,\r\n Sum(Claimstats_Stg.PostedRecoveryAmt) as PostedRecoveryAmt,\r\n sum(Claimstats_Stg.ReserveChangeAmt) as ReserveChangeAmt,\r\n Claimstats_Stg.StateCd StateCd, \r\n min(Claimstats_Stg.BookDt) as BookDt,\r\n Claimstats_Stg.TransactionNumber TransactionNumber,\r\n min(Claimstats_Stg.AddDt) as AddDt,\r\n min(Claimstats_Stg.EffectiveDt) as EffectiveDt,\r\n Claimstats_Stg.MajorPerilCd MajorPerilCd\r\n from ClaimStats  ClaimStats_stg \r\n group by \r\n  Claimstats_Stg.PolicyNumber,\r\nclaimstats_stg.policyversion,\r\n Claimstats_Stg.LineCd,\r\n Claimstats_Stg.RiskCd,\r\n Claimstats_Stg.CoverageCd,\r\n Claimstats_Stg.ClaimNumber,\r\n Claimstats_Stg.LosscauseCd,\r\n Claimstats_Stg.StateCd,\r\n Claimstats_Stg.ReserveCd,\r\n Claimstats_Stg.TransactionNumber,\r\n Claimstats_Stg.ClaimantTransactionCd,\r\n Claimstats_Stg.MajorPerilCd\r\n)claimstats )T )CS\r\ninner join (select coalesce(sum(MTDWrittenPremiumAmt),0) as MTDWrittenPremiumAmt,\r\ncoalesce(sum(MTDEarnedPremiumAmt),0) as MTDEarnedPremiumAmount from policysummarystats)PSS\r\non 1=1\r\ninner join (select count(policykey) as Policy_Count from \r\n(select distinct concat(policynumber,policyversion) as policykey from basicpolicy where cmmcontainer='policy')x)BP\r\non 1=1\r\ninner join (select count(claimnumber) as Claim_count from (select distinct claimnumber from claim where cmmcontainer='claim')r)C\r\non 1=1)SRCLoadBalancing"},"isRESTModernSource":true,"customQuery":"SELECT Policy_Count,Claim_count, MTDWrittenPremiumAmt, MTDEarnedPremiumAmount, LossExpense,LossPaid \r\nFROM\r\n(select max(Policy_Count) as Policy_Count,max(Claim_count) as Claim_count,\r\nmax(MTDWrittenPremiumAmt) as MTDWrittenPremiumAmt,max(MTDEarnedPremiumAmount) as MTDEarnedPremiumAmount,(sum(ULAEExpense)+sum(ALAEExpense)) as LossExpense,sum(LossPaid) as LossPaid from (select coalesce(sum(ULAEExpense),0) as ULAEExpense,coalesce(sum(ALAEExpense),0) as ALAEExpense,coalesce(sum(LossPaid),0) as LossPaid from  (select case when Reservecd in ('Adjustment') then PaidAmt else NULL end as ULAEExpense,\r\ncase when ReserveCd='DEFENSE' then PaidAmt else NULL end as ALAEExpense,\r\ncase when ReserveCd='Indemnity' then PaidAmt else NULL end as LossPaid\r\nfrom (SELECT \r\n  sum(Claimstats_Stg.PaidAmt) as PaidAmt,\r\nClaimstats_Stg.ReserveCd ReserveCd,\r\nClaimstats_Stg.ClaimantTransactionCd ClaimantTransactionCd,\r\nClaimstats_Stg.PolicyNumber PolicyNumber,\r\ncase when length(claimstats_stg.policyversion)='1' then concat('00',claimstats_stg.policyversion)\r\n             when length(claimstats_stg.policyversion)='2' then concat('0',claimstats_stg.policyversion)\r\n             else claimstats_stg.policyversion end as policyversion,\r\nClaimstats_Stg.LineCd LineCd,\r\nClaimstats_Stg.RiskCd RiskCd,\r\nClaimstats_Stg.CoverageCd CoverageCd,\r\nClaimstats_Stg.ClaimNumber ClaimNumber,\r\nClaimstats_Stg.LosscauseCd LosscauseCd,\r\nSum(Claimstats_Stg.PostedRecoveryAmt) as PostedRecoveryAmt,\r\nsum(Claimstats_Stg.ReserveChangeAmt) as ReserveChangeAmt,\r\nClaimstats_Stg.StateCd StateCd, \r\n min(Claimstats_Stg.BookDt) as BookDt,\r\nClaimstats_Stg.TransactionNumber TransactionNumber,\r\nmin(Claimstats_Stg.AddDt) as AddDt,\r\nmin(Claimstats_Stg.EffectiveDt) as EffectiveDt,\r\nClaimstats_Stg.MajorPerilCd MajorPerilCd\r\nfrom ClaimStats  ClaimStats_stg where adddt>='$$M_StartDt' and adddt<='$$M_EndDt'\r\ngroup by \r\n  Claimstats_Stg.PolicyNumber,\r\nclaimstats_stg.policyversion,\r\nClaimstats_Stg.LineCd,\r\nClaimstats_Stg.RiskCd,\r\nClaimstats_Stg.CoverageCd,\r\nClaimstats_Stg.ClaimNumber,\r\nClaimstats_Stg.LosscauseCd,\r\nClaimstats_Stg.StateCd,\r\nClaimstats_Stg.ReserveCd,\r\nClaimstats_Stg.TransactionNumber,\r\nClaimstats_Stg.ClaimantTransactionCd,\r\nClaimstats_Stg.MajorPerilCd\r\n)claimstats)T )CS\r\ninner join (select coalesce(sum(MTDWrittenPremiumAmt),0) as MTDWrittenPremiumAmt,\r\ncoalesce(sum(MTDEarnedPremiumAmt),0) as MTDEarnedPremiumAmount from policysummarystats where updatedt>='$$M_StartDt' and updatedt<='$$M_EndDt')PSS\r\non 1=1\r\ninner join (select count(policykey) as Policy_Count from \r\n(select distinct concat(policynumber,policyversion) as policykey from basicpolicy where cmmcontainer='policy' and systemid in \r\n(\r\nselect SystemId from advrxxchangedbeans where concat(adddt,addtm)>='$$M_StartDt' and concat(adddt,addtm) <='$$M_EndDt' and\r\ncmmcontainer='Policy'))x)BP\r\non 1=1\r\ninner join (select count(claimnumber) as Claim_count from (select distinct claimnumber from claim left join \r\n              (Select SystemId from claimPolicyInfo where  ClaimPolicyinfo.cmmcontainer='Claim') ClaimPolicyInfo on \r\nClaim.Systemid=ClaimPolicyinfo.Systemid \r\nLeft join (select systemid,id, riskidref from PolicyRisk) PolicyRisk on claim.riskidref = PolicyRisk.id \r\nwhere \r\nclaim.cmmcontainer='Claim' \r\nand claim.systemid in \r\n(select SystemId from advrxxchangedbeans where concat(adddt,addtm)>='$$M_StartDt' and concat(adddt,addtm) <='$$M_EndDt' and cmmcontainer='Claim' )\r\n)r)C\r\non 1=1)SRCLoadBalancing","isFileList":false,"handleSpecialChars":false,"handleDecimalRoundOff":false,"frsAsset":false,"dynamicFileName":false,"excludeDynamicFileNameField":false,"currentlyProcessedFileName":false,"retainFieldMetadata":false,"objectName":"DUMMY_SQ_claimstats","useExactSrcNames":false,"fetchMode":"ORIGINAL","tgtObjectAttributes":{},"runtimeParameterData":{"@type":"mtTaskRuntimeParameterData","isConnectionRuntimeParameter":true,"isObjectRuntimeParameter":false,"connectionParameterName":"DBConnection_SRCM"},"overridableProperties":[],"overriddenFields":[]},{"@type":"mtTaskParameter","id":71894503,"name":"$SQ_claimstats_stg$","type":"SOURCE","label":"SQ_claimstats_stg","uiProperties":{"cnxtype":"SqlServer","connectionParameterized":"true","paramName":"DBConnection_TGT","paramLabel":"","paramType-mapping":"Connection","logcnx":"DBConnection_TGT","isSelectDistinct":"false","objectParameterized":"false","visible":"false","isCustomQueryRetainMetaData":"true","originalPath":"SQ_claimstats_stg"},"sourceConnectionId":"@aYZ4ekzHgIPeKpiaoqDLKP","sourceObject":"DUMMY_SQ_claimstats_stg","newFlatFile":false,"newObject":false,"showBusinessNames":true,"naturalOrder":true,"truncateTarget":false,"bulkApiDBTarget":false,"srcFFAttrs":{"@type":"flatFileAttrs","id":11078844,"delimiter":"|","textQualifier":"NONE","escapeChar":"","headerLineNo":1,"firstDataRow":2,"rowDelimiter":0,"consecutiveDelimiter":false,"multiDelimitersAsAnd":true},"customFuncCfg":{"@type":"customFuncConfig","id":-1,"connections":[],"inputMap":[],"outputFields":[]},"targetRefsV2":{},"targetUpdateColumns":[],"runtimeAttrs":{"Sql Override":"SELECT Policy_Count,Claim_count, MTDWrittenPremiumAmt, MTDEarnedPremiumAmount, LossExpense,LossPaid FROM (select max(Policy_Count) as Policy_Count,max(Claim_count) as Claim_count,\r\nmax(MTDWrittenPremiumAmt) as MTDWrittenPremiumAmt,max(MTDEarnedPremiumAmount) as MTDEarnedPremiumAmount\r\n,(sum(ULAEExpense)+sum(ALAEExpense)) as LossExpense,sum(LossPaid) as LossPaid from (select coalesce(sum(ULAEExpense),0) as ULAEExpense,coalesce(sum(ALAEExpense),0) as ALAEExpense,coalesce(sum(LossPaid),0) as LossPaid from (select case when Reservecd in ('Adjustment') then PaidAmt else null end as ULAEExpense,\r\ncase when ReserveCd='DEFENSE' then PaidAmt else null end as ALAEExpense,\r\ncase when ReserveCd='Indemnity' then PaidAmt else null end as LossPaid\r\nfrom (SELECT \r\n  sum(Claimstats_Stg.PaidAmt) as PaidAmt,\r\n Claimstats_Stg.ReserveCd ReserveCd,\r\n Claimstats_Stg.ClaimantTransactionCd ClaimantTransactionCd,\r\n Claimstats_Stg.PolicyNumber PolicyNumber,\r\n case when len(claimstats_stg.policyversion)='1' then concat('00',claimstats_stg.policyversion)\r\n             when len(claimstats_stg.policyversion)='2' then concat('0',claimstats_stg.policyversion)\r\n             else claimstats_stg.policyversion end as policyversion,\r\n Claimstats_Stg.LineCd LineCd,\r\n Claimstats_Stg.RiskCd RiskCd,\r\n Claimstats_Stg.CoverageCd CoverageCd,\r\n Claimstats_Stg.ClaimNumber ClaimNumber,\r\n Claimstats_Stg.LosscauseCd LosscauseCd,\r\n Sum(Claimstats_Stg.PostedRecoveryAmt) as PostedRecoveryAmt,\r\n sum(Claimstats_Stg.ReserveChangeAmt) as ReserveChangeAmt,\r\n Claimstats_Stg.StateCd StateCd, \r\n min(Claimstats_Stg.BookDt) as BookDt,\r\n Claimstats_Stg.TransactionNumber TransactionNumber,\r\n min(Claimstats_Stg.claimAddDt) as AddDt,\r\n min(Claimstats_Stg.claimEffectiveDt) as EffectiveDt,\r\n Claimstats_Stg.MajorPerilCd MajorPerilCd\r\n from ClaimStats_stg  ClaimStats_stg \r\n group by \r\n  Claimstats_Stg.PolicyNumber,\r\nclaimstats_stg.policyversion,\r\n Claimstats_Stg.LineCd,\r\n Claimstats_Stg.RiskCd,\r\n Claimstats_Stg.CoverageCd,\r\n Claimstats_Stg.ClaimNumber,\r\n Claimstats_Stg.LosscauseCd,\r\n Claimstats_Stg.StateCd,\r\n Claimstats_Stg.ReserveCd,\r\n Claimstats_Stg.TransactionNumber,\r\n Claimstats_Stg.ClaimantTransactionCd,\r\n Claimstats_Stg.MajorPerilCd\r\n)claimstats )T)CS\r\ninner join (select coalesce(sum(MTDWrittenPremiumAmt),0) as MTDWrittenPremiumAmt,\r\ncoalesce(sum(MTDEarnedPremiumAmt),0) as MTDEarnedPremiumAmount from policysummarystats_stg)PSS\r\non 1=1\r\ninner join (select count(policykey) as Policy_Count from \r\n(select distinct concat(policynumber,policyversion) as policykey from basicpolicy_stg)x)BP\r\non 1=1\r\ninner join (select count(claimnumber) as Claim_count from (select distinct claimnumber from claim_stg)r)C\r\non 1=1)STGLoadBalancing"},"isRESTModernSource":true,"customQuery":"select Policy_Count,Claim_count, MTDWrittenPremiumAmt, MTDEarnedPremiumAmount, LossExpense,LossPaid from (select max(Policy_Count) as Policy_Count,max(Claim_count) as Claim_count,\r\nmax(MTDWrittenPremiumAmt) as MTDWrittenPremiumAmt,max(MTDEarnedPremiumAmount) as MTDEarnedPremiumAmount\r\n,(sum(ULAEExpense)+sum(ALAEExpense)) as LossExpense,sum(LossPaid) as LossPaid from (select case when Reservecd in ('Adjustment','Defense') and claimanttransactioncd in ('Payment', 'Stop Payment','Void Payment') then PaidAmt else null end as ULAEExpense,\r\ncase when ReserveCd='DEFENSE' then PaidAmt else null end as ALAEExpense,\r\ncase when ReserveCd='Indemnity' and ClaimantTransactionCd in ('Payment', 'Stop Payment','Void Payment') then PaidAmt else null end as LossPaid\r\nfrom (SELECT \r\n  sum(Claimstats_Stg.PaidAmt) as PaidAmt,\r\n Claimstats_Stg.ReserveCd ReserveCd,\r\n Claimstats_Stg.ClaimantTransactionCd ClaimantTransactionCd,\r\n Claimstats_Stg.PolicyNumber PolicyNumber,\r\n case when len(claimstats_stg.policyversion)='1' then concat('00',claimstats_stg.policyversion)\r\n             when len(claimstats_stg.policyversion)='2' then concat('0',claimstats_stg.policyversion)\r\n             else claimstats_stg.policyversion end as policyversion,\r\n Claimstats_Stg.LineCd LineCd,\r\n Claimstats_Stg.RiskCd RiskCd,\r\n Claimstats_Stg.CoverageCd CoverageCd,\r\n Claimstats_Stg.ClaimNumber ClaimNumber,\r\n Claimstats_Stg.LosscauseCd LosscauseCd,\r\n Sum(Claimstats_Stg.PostedRecoveryAmt) as PostedRecoveryAmt,\r\n sum(Claimstats_Stg.ReserveChangeAmt) as ReserveChangeAmt,\r\n Claimstats_Stg.StateCd StateCd, \r\n min(Claimstats_Stg.BookDt) as BookDt,\r\n Claimstats_Stg.TransactionNumber TransactionNumber,\r\n min(Claimstats_Stg.claimAddDt) as AddDt,\r\n min(Claimstats_Stg.claimEffectiveDt) as EffectiveDt,\r\n Claimstats_Stg.MajorPerilCd MajorPerilCd\r\n from ClaimStats_stg  ClaimStats_stg \r\n group by \r\n  Claimstats_Stg.PolicyNumber,\r\nclaimstats_stg.policyversion,\r\n Claimstats_Stg.LineCd,\r\n Claimstats_Stg.RiskCd,\r\n Claimstats_Stg.CoverageCd,\r\n Claimstats_Stg.ClaimNumber,\r\n Claimstats_Stg.LosscauseCd,\r\n Claimstats_Stg.StateCd,\r\n Claimstats_Stg.ReserveCd,\r\n Claimstats_Stg.TransactionNumber,\r\n Claimstats_Stg.ClaimantTransactionCd,\r\n Claimstats_Stg.MajorPerilCd\r\n)claimstats)CS\r\ninner join (select sum(MTDWrittenPremiumAmt) as MTDWrittenPremiumAmt,\r\nsum(MTDEarnedPremiumAmt) as MTDEarnedPremiumAmount from policysummarystats_stg)PSS\r\non 1=1\r\ninner join (select count(policykey) as Policy_Count from \r\n(select distinct concat(policynumber,policyversion) as policykey from basicpolicy_stg)x)BP\r\non 1=1\r\ninner join (select count(claimnumber) as Claim_count from (select distinct claimnumber from claim_stg)r)C\r\non 1=1)STGLoadBalancing","isFileList":false,"handleSpecialChars":false,"handleDecimalRoundOff":false,"frsAsset":false,"dynamicFileName":false,"excludeDynamicFileNameField":false,"currentlyProcessedFileName":false,"retainFieldMetadata":false,"objectName":"DUMMY_SQ_claimstats_stg","useExactSrcNames":false,"fetchMode":"ORIGINAL","tgtObjectAttributes":{},"runtimeParameterData":{"@type":"mtTaskRuntimeParameterData","isConnectionRuntimeParameter":true,"isObjectRuntimeParameter":false,"connectionParameterName":"DBConnection_TGT"},"overridableProperties":[],"overriddenFields":[]},{"@type":"mtTaskParameter","id":71894504,"name":"$Load_Balancing_Src_to_Import_ERR$","type":"TARGET","label":"Load_Balancing_Src_to_Import_ERR","uiProperties":{"cnxtype":"SqlServer","connectionParameterized":"true","paramName":"DBConnection_TGT","paramLabel":"","paramType-mapping":"Connection","logcnx":"DBConnection_TGT","default":"Load_Balancing_Src_to_Import","objectParameterized":"false","visible":"false","defaultTargetUpdateColumns":"","supportApplyDDLChanges":"false","originalPath":"Load_Balancing_Src_to_Import_ERR"},"targetConnectionId":"@aYZ4ekzHgIPeKpiaoqDLKP","targetObject":"Load_Balancing_Src_to_Import","targetObjectLabel":"Load_Balancing_Src_to_Import","newFlatFile":false,"newObject":false,"showBusinessNames":true,"naturalOrder":true,"truncateTarget":false,"bulkApiDBTarget":true,"operationType":"Insert","tgtFFAttrs":{"@type":"flatFileAttrs","id":11078845,"delimiter":"|","textQualifier":"NONE","escapeChar":"","headerLineNo":1,"rowDelimiter":0,"consecutiveDelimiter":false,"multiDelimitersAsAnd":true},"customFuncCfg":{"@type":"customFuncConfig","id":-1,"connections":[],"inputMap":[],"outputFields":[]},"targetRefsV2":{},"targetUpdateColumns":[],"extendedObject":{"@type":"extendedObject","singleMode":true,"filters":[],"sortFields":[]},"runtimeAttrs":{"INSERT":"YES"},"isRESTModernSource":true,"isFileList":false,"handleSpecialChars":false,"handleDecimalRoundOff":false,"frsAsset":false,"dynamicFileName":false,"excludeDynamicFileNameField":false,"currentlyProcessedFileName":false,"retainFieldMetadata":false,"objectName":"Load_Balancing_Src_to_Import","objectLabel":"Load_Balancing_Src_to_Import","useExactSrcNames":false,"fetchMode":"ORIGINAL","tgtObjectAttributes":{},"runtimeParameterData":{"@type":"mtTaskRuntimeParameterData","isConnectionRuntimeParameter":true,"isObjectRuntimeParameter":false,"connectionParameterName":"DBConnection_TGT"},"overridableProperties":[],"overriddenFields":[]},{"@type":"mtTaskParameter","id":71894505,"name":"$Load_Balancing_Src_to_Import_INS$","type":"TARGET","label":"Load_Balancing_Src_to_Import_INS","uiProperties":{"cnxtype":"SqlServer","connectionParameterized":"true","paramName":"DBConnection_TGT","paramLabel":"","paramType-mapping":"Connection","logcnx":"DBConnection_TGT","default":"Load_Balancing_Src_to_Import","objectParameterized":"false","visible":"false","defaultTargetUpdateColumns":"","supportApplyDDLChanges":"false","originalPath":"Load_Balancing_Src_to_Import_INS"},"targetConnectionId":"@aYZ4ekzHgIPeKpiaoqDLKP","targetObject":"Load_Balancing_Src_to_Import","targetObjectLabel":"Load_Balancing_Src_to_Import","newFlatFile":false,"newObject":false,"showBusinessNames":true,"naturalOrder":true,"truncateTarget":false,"bulkApiDBTarget":true,"operationType":"Insert","tgtFFAttrs":{"@type":"flatFileAttrs","id":11078846,"delimiter":"|","textQualifier":"NONE","escapeChar":"","headerLineNo":1,"rowDelimiter":0,"consecutiveDelimiter":false,"multiDelimitersAsAnd":true},"customFuncCfg":{"@type":"customFuncConfig","id":-1,"connections":[],"inputMap":[],"outputFields":[]},"targetRefsV2":{},"targetUpdateColumns":[],"extendedObject":{"@type":"extendedObject","singleMode":true,"filters":[],"sortFields":[]},"runtimeAttrs":{"INSERT":"YES"},"isRESTModernSource":true,"isFileList":false,"handleSpecialChars":false,"handleDecimalRoundOff":false,"frsAsset":false,"dynamicFileName":false,"excludeDynamicFileNameField":false,"currentlyProcessedFileName":false,"retainFieldMetadata":false,"objectName":"Load_Balancing_Src_to_Import","objectLabel":"Load_Balancing_Src_to_Import","useExactSrcNames":false,"fetchMode":"ORIGINAL","tgtObjectAttributes":{},"runtimeParameterData":{"@type":"mtTaskRuntimeParameterData","isConnectionRuntimeParameter":true,"isObjectRuntimeParameter":false,"connectionParameterName":"DBConnection_TGT"},"overridableProperties":[],"overriddenFields":[]}],"sequences":[],"inOutParameters":[{"@type":"mtTaskInOutParameter","id":"-1","name":"M_StartDt","description":"","initialValue":"","datatype":"DATETIME","precision":"29","scale":"9","retentionPolicy":"ON_SUCCESS_OR_WARNING","aggregationType":"MAX","currentValue":""},{"@type":"mtTaskInOutParameter","id":"-1","name":"M_EndDt","description":"","initialValue":"","datatype":"DATETIME","precision":"29","scale":"9","retentionPolicy":"ON_SUCCESS_OR_WARNING","aggregationType":"MAX","currentValue":""}],"connRuntimeAttrs":[]}]