[{"@type":"mappingTemplate","id":"@1","name":"cdi_map_lc360_GenericFields_Metal","description":"This mapping is used to ingest the source JSON file from S3 bucket to AWS Redshift tables - parsing only the Generic fileds information.","autoExpireObject":false,"bundleVersion":"0","assetFrsGuid":"fOGdavwFHQEeve0VPklPKs","templateId":"@3","hasParameters":true,"valid":true,"fixedConnection":false,"hasParametersDeployed":false,"fixedConnectionDeployed":false,"isSchemaValidationEnabled":false,"tasks":1,"mappingPreviewFileRecordId":"@2","documentType":"MAPPING","allowMaxFieldLength":false,"references":[{"@type":"reference","refObjectId":"@jHNGNneTPODkaNxInlboEG","refType":"structureDefinition"}]}]