[{"@type":"mappingTemplate","id":"@1","name":"m_Load_Insured_to_Insure_Stg_Ld","description":"","autoExpireObject":false,"bundleVersion":"0","assetFrsGuid":"aFt89rD4mIZfh6nO0OH1Uo","templateId":"@3","deployTime":1712322964000,"hasParameters":true,"valid":true,"fixedConnection":false,"hasParametersDeployed":true,"fixedConnectionDeployed":false,"isSchemaValidationEnabled":false,"tasks":0,"mappingPreviewFileRecordId":"@2","documentType":"","allowMaxFieldLength":false,"specialCharacterSupport":false,"references":[]}]