[{"@type":"mappingTemplate","id":"@1","name":"cdi_map_file_adm_t_agency_hist_stg_load","description":"","autoExpireObject":false,"bundleVersion":"0","assetFrsGuid":"hQ5xWmKIsWDj5AghOe2kcR","templateId":"@3","hasParameters":true,"valid":true,"fixedConnection":false,"hasParametersDeployed":false,"fixedConnectionDeployed":false,"isSchemaValidationEnabled":false,"tasks":1,"mappingPreviewFileRecordId":"@2","documentType":"MAPPING","allowMaxFieldLength":false,"specialCharacterSupport":false,"references":[]}]