[{"@type":"mappingTemplate","id":"@1","name":"m_Load_File_Names_CheckAgain","description":"","autoExpireObject":false,"bundleVersion":"0","assetFrsGuid":"0EV00ODYyb2jGlV9Yizks4","templateId":"@3","deployTime":1701083428000,"hasParameters":true,"valid":true,"fixedConnection":true,"hasParametersDeployed":true,"fixedConnectionDeployed":true,"isSchemaValidationEnabled":false,"tasks":0,"mappingPreviewFileRecordId":"@2","documentType":"MAPPING","allowMaxFieldLength":false,"specialCharacterSupport":false,"references":[{"@type":"reference","refObjectId":"@aYZ4ekzHgIPeKpiaoqDLKP","refType":"connection"}]}]