[{"@type":"mappingTemplate","id":"@1","name":"m_ClaimTransaction_Soft_Delete","description":"","autoExpireObject":false,"bundleVersion":"0","assetFrsGuid":"0btNyE6ZKUrbfYLjzZEYGn","templateId":"@3","deployTime":1755544066000,"hasParameters":true,"valid":true,"fixedConnection":false,"hasParametersDeployed":true,"fixedConnectionDeployed":false,"isSchemaValidationEnabled":false,"tasks":1,"mappingPreviewFileRecordId":"@2","documentType":"","allowMaxFieldLength":false,"specialCharacterSupport":false,"references":[]}]