[{"@type":"mappingTemplate","id":"@1","name":"m_load_msgr_part_one","description":"","autoExpireObject":false,"bundleVersion":"0","assetFrsGuid":"97fCfSuwOXRjchKxGaznWw","templateId":"@3","deployTime":1730748930000,"hasParameters":true,"valid":true,"fixedConnection":false,"hasParametersDeployed":true,"fixedConnectionDeployed":false,"isSchemaValidationEnabled":false,"tasks":1,"mappingPreviewFileRecordId":"@2","documentType":"MAPPING","allowMaxFieldLength":false,"specialCharacterSupport":false,"references":[]}]