[{"@type":"mappingTemplate","id":"@1","name":"m_PMS_Fact_Reins_Premiums_Earned_SQL_SERVER_TO_Redshift","description":"","autoExpireObject":false,"bundleVersion":"0","assetFrsGuid":"1pu3F9qE1AVls6irrdMCMp","templateId":"@3","deployTime":1720707122000,"hasParameters":true,"valid":true,"fixedConnection":false,"hasParametersDeployed":true,"fixedConnectionDeployed":false,"isSchemaValidationEnabled":false,"tasks":1,"mappingPreviewFileRecordId":"@2","documentType":"MAPPING","allowMaxFieldLength":false,"references":[]}]