[{"@type":"mappingTemplate","id":"@1","name":"m_Load_Building_to_Building_Stg_Ld","description":"","autoExpireObject":false,"bundleVersion":"0","assetFrsGuid":"kRtFaTZxDM4igob27uj1yV","templateId":"@3","deployTime":1741617617000,"hasParameters":true,"valid":true,"fixedConnection":true,"hasParametersDeployed":true,"fixedConnectionDeployed":true,"isSchemaValidationEnabled":false,"tasks":1,"mappingPreviewFileRecordId":"@2","documentType":"","allowMaxFieldLength":false,"specialCharacterSupport":false,"references":[{"@type":"reference","refObjectId":"@aYZ4ekzHgIPeKpiaoqDLKP","refType":"connection"}]}]