[{"@type":"mtTask","id":"@1","name":"s_m_Load_Claim_to_Claim_stg_Ld","description":"Session pushed from PC to ICS : s_m_Load_Claim_to_Claim_stg_Ld","runtimeEnvironmentId":"@3pADNCV9u0PcgrXjM7rx0t","maxLogs":10,"verbose":false,"lastRunTime":1709036423000,"mappingId":"@76BxclxVijhbmHaLww8hwA","frsGuid":"gjM9LFnKguOf9oxsfB3imx","shortDescription":"Session pushed from PC to ICS : s_m_Load_Claim_to_...","sessionPropertiesList":[{"name":"Allow Temporary Sequence for Pushdown","value":"NO","recommended":false},{"name":"Allow Temporary View for Pushdown","value":"NO","recommended":false},{"name":"Data Column Delimiter","value":"|","recommended":false},{"name":"Error Log File Name","value":"PMError.log","recommended":false},{"name":"Pushdown Optimization","value":"None","recommended":false},{"name":"Pushdown Optimization Context","value":"None","recommended":false},{"name":"Pushdown Optimization Fallback Option","value":"Partial PDO","recommended":false}],"enableCrossSchemaPushdown":false,"enableParallelRun":false,"autoTunedApplied":false,"autoTunedAppliedType":"NONE","parameterFileName":"Andover_Param_GW.param","parameterFileDir":"$PMRootDir/andover/parameters","paramFileType":"PARAM_FILE_LOCAL","schemaMode":"async","valid":true,"schemaValidationErrorCount":-1,"serverlessProperties":{},"taskProperties":[{"@type":"taskProperty","name":"parameterFileDir","currentValue":"$PMRootDir/andover/parameters","type":"STRING","label":"label.parameterFileDir","required":false},{"@type":"taskProperty","name":"parameterFileName","currentValue":"Andover_Param_GW.param","type":"STRING","label":"label.parameterFileName","required":false}],"jobPriority":"MEDIUM","optimizationPlan":"NONE","parameters":[{"@type":"mtTaskParameter","id":78578603,"name":"$Src_claim$","type":"SOURCE","label":"DBConnection_SRCM","description":"","uiProperties":{"cnxtype":"MySQL","connectionParameterized":"true","paramName":"DBConnection_SRCM","paramLabel":"","paramType-mapping":"Connection","logcnx":"DBConnection_SRCM","isSelectDistinct":"false","objectParameterized":"false","visible":"false","originalPath":"Src_claim"},"sourceConnectionId":"@jPo49nVatmzbSnPefVZwCV","sourceObject":"DUMMY_Src_claim","sourceObjectLabel":"DUMMY_Src_claim","newFlatFile":false,"newObject":false,"showBusinessNames":true,"naturalOrder":true,"truncateTarget":false,"bulkApiDBTarget":false,"customFuncCfg":{"@type":"customFuncConfig","id":-1,"connections":[],"inputMap":[],"outputFields":[]},"targetRefsV2":{},"targetUpdateColumns":[],"runtimeAttrs":{"Sql Override":""},"isRESTModernSource":true,"customQuery":"SELECT distinct claim.SystemId, claim.ParentId, claim.CMMContainer, claim.Id, claim.UpdateCount, claim.UpdateUser, claim.UpdateTimestamp, claim.TypeCd, claim.ClaimNumber, claim.LossDt, claim.LossTm, claim.ReportedDt, claim.ReportedTm, claim.ShortDesc, claim.Description, claim.DamageEstimateAmt, claim.AuthorityContacted, claim.CaseNumber, claim.ReportedBy, claim.ReportedTo, claim.ForRecordOnlyInd, claim.InSIUInd, claim.SIUReasonCd, claim.SIUAdjusterRef, claim.SIUAssignedDate, claim.SIUComment, claim.SIUStatus, claim.SIUStage, claim.SIUResolution, claim.SIUResolutionDate, claim.SIUResolutionComment, claim.DOIComplaintInd, claim.CatastropheRef, claim.CatastropheNoneSelectedInd, claim.CatastropheNoneSelectedReason, claim.ExaminerProviderRef, claim.BranchCd, claim.MasterClaimRef, claim.StatusCd, claim.StatusDt, claim.ProductVersionIdRef, claim.ProductLineCd, claim.RiskIdRef, claim.DriverIdRef, claim.OtherVehicleDesc, claim.OtherVIN, claim.OtherVehiclePurchaseDt, claim.PermissiveDriverName, claim.PermissiveDriverLicensedState, claim.PermissiveDriverLicenseNumber, claim.PermissiveDriverRelationship, claim.AtFaultCd, claim.LossCauseCd, claim.SubLossCauseCd, claim.CustomerRef, claim.LossLocationDesc, claim.ClaimRef, claim.LossNoticeRef, claim.LockTaskId, claim.Version, claim.TransactionNumber, claim.DamageDesc, claim.VehicleLocation, claim.Comment, claim.SourceCd, claim.SourceRef, claim.CategoryCd, claim.SuitFiledInd, claim.AddDt, claim.AddTm, claim.ClaimLossTemplateIdRef, claim.AwarenessDt, claim.DamagedInd, claim.VehicleInvolvedInd, claim.VIPLevel, claim.FraudScore, claim.FraudScoreDescription, claim.HistoryModeInd, claim.OriginalClaimNumber, claim.FileReasonCd, claim.FileReasonDesc, claim.UnmarkedFileOnlyInd, claim.PendingFileOnlyAction, claim.CaliforniaAtFaultInd1, claim.CaliforniaAtFaultInd2, claim.CaliforniaAtFaultInd3, claim.CaliforniaAtFaultInd4, claim.ClearFraudScoreInd, claim.ClearFraudScoreReasons, claim.ClearFraudScoreUser, claim.ClearFraudScoreValue, claim.InternationalInd, claim.ClaimType, claim.StormHurricaneName, claim.ContactName, claim.NoticeReceivedDt, claim.ReportedToEmployerDt, claim.NoticeReceivedCd, claim.LossCauseTypeCd, claim.LossLocationCd, claim.LossSettlementType, claim.EmployerPremisesInd, claim.DepartmentOfLabor, claim.JurisdictionStateCd, claim.LastPaidDt, claim.DisabilityDt, claim.RTWDt, claim.SalaryContinued, claim.ContactNumber, claim.EmployeeBeginWorkTm, claim.Department, claim.ShortDescription, claim.LossCoverageAct, claim.PhoneName, claim.PhoneNumber, claim.PREmailInd, claim.OriginalAdministrationNumber, claim.FraudulentClaimCode, claim.LateReasonCd, claim.JurisdictionClaimNumber, claim.TypeOfLossCd, claim.SubrogationInd, claim.UWAlrtUnrepairedDmgPriorClaim, claim.UWAlrtConditionCurrClaim, claim.UWAlrtOtherConditions, claim.UWAlrtHazardDetail, claim.UWAlrtHazardCharacteristics1, claim.UWAlrtHazardCharacteristics2, claim.UWAlrtHazardCharacteristics3, claim.UWAlrtHazardCharacteristics4, claim.UWAlrtHazardCharacteristics5, claim.UWAlrtHazardCharacteristics6, claim.UWAlrtHazardCharacteristics7, claim.UWAlrtHazardCharacteristics8, claim.UWAlrtHazardCharacteristics9, claim.UWAlrtHazardCharacteristics10, claim.UWAlrtHazardCharacteristics11, claim.UWAlrtHazardCharacteristics12, claim.UWAlrtHazardCharacteristics13, claim.UWAlrtHazardCharacteristics14, claim.UWAlrtHazardCharacteristics15, claim.UWAlrtHazardCharacteristics16, claim.UWAlrtHazardCharacteristics17, claim.UWAlrtHazardCharacteristics18, claim.UWAlrtHazardCharacteristics19, claim.UWAlrtHazardCharacteristics20, claim.UWAlrtHazardCharacteristics21, claim.UWAlrtHazardCharacteristics22, claim.EBEmailClaimInd, claim.LinkCompanion, claim.LinkCompanionDate, claim.NamedStormInd, claim.FloodInsuranceInd, claim.FloodInsuranceCompany, claim.FloodInsurancePolicy, claim.FloodInsPolEffDate, claim.FloodInsPolExpDate, claim.ReportedToProducerBy, claim.ReceivedBy, claim.OtherDesc, claim.NoPaymentReason, claim.OtherNoPaymentReason, claim.LossNoticeNumber, claim.RowId ,\nclaimPolicyInfo.policynumber,\ncase when length(claimPolicyInfo.policyversion)='1' then concat('00',claimPolicyInfo.policyversion)\nwhen length(claimPolicyInfo.policyversion)='2' then concat('0',claimPolicyInfo.policyversion)\nelse claimPolicyInfo.policyversion end as policyversion, case when claim.typecd='Claim' then PolicyRisk.RiskIdRef else null end as PolicyRiskIdref, UnderlyingPersonalLiability FROM\n claim left join (Select PolicyNumber,PolicyVersion, SystemId, UnderlyingPersonalLiability from claimPolicyInfo where  ClaimPolicyinfo.cmmcontainer='Claim') ClaimPolicyInfo on \nClaim.Systemid=ClaimPolicyinfo.Systemid \nLeft join (select systemid,id, riskidref from PolicyRisk) PolicyRisk on claim.riskidref = PolicyRisk.id \nwhere \nclaim.cmmcontainer='Claim' and claim.systemid in (select systemid from advrxxchangedbeans where concat(adddt,addtm)>='$$m_strtdt' and \nconcat(adddt,addtm) <='$$m_Enddt' and\n cmmcontainer='Claim')","isFileList":false,"handleSpecialChars":false,"handleDecimalRoundOff":false,"frsAsset":false,"dynamicFileName":false,"excludeDynamicFileNameField":false,"currentlyProcessedFileName":false,"retainFieldMetadata":false,"objectName":"DUMMY_Src_claim","objectLabel":"DUMMY_Src_claim","useExactSrcNames":false,"tgtObjectAttributes":{},"runtimeParameterData":{"@type":"mtTaskRuntimeParameterData","isConnectionRuntimeParameter":true,"isObjectRuntimeParameter":false,"connectionParameterName":"DBConnection_SRCM"},"overridableProperties":[],"overriddenFields":[]},{"@type":"mtTaskParameter","id":78578604,"name":"$Tgt_claim_Stg$","type":"TARGET","label":"DBConnection_TGT","description":"","uiProperties":{"cnxtype":"Amazon Redshift v2","connectionParameterized":"true","paramName":"DBConnection_TGT","paramLabel":"","paramType-mapping":"Connection","logcnx":"DBConnection_TGT","default":"dbo/claim_stg","objectParameterized":"false","visible":"false","defaultTargetUpdateColumns":"","supportApplyDDLChanges":"false","originalPath":"Tgt_claim_Stg"},"targetConnectionId":"@aYZ4ekzHgIPeKpiaoqDLKP","targetObject":"dbo/claim_stg","targetObjectLabel":"claim_stg","newFlatFile":false,"newObject":false,"showBusinessNames":true,"naturalOrder":true,"truncateTarget":false,"bulkApiDBTarget":false,"operationType":"Insert","customFuncCfg":{"@type":"customFuncConfig","id":-1,"connections":[],"inputMap":[],"outputFields":[]},"targetRefsV2":{},"targetUpdateColumns":[],"extendedObject":{"@type":"extendedObject","singleMode":true,"filters":[],"sortFields":[]},"runtimeAttrs":{"Temporary Credential Duration":"7200"},"oprRuntimeAttrs":{"temporaryCredentialDuration":"7200"},"isRESTModernSource":true,"isFileList":false,"handleSpecialChars":false,"handleDecimalRoundOff":false,"frsAsset":false,"dynamicFileName":false,"excludeDynamicFileNameField":false,"currentlyProcessedFileName":false,"retainFieldMetadata":false,"objectName":"dbo/claim_stg","objectLabel":"claim_stg","useExactSrcNames":false,"tgtObjectAttributes":{},"runtimeParameterData":{"@type":"mtTaskRuntimeParameterData","isConnectionRuntimeParameter":true,"isObjectRuntimeParameter":false,"connectionParameterName":"DBConnection_TGT"},"overridableProperties":[],"overriddenFields":[]}],"sequences":[],"inOutParameters":[{"@type":"mtTaskInOutParameter","id":"-1","name":"m_strtdt","description":"","initialValue":"2023-10-20 00:00:00.000","datatype":"STRING","precision":"120","scale":"0","retentionPolicy":"NEVER","aggregationType":"MAX","currentValue":""},{"@type":"mtTaskInOutParameter","id":"-1","name":"m_Enddt","description":"","initialValue":"2023-10-24 00:00:00.000","datatype":"STRING","precision":"120","scale":"0","retentionPolicy":"NEVER","aggregationType":"MAX","currentValue":""}],"connRuntimeAttrs":[]}]