[{"@type":"mtTask","id":"@1","name":"cdi_tsk_map_bv_property_bronze_betterview_property_stg_ld","autoExpireObject":false,"runtimeEnvironmentId":"@l5ReTxe0L4Udpq0dXr0vIZ","maxLogs":10,"verbose":false,"mappingId":"@57TZ2ftagKWbze9KmEMlsU","frsGuid":"4Ml8LxYTQm9dFnvqIe4zMw","sessionPropertiesList":[{"name":"Pushdown Optimization","value":"None","recommended":false},{"name":"Pushdown Optimization Context","value":"None","recommended":false},{"name":"Pushdown Optimization Fallback Option","value":"Partial PDO","recommended":false}],"hidden":false,"enableCrossSchemaPushdown":true,"enableParallelRun":false,"autoTunedApplied":false,"autoTunedAppliedType":"NONE","parameterFileName":"Andover_Param_GW.param","parameterFileDir":"/opt/informatica/infaagent/apps/Data_Integration_Server/data/andover/parameters","paramFileType":"PARAM_FILE_LOCAL","schemaMode":"async","valid":true,"schemaValidationErrorCount":-1,"serverlessProperties":{},"taskProperties":[{"@type":"taskProperty","name":"parameterFileDir","currentValue":"/opt/informatica/infaagent/apps/Data_Integration_Server/data/andover/parameters","type":"STRING","label":"label.parameterFileDir","required":false},{"@type":"taskProperty","name":"parameterFileName","currentValue":"Andover_Param_GW.param","type":"STRING","label":"label.parameterFileName","required":false},{"@type":"taskProperty","name":"outboundMessageUrlQueueTime","currentValue":"","type":"NUMBER","label":"label.outboundMessageUrlQueueTime","required":false},{"@type":"taskProperty","name":"outboundMessageUrlToken","currentValue":"","type":"STRING","label":"label.outboundMessageUrlToken","required":false}],"optimizationPlan":"NONE","isMidstreamPreview":false,"parameters":[{"@type":"mtTaskParameter","id":113381985,"name":"$Src_BV_property$","type":"SOURCE","label":"DBConnection_BV","description":"","uiProperties":{"cnxtype":"JDBCV2","connectionParameterized":"true","paramName":"DBConnection_BV","paramLabel":"","paramType-mapping":"Connection","logcnx":"DBConnection_BV","isSelectDistinct":"false","objectParameterized":"false","visible":"false","originalPath":"Src_BV_property"},"sourceConnectionId":"@8DCVpTpsLkaiSkr9JTciqB","sourceObject":"DUMMY_Src_BV_property","newFlatFile":false,"newObject":false,"showBusinessNames":true,"naturalOrder":true,"truncateTarget":false,"bulkApiDBTarget":false,"customFuncCfg":{"@type":"customFuncConfig","id":-1,"connections":[],"inputMap":[],"outputFields":[]},"targetRefsV2":{},"targetUpdateColumns":[],"runtimeAttrs":{},"isRESTModernSource":true,"customQuery":"SELECT DISTINCT dw.property.property_version_id,dw.property.property_id,dw.property.version_number,dw.property.property_version_number,dw.property.is_latest_version,dw.property.create_date,dw.property.update_date,dw.property.client_id,dw.property.client_name,dw.property.client_org_id,dw.property.org_name,dw.property.client_org_name,dw.property.property_status,dw.property.overall_visual_score,dw.property.property_shapes,dw.property.property_materials,dw.property.property_building_count,dw.property.image_recency_days,dw.property.image_resolution_gsd,dw.property.boundary_box_size_sqft,dw.property.property_street,dw.property.property_city,dw.property.property_state,dw.property.property_zip,dw.property.latitude,dw.property.longitude,dw.property.order_date,dw.property.completion_date,dw.property.ordered_by,dw.property.total_processing_time_seconds,dw.property.property_order_source,dw.property.external_id,dw.property.secondary_external_id,dw.property.assigned_to,dw.property.property_hash_key,dw.property.image_provider_name,dw.property.pdf_downloaded,dw.property.property_has_flags,dw.property.property_flag_count,dw.property.property_has_uncleared_flags,dw.property.latest_image_capture_date,dw.property.assigned_to_email,dw.property.profile_type,dw.property.parcel_size_sqft,dw.property.is_subscribed,dw.property.bulk_order_name,dw.property.bulk_order_id,dw.property.non_productive_reason,dw.property.latest_assigned_to_date FROM dw.property;","isFileList":false,"handleSpecialChars":false,"handleDecimalRoundOff":false,"frsAsset":false,"dynamicFileName":false,"excludeDynamicFileNameField":false,"currentlyProcessedFileName":false,"retainFieldMetadata":false,"objectName":"DUMMY_Src_BV_property","useExactSrcNames":false,"userUpdated":true,"fetchMode":"ORIGINAL","tgtObjectAttributes":{},"runtimeParameterData":{"@type":"mtTaskRuntimeParameterData","isConnectionRuntimeParameter":false,"isObjectRuntimeParameter":false,"connectionParameterName":"DBConnection_BV"},"overridableProperties":[],"overriddenFields":[]},{"@type":"mtTaskParameter","id":113381986,"name":"$Tgt_Redshift_betterview_property_stg$","type":"TARGET","label":"DBConnection_TGT","description":"","uiProperties":{"cnxtype":"Amazon Redshift v2","connectionParameterized":"true","paramName":"DBConnection_TGT","paramLabel":"","paramType-mapping":"Connection","logcnx":"DBConnection_TGT","default":"dbo/betterview_property_stg","objectParameterized":"false","visible":"false","defaultTargetUpdateColumns":"","supportApplyDDLChanges":"false","originalPath":"Tgt_Redshift_betterview_property_stg"},"targetConnectionId":"@kz9Es8IGoicjZNLnrhio0E","targetObject":"dbo/betterview_property_stg","targetObjectLabel":"dbo/betterview_property_stg","newFlatFile":false,"newObject":false,"showBusinessNames":true,"naturalOrder":true,"truncateTarget":false,"bulkApiDBTarget":false,"operationType":"Insert","customFuncCfg":{"@type":"customFuncConfig","id":-1,"connections":[],"inputMap":[],"outputFields":[]},"targetRefsV2":{},"targetUpdateColumns":[],"extendedObject":{"@type":"extendedObject","singleMode":true,"filters":[],"sortFields":[]},"runtimeAttrs":{},"isRESTModernSource":true,"isFileList":false,"handleSpecialChars":false,"handleDecimalRoundOff":false,"frsAsset":false,"dynamicFileName":false,"excludeDynamicFileNameField":false,"currentlyProcessedFileName":false,"retainFieldMetadata":false,"objectName":"dbo/betterview_property_stg","objectLabel":"dbo/betterview_property_stg","useExactSrcNames":false,"userUpdated":true,"fetchMode":"ORIGINAL","tgtObjectAttributes":{},"runtimeParameterData":{"@type":"mtTaskRuntimeParameterData","isConnectionRuntimeParameter":false,"isObjectRuntimeParameter":false,"connectionParameterName":"DBConnection_TGT"},"overridableProperties":[],"overriddenFields":[]}],"sequences":[],"inOutParameters":[],"connRuntimeAttrs":[]}]