[{"@type":"fileRecord","id":"@4","name":"metadata","type":"JSON","size":22182,"attachTime":1745679589000},{"@type":"fileRecord","id":"@5","name":"request","type":"XSD","size":6469,"attachTime":1745679589000},{"@type":"fileRecord","id":"@2","name":"extension","type":"XML","size":52464,"attachTime":1745679589000},{"@type":"fileRecord","id":"@6","name":"response","type":"XSD","size":32960,"attachTime":1745679589000},{"@type":"fileRecord","id":"@3","name":"fault","type":"XSD","size":6437,"attachTime":1745679589000}]