[{"@type":"mappingTemplate","id":"@1","name":"cdi_mps_map_lc_form_control_one","description":"Parses the LC360 definitions file into a relational dataset for storage on Redshift.","autoExpireObject":false,"bundleVersion":"0","assetFrsGuid":"cE1B8Z2oxWYbQKdheem7Yl","templateId":"@3","deployTime":1733417100000,"hasParameters":true,"valid":true,"fixedConnection":true,"hasParametersDeployed":true,"fixedConnectionDeployed":true,"isSchemaValidationEnabled":false,"tasks":1,"mappingPreviewFileRecordId":"@2","documentType":"MAPPING","allowMaxFieldLength":false,"specialCharacterSupport":false,"references":[{"@type":"reference","refObjectId":"@1IvJk72vnGXd4irDaHsiM6","refType":"structureDefinition"}]}]