[{"@type":"mappingTemplate","id":"@1","name":"cdi_map_adm_address_guidewire_metal_stg_load","description":"Mapping to do Step 3 of the ADM UDM process for agency address guidewire data ingestion into Redshift table","autoExpireObject":false,"bundleVersion":"0","assetFrsGuid":"k9LPVoWZ3QikX2CcBeeiCi","templateId":"@3","deployTime":1748447441000,"hasParameters":true,"valid":true,"fixedConnection":false,"hasParametersDeployed":true,"fixedConnectionDeployed":false,"isSchemaValidationEnabled":false,"tasks":1,"mappingPreviewFileRecordId":"@2","documentType":"MAPPING","allowMaxFieldLength":false,"specialCharacterSupport":false,"references":[]}]