[{"@type":"mappingTemplate","id":"@1","name":"Mapping9","description":"","autoExpireObject":false,"bundleVersion":"0","assetFrsGuid":"eIkbsCgqxa0bULETHMLCIP","templateId":"@3","hasParameters":false,"valid":false,"fixedConnection":true,"hasParametersDeployed":false,"fixedConnectionDeployed":false,"isSchemaValidationEnabled":false,"tasks":0,"mappingPreviewFileRecordId":"@2","documentType":"MAPPING","allowMaxFieldLength":false,"specialCharacterSupport":false,"references":[{"@type":"reference","refObjectId":"@4EbgcGIAj8ccOBVigVjfEX","refType":"connection"},{"@type":"reference","refObjectId":"@l5iDwC7GuqvlYtiadtm6sY","refType":"connection"}]}]