[{"@type":"mtTask","id":"@1","name":"s_m_load_msgr_view_master_agency","description":"Session pushed from PC to ICS : s_m_load_msgr_view_master_agency","runtimeEnvironmentId":"@3pADNCV9u0PcgrXjM7rx0t","maxLogs":10,"verbose":false,"lastRunTime":1726758308000,"mappingId":"@17uMdOT3ng0gQ0JzNrhNQB","frsGuid":"7bnW4lCiydnhaMk8bRyHi2","shortDescription":"Session pushed from PC to ICS : s_m_load_msgr_view...","sessionPropertiesList":[{"name":"Allow Temporary Sequence for Pushdown","value":"NO","recommended":false},{"name":"Allow Temporary View for Pushdown","value":"NO","recommended":false},{"name":"Data Column Delimiter","value":"|","recommended":false},{"name":"Error Log File Name","value":"PMError.log","recommended":false},{"name":"Pushdown Optimization","value":"None","recommended":false},{"name":"Pushdown Optimization Context","value":"None","recommended":false},{"name":"Pushdown Optimization Fallback Option","value":"Partial PDO","recommended":false}],"hidden":false,"enableCrossSchemaPushdown":false,"enableParallelRun":false,"autoTunedApplied":false,"autoTunedAppliedType":"NONE","parameterFileName":"Andover_Parm_Peregrine.txt","parameterFileDir":"$PMRootDir/andover/parameters","paramFileType":"PARAM_FILE_LOCAL","schemaMode":"async","valid":true,"schemaValidationErrorCount":-1,"serverlessProperties":{},"taskProperties":[{"@type":"taskProperty","name":"parameterFileDir","currentValue":"$PMRootDir/andover/parameters","type":"STRING","label":"label.parameterFileDir","required":false},{"@type":"taskProperty","name":"parameterFileName","currentValue":"Andover_Parm_Peregrine.txt","type":"STRING","label":"label.parameterFileName","required":false},{"@type":"taskProperty","name":"outboundMessageUrlQueueTime","currentValue":"","type":"NUMBER","label":"label.outboundMessageUrlQueueTime","required":false},{"@type":"taskProperty","name":"outboundMessageUrlToken","currentValue":"","type":"STRING","label":"label.outboundMessageUrlToken","required":false}],"optimizationPlan":"NONE","isMidstreamPreview":false,"parameters":[{"@type":"mtTaskParameter","id":98214233,"name":"$SQ_Master_Agency_Detail$","type":"SOURCE","label":"DBConnection_SRC","description":"","uiProperties":{"cnxtype":"Amazon Redshift v2","connectionParameterized":"true","paramName":"DBConnection_SRC","paramLabel":"","paramType-mapping":"Connection","logcnx":"DBConnection_SRC","isSelectDistinct":"false","objectParameterized":"false","visible":"false","originalPath":"SQ_Master_Agency_Detail"},"sourceConnectionId":"@aYZ4ekzHgIPeKpiaoqDLKP","sourceObject":"DUMMY_SQ_Master_Agency_Detail","newFlatFile":false,"newObject":false,"showBusinessNames":true,"naturalOrder":true,"truncateTarget":false,"bulkApiDBTarget":false,"customFuncCfg":{"@type":"customFuncConfig","id":-1,"connections":[],"inputMap":[],"outputFields":[]},"targetRefsV2":{},"targetUpdateColumns":[],"runtimeAttrs":{},"isRESTModernSource":true,"customQuery":"SELECT Master_Agency_Detail.Agency_ID, Master_Agency_Detail.Agency_Code, Master_Agency_Detail.Agency_Name, Master_Agency_Detail.Agency_Contact_Phone, Master_Agency_Detail.Agency_Contact_Fax, Master_Agency_Detail.Agency_Address, Master_Agency_Detail.Agency_City, Master_Agency_Detail.Agency_State, Master_Agency_Detail.Agency_Zipcode, Master_Agency_Detail.Sales_Territory, Master_Agency_Detail.Field_Representative_State, Master_Agency_Detail.Field_Representative, Master_Agency_Detail.Field_Representative_Group, Master_Agency_Detail.Agency_Email1, Master_Agency_Detail.Agency_Email2, Master_Agency_Detail.Agency_Email3, Master_Agency_Detail.Agency_Email4, Master_Agency_Detail.Agency_Email5, Master_Agency_Detail.Agency_Email6, Master_Agency_Detail.Agency_Email7, Master_Agency_Detail.Agency_Email8, Master_Agency_Detail.Agency_Email9, Master_Agency_Detail.Agency_Email10, Master_Agency_Detail.Source_Cd, Master_Agency_Detail.Agency_Appointed_Dt, Master_Agency_Detail.Agency_Mail_Address1, Master_Agency_Detail.Agency_Mail_Address2, Master_Agency_Detail.Agency_Mail_City, Master_Agency_Detail.Agency_Mail_State, Master_Agency_Detail.Agency_Mail_Zipcode, Master_AgencyGroup_Detail.Agency_Group_Id, Master_AgencyGroup_Detail.Agency_Group_Nbr, Master_AgencyGroup_Detail.Agency_Group_Name, Master_AgencyGroup_Detail.Agency_Group_Name1, Master_AgencyGroup_Detail.Agency_Group_Name2, Master_AgencyGroup_Detail.Qualifying_Amount, Master_AgencyGroup_Detail.AgencyGroup_Email1, Master_AgencyGroup_Detail.AgencyGroup_Email2, Master_AgencyGroup_Detail.AgencyGroup_Email3, Master_AgencyGroup_Detail.AgencyGroup_Email4, Master_AgencyGroup_Detail.AgencyGroup_Email5, Master_AgencyGroup_Detail.AgencyGroup_Email6, Master_AgencyGroup_Detail.AgencyGroup_Email7, Master_AgencyGroup_Detail.AgencyGroup_Email8, Master_AgencyGroup_Detail.AgencyGroup_Email9, Master_AgencyGroup_Detail.AgencyGroup_Email10, Master_Agency_Detail.Status, Master_Agency_Detail.agency_alpha_workflow \nFROM\ndbo.Master_Agency_Detail Master_Agency_Detail WITH (NOLOCK) \n LEFT JOIN dbo.Master_AgencyGroup_Detail Master_AgencyGroup_Detail WITH (NOLOCK)\n ON Master_Agency_Detail.Agency_Group_Nbr = Master_AgencyGroup_Detail.Agency_Group_Nbr\n WHERE Master_Agency_Detail.Row_End_Dt > GETDATE()\n and Master_AgencyGroup_Detail.Row_End_Dt > GETDATE()\nAND (Master_Agency_Detail.row_effective_dt >= (SELECT etlbatchstartst FROM dbo.loadbatchetldt WHERE loadetltype = 'wf_msgr_subquery_tables')\n or Master_AgencyGroup_Detail.row_effective_dt >= (SELECT etlbatchstartst FROM dbo.loadbatchetldt WHERE loadetltype = 'wf_msgr_subquery_tables'))","isFileList":false,"handleSpecialChars":false,"handleDecimalRoundOff":false,"frsAsset":false,"dynamicFileName":false,"excludeDynamicFileNameField":false,"currentlyProcessedFileName":false,"retainFieldMetadata":false,"objectName":"DUMMY_SQ_Master_Agency_Detail","useExactSrcNames":false,"fetchMode":"ORIGINAL","tgtObjectAttributes":{},"runtimeParameterData":{"@type":"mtTaskRuntimeParameterData","isConnectionRuntimeParameter":true,"isObjectRuntimeParameter":false,"connectionParameterName":"DBConnection_SRC"},"overridableProperties":[],"overriddenFields":[]},{"@type":"mtTaskParameter","id":98214234,"name":"$msgr_view_master_agency_INS$","type":"TARGET","label":"DBConnection_TGT","description":"","uiProperties":{"cnxtype":"Amazon Redshift v2","connectionParameterized":"true","paramName":"DBConnection_TGT","paramLabel":"","paramType-mapping":"Connection","logcnx":"DBConnection_TGT","default":"dbo/msgr_view_master_agency","objectParameterized":"false","visible":"false","defaultTargetUpdateColumns":"","supportApplyDDLChanges":"false","originalPath":"msgr_view_master_agency_INS"},"targetConnectionId":"@aYZ4ekzHgIPeKpiaoqDLKP","targetObject":"dbo/msgr_view_master_agency","targetObjectLabel":"msgr_view_master_agency","newFlatFile":false,"newObject":false,"showBusinessNames":true,"naturalOrder":true,"truncateTarget":false,"bulkApiDBTarget":false,"operationType":"Rowbased","customFuncCfg":{"@type":"customFuncConfig","id":-1,"connections":[],"inputMap":[],"outputFields":[]},"targetRefsV2":{},"targetUpdateColumns":[],"extendedObject":{"@type":"extendedObject","singleMode":true,"filters":[],"sortFields":[]},"runtimeAttrs":{},"isRESTModernSource":true,"isFileList":false,"handleSpecialChars":false,"handleDecimalRoundOff":false,"frsAsset":false,"dynamicFileName":false,"excludeDynamicFileNameField":false,"currentlyProcessedFileName":false,"retainFieldMetadata":false,"objectName":"dbo/msgr_view_master_agency","objectLabel":"msgr_view_master_agency","useExactSrcNames":false,"fetchMode":"ORIGINAL","tgtObjectAttributes":{},"runtimeParameterData":{"@type":"mtTaskRuntimeParameterData","isConnectionRuntimeParameter":true,"isObjectRuntimeParameter":false,"connectionParameterName":"DBConnection_TGT"},"overridableProperties":[],"overriddenFields":[]},{"@type":"mtTaskParameter","id":98214235,"name":"$msgr_view_master_agency_UPD$","type":"TARGET","label":"DBConnection_TGT","description":"","uiProperties":{"cnxtype":"Amazon Redshift v2","connectionParameterized":"true","paramName":"DBConnection_TGT","paramLabel":"","paramType-mapping":"Connection","logcnx":"DBConnection_TGT","default":"dbo/msgr_view_master_agency","objectParameterized":"false","visible":"false","defaultTargetUpdateColumns":"row_id","supportApplyDDLChanges":"false","originalPath":"msgr_view_master_agency_UPD"},"targetConnectionId":"@aYZ4ekzHgIPeKpiaoqDLKP","targetObject":"dbo/msgr_view_master_agency","targetObjectLabel":"msgr_view_master_agency","newFlatFile":false,"newObject":false,"showBusinessNames":true,"naturalOrder":true,"truncateTarget":false,"bulkApiDBTarget":false,"operationType":"Rowbased","customFuncCfg":{"@type":"customFuncConfig","id":-1,"connections":[],"inputMap":[],"outputFields":[]},"targetRefsV2":{},"targetUpdateColumns":["row_id"],"extendedObject":{"@type":"extendedObject","singleMode":true,"filters":[],"sortFields":[]},"runtimeAttrs":{},"isRESTModernSource":true,"isFileList":false,"handleSpecialChars":false,"handleDecimalRoundOff":false,"frsAsset":false,"dynamicFileName":false,"excludeDynamicFileNameField":false,"currentlyProcessedFileName":false,"retainFieldMetadata":false,"objectName":"dbo/msgr_view_master_agency","objectLabel":"msgr_view_master_agency","useExactSrcNames":false,"fetchMode":"ORIGINAL","tgtObjectAttributes":{},"runtimeParameterData":{"@type":"mtTaskRuntimeParameterData","isConnectionRuntimeParameter":true,"isObjectRuntimeParameter":false,"connectionParameterName":"DBConnection_TGT"},"overridableProperties":[],"overriddenFields":[]},{"@type":"mtTaskParameter","id":98214236,"name":"$lkp_Tgt_msgr_view_master_agency$","type":"LOOKUP","label":"DBConnection_TGT","description":"","uiProperties":{"cnxtype":"Amazon Redshift v2","connectionParameterized":"true","paramName":"DBConnection_TGT","paramLabel":"","paramType-mapping":"Connection","logcnx":"DBConnection_TGT","isCachedLookup":"true","multipleMatchPolicy":"Use Any Value","default":"dbo/msgr_view_master_agency","objectParameterized":"false","visible":"false","originalPath":"lkp_Tgt_msgr_view_master_agency"},"lookupConnectionId":"@aYZ4ekzHgIPeKpiaoqDLKP","lookupObject":"dbo/msgr_view_master_agency","lookupObjectLabel":"msgr_view_master_agency","newFlatFile":false,"newObject":false,"showBusinessNames":true,"naturalOrder":true,"truncateTarget":false,"bulkApiDBTarget":false,"customFuncCfg":{"@type":"customFuncConfig","id":-1,"connections":[],"inputMap":[],"outputFields":[]},"targetRefsV2":{},"targetUpdateColumns":[],"runtimeAttrs":{"Cache File Name Prefix":"","Lookup Index Cache Size":"AUTO","Lookup Data Filter":"","Optional":"true","Lookup cache persistent":"false","Lookup source is static":"false","Update Dynamic Cache Condition":"TRUE","Case Sensitive String Comparison":"false","Re-cache from lookup source":"false","Insert Else Update":"false","Lookup caching enabled":"true","Lookup Data Cache Size":"AUTO","Tracing Level":"Normal","Sorted Input":"false","Lookup cache directory name":"$PMCacheDir","Output Old Value On Update":"false","Dynamic Lookup Cache":"false","Pre-build lookup cache":"AUTO","Null ordering":""},"isRESTModernSource":true,"isFileList":false,"handleSpecialChars":false,"handleDecimalRoundOff":false,"frsAsset":false,"dynamicFileName":false,"excludeDynamicFileNameField":false,"currentlyProcessedFileName":false,"retainFieldMetadata":false,"objectName":"dbo/msgr_view_master_agency","objectLabel":"msgr_view_master_agency","useExactSrcNames":false,"fetchMode":"ORIGINAL","tgtObjectAttributes":{},"runtimeParameterData":{"@type":"mtTaskRuntimeParameterData","isConnectionRuntimeParameter":true,"isObjectRuntimeParameter":false,"connectionParameterName":"DBConnection_TGT"},"overridableProperties":[],"overriddenFields":[]}],"sequences":[],"inOutParameters":[],"connRuntimeAttrs":[]}]