[{"@type":"mappingTemplate","id":"@1","name":"cdi_map_uw_dashboard_application_details","description":"Under Writer Dashboard.","autoExpireObject":false,"bundleVersion":"0","assetFrsGuid":"9o4JBQIiJIkjSUHl4AAn04","templateId":"@3","deployTime":1742485766000,"hasParameters":true,"valid":false,"fixedConnection":true,"hasParametersDeployed":true,"fixedConnectionDeployed":false,"isSchemaValidationEnabled":false,"tasks":0,"mappingPreviewFileRecordId":"@2","documentType":"MAPPING","allowMaxFieldLength":false,"specialCharacterSupport":false,"references":[{"@type":"reference","refObjectId":"@aYZ4ekzHgIPeKpiaoqDLKP","refType":"connection"}]}]