[{"@type":"mappingTemplate","id":"@1","name":"m_Load_Task_stg_to_TaskDetail","description":"","autoExpireObject":false,"bundleVersion":"0","assetFrsGuid":"9AcYaWyLwGykdOmTIEudMN","templateId":"@3","deployTime":1739903101000,"hasParameters":true,"valid":true,"fixedConnection":false,"hasParametersDeployed":true,"fixedConnectionDeployed":false,"isSchemaValidationEnabled":false,"tasks":1,"mappingPreviewFileRecordId":"@2","documentType":"","allowMaxFieldLength":false,"specialCharacterSupport":false,"references":[]}]