[{"@type":"mappingTemplate","id":"@1","name":"cdi_map_shell_policy_major_peril_reference_query_ld","description":"","autoExpireObject":false,"bundleVersion":"0","assetFrsGuid":"677QpvpjTIbf3xdmt2PysT","templateId":"@3","deployTime":1748557475000,"hasParameters":true,"valid":true,"fixedConnection":true,"hasParametersDeployed":true,"fixedConnectionDeployed":true,"isSchemaValidationEnabled":false,"tasks":1,"mappingPreviewFileRecordId":"@2","documentType":"","allowMaxFieldLength":false,"references":[{"@type":"reference","refObjectId":"@aYZ4ekzHgIPeKpiaoqDLKP","refType":"connection"}]}]