[{"@type":"mappingTemplate","id":"@1","name":"m_load_msgr_facts_pms_new_vw1","description":"","autoExpireObject":false,"bundleVersion":"0","assetFrsGuid":"7bWe1NmcZ4wjuoM7enOk6w","templateId":"@3","deployTime":1728411643000,"hasParameters":true,"valid":true,"fixedConnection":false,"hasParametersDeployed":true,"fixedConnectionDeployed":false,"isSchemaValidationEnabled":false,"tasks":0,"mappingPreviewFileRecordId":"@2","documentType":"","allowMaxFieldLength":false,"specialCharacterSupport":false,"references":[]}]