[{"@type":"mappletTemplate","id":"@1","name":"mplt_AV6_Assign_DQ_Status_Code_Description","description":"Describes the Match Score value that a verifier asset returns for the AV6 engine.","autoExpireObject":false,"documentType":"DMAPPLET","valid":true,"validForEngines":["CDI","CDI_E"],"active":false,"hasFixedReferences":false,"templateId":"@2","templateImageId":"@3","references":[{"@type":"reference","refObjectId":"@2xNVryO6pSThRp0fPrkdgY","refType":"frsDocument"},{"@type":"reference","refObjectId":"@eYZfJH7z7QygWxxRcyAj4n","refType":"frsDocument"},{"@type":"reference","refObjectId":"@2qnx8onUse3hhcfIZXt3Cv","refType":"frsDocument"}]}]