[{"@type":"mappingTemplate","id":"@1","name":"m_PMS_Reins_Fact_Loss_Reserves_SQL_SERVER_TO_Redshift","description":"","autoExpireObject":false,"bundleVersion":"0","assetFrsGuid":"fiU7WALEAwUe24AYiR0CIy","templateId":"@3","deployTime":1720705112000,"hasParameters":true,"valid":true,"fixedConnection":false,"hasParametersDeployed":true,"fixedConnectionDeployed":false,"isSchemaValidationEnabled":false,"tasks":1,"mappingPreviewFileRecordId":"@2","documentType":"MAPPING","allowMaxFieldLength":false,"references":[]}]