[{"@type":"mappingTemplate","id":"@1","name":"m_Foreclosure_send_notification","description":"","autoExpireObject":false,"bundleVersion":"0","assetFrsGuid":"1Fp6Qyu41xFjzaY4kkMMkN","templateId":"@3","deployTime":1768843255000,"hasParameters":true,"valid":true,"fixedConnection":false,"hasParametersDeployed":true,"fixedConnectionDeployed":false,"isSchemaValidationEnabled":false,"tasks":1,"mappingPreviewFileRecordId":"@2","documentType":"MAPPING","allowMaxFieldLength":false,"specialCharacterSupport":false,"references":[]}]