[{"@type":"mappletTemplate","id":"@1","name":"mplt_Translate_Diacritic_Characters","description":"Translates diacitical characters to regular ascii text characters. For example, it changes an ë to an e (returns tëst as test).\n\n","autoExpireObject":false,"documentType":"DMAPPLET","valid":true,"validForEngines":["CDI","CDI_E"],"active":false,"hasFixedReferences":false,"templateId":"@2","templateImageId":"@3","references":[{"@type":"reference","refObjectId":"@6p8g6AN5U9YbLwVi3DgKU1","refType":"frsDocument"}]}]