[{"@type":"mtTask","id":"@1","name":"cdi_tsk_map_acx_coverage_item_metal_load","autoExpireObject":false,"runtimeEnvironmentId":"@3pADNCV9u0PcgrXjM7rx0t","maxLogs":10,"verbose":false,"lastRunTime":1756151171000,"mappingId":"@5d9ObbkVd6akjMdutrkJC2","frsGuid":"kayEPGjC4UMh2RUBPDEBAp","sessionPropertiesList":[{"name":"Pushdown Optimization","value":"None","recommended":false},{"name":"Pushdown Optimization Context","value":"None","recommended":false},{"name":"Pushdown Optimization Fallback Option","value":"Partial PDO","recommended":false}],"hidden":false,"enableCrossSchemaPushdown":true,"enableParallelRun":false,"autoTunedApplied":false,"autoTunedAppliedType":"NONE","parameterFileName":"Andover_Param_ACX.param","parameterFileDir":"$PMRootDir/andover/parameters","paramFileType":"PARAM_FILE_LOCAL","schemaMode":"async","valid":true,"schemaValidationErrorCount":-1,"serverlessProperties":{},"taskProperties":[{"@type":"taskProperty","name":"parameterFileDir","currentValue":"$PMRootDir/andover/parameters","type":"STRING","label":"label.parameterFileDir","required":false},{"@type":"taskProperty","name":"parameterFileName","currentValue":"Andover_Param_ACX.param","type":"STRING","label":"label.parameterFileName","required":false},{"@type":"taskProperty","name":"outboundMessageUrlQueueTime","currentValue":"","type":"NUMBER","label":"label.outboundMessageUrlQueueTime","required":false},{"@type":"taskProperty","name":"outboundMessageUrlToken","currentValue":"","type":"STRING","label":"label.outboundMessageUrlToken","required":false}],"optimizationPlan":"NONE","isMidstreamPreview":false,"allowMaxFieldLength":false,"specialCharacterSupport":false,"useUserDefinedOrder":false,"parameters":[{"@type":"mtTaskParameter","id":131317924,"name":"$src_coverageitem$","type":"SOURCE","label":"DBConnection_ACX_SRCM","description":"","uiProperties":{"cnxtype":"MySQL","connectionParameterized":"true","paramName":"DBConnection_ACX_SRCM","paramLabel":"","paramType-mapping":"Connection","logcnx":"DBConnection_ACX_SRCM","isSelectDistinct":"false","objectParameterized":"false","visible":"false","originalPath":"src_coverageitem"},"sourceConnectionId":"@1MPwv79N5kdekz7fZXQSas","sourceObject":"DUMMY_src_coverageitem","newFlatFile":false,"newObject":false,"showBusinessNames":true,"naturalOrder":true,"truncateTarget":false,"bulkApiDBTarget":false,"customFuncCfg":{"@type":"customFuncConfig","id":-1,"connections":[],"inputMap":[],"outputFields":[]},"targetRefsV2":{},"targetUpdateColumns":[],"fieldOrderList":[],"runtimeAttrs":{},"isRESTModernSource":true,"customQuery":"select\n\ta.SystemId,\n\tParentId,\n\ta.CMMContainer,\n\tId,\n\tStatus,\n\tCoverageItemCd,\n\tFullTermAmt,\n\tFullTermManualAmt,\n\tFinalPremiumAmt,\n\tWrittenPremiumAmt,\n\tEarnedAmt,\n\tSequenceNumber,\n\tItemDesc,\n\tPrevFinalAmt,\n\tPrevWrittenAmt,\n\tTransactionCommissionAmt,\n\tShortRateAmt,\n\tFutureStatusCd,\n\tDriverIdRef,\n\tNumFamilies,\n\tAdditionalPlanChargePct,\n\tNumOfUnits,\n\tManufacturer,\n\tModel,\n\tModelYr,\n\tVehBodyTypeCd,\n\tEngineType,\n\tEngineDesc,\n\tStatedAmt,\n\tBreakageCovInd,\n\tOutboardMotorVal,\n\tTrailerType,\n\tTrailerValue,\n\tUnattachedEquipType,\n\tUnattachedEquipValue,\n\tEngineCC,\n\tInExpOper,\n\tVehicleVIN,\n\tResidencyDet,\n\tSchoolName,\n\tItemType,\n\tHorsepower,\n\tLength,\n\tOperatingArea,\n\tPBHullDed,\n\tPBHullValue,\n\tPBMotorValue,\n\tPBPersonalEffectValue,\n\tMoreThan1Eng,\n\tIdentical2ndEng,\n\tPBLiability,\n\tPBMedPayment,\n\tPBAgreedAmount,\n\tPBDtLastSurvey,\n\tPBHullMaterial,\n\tPBMaxSpeed,\n\tPBWaterNav,\n\tPBAICount,\n\tPBEngineYear1,\n\tPBEngineModel1,\n\tPBEngineHP1,\n\tPBEngineFuel1,\n\tPBEngineYear2,\n\tPBEngineModel2,\n\tPBEngineHP2,\n\tPBEngineFuel2,\n\tPBAI1,\n\tPBAIName1,\n\tPBAIStreet1,\n\tPBAICity1,\n\tPBAIState1,\n\tPBAIZip1,\n\tPBAILoanNum1,\n\tPBAI2,\n\tPBAIName2,\n\tPBAIStreet2,\n\tPBAICity2,\n\tPBAIState2,\n\tPBAIZip2,\n\tPBAILoanNum2,\n\tCommercialTowingInd,\n\tAgreedAmountOutInd,\n\tCoastGuardCertInd,\n\tEducationalExpInd,\n\tShipToShoreInd,\n\tMarineCompassInd,\n\tDepthFinderInd,\n\tVaporDetectInd,\n\tCO2HalonFireInd,\n\tRadarSystemInd,\n\tLoranGPSInd,\n\tHullDed,\n\tDiesel,\n\tHullValue,\n\tOutBoardMotVal,\n\tTrailerDesc,\n\tTrailerVal,\n\tUnattachEquipDesc,\n\tUnattachEquipValue,\n\tParentItemNumber,\n\tRatingInd,\n\tRowId,\n\tClassCd\nFROM coverageitem a\ninner join advrxxchangedbeans b\non a.Systemid = b.Systemid\nand a.CmmContainer = b.CmmContainer\nand b.CmmContainer in ('Policy','Application')\nwhere CONCAT(b.adddt, ' ', substr(b.addtm, 1, 8))>= $LASTRUNTIME","commandType":0,"isFileList":false,"handleSpecialChars":false,"handleDecimalRoundOff":false,"frsAsset":false,"dynamicFileName":false,"excludeDynamicFileNameField":false,"currentlyProcessedFileName":false,"retainFieldMetadata":false,"objectName":"DUMMY_src_coverageitem","useExactSrcNames":false,"userUpdated":true,"fetchMode":"ORIGINAL","tgtObjectAttributes":{},"runtimeParameterData":{"@type":"mtTaskRuntimeParameterData","isConnectionRuntimeParameter":false,"isObjectRuntimeParameter":false,"connectionParameterName":"DBConnection_ACX_SRCM"},"overridableProperties":[],"overriddenFields":[]},{"@type":"mtTaskParameter","id":131317925,"name":"$tgt_acx_coverage_item$","type":"TARGET","label":"DBConnection_ACX_TGT","description":"","uiProperties":{"cnxtype":"Amazon Redshift v2","connectionParameterized":"true","paramName":"DBConnection_ACX_TGT","paramLabel":"","paramType-mapping":"Connection","logcnx":"DBConnection_ACX_TGT","default":"metal/acx_coverage_item","objectParameterized":"false","visible":"false","defaultTargetUpdateColumns":"","supportApplyDDLChanges":"false","originalPath":"tgt_acx_coverage_item"},"targetConnectionId":"@aYZ4ekzHgIPeKpiaoqDLKP","targetObject":"metal/acx_coverage_item","targetObjectLabel":"metal/acx_coverage_item","newFlatFile":false,"newObject":false,"showBusinessNames":true,"naturalOrder":true,"truncateTarget":false,"bulkApiDBTarget":false,"operationType":"Insert","customFuncCfg":{"@type":"customFuncConfig","id":-1,"connections":[],"inputMap":[],"outputFields":[]},"targetRefsV2":{},"targetUpdateColumns":[],"fieldOrderList":[],"extendedObject":{"@type":"extendedObject","singleMode":true,"filters":[],"sortFields":[]},"runtimeAttrs":{},"isRESTModernSource":true,"commandType":0,"isFileList":false,"handleSpecialChars":false,"handleDecimalRoundOff":false,"frsAsset":false,"dynamicFileName":false,"excludeDynamicFileNameField":false,"currentlyProcessedFileName":false,"retainFieldMetadata":false,"objectName":"metal/acx_coverage_item","objectLabel":"metal/acx_coverage_item","useExactSrcNames":false,"userUpdated":true,"fetchMode":"ORIGINAL","tgtObjectAttributes":{},"runtimeParameterData":{"@type":"mtTaskRuntimeParameterData","isConnectionRuntimeParameter":false,"isObjectRuntimeParameter":false,"connectionParameterName":"DBConnection_ACX_TGT"},"overridableProperties":[],"dbSchema":"","overriddenFields":[]}],"sequences":[],"inOutParameters":[],"connRuntimeAttrs":[]}]