[{"@type":"mtTask","id":"@1","name":"cdi_tsk_map_stp_data_staging_num_families_silver_load","autoExpireObject":false,"runtimeEnvironmentId":"@3pADNCV9u0PcgrXjM7rx0t","maxLogs":10,"verbose":false,"lastRunTime":1758782991000,"mappingId":"@iIh3cmfr6ICgsQCW4j5AA5","frsGuid":"bYrKTPljOOGbjXQ26Yi8yV","sessionPropertiesList":[{"name":"Pushdown Optimization","value":"None","recommended":false},{"name":"Pushdown Optimization Context","value":"None","recommended":false},{"name":"Pushdown Optimization Fallback Option","value":"Partial PDO","recommended":false}],"hidden":false,"enableCrossSchemaPushdown":true,"enableParallelRun":false,"autoTunedApplied":false,"autoTunedAppliedType":"NONE","parameterFileName":"Andover_Param_STP.param","parameterFileDir":"$PMRootDir/andover/parameters","paramFileType":"PARAM_FILE_LOCAL","schemaMode":"async","valid":true,"schemaValidationErrorCount":-1,"serverlessProperties":{},"taskProperties":[{"@type":"taskProperty","name":"parameterFileDir","currentValue":"$PMRootDir/andover/parameters","type":"STRING","label":"label.parameterFileDir","required":false},{"@type":"taskProperty","name":"parameterFileName","currentValue":"Andover_Param_STP.param","type":"STRING","label":"label.parameterFileName","required":false},{"@type":"taskProperty","name":"outboundMessageUrlQueueTime","currentValue":"","type":"NUMBER","label":"label.outboundMessageUrlQueueTime","required":false},{"@type":"taskProperty","name":"outboundMessageUrlToken","currentValue":"","type":"STRING","label":"label.outboundMessageUrlToken","required":false}],"optimizationPlan":"NONE","isMidstreamPreview":false,"allowMaxFieldLength":false,"specialCharacterSupport":false,"useUserDefinedOrder":false,"parameters":[{"@type":"mtTaskParameter","id":134412258,"name":"$src_base_tables$","type":"SOURCE","label":"DBConnection_SRC","description":"","uiProperties":{"cnxtype":"Amazon Redshift v2","connectionParameterized":"true","paramName":"DBConnection_SRC","paramLabel":"","paramType-mapping":"Connection","logcnx":"DBConnection_SRC","isSelectDistinct":"false","objectParameterized":"false","visible":"false","originalPath":"src_base_tables"},"sourceConnectionId":"@aYZ4ekzHgIPeKpiaoqDLKP","sourceObject":"DUMMY_src_base_tables","newFlatFile":false,"newObject":false,"showBusinessNames":true,"naturalOrder":true,"truncateTarget":false,"bulkApiDBTarget":false,"customFuncCfg":{"@type":"customFuncConfig","id":-1,"connections":[],"inputMap":[],"outputFields":[]},"targetRefsV2":{},"targetUpdateColumns":[],"fieldOrderList":[],"runtimeAttrs":{},"isRESTModernSource":true,"customQuery":"WITH current_batch AS (\n    SELECT \n        bls.batch_id,\n        bls.source_start_cutoff_datetime,\n        bls.source_end_cutoff_datetime\n    FROM $$operational_schema.batch_load_summary bls\n    WHERE bls.source_system_code = '$$sourcesystemcode'\n      AND bls.batch_status = 'Inprogress'\n      AND bls.batch_id = (\n          SELECT MAX(batch_id)\n          FROM $$operational_schema.batch_load_summary\n          WHERE source_system_code = '$$sourcesystemcode'\n            AND batch_status = 'Inprogress'\n      )\n)\nSELECT DISTINCT\nprkr.policy_cmm_container AS straight_through_processing_data_staging_type,\nprkr.policy_system_id AS policy_source_system_id,\nprkr.policy_cmm_container AS row_type,\nprkr.policy_number,\nprkr.policy_module_number,\nprkr.policy_number || '-' || prkr.policy_module_number  as policy_key,\nprkr.line_of_business,\nbp.parentid as policy_parent_id,\nbp.effectivedt AS policy_effective_date,\nCASE\nWHEN '$$risk_id_flag' = 'Y'\nTHEN prkr.risk_id \nELSE 'NULL' END AS risk_id,\nCASE\nWHEN a1.addr1 IS NOT NULL THEN a1.stateprovcd\nWHEN a2.addr1 IS NOT NULL THEN a2.stateprovcd\nELSE 'NULL' END AS risk_state,\ninsured.indexname AS insured_name,\ncust.customer_number,\nt.transactioncd AS transaction_code,\nCAST(cast(t.transactiondt AS varchar) + ' ' + t.transactiontm AS datetime) as transaction_datetime,\nu.typecd as user_type_cd,\ncb.batch_id as batch_id\nFROM $$dbo_schema.transactionhistory_stg t\nJOIN $$dbo_schema.userinfo_stg u\nON t.transactionuser = u.loginid\nJOIN $$dbo_schema.policy_risk_key_reference prkr\nON t.systemid = prkr.policy_system_id\nAND t.cmmcontainer = prkr.policy_cmm_container\nJOIN $$dbo_schema.basicpolicy_stg bp\nON t.systemid = bp.systemid\nAND t.cmmcontainer = bp.cmmcontainer\nAND prkr.policy_system_id = bp.systemid\nAND prkr.policy_cmm_container = bp.cmmcontainer\nAND prkr.policy_reference_id = bp.id\nLEFT JOIN $$dbo_schema.insured_stg insured\nON prkr.policy_system_id = insured.systemid\nAND prkr.policy_cmm_container = insured.cmmcontainer\nLEFT JOIN $$dbo_schema.policy_stg p\nON prkr.policy_system_id = p.systemid\nAND prkr.policy_cmm_container = p.cmmcontainer\nLEFT JOIN $$dbo_schema.customer_stg cust\nON p.customerref = cust.system_id\nINNER JOIN $$dbo_schema.building_stg b\nON prkr.risk_system_id = b.systemid\nANd prkr.policy_cmm_container = b.cmmcontainer\nAND prkr.risk_id = b.parentid\nINNER JOIN $$dbo_schema.risk_stg r\nON prkr.risk_system_id = r.systemid\nAND prkr.policy_cmm_container = r.cmmcontainer\nAND prkr.risk_id = r.id\nLEFT JOIN $$dbo_schema.addr_stg a1\nON b.systemid = a1.systemid\nAND b.cmmcontainer = a1.cmmcontainer\nAND b.id = a1.parentid\nAND a1.addrtypecd = 'RiskAddr'\nAND a1.addr1 IS NOT NULL\nAND a1.stateprovcd IN $$state_list\nLEFT JOIN $$dbo_schema.addr_stg a2\nON r.systemid = a2.systemid\nAND r.cmmcontainer = a2.cmmcontainer\nAND r.locationref = a2.parentid\nAND a2.addrtypecd = 'LocationAddr'\nAND a2.addr1 IS NOT NULL\nAND a2.stateprovcd IN $$state_list\nCROSS JOIN current_batch cb\nWHERE t.cmmcontainer = 'Policy'\nAND t.transactioncd = 'New Business'\nand t.bookdt >= dateadd(day, -1, $LastRunTime)\nAND u.typecd IN ('Company','Producer')\nAND bp.cmmcontainer = 'Policy'\nAND prkr.policy_cmm_container = 'Policy'\nAND prkr.policy_risk_key_reference_row_effective_end_date = '9999-12-31 00:00:00.000000'\nORDER BY \nprkr.policy_cmm_container,    \nprkr.policy_system_id,\nbp.parentid,\nprkr.risk_id;","commandType":0,"isFileList":false,"handleSpecialChars":false,"handleDecimalRoundOff":false,"frsAsset":false,"dynamicFileName":false,"excludeDynamicFileNameField":false,"currentlyProcessedFileName":false,"retainFieldMetadata":false,"objectName":"DUMMY_src_base_tables","useExactSrcNames":false,"userUpdated":true,"tgtObjectAttributes":{},"runtimeParameterData":{"@type":"mtTaskRuntimeParameterData","isConnectionRuntimeParameter":false,"isObjectRuntimeParameter":false,"connectionParameterName":"DBConnection_SRC"},"overridableProperties":[],"overriddenFields":[]},{"@type":"mtTaskParameter","id":134412259,"name":"$src_data_source_query$","type":"EXTENDED_SOURCE","label":"DBConnection_SRC","description":"","uiProperties":{"cnxtype":"Amazon Redshift v2","connectionParameterized":"true","paramName":"DBConnection_SRC","paramLabel":"","paramType-mapping":"Connection","logcnx":"DBConnection_SRC","isSelectDistinct":"false","isMsrcFilterParameterized":"false","isMsrcSortParameterized":"false","objlabel":"source_query","origobjlabel":"","objectParameterized":"true","objDesc":"","objectParamName":"source_query","objectParamType-mapping":"DataObject","originalPath":"src_data_source_query"},"sourceConnectionId":"@aYZ4ekzHgIPeKpiaoqDLKP","newFlatFile":false,"newObject":false,"showBusinessNames":true,"naturalOrder":true,"truncateTarget":false,"bulkApiDBTarget":false,"customFuncCfg":{"@type":"customFuncConfig","id":-1,"connections":[],"inputMap":[],"outputFields":[]},"targetRefsV2":{},"targetUpdateColumns":[],"fieldOrderList":[],"extendedObject":{"@type":"extendedObject","singleMode":false,"filters":[],"sortFields":[]},"runtimeAttrs":{},"isRESTModernSource":true,"customQuery":"SELECT DISTINCT\n'ACX' AS straight_through_processing_data_staging_source_system,\n'Straight Through Processing' AS straight_through_processing_data_staging_domain,\nudprd.policy_cmm_container AS cmm_container,\n'building' AS originating_source_name,\n'NULL' AS originating_load_type,\n'Loaded' AS straight_through_processing_data_staging_load_state,\nudprd.building_id AS straight_through_processing_data_staging_row_source_system_key,\nudprd.policy_system_id AS system_id,\nnull as parent_id,\nudprd.risk_id as policy_risk_id,\nnull as property_risk_id,\n'dbo' AS source_schema_name,\n'uw_dashboard_policy_risk_details' AS source_table_name,\n'number_of_families' AS source_field_name,\nudprd.number_of_families AS source_value\nFROM dbo.uw_dashboard_policy_risk_details udprd\nWHERE udprd.policy_cmm_container = 'Policy'\nAND udprd.uw_dashboard_policy_risk_details_row_effective_end_datetime = '9999-12-31 00:00:00.000000';","commandType":0,"isFileList":false,"handleSpecialChars":false,"handleDecimalRoundOff":false,"frsAsset":false,"dynamicFileName":false,"excludeDynamicFileNameField":false,"currentlyProcessedFileName":false,"retainFieldMetadata":false,"useExactSrcNames":false,"userUpdated":true,"tgtObjectAttributes":{},"runtimeParameterData":{"@type":"mtTaskRuntimeParameterData","isConnectionRuntimeParameter":false,"isObjectRuntimeParameter":false,"connectionParameterName":"DBConnection_SRC","objectParameterName":"source_query"},"overridableProperties":[],"overriddenFields":[]},{"@type":"mtTaskParameter","id":134412260,"name":"$tgt_stp_data_staging$","type":"TARGET","label":"DBConnection_TGT","description":"","uiProperties":{"cnxtype":"Amazon Redshift v2","connectionParameterized":"true","paramName":"DBConnection_TGT","paramLabel":"","paramType-mapping":"Connection","logcnx":"DBConnection_TGT","default":"silver/straight_through_processing_data_staging","objectParameterized":"false","visible":"false","defaultTargetUpdateColumns":"","supportApplyDDLChanges":"false","originalPath":"tgt_stp_data_staging"},"targetConnectionId":"@aYZ4ekzHgIPeKpiaoqDLKP","targetObject":"silver/straight_through_processing_data_staging","targetObjectLabel":"silver/straight_through_processing_data_staging","newFlatFile":false,"newObject":false,"showBusinessNames":true,"naturalOrder":true,"truncateTarget":false,"bulkApiDBTarget":false,"operationType":"Insert","customFuncCfg":{"@type":"customFuncConfig","id":-1,"connections":[],"inputMap":[],"outputFields":[]},"targetRefsV2":{},"targetUpdateColumns":[],"fieldOrderList":[],"extendedObject":{"@type":"extendedObject","singleMode":true,"filters":[],"sortFields":[]},"runtimeAttrs":{},"isRESTModernSource":true,"commandType":0,"isFileList":false,"handleSpecialChars":false,"handleDecimalRoundOff":false,"frsAsset":false,"dynamicFileName":false,"excludeDynamicFileNameField":false,"currentlyProcessedFileName":false,"retainFieldMetadata":false,"objectName":"silver/straight_through_processing_data_staging","objectLabel":"silver/straight_through_processing_data_staging","useExactSrcNames":false,"userUpdated":true,"tgtObjectAttributes":{},"runtimeParameterData":{"@type":"mtTaskRuntimeParameterData","isConnectionRuntimeParameter":false,"isObjectRuntimeParameter":false,"connectionParameterName":"DBConnection_TGT"},"overridableProperties":[],"dbSchema":"","overriddenFields":[]},{"@type":"mtTaskParameter","id":134412261,"name":"$join_condition$","type":"STRING","text":"cmm_container = straight_through_processing_data_staging_type\nand system_id = policy_source_system_id\nand policy_risk_id = risk_id","label":"join_condition","description":"","uiProperties":{"paramName":"join_condition","paramLabel":"","paramType-mapping":"Expression","default":"detail.cmm_container = master.straight_through_processing_data_staging_type\nand detail.system_id = master.policy_source_system_id\nand detail.parent_id = master.policy_parent_id","paramtype":"Expression","originalPath":"jnr_base_and_data_source"},"newFlatFile":false,"newObject":false,"showBusinessNames":true,"naturalOrder":true,"truncateTarget":false,"bulkApiDBTarget":false,"customFuncCfg":{"@type":"customFuncConfig","id":-1,"connections":[],"inputMap":[],"outputFields":[]},"targetRefsV2":{},"targetUpdateColumns":[],"fieldOrderList":[],"runtimeAttrs":{},"isRESTModernSource":true,"commandType":0,"isFileList":false,"handleSpecialChars":false,"handleDecimalRoundOff":false,"frsAsset":false,"dynamicFileName":false,"excludeDynamicFileNameField":false,"currentlyProcessedFileName":false,"retainFieldMetadata":false,"useExactSrcNames":false,"userUpdated":true,"tgtObjectAttributes":{},"runtimeParameterData":{"@type":"mtTaskRuntimeParameterData","isConnectionRuntimeParameter":false,"isObjectRuntimeParameter":false},"overridableProperties":[],"overriddenFields":[]}],"sequences":[],"inOutParameters":[{"@type":"mtTaskInOutParameter","id":"-1","name":"operational_schema","description":"","initialValue":"operations","datatype":"STRING","precision":"20","scale":"0","retentionPolicy":"NEVER","aggregationType":"MAX","currentValue":"operations"},{"@type":"mtTaskInOutParameter","id":"-1","name":"refined_schema","description":"","initialValue":"silver","datatype":"STRING","precision":"20","scale":"0","retentionPolicy":"NEVER","aggregationType":"MAX","currentValue":"silver"},{"@type":"mtTaskInOutParameter","id":"-1","name":"sourcesystemcode","description":"","initialValue":"STP","datatype":"STRING","precision":"10","scale":"0","retentionPolicy":"NEVER","aggregationType":"MAX","currentValue":"STP"},{"@type":"mtTaskInOutParameter","id":"-1","name":"dbo_schema","description":"","initialValue":"dbo","datatype":"STRING","precision":"20","scale":"0","retentionPolicy":"NEVER","aggregationType":"MAX","currentValue":"dbo"},{"@type":"mtTaskInOutParameter","id":"-1","name":"state_list","description":"","initialValue":"('CT', 'MA', 'ME', 'NH', 'NY', 'NJ', 'IL', 'RI')","datatype":"STRING","precision":"100","scale":"0","retentionPolicy":"NEVER","aggregationType":"MAX","currentValue":"('CT', 'MA', 'ME', 'NH', 'NY', 'NJ', 'IL', 'RI')"},{"@type":"mtTaskInOutParameter","id":"-1","name":"risk_id_flag","description":"","initialValue":"Y","datatype":"STRING","precision":"1","scale":"0","retentionPolicy":"NEVER","aggregationType":"MAX","currentValue":"Y"}],"connRuntimeAttrs":[]}]