[{"@type":"mtTask","id":"@1","name":"cdi_tsk_map_acx_coverage_bronze_coverage_application_stg_ld","description":"","autoExpireObject":false,"runtimeEnvironmentId":"@3pADNCV9u0PcgrXjM7rx0t","maxLogs":10,"verbose":false,"mappingId":"@8OFWFqA3Xa0lUgVwAE204H","frsGuid":"lVnotLaTvSohLB3GCjQhYA","shortDescription":"","sessionPropertiesList":[{"name":"Pushdown Optimization","value":"None","recommended":false},{"name":"Pushdown Optimization Context","value":"None","recommended":false},{"name":"Pushdown Optimization Fallback Option","value":"Partial PDO","recommended":false}],"hidden":false,"enableCrossSchemaPushdown":true,"enableParallelRun":false,"autoTunedApplied":false,"autoTunedAppliedType":"NONE","parameterFileName":"Andover_Param_GW.param","parameterFileDir":"$PMRootDir/andover/parameters","paramFileType":"PARAM_FILE_LOCAL","schemaMode":"async","valid":true,"schemaValidationErrorCount":-1,"serverlessProperties":{},"taskProperties":[{"@type":"taskProperty","name":"parameterFileDir","currentValue":"$PMRootDir/andover/parameters","type":"STRING","label":"label.parameterFileDir","required":false},{"@type":"taskProperty","name":"parameterFileName","currentValue":"Andover_Param_GW.param","type":"STRING","label":"label.parameterFileName","required":false},{"@type":"taskProperty","name":"outboundMessageUrlQueueTime","currentValue":"","type":"NUMBER","label":"label.outboundMessageUrlQueueTime","required":false},{"@type":"taskProperty","name":"outboundMessageUrlToken","currentValue":"","type":"STRING","label":"label.outboundMessageUrlToken","required":false}],"optimizationPlan":"NONE","isMidstreamPreview":false,"allowMaxFieldLength":false,"specialCharacterSupport":false,"useUserDefinedOrder":false,"parameters":[{"@type":"mtTaskParameter","id":145164054,"name":"$Src_Coverage$","type":"SOURCE","label":"DBConnection_SRCM","description":"","uiProperties":{"cnxtype":"MySQL","connectionParameterized":"true","paramName":"DBConnection_SRCM","paramLabel":"","paramType-mapping":"Connection","logcnx":"DBConnection_SRCM","isSelectDistinct":"false","objectParameterized":"false","visible":"false","originalPath":"Src_Coverage"},"sourceConnectionId":"@1MPwv79N5kdekz7fZXQSas","sourceObject":"DUMMY_Src_Coverage","newFlatFile":false,"newObject":false,"showBusinessNames":true,"naturalOrder":true,"truncateTarget":false,"bulkApiDBTarget":false,"customFuncCfg":{"@type":"customFuncConfig","id":-1,"connections":[],"inputMap":[],"outputFields":[]},"targetRefsV2":{},"targetUpdateColumns":[],"fieldOrderList":[],"runtimeAttrs":{},"isRESTModernSource":true,"customQuery":"Select \nc.SystemId,\nc.ParentId,\nc.CMMContainer,\nc.Id,\nc.Status,\nc.CoverageCd,\nc.FullTermAmt,\nc.FullTermManualAmt,\nc.WrittenPremiumAmt,\nc.FinalPremiumAmt,\nc.EarnedAmt,\nc.AdditionalInd,\nc.OriginalCommissionPct,\nc.CommissionPct,\nc.ContributionPct,\nc.CommissionAmt,\nc.TransactionCommissionAmt,\nc.Description,\nc.PrevFinalAmt,\nc.PrevWrittenAmt,\nc.ShortRateAmt,\nc.CoinsurancePct,\nc.LapseInd,\nc.FutureStatusCd,\nc.ReinsuranceCoverageGroupCd,\nc.ScheduledPremiumMod,\nc.NumberOfEmployees,\nc.NumberOfClass1Employees,\nc.InsideLimit,\nc.InsideDeductible,\nc.OutsideLimit,\nc.OutsideDeductible,\nc.PapersKeptInCd,\nc.DuplicateOffPremisesRecordsPct,\nc.EDPEquipmentLimit,\nc.EDPEquipmentInTransitLimit,\nc.EDPDataLimit,\nc.EDPMediaLimit,\nc.EDPDataAndMediaInTransitLimit,\nc.EDPBusinessIncomeLimit,\nc.EDPExtraExpenseLimit,\nc.FormType,\nc.NumberOfDays,\nc.NumberOfLocations,\nc.CoverageType,\nc.ClassificationRisk,\nc.EQNumberOfStories,\nc.EQRoofTankBuilding,\nc.EQSublimitPercentage,\nc.EQGradeDescription,\nc.EQMasonryVeneerLimit,\nc.EQBuildingConstruction,\nc.Location,\nc.StateRegistered,\nc.OtherLocationDesc,\nc.NumberOfPersons,\nc.OrdOrLawPercentage,\nc.FoodContaminationOption,\nc.RefrigerationMaintenanceInd,\nc.GURelatedExpensesLimit,\nc.GUIncreasedLossCostPct,\nc.GUExtPeriodOfRestoration,\nc.RetroactiveDate,\nc.Classification,\nc.MasonryVeneerPct,\nc.NumStories,\nc.DeductibleTier,\nc.RoofTank,\nc.OptionalIncreasedDeductible,\nc.NumLocations,\nc.NumberOfTrusts,\nc.NumberOfGolfCarts,\nc.AsstCareNumOfFacilities,\nc.RatingInd,\nc.AddedViaHOCov,\nc.RowId\nFROM coverage c\njoin advrxxchangedbeans b\non c.Systemid=b.Systemid\nand c.CmmContainer=b.CmmContainer\nwhere c.CmmContainer in ('Application')\nand concat(adddt,addtm)>='$$m_strtdt' and concat(adddt,addtm) <='$$m_Enddt'","commandType":0,"isFileList":false,"handleSpecialChars":false,"handleDecimalRoundOff":false,"frsAsset":false,"dynamicFileName":false,"excludeDynamicFileNameField":false,"currentlyProcessedFileName":false,"retainFieldMetadata":false,"objectName":"DUMMY_Src_Coverage","useExactSrcNames":false,"userUpdated":true,"tgtObjectAttributes":{},"runtimeParameterData":{"@type":"mtTaskRuntimeParameterData","isConnectionRuntimeParameter":false,"isObjectRuntimeParameter":false,"connectionParameterName":"DBConnection_SRCM"},"overridableProperties":[],"overriddenFields":[]},{"@type":"mtTaskParameter","id":145164055,"name":"$Tgt_Coverage_Application_Stg$","type":"TARGET","label":"DBConnection_TGT","description":"","uiProperties":{"cnxtype":"Amazon Redshift v2","connectionParameterized":"true","paramName":"DBConnection_TGT","paramLabel":"","paramType-mapping":"Connection","logcnx":"DBConnection_TGT","default":"dbo/coverage_application_stg","objectParameterized":"false","visible":"false","defaultTargetUpdateColumns":"","supportApplyDDLChanges":"false","originalPath":"Tgt_Coverage_Application_Stg"},"targetConnectionId":"@aYZ4ekzHgIPeKpiaoqDLKP","targetObject":"dbo/coverage_application_stg","targetObjectLabel":"dbo/coverage_application_stg","newFlatFile":false,"newObject":false,"showBusinessNames":true,"naturalOrder":true,"truncateTarget":false,"bulkApiDBTarget":false,"operationType":"Insert","customFuncCfg":{"@type":"customFuncConfig","id":-1,"connections":[],"inputMap":[],"outputFields":[]},"targetRefsV2":{},"targetUpdateColumns":[],"fieldOrderList":[],"extendedObject":{"@type":"extendedObject","singleMode":true,"filters":[],"sortFields":[]},"runtimeAttrs":{},"isRESTModernSource":true,"commandType":0,"isFileList":false,"handleSpecialChars":false,"handleDecimalRoundOff":false,"frsAsset":false,"dynamicFileName":false,"excludeDynamicFileNameField":false,"currentlyProcessedFileName":false,"retainFieldMetadata":false,"objectName":"dbo/coverage_application_stg","objectLabel":"dbo/coverage_application_stg","useExactSrcNames":false,"userUpdated":true,"tgtObjectAttributes":{},"runtimeParameterData":{"@type":"mtTaskRuntimeParameterData","isConnectionRuntimeParameter":false,"isObjectRuntimeParameter":false,"connectionParameterName":"DBConnection_TGT"},"overridableProperties":[],"overriddenFields":[]}],"sequences":[],"inOutParameters":[{"@type":"mtTaskInOutParameter","id":"-1","name":"m_strtdt","description":"","initialValue":"","datatype":"STRING","precision":"120","scale":"0","retentionPolicy":"NEVER","aggregationType":"MAX","currentValue":""},{"@type":"mtTaskInOutParameter","id":"-1","name":"m_Enddt","description":"","initialValue":"","datatype":"STRING","precision":"120","scale":"0","retentionPolicy":"NEVER","aggregationType":"MAX","currentValue":""}],"connRuntimeAttrs":[]}]