[{"@type":"mappingTemplate","id":"@1","name":"m_load_PMS_ClaimSubro_SelfService_Combined_Close","description":"Loads the PMS data into ClaimSubro Self service combned to provide MTD data for Subrogation related measures on the basis of Subrogation Close date","autoExpireObject":false,"bundleVersion":"0","assetFrsGuid":"aDBABROzhoEj2bMd8p1WYN","templateId":"@3","deployTime":1768843253000,"hasParameters":true,"valid":true,"fixedConnection":false,"hasParametersDeployed":true,"fixedConnectionDeployed":false,"isSchemaValidationEnabled":false,"tasks":0,"mappingPreviewFileRecordId":"@2","documentType":"","allowMaxFieldLength":false,"specialCharacterSupport":false,"references":[]}]