[{"@type":"mappingTemplate","id":"@1","name":"m_Load_agencyemail_to_AgencyEmail_Stg","description":"Mapping to load AgencyEmail_Stg with two sets of data of Agency (where Group_nup is null) and Group (where Agency_nup is null) in row to column format.","bundleVersion":"0","templateId":"@3","deployTime":1720712799000,"hasParameters":true,"valid":true,"fixedConnection":false,"hasParametersDeployed":true,"fixedConnectionDeployed":false,"isSchemaValidationEnabled":false,"tasks":2,"mappingPreviewFileRecordId":"@2","documentType":"","references":[]}]