[{"@type":"mappingTemplate","id":"@1","name":"cdi_map_agency_contacts_silver_load","description":"","autoExpireObject":false,"bundleVersion":"0","assetFrsGuid":"2ZCLSL2sqa9fJfHMp1fSqA","templateId":"@3","deployTime":1769713671000,"hasParameters":true,"valid":true,"fixedConnection":false,"hasParametersDeployed":true,"fixedConnectionDeployed":false,"isSchemaValidationEnabled":false,"tasks":1,"mappingPreviewFileRecordId":"@2","documentType":"MAPPING","allowMaxFieldLength":false,"specialCharacterSupport":false,"references":[{"@type":"reference","refObjectId":"@eAe8FJ9fmcAd2s1AZZDNWL","refType":"mappletTemplate","refObjInSync":"true"}]}]