[{"@type":"mappingTemplate","id":"@1","name":"m_PL_Feed_Final","description":"","autoExpireObject":false,"bundleVersion":"0","assetFrsGuid":"05QRO0W31Cfie0LoA8EoIU","templateId":"@3","deployTime":1768841824000,"hasParameters":true,"valid":true,"fixedConnection":false,"hasParametersDeployed":true,"fixedConnectionDeployed":false,"isSchemaValidationEnabled":false,"tasks":2,"mappingPreviewFileRecordId":"@2","documentType":"","allowMaxFieldLength":false,"specialCharacterSupport":false,"references":[]}]