[{"@type":"mtTask","id":"@1","name":"s_m_load_msgr","description":"Session pushed from PC to ICS : s_m_load_msgr","runtimeEnvironmentId":"@3pADNCV9u0PcgrXjM7rx0t","maxLogs":10,"verbose":false,"lastRunTime":1727392020000,"mappingId":"@l4zLkeKuqqpi8z8mO1ePKh","frsGuid":"1aYG3kXM3C7kRk5BPYjKom","shortDescription":"Session pushed from PC to ICS : s_m_load_msgr","sessionPropertiesList":[{"name":"Allow Temporary Sequence for Pushdown","value":"NO","recommended":false},{"name":"Allow Temporary View for Pushdown","value":"NO","recommended":false},{"name":"Data Column Delimiter","value":"|","recommended":false},{"name":"Error Log File Name","value":"PMError.log","recommended":false},{"name":"Pushdown Optimization","value":"None","recommended":false},{"name":"Pushdown Optimization Context","value":"None","recommended":false},{"name":"Pushdown Optimization Fallback Option","value":"Partial PDO","recommended":false}],"hidden":false,"enableCrossSchemaPushdown":false,"enableParallelRun":false,"autoTunedApplied":false,"autoTunedAppliedType":"NONE","parameterFileName":"Andover_Parm_Peregrine.txt","parameterFileDir":"$PMRootDir/andover/parameters","paramFileType":"PARAM_FILE_LOCAL","schemaMode":"async","valid":true,"schemaValidationErrorCount":-1,"serverlessProperties":{},"taskProperties":[{"@type":"taskProperty","name":"parameterFileDir","currentValue":"$PMRootDir/andover/parameters","type":"STRING","label":"label.parameterFileDir","required":false},{"@type":"taskProperty","name":"parameterFileName","currentValue":"Andover_Parm_Peregrine.txt","type":"STRING","label":"label.parameterFileName","required":false},{"@type":"taskProperty","name":"outboundMessageUrlQueueTime","currentValue":"","type":"NUMBER","label":"label.outboundMessageUrlQueueTime","required":false},{"@type":"taskProperty","name":"outboundMessageUrlToken","currentValue":"","type":"STRING","label":"label.outboundMessageUrlToken","required":false}],"optimizationPlan":"NONE","isMidstreamPreview":false,"parameters":[{"@type":"mtTaskParameter","id":98358035,"name":"$SQ_msgr_part_one$","type":"SOURCE","label":"DBConnection_SRC","description":"","uiProperties":{"cnxtype":"Amazon Redshift v2","connectionParameterized":"true","paramName":"DBConnection_SRC","paramLabel":"","paramType-mapping":"Connection","logcnx":"DBConnection_SRC","isSelectDistinct":"false","objectParameterized":"false","visible":"false","originalPath":"SQ_msgr_part_one"},"sourceConnectionId":"@aYZ4ekzHgIPeKpiaoqDLKP","sourceObject":"DUMMY_SQ_msgr_part_one","newFlatFile":false,"newObject":false,"showBusinessNames":true,"naturalOrder":true,"truncateTarget":false,"bulkApiDBTarget":false,"customFuncCfg":{"@type":"customFuncConfig","id":-1,"connections":[],"inputMap":[],"outputFields":[]},"targetRefsV2":{},"targetUpdateColumns":[],"runtimeAttrs":{},"isRESTModernSource":true,"customQuery":"select \n    msgr_part_one.\"policy key code flag\", \n    msgr_part_one.\"claim key\", \n    msgr_part_one.\"accident dt\", \n    msgr_part_one.\"reported dt\", \n    msgr_part_one.\"claim number\", \n    msgr_part_one.\"claim status\", \n    msgr_part_one.\"claim type\", \n    msgr_part_one.\"cat desc\", \n    msgr_part_one.\"cat group desc\", \n    msgr_part_one.\"loss cause\", \n    msgr_part_one.\"loss cause desc\", \n    msgr_part_one.\"sub loss cause desc\", \n    msgr_part_one.\"number of stories band\", \n    msgr_part_one.\"transaction date\", \n    msgr_part_one.\"catastrophe number\", \n    msgr_part_one.\"independent adjuster\", \n    msgr_part_one.\"claim paid dt\", \n    msgr_part_one.\"loss paid amt\", \n    msgr_part_one.\"loss paid recovery amt\", \n    msgr_part_one.\"loss salvage amt\", \n    msgr_part_one.\"loss subrogation amt\", \n    msgr_part_one.\"loss ulae expense\", \n    msgr_part_one.\"loss alae expense\", \n    msgr_part_one.\"loss reserve amt\", \n    msgr_part_one.\"loss reserve for incurred loss\", \n    msgr_part_one.\"incurred loss amt\", \n    msgr_part_one.\"loss o/s adjexp\", \n    msgr_part_one.\"data source\", \n    msgr_part_one.\"inc date\", \n    msgr_part_one.\"agency code\", \n    msgr_part_one.\"agency id\", \n    msgr_part_one.\"agency group\", \n    msgr_part_one.\"agency group name\", \n    msgr_part_one.agency, \n    msgr_part_one.\"agency address\", \n    msgr_part_one.\"agency city\", \n    msgr_part_one.\"agency state\", \n    msgr_part_one.\"agency city state\", \n    msgr_part_one.\"agency zip code\", \n    msgr_part_one.\"sales territory group\", \n    msgr_part_one.\"sales territory\", \n    msgr_part_one.\"agency appointed dt\", \n    msgr_part_one.\"agency contact phone\", \n    msgr_part_one.\"agency alpha workflow\", \n    msgr_part_one.\"latest inspection date\", \n    msgr_part_one.\"coverage limit1\", \n    msgr_part_one.\"coverage limit2\", \n    msgr_part_one.\"coverage limit3\", \n    msgr_part_one.\"coverage limit4\", \n    msgr_part_one.\"coverage deductible\", \n    msgr_part_one.\"coverage desc\", \n    msgr_part_one.\"policy coverage code\", \n    msgr_part_one.\"policy key code\", \n    msgr_part_one.\"policy key\", \n    msgr_part_one.\"account entered dt\", \n    msgr_part_one.\"inforce policy key\", \n    msgr_part_one.\"earned premium\", \n    msgr_part_one.\"unearned premium\", \n    msgr_part_one.\"commission amt\", \n    msgr_part_one.\"taxes service charges\", \n    msgr_part_one.\"written premium\", \n    msgr_part_one.\"inforce premium\", \n    msgr_part_one.policy_key, \n    msgr_part_one.major_peril_id, \n    msgr_part_one.policy_key_code, \n    msgr_part_one.policy_coverage_code, \n    msgr_part_one.\"major peril\", \n    msgr_part_one.guidewiremajorperil, \n    msgr_part_one.\"master policy key\", \n    msgr_part_one.\"policy number\", \n    msgr_part_one.\"gw policy number\", \n    msgr_part_one.\"customer number\", \n    msgr_part_one.\"company desc\", \n    msgr_part_one.\"source cd\", \n    msgr_part_one.\"policy status\", \n    msgr_part_one.\"renewal code desc\", \n    msgr_part_one.\"fairplan desc\", \n    msgr_part_one.\"lob group desc\", \n    msgr_part_one.\"new renewal desc\", \n    msgr_part_one.\"new renewal indicator\", \n    msgr_part_one.\"lob desc\", \n    msgr_part_one.\"insurance score desc\", \n    msgr_part_one.\"insurance score\", \n    msgr_part_one.\"insurance score run date\", \n    msgr_part_one.\"insurance score run year\", \n    msgr_part_one.\"secondary insurance score desc\", \n    msgr_part_one.\"secondary insurance score\", \n    msgr_part_one.\"secondary insurance score run date\", \n    msgr_part_one.\"secondary insurance score run year\", \n    msgr_part_one.\"secondary home desc\", \n    msgr_part_one.operator, \n    msgr_part_one.\"inexperienced operator\", \n    msgr_part_one.\"policy inception date\", \n    msgr_part_one.\"policy effective date\", \n    msgr_part_one.\"policy expiration date\", \n    msgr_part_one.\"policy transaction dt\", \n    msgr_part_one.\"pay plan\", \n    msgr_part_one.\"automatic renewal\", \n    msgr_part_one.\"policy symbol\", \n    msgr_part_one.\"module number\", \n    msgr_part_one.\"insured name\", \n    msgr_part_one.\"insured birth dt\", \n    msgr_part_one.\"insured address\", \n    msgr_part_one.\"billing type\", \n    msgr_part_one.\"producer code\", \n    msgr_part_one.\"producer name\", \n    msgr_part_one.form, \n    msgr_part_one.\"risk state\", \n    msgr_part_one.\"formatted insured address\", \n    msgr_part_one.\"blanket policy ind\", \n    msgr_part_one.\"cov a premium\", \n    msgr_part_one.\"cov c premium\", \n    msgr_part_one.\"building limits group\", \n    msgr_part_one.\"building limits\", \n    msgr_part_one.\"building limit amt\", \n    msgr_part_one.\"building limit band 1k\", \n    msgr_part_one.\"building limit band 100k\", \n    msgr_part_one.\"building limit band 500k\", \n    msgr_part_one.\"contents limit\", \n    msgr_part_one.\"total insured value\", \n    msgr_part_one.\"individual risk premium mod\", \n    msgr_part_one.\"expense mod\", \n    msgr_part_one.\"age credit amt\", \n    msgr_part_one.\"dupc credit amt\", \n    msgr_part_one.\"prc credit\", \n    msgr_part_one.latitude, \n    msgr_part_one.longitude, \n    msgr_part_one.\"wind deductible type\", \n    msgr_part_one.\"wind deductible amt\", \n    msgr_part_one.\"per unit deductible type\", \n    msgr_part_one.\"per unit deductible amt\", \n    msgr_part_one.\"distance to shore feet\", \n    msgr_part_one.\"distance to shore mile\", \n    msgr_part_one.\"sir coastline feet\", \n    msgr_part_one.\"sir coastline mile\", \n    msgr_part_one.\"flood zone\", \n    msgr_part_one.elevation, \n    msgr_part_one.\"class code\", \n    msgr_part_one.\"building class code\", \n    msgr_part_one.\"contents class code\", \n    msgr_part_one.\"construction type\", \n    msgr_part_one.\"construction year\", \n    msgr_part_one.\"construction year band\", \n    msgr_part_one.\"contents limits group\", \n    msgr_part_one.\"contents limits\", \n    msgr_part_one.\"liability limit\", \n    msgr_part_one.\"commercial liability limit\", \n    msgr_part_one.\"water backup limit\", \n    msgr_part_one.\"number of apartments\", \n    msgr_part_one.\"number of families\", \n    msgr_part_one.occupancy, \n    msgr_part_one.\"protection class\", \n    msgr_part_one.sprinkler, \n    msgr_part_one.\"rating territory\", \n    msgr_part_one.\"rating territory desc\", \n    msgr_part_one.\"risk address\", \n    msgr_part_one.\"risk city\", \n    msgr_part_one.\"risk zip\", \n    msgr_part_one.\"personal umbrella limit\", \n    msgr_part_one.\"building num\", \n    msgr_part_one.\"building status\", \n    msgr_part_one.\"number of apartments band\", \n    msgr_part_one.\"total # of units in complex\", \n    msgr_part_one.\"number of stories\", \n    msgr_part_one.\"sq feet area\", \n    msgr_part_one.\"sq feet area band\", \n    msgr_part_one.deductible, \n    msgr_part_one.\"num vehicles\", \n    msgr_part_one.\"distancetoshore band\", \n    msgr_part_one.\"sircoastline band\", \n    msgr_part_one.\"num buildings complex\", \n    msgr_part_one.\"building class description\", \n    msgr_part_one.\"contents class description\", \n    msgr_part_one.\"risk county\", \n    msgr_part_one.\"formatted risk address\", \n    msgr_part_one.\"formatted risk city\", \n    msgr_part_one.\"formatted risk zip\", \n    msgr_part_one.\"formatted risk latitude\", \n    msgr_part_one.\"formatted risk longitude\", \n    msgr_part_one.\"elite package ind\", \n    msgr_part_one.formattedstreet, \n    msgr_part_one.formattedcounty,\n    msgr_part_one.shell_policy_ind \nfrom\n    dbo.msgr_part_one\nwhere \n    \"account entered dt\" >= dateadd(month, -1, cast(getdate() as date))","isFileList":false,"handleSpecialChars":false,"handleDecimalRoundOff":false,"frsAsset":false,"dynamicFileName":false,"excludeDynamicFileNameField":false,"currentlyProcessedFileName":false,"retainFieldMetadata":false,"objectName":"DUMMY_SQ_msgr_part_one","useExactSrcNames":false,"tgtObjectAttributes":{},"runtimeParameterData":{"@type":"mtTaskRuntimeParameterData","isConnectionRuntimeParameter":true,"isObjectRuntimeParameter":false,"connectionParameterName":"DBConnection_SRC"},"overridableProperties":[],"overriddenFields":[]},{"@type":"mtTaskParameter","id":98358036,"name":"$SQ_msgr_part_three$","type":"SOURCE","label":"DBConnection_SRC","description":"","uiProperties":{"cnxtype":"Amazon Redshift v2","connectionParameterized":"true","paramName":"DBConnection_SRC","paramLabel":"","paramType-mapping":"Connection","logcnx":"DBConnection_SRC","isSelectDistinct":"false","objectParameterized":"false","visible":"false","originalPath":"SQ_msgr_part_three"},"sourceConnectionId":"@aYZ4ekzHgIPeKpiaoqDLKP","sourceObject":"DUMMY_SQ_msgr_part_three","newFlatFile":false,"newObject":false,"showBusinessNames":true,"naturalOrder":true,"truncateTarget":false,"bulkApiDBTarget":false,"customFuncCfg":{"@type":"customFuncConfig","id":-1,"connections":[],"inputMap":[],"outputFields":[]},"targetRefsV2":{},"targetUpdateColumns":[],"runtimeAttrs":{},"isRESTModernSource":true,"customQuery":"select \n    msgr_part_three.\"source cd\", \n    msgr_part_three.\"insurance score run date\", \n    msgr_part_three.\"secondary insurance score run date\", \n    msgr_part_three.operator, \n    msgr_part_three.\"inexperienced operator\", \n    msgr_part_three.\"pay plan\", \n    msgr_part_three.\"automatic renewal\", \n    msgr_part_three.\"insured birth dt\", \n    msgr_part_three.\"producer name\", \n    msgr_part_three.\"sub loss cause desc\", \n    msgr_part_three.\"coverage limit1\", \n    msgr_part_three.\"coverage limit2\", \n    msgr_part_three.\"coverage limit3\", \n    msgr_part_three.\"coverage limit4\", \n    msgr_part_three.\"coverage deductible\", \n    msgr_part_three.\"wind deductible type\", \n    msgr_part_three.\"coverage desc\", \n    msgr_part_three.\"building status\", \n    msgr_part_three.\"total # of units in complex\", \n    msgr_part_three.\"transaction date\", \n    msgr_part_three.\"catastrophe number\", \n    msgr_part_three.\"elite package ind\", \n    msgr_part_three.\"data source\", \n    msgr_part_three.\"inc date\", \n    msgr_part_three.policy_coverage_code, \n    msgr_part_three.\"policy coverage code\", \n    msgr_part_three.policy_key_code, \n    msgr_part_three.policy_key, \n    msgr_part_three.guidewiremajorperil, \n    msgr_part_three.major_peril_id, \n    msgr_part_three.\"agency code\", \n    msgr_part_three.\"agency id\", \n    msgr_part_three.\"agency group\", \n    msgr_part_three.\"agency group name\", \n    msgr_part_three.agency, \n    msgr_part_three.\"agency address\", \n    msgr_part_three.\"agency city\", \n    msgr_part_three.\"agency state\", \n    msgr_part_three.\"agency city state\", \n    msgr_part_three.\"agency zip code\", \n    msgr_part_three.\"sales territory group\", \n    msgr_part_three.\"sales territory\", \n    msgr_part_three.\"agency appointed dt\", \n    msgr_part_three.\"agency contact phone\", \n    msgr_part_three.\"agency alpha workflow\", \n    msgr_part_three.\"latest inspection date\", \n    msgr_part_three.\"claim number\", \n    msgr_part_three.\"cat desc\", \n    msgr_part_three.\"cat group desc\", \n    msgr_part_three.\"claim status\", \n    msgr_part_three.\"policy key code\", \n    msgr_part_three.\"policy key code flag\", \n    msgr_part_three.\"policy key\", \n    msgr_part_three.\"claim key\", \n    msgr_part_three.\"accident dt\", \n    msgr_part_three.\"reported dt\", \n    msgr_part_three.\"account entered dt\", \n    msgr_part_three.\"inforce policy key\", \n    msgr_part_three.\"claim type\", \n    msgr_part_three.\"loss cause\", \n    msgr_part_three.\"loss cause desc\", \n    msgr_part_three.\"building num\", \n    msgr_part_three.\"independent adjuster\", \n    msgr_part_three.\"claim paid dt\", \n    msgr_part_three.\"earned premium\", \n    msgr_part_three.\"unearned premium\", \n    msgr_part_three.\"commission amt\", \n    msgr_part_three.\"taxes service charges\", \n    msgr_part_three.\"written premium\", \n    msgr_part_three.\"inforce premium\", \n    msgr_part_three.\"loss paid amt\", \n    msgr_part_three.\"loss paid recovery amt\", \n    msgr_part_three.\"loss salvage amt\", \n    msgr_part_three.\"loss subrogation amt\", \n    msgr_part_three.\"loss ulae expense\", \n    msgr_part_three.\"loss alae expense\", \n    msgr_part_three.\"loss reserve amt\", \n    msgr_part_three.\"loss reserve for incurred loss\", \n    msgr_part_three.\"incurred loss amt\", \n    msgr_part_three.\"loss o/s adjexp\", \n    msgr_part_three.\"major peril\", \n    msgr_part_three.\"master policy key\", \n    msgr_part_three.\"policy number\", \n    msgr_part_three.\"gw policy number\", \n    msgr_part_three.\"customer number\", \n    msgr_part_three.\"company desc\", \n    msgr_part_three.\"policy status\", \n    msgr_part_three.\"renewal code desc\", \n    msgr_part_three.\"fairplan desc\", \n    msgr_part_three.\"lob group desc\", \n    msgr_part_three.\"new renewal desc\", \n    msgr_part_three.\"new renewal indicator\", \n    msgr_part_three.\"lob desc\", \n    msgr_part_three.\"insurance score desc\", \n    msgr_part_three.\"insurance score\", \n    msgr_part_three.\"insurance score run year\", \n    msgr_part_three.\"secondary insurance score desc\", \n    msgr_part_three.\"secondary insurance score\", \n    msgr_part_three.\"secondary insurance score run year\", \n    msgr_part_three.\"secondary home desc\", \n    msgr_part_three.\"policy inception date\", \n    msgr_part_three.\"policy effective date\", \n    msgr_part_three.\"policy expiration date\", \n    msgr_part_three.\"policy transaction dt\", \n    msgr_part_three.\"policy symbol\", \n    msgr_part_three.\"module number\", \n    msgr_part_three.\"insured name\", \n    msgr_part_three.\"insured address\", \n    msgr_part_three.\"blanket policy ind\", \n    msgr_part_three.\"billing type\", \n    msgr_part_three.\"producer code\", \n    msgr_part_three.\"formatted insured address\", \n    msgr_part_three.\"cov a premium\", \n    msgr_part_three.\"cov c premium\", \n    msgr_part_three.\"building limits group\", \n    msgr_part_three.\"building limits\", \n    msgr_part_three.\"building limit amt\", \n    msgr_part_three.\"building limit band 1k\", \n    msgr_part_three.\"building limit band 100k\", \n    msgr_part_three.\"building limit band 500k\", \n    msgr_part_three.\"contents limit\", \n    msgr_part_three.\"total insured value\", \n    msgr_part_three.\"individual risk premium mod\", \n    msgr_part_three.\"expense mod\", \n    msgr_part_three.\"age credit amt\", \n    msgr_part_three.\"dupc credit amt\", \n    msgr_part_three.\"prc credit\", \n    msgr_part_three.latitude, \n    msgr_part_three.longitude, \n    msgr_part_three.\"wind deductible amt\", \n    msgr_part_three.\"per unit deductible type\", \n    msgr_part_three.\"per unit deductible amt\", \n    msgr_part_three.\"distance to shore feet\", \n    msgr_part_three.\"distance to shore mile\", \n    msgr_part_three.\"sir coastline feet\", \n    msgr_part_three.\"sir coastline mile\", \n    msgr_part_three.\"flood zone\", \n    msgr_part_three.elevation, \n    msgr_part_three.\"class code\", \n    msgr_part_three.\"building class code\", \n    msgr_part_three.\"contents class code\", \n    msgr_part_three.\"construction type\", \n    msgr_part_three.\"construction year\", \n    msgr_part_three.\"construction year band\", \n    msgr_part_three.\"contents limits group\", \n    msgr_part_three.\"contents limits\", \n    msgr_part_three.form, \n    msgr_part_three.\"liability limit\", \n    msgr_part_three.\"commercial liability limit\", \n    msgr_part_three.\"water backup limit\", \n    msgr_part_three.\"number of apartments\", \n    msgr_part_three.\"number of families\", \n    msgr_part_three.occupancy, \n    msgr_part_three.\"protection class\", \n    msgr_part_three.sprinkler, \n    msgr_part_three.\"rating territory\", \n    msgr_part_three.\"rating territory desc\", \n    msgr_part_three.\"risk address\", \n    msgr_part_three.\"risk city\", \n    msgr_part_three.\"risk zip\", \n    msgr_part_three.\"personal umbrella limit\", \n    msgr_part_three.\"number of apartments band\", \n    msgr_part_three.\"number of stories\", \n    msgr_part_three.\"number of stories band\", \n    msgr_part_three.\"sq feet area\", \n    msgr_part_three.\"sq feet area band\", \n    msgr_part_three.deductible, \n    msgr_part_three.\"num vehicles\", \n    msgr_part_three.\"distancetoshore band\", \n    msgr_part_three.\"sircoastline band\", \n    msgr_part_three.\"num buildings complex\", \n    msgr_part_three.\"building class description\", \n    msgr_part_three.\"contents class description\", \n    msgr_part_three.\"formatted risk address\", \n    msgr_part_three.\"formatted risk city\", \n    msgr_part_three.\"formatted risk zip\", \n    msgr_part_three.\"formatted risk latitude\", \n    msgr_part_three.\"formatted risk longitude\", \n    msgr_part_three.formattedstreet, \n    msgr_part_three.formattedcounty, \n    msgr_part_three.\"risk county\", \n    msgr_part_three.\"risk state\",\n    msgr_part_three.shell_policy_ind \nfrom\n    dbo.msgr_part_three\nwhere \n    \"account entered dt\" >= dateadd(month, -1, cast(getdate() as date))","isFileList":false,"handleSpecialChars":false,"handleDecimalRoundOff":false,"frsAsset":false,"dynamicFileName":false,"excludeDynamicFileNameField":false,"currentlyProcessedFileName":false,"retainFieldMetadata":false,"objectName":"DUMMY_SQ_msgr_part_three","useExactSrcNames":false,"tgtObjectAttributes":{},"runtimeParameterData":{"@type":"mtTaskRuntimeParameterData","isConnectionRuntimeParameter":true,"isObjectRuntimeParameter":false,"connectionParameterName":"DBConnection_SRC"},"overridableProperties":[],"overriddenFields":[]},{"@type":"mtTaskParameter","id":98358037,"name":"$SQ_msgr_part_two$","type":"SOURCE","label":"DBConnection_SRC","description":"","uiProperties":{"cnxtype":"Amazon Redshift v2","connectionParameterized":"true","paramName":"DBConnection_SRC","paramLabel":"","paramType-mapping":"Connection","logcnx":"DBConnection_SRC","isSelectDistinct":"false","objectParameterized":"false","visible":"false","originalPath":"SQ_msgr_part_two"},"sourceConnectionId":"@aYZ4ekzHgIPeKpiaoqDLKP","sourceObject":"DUMMY_SQ_msgr_part_two","newFlatFile":false,"newObject":false,"showBusinessNames":true,"naturalOrder":true,"truncateTarget":false,"bulkApiDBTarget":false,"customFuncCfg":{"@type":"customFuncConfig","id":-1,"connections":[],"inputMap":[],"outputFields":[]},"targetRefsV2":{},"targetUpdateColumns":[],"runtimeAttrs":{},"isRESTModernSource":true,"customQuery":"select \n    msgr_part_two.\"policy key code flag\", \n    msgr_part_two.policy_key_code, \n    msgr_part_two.policy_key, \n    msgr_part_two.policy_coverage_code, \n    msgr_part_two.\"inforce policy key\", \n    msgr_part_two.\"number of stories band\", \n    msgr_part_two.\"earned premium\", \n    msgr_part_two.\"unearned premium\", \n    msgr_part_two.\"commission amt\", \n    msgr_part_two.\"taxes service charges\", \n    msgr_part_two.\"written premium\", \n    msgr_part_two.\"inforce premium\", \n    msgr_part_two.\"data source\", \n    msgr_part_two.\"inc date\", \n    msgr_part_two.\"agency code\", \n    msgr_part_two.\"agency id\", \n    msgr_part_two.\"agency group\", \n    msgr_part_two.\"agency group name\", \n    msgr_part_two.agency, \n    msgr_part_two.\"agency address\", \n    msgr_part_two.\"agency city\", \n    msgr_part_two.\"agency state\", \n    msgr_part_two.\"agency city state\", \n    msgr_part_two.\"agency zip code\", \n    msgr_part_two.\"sales territory group\", \n    msgr_part_two.\"sales territory\", \n    msgr_part_two.\"agency appointed dt\", \n    msgr_part_two.\"agency contact phone\", \n    msgr_part_two.\"agency alpha workflow\", \n    msgr_part_two.\"latest inspection date\", \n    msgr_part_two.\"claim number\", \n    msgr_part_two.\"cat desc\", \n    msgr_part_two.\"cat group desc\", \n    msgr_part_two.\"catastrophe number\", \n    msgr_part_two.\"coverage limit1\", \n    msgr_part_two.\"coverage limit2\", \n    msgr_part_two.\"coverage limit3\", \n    msgr_part_two.\"coverage limit4\", \n    msgr_part_two.\"coverage deductible\", \n    msgr_part_two.\"coverage desc\", \n    msgr_part_two.\"policy coverage code\", \n    msgr_part_two.\"claim status\", \n    msgr_part_two.\"policy key code\", \n    msgr_part_two.\"policy key\", \n    msgr_part_two.\"claim key\", \n    msgr_part_two.\"accident dt\", \n    msgr_part_two.\"reported dt\", \n    msgr_part_two.\"account entered dt\", \n    msgr_part_two.\"claim type\", \n    msgr_part_two.\"loss cause\", \n    msgr_part_two.\"loss cause desc\", \n    msgr_part_two.\"sub loss cause desc\", \n    msgr_part_two.\"transaction date\", \n    msgr_part_two.\"independent adjuster\", \n    msgr_part_two.\"claim paid dt\", \n    msgr_part_two.\"loss paid amt\", \n    msgr_part_two.\"loss paid recovery amt\", \n    msgr_part_two.\"loss salvage amt\", \n    msgr_part_two.\"loss subrogation amt\", \n    msgr_part_two.\"loss ulae expense\", \n    msgr_part_two.\"loss alae expense\", \n    msgr_part_two.\"loss reserve amt\", \n    msgr_part_two.\"loss reserve for incurred loss\", \n    msgr_part_two.\"incurred loss amt\", \n    msgr_part_two.\"loss o/s adjexp\", \n    msgr_part_two.major_peril_id, \n    msgr_part_two.\"major peril\", \n    msgr_part_two.guidewiremajorperil, \n    msgr_part_two.\"master policy key\", \n    msgr_part_two.\"policy number\", \n    msgr_part_two.\"gw policy number\", \n    msgr_part_two.\"customer number\", \n    msgr_part_two.\"company desc\", \n    msgr_part_two.\"source cd\", \n    msgr_part_two.\"policy status\", \n    msgr_part_two.\"renewal code desc\", \n    msgr_part_two.\"fairplan desc\", \n    msgr_part_two.\"lob group desc\", \n    msgr_part_two.\"new renewal desc\", \n    msgr_part_two.\"new renewal indicator\", \n    msgr_part_two.\"lob desc\", \n    msgr_part_two.\"insurance score desc\", \n    msgr_part_two.\"insurance score\", \n    msgr_part_two.\"insurance score run date\", \n    msgr_part_two.\"insurance score run year\", \n    msgr_part_two.\"secondary insurance score desc\", \n    msgr_part_two.\"secondary insurance score\", \n    msgr_part_two.\"secondary insurance score run date\", \n    msgr_part_two.\"secondary insurance score run year\", \n    msgr_part_two.\"secondary home desc\", \n    msgr_part_two.operator, \n    msgr_part_two.\"inexperienced operator\", \n    msgr_part_two.\"policy inception date\", \n    msgr_part_two.\"policy effective date\", \n    msgr_part_two.\"policy expiration date\", \n    msgr_part_two.\"policy transaction dt\", \n    msgr_part_two.\"pay plan\", \n    msgr_part_two.\"automatic renewal\", \n    msgr_part_two.\"policy symbol\", \n    msgr_part_two.\"module number\", \n    msgr_part_two.\"insured name\", \n    msgr_part_two.\"insured birth dt\", \n    msgr_part_two.\"insured address\", \n    msgr_part_two.\"billing type\", \n    msgr_part_two.\"producer code\", \n    msgr_part_two.\"producer name\", \n    msgr_part_two.form, \n    msgr_part_two.\"risk state\", \n    msgr_part_two.\"formatted insured address\", \n    msgr_part_two.\"blanket policy ind\", \n    msgr_part_two.\"cov a premium\", \n    msgr_part_two.\"cov c premium\", \n    msgr_part_two.\"building limits group\", \n    msgr_part_two.\"building limits\", \n    msgr_part_two.\"building limit amt\", \n    msgr_part_two.\"building limit band 1k\", \n    msgr_part_two.\"building limit band 100k\", \n    msgr_part_two.\"building limit band 500k\", \n    msgr_part_two.\"contents limit\", \n    msgr_part_two.\"total insured value\", \n    msgr_part_two.\"individual risk premium mod\", \n    msgr_part_two.\"expense mod\", \n    msgr_part_two.\"age credit amt\", \n    msgr_part_two.\"dupc credit amt\", \n    msgr_part_two.\"prc credit\", \n    msgr_part_two.latitude, \n    msgr_part_two.longitude, \n    msgr_part_two.\"wind deductible type\", \n    msgr_part_two.\"wind deductible amt\", \n    msgr_part_two.\"per unit deductible type\", \n    msgr_part_two.\"per unit deductible amt\", \n    msgr_part_two.\"distance to shore feet\", \n    msgr_part_two.\"distance to shore mile\", \n    msgr_part_two.\"sir coastline feet\", \n    msgr_part_two.\"sir coastline mile\", \n    msgr_part_two.\"flood zone\", \n    msgr_part_two.elevation, \n    msgr_part_two.\"class code\", \n    msgr_part_two.\"building class code\", \n    msgr_part_two.\"contents class code\", \n    msgr_part_two.\"construction type\", \n    msgr_part_two.\"construction year\", \n    msgr_part_two.\"construction year band\", \n    msgr_part_two.\"contents limits group\", \n    msgr_part_two.\"contents limits\", \n    msgr_part_two.\"liability limit\", \n    msgr_part_two.\"commercial liability limit\", \n    msgr_part_two.\"water backup limit\", \n    msgr_part_two.\"number of apartments\", \n    msgr_part_two.\"number of families\", \n    msgr_part_two.occupancy, \n    msgr_part_two.\"protection class\", \n    msgr_part_two.sprinkler, \n    msgr_part_two.\"rating territory\", \n    msgr_part_two.\"rating territory desc\", \n    msgr_part_two.\"risk address\", \n    msgr_part_two.\"risk city\", \n    msgr_part_two.\"risk zip\", \n    msgr_part_two.\"personal umbrella limit\", \n    msgr_part_two.\"building num\", \n    msgr_part_two.\"building status\", \n    msgr_part_two.\"number of apartments band\", \n    msgr_part_two.\"total # of units in complex\", \n    msgr_part_two.\"number of stories\", \n    msgr_part_two.\"sq feet area\", \n    msgr_part_two.\"sq feet area band\", \n    msgr_part_two.deductible, \n    msgr_part_two.\"num vehicles\", \n    msgr_part_two.\"distancetoshore band\", \n    msgr_part_two.\"sircoastline band\", \n    msgr_part_two.\"num buildings complex\", \n    msgr_part_two.\"building class description\", \n    msgr_part_two.\"contents class description\", \n    msgr_part_two.\"risk county\", \n    msgr_part_two.\"formatted risk address\", \n    msgr_part_two.\"formatted risk city\", \n    msgr_part_two.\"formatted risk zip\", \n    msgr_part_two.\"formatted risk latitude\", \n    msgr_part_two.\"formatted risk longitude\", \n    msgr_part_two.\"elite package ind\", \n    msgr_part_two.formattedstreet, \n    msgr_part_two.formattedcounty,\n    msgr_part_two.shell_policy_ind\nfrom\n    dbo.msgr_part_two\nwhere \n    \"account entered dt\" >= dateadd(month, -1, cast(getdate() as date))","isFileList":false,"handleSpecialChars":false,"handleDecimalRoundOff":false,"frsAsset":false,"dynamicFileName":false,"excludeDynamicFileNameField":false,"currentlyProcessedFileName":false,"retainFieldMetadata":false,"objectName":"DUMMY_SQ_msgr_part_two","useExactSrcNames":false,"tgtObjectAttributes":{},"runtimeParameterData":{"@type":"mtTaskRuntimeParameterData","isConnectionRuntimeParameter":true,"isObjectRuntimeParameter":false,"connectionParameterName":"DBConnection_SRC"},"overridableProperties":[],"overriddenFields":[]},{"@type":"mtTaskParameter","id":98358038,"name":"$msgr$","type":"TARGET","label":"DBConnection_TGT","description":"","uiProperties":{"cnxtype":"Amazon Redshift v2","connectionParameterized":"true","paramName":"DBConnection_TGT","paramLabel":"","paramType-mapping":"Connection","logcnx":"DBConnection_TGT","default":"dbo/msgr","objectParameterized":"false","visible":"false","defaultTargetUpdateColumns":"","supportApplyDDLChanges":"false","originalPath":"msgr"},"targetConnectionId":"@aYZ4ekzHgIPeKpiaoqDLKP","targetObject":"dbo/msgr","targetObjectLabel":"msgr","newFlatFile":false,"newObject":false,"showBusinessNames":true,"naturalOrder":true,"truncateTarget":false,"bulkApiDBTarget":false,"operationType":"Insert","customFuncCfg":{"@type":"customFuncConfig","id":-1,"connections":[],"inputMap":[],"outputFields":[]},"targetRefsV2":{},"targetUpdateColumns":[],"extendedObject":{"@type":"extendedObject","singleMode":true,"filters":[],"sortFields":[]},"runtimeAttrs":{},"isRESTModernSource":true,"isFileList":false,"handleSpecialChars":false,"handleDecimalRoundOff":false,"frsAsset":false,"dynamicFileName":false,"excludeDynamicFileNameField":false,"currentlyProcessedFileName":false,"retainFieldMetadata":false,"objectName":"dbo/msgr","objectLabel":"msgr","useExactSrcNames":false,"tgtObjectAttributes":{},"runtimeParameterData":{"@type":"mtTaskRuntimeParameterData","isConnectionRuntimeParameter":true,"isObjectRuntimeParameter":false,"connectionParameterName":"DBConnection_TGT"},"overridableProperties":[],"overriddenFields":[]}],"sequences":[],"inOutParameters":[],"connRuntimeAttrs":[]}]