[{"@type":"mtTask","id":"@1","name":"cdi_tsk_map_bronze_pms_loss_fct_msgrmissinglossrevenue_ld","runtimeEnvironmentId":"@3pADNCV9u0PcgrXjM7rx0t","maxLogs":10,"verbose":false,"lastRunTime":1727804387000,"mappingId":"@6RhqvCUQ9gcewO6jxVeuGX","frsGuid":"kIcsPKSxuKKj2qREolcISX","sessionPropertiesList":[{"name":"Pushdown Optimization","value":"None","recommended":false},{"name":"Pushdown Optimization Context","value":"None","recommended":false},{"name":"Pushdown Optimization Fallback Option","value":"Partial PDO","recommended":false}],"hidden":false,"enableCrossSchemaPushdown":false,"enableParallelRun":false,"autoTunedApplied":false,"autoTunedAppliedType":"NONE","parameterFileName":"Andover_Param_GW.param","parameterFileDir":"$PMRootDir/andover/parameters","paramFileType":"PARAM_FILE_LOCAL","schemaMode":"async","valid":true,"schemaValidationErrorCount":-1,"serverlessProperties":{},"taskProperties":[{"@type":"taskProperty","name":"parameterFileDir","currentValue":"$PMRootDir/andover/parameters","type":"STRING","label":"label.parameterFileDir","required":false},{"@type":"taskProperty","name":"parameterFileName","currentValue":"Andover_Param_GW.param","type":"STRING","label":"label.parameterFileName","required":false},{"@type":"taskProperty","name":"outboundMessageUrlQueueTime","currentValue":"","type":"NUMBER","label":"label.outboundMessageUrlQueueTime","required":false},{"@type":"taskProperty","name":"outboundMessageUrlToken","currentValue":"","type":"STRING","label":"label.outboundMessageUrlToken","required":false}],"optimizationPlan":"NONE","isMidstreamPreview":false,"parameters":[{"@type":"mtTaskParameter","id":98721361,"name":"$src_bronze_pms_loss_fact$","type":"SOURCE","label":"DBConnection_SRC","description":"","uiProperties":{"cnxtype":"Amazon Redshift v2","connectionParameterized":"true","paramName":"DBConnection_SRC","paramLabel":"","paramType-mapping":"Connection","logcnx":"DBConnection_SRC","isSelectDistinct":"false","objectParameterized":"false","visible":"false","originalPath":"src_bronze_pms_loss_fact"},"sourceConnectionId":"@aYZ4ekzHgIPeKpiaoqDLKP","sourceObject":"DUMMY_src_bronze_pms_loss_fact","newFlatFile":false,"newObject":false,"showBusinessNames":true,"naturalOrder":true,"truncateTarget":false,"bulkApiDBTarget":false,"customFuncCfg":{"@type":"customFuncConfig","id":-1,"connections":[],"inputMap":[],"outputFields":[]},"targetRefsV2":{},"targetUpdateColumns":[],"runtimeAttrs":{},"isRESTModernSource":true,"customQuery":"SELECT\n            policy_key_code AS \"policy key code\", policy_key AS \"policy key\", major_peril_id AS \"major peril id\", \n\t\t\trisk_state_id AS \"risk state id\", NULL AS \"inforce policy key\", claim_key AS \"claim key\", \n            annual_statement_line AS \"Annual Statement line\", stateline AS \"stateline\", \n\t\t\tclaim_type AS \"claim type\", loss_cause AS \"loss cause\", \n\t\t\tloss_cause_desc AS \"loss cause desc\", NVL(CAST (loss_adjustor_no AS VARCHAR(60)), 'Not Applicable') \n\t\t\tAS \"independent adjuster\", accident_dt AS \"accident dt\", reported_dt AS \"reported dt\", account_entered_dt AS \"account entered dt\",\n            CASE\n                WHEN transaction_cd = 'XX' THEN NULL\n                WHEN (transaction_cd::FLOAT >= 20 AND transaction_cd::FLOAT <= 29) OR (transaction_cd::FLOAT >= 80 \n\t\t\t\tAND transaction_cd::FLOAT <= 89) THEN transaction_dt\n            END AS \"claim paid dt\", NULL AS \"earned premium\", NULL AS \"unearned premium\", NULL AS \"commission amt\", \n\t\t\tNULL AS \"taxes service charges\", NULL AS \"written premium\", NULL AS \"inforce premium\",\n\t\t\tSUM(loss_paid_amt) AS \"loss paid amt\", SUM(loss_paid_recovery_amt) AS \"loss paid recovery amt\", \n\t\t\tSUM(loss_salvage) AS \"loss salvage amt\", SUM(loss_subrogation_amt) AS \"loss subrogation amt\", \n\t\t\tSUM(loss_ulae_expense) AS \"loss ulae expense\", SUM(loss_alae_expense) AS \"loss alae expense\", \n\t\t\tSUM(loss_reserve_amt) AS \"loss reserve amt\", SUM(loss_reserve_for_incurred_loss) AS \"loss reserve for incurred loss\", \n\t\t\tSUM(NVL(loss_paid_amt, 0) + NVL(loss_paid_recovery_amt, 0) + NVL(loss_salvage, 0) + NVL(loss_subrogation_amt, 0)\n\t\t\t+ NVL(loss_ulae_expense, 0) + NVL(loss_alae_expense, 0) + NVL(loss_reserve_amt, 0)) AS \"incurred loss amt\", (CASE\n                WHEN stateline IN ('5', '8', 'D', 'C', '81', '82') THEN 0.3 * SUM(loss_reserve_amt)\n                ELSE 0.15 * SUM(loss_reserve_amt)\n            END) AS \"loss adjexp\"\n            FROM dbo.pms_fact_loss\n            WHERE date_part('year', account_entered_dt) >= 2008 \n\t\t\tAND insert_date >= (SELECT etlbatchstartst FROM dbo.loadbatchetldt WHERE loadetltype = 'wf_msgr_views')\n            GROUP BY policy_key_code, policy_key, major_peril_id, risk_state_id, account_entered_dt, claim_key, loss_cause, \n\t\t\tloss_cause_desc, accident_dt, reported_dt, loss_adjustor_no, claim_type, stateline, annual_statement_line,\n            CASE\n                WHEN transaction_cd = 'XX' THEN NULL\n                WHEN (transaction_cd::FLOAT >= 20 AND transaction_cd::FLOAT <= 29) \n\t\t\t\tOR (transaction_cd::FLOAT >= 80 AND transaction_cd::FLOAT <= 89) THEN transaction_dt\n            END\n            UNION ALL\n            SELECT\n            policy_key_code AS \"policy key code\", policy_key AS \"policy key\", major_peril_id AS \"major peril id\", \n\t\t\trisk_state_id AS \"risk state id\", NULL AS \"inforce policy key\", claim_key AS \"claim key\", \n            annual_statement_line AS \"Annual Statement line\", stateline AS \"stateline\", claim_type AS \"claim type\",\n\t\t\tloss_cause AS \"loss cause\", loss_cause_desc AS \"loss cause desc\", loss_adjustor_no AS \"independent adjuster\",\n\t\t\taccident_dt AS \"accident dt\", reported_dt AS \"reported dt\", '2008-01-01 00:00:00.000' AS \"account entered dt\",\n            CASE\n                WHEN transaction_cd = 'XX' THEN NULL\n                WHEN (transaction_cd::FLOAT >= 20 AND transaction_cd::FLOAT <= 29) OR (transaction_cd::FLOAT >= 80 \n\t\t\t\tAND transaction_cd::FLOAT <= 89) THEN transaction_dt\n            END AS \"claim paid dt\", NULL AS \"earned premium\", NULL AS \"unearned premium\", NULL AS \"commission amt\", \n\t\t\tNULL AS \"taxes service charges\", NULL AS \"written premium\", NULL AS \"inforce premium\", NULL AS \"loss paid amt\", \n\t\t\tNULL AS \"loss paid recovery amt\", NULL AS \"loss salvage amt\", NULL AS \"loss subrogation amt\", \n\t\t\tNULL AS \"loss ulae expense\", NULL AS \"loss alae expense\", SUM(loss_reserve_amt) AS \"loss reserve amt\",\n\t\t\tNULL AS \"loss reserve for incurred loss\", NULL AS \"incurred loss amt\", (CASE\n                WHEN stateline IN ('5', '8', 'D', 'C', '81', '82') THEN 0.3 * SUM(loss_reserve_amt)\n                ELSE 0.15 * SUM(loss_reserve_amt)\n            END) AS \"loss o/s adjexp\"\n            FROM dbo.pms_fact_loss\n            WHERE date_part('year', account_entered_dt) < 2008 \n\t\t\tAND insert_date >= (SELECT etlbatchstartst FROM dbo.loadbatchetldt WHERE loadetltype = 'wf_msgr_views')\n            GROUP BY policy_key_code, policy_key, major_peril_id, risk_state_id, claim_key, loss_cause,\n\t\t\tloss_cause_desc, accident_dt, reported_dt, loss_adjustor_no, claim_type, stateline, annual_statement_line,\n            CASE\n                WHEN transaction_cd = 'XX' THEN NULL\n                WHEN (transaction_cd::FLOAT >= 20 AND transaction_cd::FLOAT <= 29) OR (transaction_cd::FLOAT >= 80 \n\t\t\t\tAND transaction_cd::FLOAT <= 89) THEN transaction_dt END","isFileList":false,"handleSpecialChars":false,"handleDecimalRoundOff":false,"frsAsset":false,"dynamicFileName":false,"excludeDynamicFileNameField":false,"currentlyProcessedFileName":false,"retainFieldMetadata":false,"objectName":"DUMMY_src_bronze_pms_loss_fact","useExactSrcNames":false,"fetchMode":"ORIGINAL","tgtObjectAttributes":{},"runtimeParameterData":{"@type":"mtTaskRuntimeParameterData","isConnectionRuntimeParameter":true,"isObjectRuntimeParameter":false,"connectionParameterName":"DBConnection_SRC"},"overridableProperties":[],"overriddenFields":[]},{"@type":"mtTaskParameter","id":98721362,"name":"$tgt_cdi_bronze_msgrmissinglossrevenue_INS$","type":"TARGET","label":"DBConnection_TGT","description":"","uiProperties":{"cnxtype":"Amazon Redshift v2","connectionParameterized":"true","paramName":"DBConnection_TGT","paramLabel":"","paramType-mapping":"Connection","logcnx":"DBConnection_TGT","default":"dbo/msgrmissinglossrevenue","objectParameterized":"false","visible":"false","defaultTargetUpdateColumns":"","supportApplyDDLChanges":"false","originalPath":"tgt_cdi_bronze_msgrmissinglossrevenue_INS"},"targetConnectionId":"@aYZ4ekzHgIPeKpiaoqDLKP","targetObject":"dbo/msgrmissinglossrevenue","targetObjectLabel":"msgrmissinglossrevenue","newFlatFile":false,"newObject":false,"showBusinessNames":true,"naturalOrder":true,"truncateTarget":false,"bulkApiDBTarget":false,"operationType":"Rowbased","customFuncCfg":{"@type":"customFuncConfig","id":-1,"connections":[],"inputMap":[],"outputFields":[]},"targetRefsV2":{},"targetUpdateColumns":[],"extendedObject":{"@type":"extendedObject","singleMode":true,"filters":[],"sortFields":[]},"runtimeAttrs":{},"isRESTModernSource":true,"isFileList":false,"handleSpecialChars":false,"handleDecimalRoundOff":false,"frsAsset":false,"dynamicFileName":false,"excludeDynamicFileNameField":false,"currentlyProcessedFileName":false,"retainFieldMetadata":false,"objectName":"dbo/msgrmissinglossrevenue","objectLabel":"msgrmissinglossrevenue","useExactSrcNames":false,"fetchMode":"ORIGINAL","tgtObjectAttributes":{},"runtimeParameterData":{"@type":"mtTaskRuntimeParameterData","isConnectionRuntimeParameter":true,"isObjectRuntimeParameter":false,"connectionParameterName":"DBConnection_TGT"},"overridableProperties":[],"overriddenFields":[]},{"@type":"mtTaskParameter","id":98721363,"name":"$tgt_cdi_bronze_msgrmissinglossrevenue_UPD$","type":"TARGET","label":"DBConnection_TGT","description":"","uiProperties":{"cnxtype":"Amazon Redshift v2","connectionParameterized":"true","paramName":"DBConnection_TGT","paramLabel":"","paramType-mapping":"Connection","logcnx":"DBConnection_TGT","default":"dbo/msgrmissinglossrevenue","objectParameterized":"false","visible":"false","defaultTargetUpdateColumns":"row_id","supportApplyDDLChanges":"false","originalPath":"tgt_cdi_bronze_msgrmissinglossrevenue_UPD"},"targetConnectionId":"@aYZ4ekzHgIPeKpiaoqDLKP","targetObject":"dbo/msgrmissinglossrevenue","targetObjectLabel":"msgrmissinglossrevenue","newFlatFile":false,"newObject":false,"showBusinessNames":true,"naturalOrder":true,"truncateTarget":false,"bulkApiDBTarget":false,"operationType":"Rowbased","customFuncCfg":{"@type":"customFuncConfig","id":-1,"connections":[],"inputMap":[],"outputFields":[]},"targetRefsV2":{},"targetUpdateColumns":["row_id"],"extendedObject":{"@type":"extendedObject","singleMode":true,"filters":[],"sortFields":[]},"runtimeAttrs":{},"isRESTModernSource":true,"isFileList":false,"handleSpecialChars":false,"handleDecimalRoundOff":false,"frsAsset":false,"dynamicFileName":false,"excludeDynamicFileNameField":false,"currentlyProcessedFileName":false,"retainFieldMetadata":false,"objectName":"dbo/msgrmissinglossrevenue","objectLabel":"msgrmissinglossrevenue","useExactSrcNames":false,"fetchMode":"ORIGINAL","tgtObjectAttributes":{},"runtimeParameterData":{"@type":"mtTaskRuntimeParameterData","isConnectionRuntimeParameter":true,"isObjectRuntimeParameter":false,"connectionParameterName":"DBConnection_TGT"},"overridableProperties":[],"overriddenFields":[]},{"@type":"mtTaskParameter","id":98721364,"name":"$lkp_msgrmissinglossrevenue$","type":"LOOKUP","label":"DBConnection_TGT","description":"","uiProperties":{"cnxtype":"Amazon Redshift v2","connectionParameterized":"true","paramName":"DBConnection_TGT","paramLabel":"","paramType-mapping":"Connection","logcnx":"DBConnection_TGT","isCachedLookup":"true","multipleMatchPolicy":"Use Any Value","default":"dbo/msgrmissinglossrevenue","objectParameterized":"false","visible":"false","originalPath":"lkp_msgrmissinglossrevenue"},"lookupConnectionId":"@aYZ4ekzHgIPeKpiaoqDLKP","lookupObject":"dbo/msgrmissinglossrevenue","lookupObjectLabel":"msgrmissinglossrevenue","newFlatFile":false,"newObject":false,"showBusinessNames":true,"naturalOrder":true,"truncateTarget":false,"bulkApiDBTarget":false,"customFuncCfg":{"@type":"customFuncConfig","id":-1,"connections":[],"inputMap":[],"outputFields":[]},"targetRefsV2":{},"targetUpdateColumns":[],"runtimeAttrs":{"Cache File Name Prefix":"","Lookup Index Cache Size":"AUTO","Lookup Data Filter":"","Optional":"true","Lookup cache persistent":"false","Lookup source is static":"false","Update Dynamic Cache Condition":"TRUE","Case Sensitive String Comparison":"false","Re-cache from lookup source":"false","Insert Else Update":"false","Lookup caching enabled":"true","Lookup Data Cache Size":"AUTO","Tracing Level":"Normal","Sorted Input":"false","Lookup cache directory name":"$PMCacheDir","Output Old Value On Update":"false","Dynamic Lookup Cache":"false","Pre-build lookup cache":"AUTO","Null ordering":""},"isRESTModernSource":true,"isFileList":false,"handleSpecialChars":false,"handleDecimalRoundOff":false,"frsAsset":false,"dynamicFileName":false,"excludeDynamicFileNameField":false,"currentlyProcessedFileName":false,"retainFieldMetadata":false,"objectName":"dbo/msgrmissinglossrevenue","objectLabel":"msgrmissinglossrevenue","useExactSrcNames":false,"fetchMode":"ORIGINAL","tgtObjectAttributes":{},"runtimeParameterData":{"@type":"mtTaskRuntimeParameterData","isConnectionRuntimeParameter":true,"isObjectRuntimeParameter":false,"connectionParameterName":"DBConnection_TGT"},"overridableProperties":[],"overriddenFields":[]}],"sequences":[],"inOutParameters":[],"connRuntimeAttrs":[]}]