[{"@type":"mappingTemplate","id":"@1","name":"cdi_map_batch_load_status_update_success","description":"","autoExpireObject":false,"bundleVersion":"0","assetFrsGuid":"33UFXhP4slcjGtRuOAkjsU","templateId":"@3","deployTime":1749058908000,"hasParameters":true,"valid":true,"fixedConnection":false,"hasParametersDeployed":true,"fixedConnectionDeployed":false,"isSchemaValidationEnabled":false,"tasks":1,"mappingPreviewFileRecordId":"@2","documentType":"MAPPING","allowMaxFieldLength":false,"references":[]}]