[{"@type":"mtTask","id":"@1","name":"s_m_Load_Transaction_History_Stg_From_TransactionHistory","description":"Session pushed from PC to ICS : s_m_Load_Transaction_History_Stg_From_TransactionHistory","runtimeEnvironmentId":"@3pADNCV9u0PcgrXjM7rx0t","maxLogs":10,"verbose":false,"lastRunTime":1712603446000,"mappingId":"@i4PelR2E4YxdbcCyu4T9kC","frsGuid":"chqBtTDKX8WcBheQgqABcf","shortDescription":"Session pushed from PC to ICS : s_m_Load_Transacti...","sessionPropertiesList":[{"name":"Allow Temporary Sequence for Pushdown","value":"NO","recommended":false},{"name":"Allow Temporary View for Pushdown","value":"NO","recommended":false},{"name":"Data Column Delimiter","value":"|","recommended":false},{"name":"Error Log File Name","value":"PMError.log","recommended":false},{"name":"Override tracing","value":"Normal","recommended":false},{"name":"Pushdown Optimization","value":"None","recommended":false},{"name":"Pushdown Optimization Context","value":"None","recommended":false},{"name":"Pushdown Optimization Fallback Option","value":"Partial PDO","recommended":false}],"hidden":false,"enableCrossSchemaPushdown":false,"enableParallelRun":false,"autoTunedApplied":false,"autoTunedAppliedType":"NONE","parameterFileName":"Andover_Param_GW.param","parameterFileDir":"$PMRootDir/andover/parameters","paramFileType":"PARAM_FILE_LOCAL","schemaMode":"async","valid":true,"schemaValidationErrorCount":-1,"serverlessProperties":{},"taskProperties":[{"@type":"taskProperty","name":"parameterFileDir","currentValue":"$PMRootDir/andover/parameters","type":"STRING","label":"label.parameterFileDir","required":false},{"@type":"taskProperty","name":"parameterFileName","currentValue":"Andover_Param_GW.param","type":"STRING","label":"label.parameterFileName","required":false}],"jobPriority":"MEDIUM","optimizationPlan":"NONE","isMidstreamPreview":false,"parameters":[{"@type":"mtTaskParameter","id":78699400,"name":"$Src_transactionhistory$","type":"SOURCE","label":"DBConnection_SRCM","description":"","uiProperties":{"cnxtype":"MySQL","connectionParameterized":"true","paramName":"DBConnection_SRCM","paramLabel":"","paramType-mapping":"Connection","logcnx":"DBConnection_SRCM","isSelectDistinct":"false","objectParameterized":"false","visible":"false","originalPath":"Src_transactionhistory"},"sourceConnectionId":"@jPo49nVatmzbSnPefVZwCV","sourceObject":"DUMMY_Src_transactionhistory","newFlatFile":false,"newObject":false,"showBusinessNames":true,"naturalOrder":true,"truncateTarget":false,"bulkApiDBTarget":false,"customFuncCfg":{"@type":"customFuncConfig","id":-1,"connections":[],"inputMap":[],"outputFields":[]},"targetRefsV2":{},"targetUpdateColumns":[],"runtimeAttrs":{"Sql Override":"SELECT transactionhistory.SystemId, transactionhistory.ParentId, transactionhistory.CMMContainer, transactionhistory.Id, transactionhistory.TransactionCd, transactionhistory.TransactionEffectiveDt, transactionhistory.TransactionEffectiveTm, transactionhistory.TransactionUser, transactionhistory.TransactionDt, transactionhistory.TransactionTm, transactionhistory.TransactionLongDescription, transactionhistory.TransactionShortDescription, transactionhistory.TransactionNumber, transactionhistory.SubmissionNumber, transactionhistory.InforcePremiumAmt, transactionhistory.InforceChangePremiumAmt, transactionhistory.WrittenPremiumAmt, transactionhistory.WrittenChangePremiumAmt, transactionhistory.CancelTypeCd, transactionhistory.CancelRequestedByCd, transactionhistory.RewriteToProductVersion, transactionhistory.PremiumCalculationDt, transactionhistory.NewPolicyEffectiveDt, transactionhistory.NewPolicyExpirationDt, transactionhistory.ReleaseHoldReason, transactionhistory.ChangeInfoRef, transactionhistory.BookDt, transactionhistory.MasterTransactionNumber, transactionhistory.ReplacedByTransactionNumber, transactionhistory.ReplacementOfTransactionNumber, transactionhistory.UnAppliedByTransactionNumber, transactionhistory.UnApplyOfTransactionNumber, transactionhistory.StatProcessedInd, transactionhistory.OutputTypeCd, transactionhistory.ApplicationRef, transactionhistory.HoldType, transactionhistory.SourceCd, transactionhistory.DelayInvoiceInd, transactionhistory.PaymentTypeCd, transactionhistory.CheckNumber, transactionhistory.PaymentAmt, transactionhistory.ConversionGroup, transactionhistory.ConversionTemplateIdRef, transactionhistory.ConversionJobRef, transactionhistory.RenewalProviderRef, transactionhistory.RenewalSubProducerCd, transactionhistory.WrittenFeeAmt, transactionhistory.WrittenCommissionFeeAmt, transactionhistory.TransactionCommissionAmt, transactionhistory.FutureTermAutoTransactionInd, transactionhistory.UnapplySource, transactionhistory.ChargeReinstatementFeeInd, transactionhistory.ReferenceNumber, transactionhistory.RowId \nFROM\n transactionhistory \nWhere CmmContainer in ('Policy')","Pre SQL":"","Post SQL":"","Schema Name":""},"isRESTModernSource":true,"customQuery":"SELECT distinct transactionhistory.SystemId, transactionhistory.ParentId, transactionhistory.CMMContainer, transactionhistory.Id, transactionhistory.TransactionCd, transactionhistory.TransactionEffectiveDt, transactionhistory.TransactionEffectiveTm, transactionhistory.TransactionUser, transactionhistory.TransactionDt, transactionhistory.TransactionTm, transactionhistory.TransactionLongDescription, transactionhistory.TransactionShortDescription, transactionhistory.TransactionNumber, transactionhistory.SubmissionNumber, transactionhistory.InforcePremiumAmt, transactionhistory.InforceChangePremiumAmt, transactionhistory.WrittenPremiumAmt, transactionhistory.WrittenChangePremiumAmt, transactionhistory.CancelTypeCd, transactionhistory.CancelRequestedByCd, transactionhistory.RewriteToProductVersion, transactionhistory.PremiumCalculationDt, transactionhistory.NewPolicyEffectiveDt, transactionhistory.NewPolicyExpirationDt, transactionhistory.ReleaseHoldReason, transactionhistory.ChangeInfoRef, transactionhistory.BookDt, transactionhistory.MasterTransactionNumber, transactionhistory.ReplacedByTransactionNumber, transactionhistory.ReplacementOfTransactionNumber, transactionhistory.UnAppliedByTransactionNumber, transactionhistory.UnApplyOfTransactionNumber, transactionhistory.StatProcessedInd, transactionhistory.OutputTypeCd, transactionhistory.ApplicationRef, transactionhistory.HoldType, transactionhistory.SourceCd, transactionhistory.DelayInvoiceInd, transactionhistory.PaymentTypeCd, transactionhistory.CheckNumber, transactionhistory.PaymentAmt, transactionhistory.ConversionGroup, transactionhistory.ConversionTemplateIdRef, transactionhistory.ConversionJobRef, transactionhistory.RenewalProviderRef, transactionhistory.RenewalSubProducerCd, transactionhistory.WrittenFeeAmt, transactionhistory.WrittenCommissionFeeAmt, transactionhistory.TransactionCommissionAmt, transactionhistory.FutureTermAutoTransactionInd, transactionhistory.UnapplySource, transactionhistory.ChargeReinstatementFeeInd, transactionhistory.ReferenceNumber, transactionhistory.RowId \nFROM\n transactionhistory  transactionhistory inner join advrxxchangedbeans advrxxchangedbeans\non transactionhistory.Systemid=advrxxchangedbeans.Systemid\nand transactionhistory.cmmcontainer=advrxxchangedbeans.cmmcontainer\nwhere concat(adddt,addtm)>='$$M_StartDt' and concat(adddt,addtm) <='$$M_EndDt'","isFileList":false,"handleSpecialChars":false,"handleDecimalRoundOff":false,"frsAsset":false,"dynamicFileName":false,"excludeDynamicFileNameField":false,"currentlyProcessedFileName":false,"retainFieldMetadata":false,"objectName":"DUMMY_Src_transactionhistory","useExactSrcNames":false,"tgtObjectAttributes":{},"runtimeParameterData":{"@type":"mtTaskRuntimeParameterData","isConnectionRuntimeParameter":true,"isObjectRuntimeParameter":false,"connectionParameterName":"DBConnection_SRCM"},"overridableProperties":[],"overriddenFields":[]},{"@type":"mtTaskParameter","id":78699401,"name":"$Tgt_transactionhistory_stg$","type":"TARGET","label":"DBConnection_TGT","description":"","uiProperties":{"cnxtype":"Amazon Redshift v2","connectionParameterized":"true","paramName":"DBConnection_TGT","paramLabel":"","paramType-mapping":"Connection","logcnx":"DBConnection_TGT","default":"dbo/transactionhistory_stg","objectParameterized":"false","visible":"false","defaultTargetUpdateColumns":"","supportApplyDDLChanges":"false","originalPath":"Tgt_transactionhistory_stg"},"targetConnectionId":"@aYZ4ekzHgIPeKpiaoqDLKP","targetObject":"dbo/transactionhistory_stg","targetObjectLabel":"transactionhistory_stg","newFlatFile":false,"newObject":false,"showBusinessNames":true,"naturalOrder":true,"truncateTarget":false,"bulkApiDBTarget":false,"operationType":"Insert","customFuncCfg":{"@type":"customFuncConfig","id":-1,"connections":[],"inputMap":[],"outputFields":[]},"targetRefsV2":{},"targetUpdateColumns":[],"extendedObject":{"@type":"extendedObject","singleMode":true,"filters":[],"sortFields":[]},"runtimeAttrs":{"Recovery Schema Name":"","Transfer Manager Thread Pool Size":"10","Override Target Query":"","Post-Sql":"","Enable Compression":"YES","S3 Server Side Encryption":"NO","WaitTime In Seconds For S3 File Consistency":"0","Error File Directory":"","Preserve record order on write":"NO","Require Null Value For Char And Varchar":"","Temporary Credential Duration":"7200","Schema Name":"","Analyze Target Table":"NO","Truncate Target Table Before Data Upload":"YES","S3 Client Side Encryption":"NO","Minimum Upload Part Size":"5242880","Number of files per batch":"0","Vacuum Target Table":"None","Prefix To Retain For Staging Files On S3":"","S3 Bucket Name":"nonproddatawarehouseredshiftclust-staging12d1754e-1w9c6risqayrf","Staging Directory Location":"","Max Errors Per Batch Upload Insert":"1","Copy Options":"","Batch Size":"2000000","Treat Source Rows As":"INSERT","Target Table Name":"","Pre-SQL":"","Success File Directory":""},"oprRuntimeAttrs":{"ErrorFileDirectory":"","numberOfFilesPerBatch":"0","S3ServerSideEncryption":"NO","CopyOptionsPropertyFile":"","SuccessFileDirectory":"","StagingDirectoryLocation":"","schemaName":"","AnalyzeTargetTable":"NO","dataIntegritySupport":"NO","PrefixToRetainForStagingFilesOnS3":"","minUploadPartSize":"5242880","targetTableName":"","postSql":"","BatchSize":"2000000","EnableCompression":"YES","TreatSourceRowsAs":"INSERT","RequireNullValueForCharAndVarchar":"","overrideTargetQuery":"","temporaryCredentialDuration":"7200","TruncateTargetTableBeforeDataUpload":"YES","WaitTimeInSecondsForS3FileConsistency":"0","VacuumTargetTable":"None","MaxErrorsPerBatchUploadForInsert":"1","S3ClientSideEncryption":"NO","recoverySchemaName":"","S3BucketName":"nonproddatawarehouseredshiftclust-staging12d1754e-1w9c6risqayrf","txManagerThreadPoolSize":"10","preSql":""},"isRESTModernSource":true,"isFileList":false,"handleSpecialChars":false,"handleDecimalRoundOff":false,"frsAsset":false,"dynamicFileName":false,"excludeDynamicFileNameField":false,"currentlyProcessedFileName":false,"retainFieldMetadata":false,"objectName":"dbo/transactionhistory_stg","objectLabel":"transactionhistory_stg","useExactSrcNames":false,"tgtObjectAttributes":{},"runtimeParameterData":{"@type":"mtTaskRuntimeParameterData","isConnectionRuntimeParameter":true,"isObjectRuntimeParameter":false,"connectionParameterName":"DBConnection_TGT"},"overridableProperties":[],"overriddenFields":[]}],"sequences":[],"inOutParameters":[{"@type":"mtTaskInOutParameter","id":"-1","name":"M_StartDt","description":"","initialValue":"","datatype":"STRING","precision":"120","scale":"0","retentionPolicy":"NEVER","aggregationType":"MAX","currentValue":""},{"@type":"mtTaskInOutParameter","id":"-1","name":"M_EndDt","description":"","initialValue":"","datatype":"STRING","precision":"120","scale":"0","retentionPolicy":"NEVER","aggregationType":"MAX","currentValue":""}],"connRuntimeAttrs":[]}]