[{"@type":"mappingTemplate","id":"@1","name":"m_Load_Master_Agency_From_Import_With_SRC_as_alias","description":"Load Master_Agency_Detail using scd2 from Agency,Group,Member,Guidewire ,DomDomain and Agencyemail ","autoExpireObject":false,"bundleVersion":"0","assetFrsGuid":"7WI234JQAtSeQLPL0H240y","templateId":"@3","hasParameters":true,"valid":true,"fixedConnection":false,"hasParametersDeployed":false,"fixedConnectionDeployed":false,"isSchemaValidationEnabled":false,"tasks":1,"mappingPreviewFileRecordId":"@2","documentType":"","allowMaxFieldLength":false,"specialCharacterSupport":false,"references":[]}]