[{"@type":"mappingTemplate","id":"@1","name":"m_Load_dom_domain_to_Dom_domain_stg","description":"Mapping to fetch GW mysql dom_domain data to sql server Dom_domain_stg before PMS_Master_Agency load.\n\n ","autoExpireObject":false,"bundleVersion":"0","assetFrsGuid":"9YkE60LpnEBbtDry0QRNI6","templateId":"@3","hasParameters":true,"valid":true,"fixedConnection":false,"hasParametersDeployed":false,"fixedConnectionDeployed":false,"isSchemaValidationEnabled":false,"tasks":0,"mappingPreviewFileRecordId":"@2","documentType":"","allowMaxFieldLength":false,"specialCharacterSupport":false,"references":[]}]