[{"@type":"mappingTemplate","id":"@1","name":"cdi_map_straight_through_processing_rules_load","description":"","autoExpireObject":false,"bundleVersion":"0","assetFrsGuid":"0alzTTXq5mNgFr7Xm67ksz","templateId":"@3","deployTime":1758298796000,"hasParameters":true,"valid":true,"fixedConnection":false,"hasParametersDeployed":true,"fixedConnectionDeployed":false,"isSchemaValidationEnabled":false,"tasks":1,"mappingPreviewFileRecordId":"@2","documentType":"MAPPING","allowMaxFieldLength":false,"specialCharacterSupport":false,"references":[]}]