[{"@type":"mappingTemplate","id":"@1","name":"m_Load_Claims_stg_to_MasterClaim_Ld","description":"Mapping to load master Claim table from Stage table","bundleVersion":"0","templateId":"@3","deployTime":1701790585000,"hasParameters":true,"valid":true,"fixedConnection":true,"hasParametersDeployed":true,"fixedConnectionDeployed":true,"isSchemaValidationEnabled":false,"tasks":1,"mappingPreviewFileRecordId":"@2","documentType":"","references":[{"@type":"reference","refObjectId":"@aYZ4ekzHgIPeKpiaoqDLKP","refType":"connection"}]}]