[{"@type":"mappingTemplate","id":"@1","name":"m_Load_Claims_stg_to_MasterClaim_Ld","description":"Mapping to load master Claim table from Stage table","autoExpireObject":false,"bundleVersion":"0","assetFrsGuid":"a8sOQ80VSmfhXml1z7EGCd","templateId":"@3","deployTime":1740416575000,"hasParameters":true,"valid":true,"fixedConnection":false,"hasParametersDeployed":true,"fixedConnectionDeployed":false,"isSchemaValidationEnabled":false,"tasks":1,"mappingPreviewFileRecordId":"@2","documentType":"","references":[]}]