[{"@type":"mappingTemplate","id":"@1","name":"m_Map_Orig","description":"","autoExpireObject":false,"bundleVersion":"0","assetFrsGuid":"0ob0jHWp8TxgwIlQAcxGwC","templateId":"@3","deployTime":1769883200000,"hasParameters":false,"valid":true,"fixedConnection":true,"hasParametersDeployed":false,"fixedConnectionDeployed":true,"isSchemaValidationEnabled":false,"tasks":0,"mappingPreviewFileRecordId":"@2","documentType":"MAPPING","allowMaxFieldLength":false,"specialCharacterSupport":false,"references":[{"@type":"reference","refObjectId":"@aYZ4ekzHgIPeKpiaoqDLKP","refType":"connection"}]}]