[{"@type":"mappingTemplate","id":"@1","name":"cdi_map_acx_predictive_analytics_assessment_summary_silver_load","description":"","autoExpireObject":false,"bundleVersion":"0","assetFrsGuid":"hXXzNEbujYLbQUDi71PLOF","templateId":"@3","deployTime":1761589787000,"hasParameters":true,"valid":true,"fixedConnection":true,"hasParametersDeployed":true,"fixedConnectionDeployed":true,"isSchemaValidationEnabled":false,"tasks":1,"mappingPreviewFileRecordId":"@2","documentType":"MAPPING","allowMaxFieldLength":false,"specialCharacterSupport":false,"references":[{"@type":"reference","refObjectId":"@eAe8FJ9fmcAd2s1AZZDNWL","refType":"mappletTemplate","refObjInSync":"true"},{"@type":"reference","refObjectId":"@aYZ4ekzHgIPeKpiaoqDLKP","refType":"connection"}]}]