[{"@type":"mappingTemplate","id":"@1","name":"Load_Attachment_Stg_Frm_Atachment","description":"","autoExpireObject":false,"bundleVersion":"0","assetFrsGuid":"0RhuIZ0aozVixrP4uHb7GK","templateId":"@3","deployTime":1767814958000,"hasParameters":true,"valid":true,"fixedConnection":false,"hasParametersDeployed":true,"fixedConnectionDeployed":false,"isSchemaValidationEnabled":false,"tasks":1,"mappingPreviewFileRecordId":"@2","documentType":"","allowMaxFieldLength":false,"specialCharacterSupport":false,"references":[]}]