[{"@type":"mappingTemplate","id":"@1","name":"cdi_map_acx_catastrophe_bronze_load","description":"","autoExpireObject":false,"bundleVersion":"0","assetFrsGuid":"8LhvqzB5LW1f0ZNdzvOEmd","templateId":"@3","deployTime":1769463421000,"hasParameters":true,"valid":true,"fixedConnection":true,"hasParametersDeployed":true,"fixedConnectionDeployed":true,"isSchemaValidationEnabled":false,"tasks":1,"mappingPreviewFileRecordId":"@2","documentType":"MAPPING","allowMaxFieldLength":false,"specialCharacterSupport":false,"references":[{"@type":"reference","refObjectId":"@aYZ4ekzHgIPeKpiaoqDLKP","refType":"connection"}]}]