[{"@type":"mappingTemplate","id":"@1","name":"m_load_AddressDetail_from_lkp_address_key_Finalv1","description":"","autoExpireObject":false,"bundleVersion":"0","assetFrsGuid":"4FHirtKoEQQfQ3zgioGpmQ","templateId":"@3","deployTime":1715782421000,"hasParameters":true,"valid":true,"fixedConnection":true,"hasParametersDeployed":true,"fixedConnectionDeployed":true,"isSchemaValidationEnabled":false,"tasks":1,"mappingPreviewFileRecordId":"@2","documentType":"MAPPING","allowMaxFieldLength":false,"specialCharacterSupport":false,"references":[{"@type":"reference","refObjectId":"@4PR5UG8LgQbgjcPh0nvIgA","refType":"connection"},{"@type":"reference","refObjectId":"@8djberNZyW5fvMwoPSpYm3","refType":"frsDocument"},{"@type":"reference","refObjectId":"@aYZ4ekzHgIPeKpiaoqDLKP","refType":"connection"}]}]