[{"@type":"mappingTemplate","id":"@1","name":"m_Load_BasicPolicy_to_MasterPolicyDetail_Ld-Advanced","description":"Mapping to load Master Policy detail from stage table","autoExpireObject":false,"bundleVersion":"0","assetFrsGuid":"kGwRYNxRNqUkMt5wXZw7Yp","templateId":"@3","hasParameters":true,"valid":true,"fixedConnection":false,"hasParametersDeployed":false,"fixedConnectionDeployed":false,"isSchemaValidationEnabled":false,"tasks":0,"mappingPreviewFileRecordId":"@2","documentType":"AT_SCALE_MAPPING","allowMaxFieldLength":false,"specialCharacterSupport":false,"references":[]}]