[{"@type":"mtTask","id":"@1","name":"cdi_tsk_map_acx_building_bronze_building_application_stg_ld","autoExpireObject":false,"runtimeEnvironmentId":"@3pADNCV9u0PcgrXjM7rx0t","maxLogs":10,"verbose":false,"lastRunTime":1753201725000,"mappingId":"@7P0Fnq0qbsTlT5SQCiFWcW","frsGuid":"3Rttj1BjbWiefW4L00jIk2","sessionPropertiesList":[{"name":"Pushdown Optimization","value":"None","recommended":false},{"name":"Pushdown Optimization Context","value":"None","recommended":false},{"name":"Pushdown Optimization Fallback Option","value":"Partial PDO","recommended":false}],"hidden":false,"enableCrossSchemaPushdown":true,"enableParallelRun":false,"autoTunedApplied":false,"autoTunedAppliedType":"NONE","parameterFileName":"Andover_Param_GW.param","parameterFileDir":"$PMRootDir/andover/parameters","paramFileType":"PARAM_FILE_LOCAL","schemaMode":"async","valid":true,"schemaValidationErrorCount":-1,"serverlessProperties":{},"taskProperties":[{"@type":"taskProperty","name":"parameterFileDir","currentValue":"$PMRootDir/andover/parameters","type":"STRING","label":"label.parameterFileDir","required":false},{"@type":"taskProperty","name":"parameterFileName","currentValue":"Andover_Param_GW.param","type":"STRING","label":"label.parameterFileName","required":false},{"@type":"taskProperty","name":"outboundMessageUrlQueueTime","currentValue":"","type":"NUMBER","label":"label.outboundMessageUrlQueueTime","required":false},{"@type":"taskProperty","name":"outboundMessageUrlToken","currentValue":"","type":"STRING","label":"label.outboundMessageUrlToken","required":false}],"optimizationPlan":"NONE","isMidstreamPreview":false,"allowMaxFieldLength":false,"specialCharacterSupport":false,"useUserDefinedOrder":false,"parameters":[{"@type":"mtTaskParameter","id":125763211,"name":"$Src_Building$","type":"SOURCE","label":"DBConnection_SRCM","description":"","uiProperties":{"cnxtype":"MySQL","connectionParameterized":"true","paramName":"DBConnection_SRCM","paramLabel":"","paramType-mapping":"Connection","logcnx":"DBConnection_SRCM","isSelectDistinct":"false","objectParameterized":"false","visible":"false","originalPath":"Src_Building"},"sourceConnectionId":"@1MPwv79N5kdekz7fZXQSas","sourceObject":"DUMMY_Src_Building","newFlatFile":false,"newObject":false,"showBusinessNames":true,"naturalOrder":true,"truncateTarget":false,"bulkApiDBTarget":false,"customFuncCfg":{"@type":"customFuncConfig","id":-1,"connections":[],"inputMap":[],"outputFields":[]},"targetRefsV2":{},"targetUpdateColumns":[],"fieldOrderList":[],"runtimeAttrs":{},"isRESTModernSource":true,"customQuery":"select \n\t\tb.systemid,\n\t\tb.cmmcontainer,\n\t\tb.parentid,\n\tcase\n\t\twhen b.distancetoshore like 'More Than 10 Miles%' then '10'\n\t\twhen b.distancetoshore like '%Mile%' then\n\t\t\t ltrim(rtrim(substring(b.distancetoshore, instr(b.distancetoshore, '-')+ 2, instr(b.distancetoshore, 'M')- instr(b.distancetoshore, '-')-3)))\n\t\twhen distancetoshore like '%Mi' then\n\t\t\t ltrim(rtrim(substring(b.distancetoshore, instr(b.distancetoshore, '-')+ 2, instr(b.distancetoshore, 'M')- instr(b.distancetoshore, '-')-3)))\n\t\twhen distancetoshore like '%mi' then\n\t\t\t ltrim(rtrim(substring(b.distancetoshore, instr(b.distancetoshore, '-')+ 2, instr(b.distancetoshore, 'm')- instr(b.distancetoshore, '-')-3)))\n\t\telse null\n\tend as distancetoshoreMile,\n\tcase\n\t\twhen b.distancetoshore like '%Feet%' then\n  \t\t\tltrim(rtrim(substring(b.distancetoshore, instr(b.distancetoshore, '-')+ 2, instr(b.distancetoshore, 'F')- instr(b.distancetoshore, '-')-3)))\n\t\telse null\n\tend as distancetoshoreFeet,\n\t\tb.PurchasedLast12Months,\n\t\tb.wiringcd,\n\t\tb.plumbingcd,\n\t\tb.heatingcd,\n\t\tb.roofingcd,\n\t\tb.roofingyear,\n\t\tb.sqft,\n\t\tb.msbrctreconstructioncost,\n\t\tb.accountcreditind,\n\t\tb.jewelrylimit,\n\t\tb.id,\n\t\tb.homeautocreditdescription,\n\t\tb.BldgNumber,\n\t\tb.H107Ind as building_application_h107_indicator,\n\t\tb.Tier as building_application_tier,\n\t    b.NumOfFamilies,\n\t\tb.ProtectionClass,\n\t\tb.YearBuilt,\n\t\tb.WiringYear,\n\t\tb.HeatingYear,\n\t\tb.PlumbingYear,\n\t\tb.TypeOfBusinessOne,\n\t\tb.MotorizedLandConveyanceDesp\n   from building b\n   join advrxxchangedbeans\n     on b.CMMContainer = advrxxchangedbeans.CMMContainer\n    and b.SystemId = advrxxchangedbeans.SystemId\n  where b.cmmcontainer = 'Application'\n    and concat(advrxxchangedbeans.adddt,advrxxchangedbeans.addtm)>='$$m_strdt' \n    and concat(advrxxchangedbeans.adddt,advrxxchangedbeans.addtm) <='$$m_enddt'","commandType":0,"isFileList":false,"handleSpecialChars":false,"handleDecimalRoundOff":false,"frsAsset":false,"dynamicFileName":false,"excludeDynamicFileNameField":false,"currentlyProcessedFileName":false,"retainFieldMetadata":false,"objectName":"DUMMY_Src_Building","useExactSrcNames":false,"userUpdated":true,"fetchMode":"ORIGINAL","tgtObjectAttributes":{},"runtimeParameterData":{"@type":"mtTaskRuntimeParameterData","isConnectionRuntimeParameter":false,"isObjectRuntimeParameter":false,"connectionParameterName":"DBConnection_SRCM"},"overridableProperties":[],"overriddenFields":[]},{"@type":"mtTaskParameter","id":125763212,"name":"$Tgt_Building_Application_Stg$","type":"TARGET","label":"DBConnection_TGT","description":"","uiProperties":{"cnxtype":"Amazon Redshift v2","connectionParameterized":"true","paramName":"DBConnection_TGT","paramLabel":"","paramType-mapping":"Connection","logcnx":"DBConnection_TGT","default":"dbo/building_application_stg","objectParameterized":"false","visible":"false","defaultTargetUpdateColumns":"","supportApplyDDLChanges":"false","originalPath":"Tgt_Building_Application_Stg"},"targetConnectionId":"@aYZ4ekzHgIPeKpiaoqDLKP","targetObject":"dbo/building_application_stg","targetObjectLabel":"dbo/building_application_stg","newFlatFile":false,"newObject":false,"showBusinessNames":true,"naturalOrder":true,"truncateTarget":false,"bulkApiDBTarget":false,"operationType":"Insert","customFuncCfg":{"@type":"customFuncConfig","id":-1,"connections":[],"inputMap":[],"outputFields":[]},"targetRefsV2":{},"targetUpdateColumns":[],"fieldOrderList":[],"extendedObject":{"@type":"extendedObject","singleMode":true,"filters":[],"sortFields":[]},"runtimeAttrs":{},"isRESTModernSource":true,"commandType":0,"isFileList":false,"handleSpecialChars":false,"handleDecimalRoundOff":false,"frsAsset":false,"dynamicFileName":false,"excludeDynamicFileNameField":false,"currentlyProcessedFileName":false,"retainFieldMetadata":false,"objectName":"dbo/building_application_stg","objectLabel":"dbo/building_application_stg","useExactSrcNames":false,"userUpdated":true,"fetchMode":"ORIGINAL","tgtObjectAttributes":{},"runtimeParameterData":{"@type":"mtTaskRuntimeParameterData","isConnectionRuntimeParameter":false,"isObjectRuntimeParameter":false,"connectionParameterName":"DBConnection_TGT"},"overridableProperties":[],"targetSchemaProviderType":"SELECTED_OBJECT","dbSchema":"","overriddenFields":[]}],"sequences":[],"inOutParameters":[{"@type":"mtTaskInOutParameter","id":"-1","name":"m_strtdt","description":"","initialValue":"","datatype":"STRING","precision":"120","scale":"0","retentionPolicy":"NEVER","aggregationType":"MAX","currentValue":"1900-01-01"},{"@type":"mtTaskInOutParameter","id":"-1","name":"m_Enddt","description":"","initialValue":"","datatype":"STRING","precision":"120","scale":"0","retentionPolicy":"NEVER","aggregationType":"MAX","currentValue":"2025-12-31"}],"connRuntimeAttrs":[]}]