[{"@type":"mappingTemplate","id":"@1","name":"m_Load_userinfo_stg_from_userinfo","description":"","autoExpireObject":false,"bundleVersion":"0","assetFrsGuid":"5Iq5ih1Z08Sl87qLgwIVGi","templateId":"@3","deployTime":1767814979000,"hasParameters":true,"valid":true,"fixedConnection":false,"hasParametersDeployed":true,"fixedConnectionDeployed":false,"isSchemaValidationEnabled":false,"tasks":1,"mappingPreviewFileRecordId":"@2","documentType":"","allowMaxFieldLength":false,"specialCharacterSupport":false,"references":[]}]