[{"@type":"mappingTemplate","id":"@1","name":"cdi_map_file_adm_agency_email_hist_stg_load","description":"","autoExpireObject":false,"bundleVersion":"0","assetFrsGuid":"9VanOzxxqcYg5Y30D4DzOZ","templateId":"@3","deployTime":1746818165000,"hasParameters":true,"valid":true,"fixedConnection":false,"hasParametersDeployed":true,"fixedConnectionDeployed":false,"isSchemaValidationEnabled":false,"tasks":1,"mappingPreviewFileRecordId":"@2","documentType":"MAPPING","allowMaxFieldLength":false,"references":[]}]