[{"@type":"mappingTemplate","id":"@1","name":"cdi_map_underwriting_questions_and_answers_silver_load","description":"","autoExpireObject":false,"bundleVersion":"0","assetFrsGuid":"0muL9i3yIpFh6OUsiHG2Yx","templateId":"@3","deployTime":1756230777000,"hasParameters":true,"valid":true,"fixedConnection":false,"hasParametersDeployed":true,"fixedConnectionDeployed":false,"isSchemaValidationEnabled":false,"tasks":1,"mappingPreviewFileRecordId":"@2","documentType":"MAPPING","allowMaxFieldLength":false,"specialCharacterSupport":false,"references":[]}]