[{"@type":"mappingTemplate","id":"@1","name":"cdi_map_underwriting_questions_and_answers_silver_load","description":"","autoExpireObject":false,"bundleVersion":"0","assetFrsGuid":"a4hNAXAjNkmf865dtLUZ0l","templateId":"@3","deployTime":1755113593000,"hasParameters":true,"valid":true,"fixedConnection":false,"hasParametersDeployed":true,"fixedConnectionDeployed":false,"isSchemaValidationEnabled":false,"tasks":1,"mappingPreviewFileRecordId":"@2","documentType":"MAPPING","allowMaxFieldLength":false,"specialCharacterSupport":false,"references":[]}]