[{"@type":"mappingTemplate","id":"@1","name":"Mapping10","description":"","autoExpireObject":false,"bundleVersion":"0","assetFrsGuid":"27ACoLRZSSzclOxQKrpTO3","templateId":"@3","deployTime":1712585221000,"hasParameters":false,"valid":true,"fixedConnection":true,"hasParametersDeployed":false,"fixedConnectionDeployed":true,"isSchemaValidationEnabled":false,"tasks":0,"mappingPreviewFileRecordId":"@2","documentType":"MAPPING","allowMaxFieldLength":false,"specialCharacterSupport":false,"references":[{"@type":"reference","refObjectId":"@jPo49nVatmzbSnPefVZwCV","refType":"connection"},{"@type":"reference","refObjectId":"@azEva6zs2GVd8TkGbhUF48","refType":"connection"}]}]