[{"@type":"mappingTemplate","id":"@1","name":"cdi_map_adm_api_users_bronze_stg_load","description":"","autoExpireObject":false,"bundleVersion":"0","assetFrsGuid":"3ALtFgQt3RydWGTsO01IUI","templateId":"@3","deployTime":1765921007000,"hasParameters":true,"valid":true,"fixedConnection":false,"hasParametersDeployed":true,"fixedConnectionDeployed":false,"isSchemaValidationEnabled":false,"tasks":1,"mappingPreviewFileRecordId":"@2","documentType":"MAPPING","allowMaxFieldLength":false,"specialCharacterSupport":false,"references":[]}]