[{"@type":"mappingTemplate","id":"@1","name":"cdi_map_load_filename_manual_feed","description":"","autoExpireObject":false,"bundleVersion":"0","assetFrsGuid":"9bPGa8tr7bhdv9tFPBS9CQ","templateId":"@3","deployTime":1743099154000,"hasParameters":true,"valid":true,"fixedConnection":false,"hasParametersDeployed":true,"fixedConnectionDeployed":false,"isSchemaValidationEnabled":false,"tasks":1,"mappingPreviewFileRecordId":"@2","documentType":"","allowMaxFieldLength":false,"specialCharacterSupport":false,"references":[]}]