[{"@type":"mappletTemplate","id":"@1","name":"mplt_Parse_Number_At_End_Of_Line","description":"Parses a number that occurs at the end of an input string, reading from left to right.","autoExpireObject":false,"documentType":"DMAPPLET","valid":true,"validForEngines":["CDI","CDI_E"],"active":false,"hasFixedReferences":false,"templateId":"@2","templateImageId":"@3","references":[{"@type":"reference","refObjectId":"@kdrRXqBzA8LcPe4twingEG","refType":"frsDocument"},{"@type":"reference","refObjectId":"@1RqsPL6uzIgisifJjlBJ0M","refType":"frsDocument"}]}]