[{"@type":"mtTask","id":"@1","name":"cdi_tsk_map_acx_coverage_item_bronze_load","autoExpireObject":false,"runtimeEnvironmentId":"@3pADNCV9u0PcgrXjM7rx0t","maxLogs":10,"verbose":false,"lastRunTime":1769794974000,"mappingId":"@5VJbssPk0mvhZ1FVx1WtCj","frsGuid":"cqfePgU1kEXeprhHsUQBQA","sessionPropertiesList":[{"name":"Pushdown Optimization","value":"None","recommended":false},{"name":"Pushdown Optimization Context","value":"None","recommended":false},{"name":"Pushdown Optimization Fallback Option","value":"Partial PDO","recommended":false}],"hidden":false,"enableCrossSchemaPushdown":true,"enableParallelRun":false,"autoTunedApplied":false,"autoTunedAppliedType":"NONE","parameterFileName":"Andover_Param_ACX.param","parameterFileDir":"$PMRootDir/andover/parameters","paramFileType":"PARAM_FILE_LOCAL","schemaMode":"async","valid":true,"schemaValidationErrorCount":-1,"serverlessProperties":{},"taskProperties":[{"@type":"taskProperty","name":"parameterFileDir","currentValue":"$PMRootDir/andover/parameters","type":"STRING","label":"label.parameterFileDir","required":false},{"@type":"taskProperty","name":"parameterFileName","currentValue":"Andover_Param_ACX.param","type":"STRING","label":"label.parameterFileName","required":false},{"@type":"taskProperty","name":"outboundMessageUrlQueueTime","currentValue":"","type":"NUMBER","label":"label.outboundMessageUrlQueueTime","required":false},{"@type":"taskProperty","name":"outboundMessageUrlToken","currentValue":"","type":"STRING","label":"label.outboundMessageUrlToken","required":false}],"optimizationPlan":"NONE","isMidstreamPreview":false,"allowMaxFieldLength":false,"specialCharacterSupport":false,"useUserDefinedOrder":false,"parameters":[{"@type":"mtTaskParameter","id":148233417,"name":"$src_coverage_item_stg$","type":"SOURCE","label":"src_coverage_item_stg","uiProperties":{"connectionParameterized":"false","isSelectDistinct":"false","objectParameterized":"false","visible":"false","originalPath":"src_coverage_item_stg"},"sourceConnectionId":"@aYZ4ekzHgIPeKpiaoqDLKP","sourceObject":"DUMMY_src_coverage_item_stg","newFlatFile":false,"newObject":false,"showBusinessNames":false,"naturalOrder":true,"truncateTarget":false,"bulkApiDBTarget":false,"customFuncCfg":{"@type":"customFuncConfig","id":-1,"connections":[],"inputMap":[],"outputFields":[]},"targetRefsV2":{},"targetUpdateColumns":[],"fieldOrderList":[],"runtimeAttrs":{},"isRESTModernSource":true,"customQuery":"WITH current_batch AS (\n    SELECT \n        bls.batch_id,\n        bls.source_start_cutoff_datetime,\n        bls.source_end_cutoff_datetime\n    FROM $$operational_schema.batch_load_summary bls\n    WHERE bls.source_system_code = '$$sourcesystemcode'\n      AND bls.batch_status = 'Inprogress'\n      AND bls.target_schema_name = '$$staging_schema'\n      AND bls.batch_id = (\n          SELECT MAX(batch_id)\n          FROM $$operational_schema.batch_load_summary\n          WHERE source_system_code = '$$sourcesystemcode'\n            AND batch_status = 'Inprogress'\n            AND target_schema_name = '$$staging_schema'\n      )\n)\n\t\nselect distinct\n\tg.source_name,\n\tg.load_type,\n\tg.system_id,\n\tg.parent_id,\n\tg.cmm_container,\n\tg.id,\n\tg.status,\n\tg.coverage_item_cd,\n\tg.full_term_amt,\n\tg.full_term_manual_amt,\n\tg.final_premium_amt,\n\tg.written_premium_amt,\n\tg.earned_amt,\n\tg.sequence_number,\n\tg.item_desc,\n\tg.prev_final_amt,\n\tg.prev_written_amt,\n\tg.transaction_commission_amt,\n\tg.short_rate_amt,\n\tg.future_status_cd,\n\tg.driver_id_ref,\n\tg.num_families,\n\tg.additional_plan_charge_pct,\n\tg.num_of_units,\n\tg.manufacturer,\n\tg.\"model\",\n\tg.model_yr,\n\tg.veh_body_type_cd,\n\tg.engine_type,\n\tg.engine_desc,\n\tg.stated_amt,\n\tg.breakage_cov_ind,\n\tg.outboard_motor_val,\n\tg.trailer_type,\n\tg.trailer_value,\n\tg.unattached_equip_type,\n\tg.unattached_equip_value,\n\tg.engine_cc,\n\tg.in_exp_oper,\n\tg.vehicle_vin,\n\tg.residency_det,\n\tg.school_name,\n\tg.item_type,\n\tg.horsepower,\n\tg.length,\n\tg.operating_area,\n\tg.pb_hull_ded,\n\tg.pb_hull_value,\n\tg.pb_motor_value,\n\tg.pb_personal_effect_value,\n\tg.more_than_1_eng,\n\tg.identical_2nd_eng,\n\tg.pb_liability,\n\tg.pb_med_payment,\n\tg.pb_agreed_amount,\n\tg.pb_dt_last_survey,\n\tg.pb_hull_material,\n\tg.pb_max_speed,\n\tg.pb_water_nav,\n\tg.pb_ai_count,\n\tg.pb_engine_year1,\n\tg.pb_engine_model1,\n\tg.pb_engine_hp1,\n\tg.pb_engine_fuel1,\n\tg.pb_engine_year2,\n\tg.pb_engine_model2,\n\tg.pb_engine_hp2,\n\tg.pb_engine_fuel2,\n\tg.pb_ai1,\n\tg.pb_ai_name1,\n\tg.pb_ai_street1,\n\tg.pb_ai_city1,\n\tg.pb_ai_state1,\n\tg.pb_ai_zip1,\n\tg.pb_ai_loan_num1,\n\tg.pb_ai2,\n\tg.pb_ai_name2,\n\tg.pb_ai_street2,\n\tg.pb_ai_city2,\n\tg.pb_ai_state2,\n\tg.pb_ai_zip2,\n\tg.pb_ai_loan_num2,\n\tg.commercial_towing_ind,\n\tg.agreed_amount_out_ind,\n\tg.coast_guard_cert_ind,\n\tg.educational_exp_ind,\n\tg.ship_to_shore_ind,\n\tg.marine_compass_ind,\n\tg.depth_finder_ind,\n\tg.vapor_detect_ind,\n\tg.co2_halon_fire_ind,\n\tg.radar_system_ind,\n\tg.loran_gps_ind,\n\tg.hull_ded,\n\tg.diesel,\n\tg.hull_value,\n\tg.out_board_mot_val,\n\tg.trailer_desc,\n\tg.trailer_val,\n\tg.unattach_equip_desc,\n\tg.unattach_equip_value,\n\tg.parent_item_number,\n\tg.rating_ind,\n\tcast(g.row_id as BIGINT) as row_id,\n\tg.class_cd,\ncurrent_batch.batch_id\nfrom (\nselect *, rank() over (partition by System_Id,Parent_Id,CMM_Container,\nId,Status order by row_ID desc) rnk\nFROM $$raw_schema.acx_coverage_item\n)g \t\t\t\nCROSS JOIN current_batch\t\nwhere rnk = 1\nORDER BY \n    g.system_id,\n    g.cmm_container,\n    g.id;","commandType":0,"isFileList":false,"handleSpecialChars":false,"handleDecimalRoundOff":false,"frsAsset":false,"dynamicFileName":false,"excludeDynamicFileNameField":false,"currentlyProcessedFileName":false,"retainFieldMetadata":false,"objectName":"DUMMY_src_coverage_item_stg","useExactSrcNames":false,"userUpdated":true,"fetchMode":"ORIGINAL","tgtObjectAttributes":{},"runtimeParameterData":{"@type":"mtTaskRuntimeParameterData","isConnectionRuntimeParameter":false,"isObjectRuntimeParameter":false},"overridableProperties":[],"overriddenFields":[]},{"@type":"mtTaskParameter","id":148233418,"name":"$src_tgt_query$","type":"SOURCE","label":"DBConnection_ACX_SRC","description":"","uiProperties":{"cnxtype":"Amazon Redshift v2","connectionParameterized":"true","paramName":"DBConnection_ACX_SRC","paramLabel":"","paramType-mapping":"Connection","logcnx":"DBConnection_ACX_SRC","isSelectDistinct":"false","objectParameterized":"false","visible":"false","originalPath":"src_tgt_query"},"sourceConnectionId":"@aYZ4ekzHgIPeKpiaoqDLKP","sourceObject":"DUMMY_src_tgt_query","newFlatFile":false,"newObject":false,"showBusinessNames":true,"naturalOrder":true,"truncateTarget":false,"bulkApiDBTarget":false,"customFuncCfg":{"@type":"customFuncConfig","id":-1,"connections":[],"inputMap":[],"outputFields":[]},"targetRefsV2":{},"targetUpdateColumns":[],"fieldOrderList":[],"runtimeAttrs":{},"isRESTModernSource":true,"customQuery":"select\n\trow_id,\n\tacx_coverage_item_row_id,\n\tacx_coverage_item_row_md5checksum,\n\tacx_coverage_item_row_effective_end_datetime,\n\tid,\n\tCMM_Container,\n\tSystem_id,\n\tParent_Id,\n\tStatus\nfrom\n\t$$staging_schema.acx_coverage_item\nwhere\n\tacx_coverage_item_row_effective_end_datetime = '9999-12-31 00:00:00.000'\norder by system_id, cmm_container ;","commandType":0,"isFileList":false,"handleSpecialChars":false,"handleDecimalRoundOff":false,"frsAsset":false,"dynamicFileName":false,"excludeDynamicFileNameField":false,"currentlyProcessedFileName":false,"retainFieldMetadata":false,"objectName":"DUMMY_src_tgt_query","useExactSrcNames":false,"userUpdated":true,"fetchMode":"ORIGINAL","tgtObjectAttributes":{},"runtimeParameterData":{"@type":"mtTaskRuntimeParameterData","isConnectionRuntimeParameter":true,"isObjectRuntimeParameter":false,"connectionParameterName":"DBConnection_ACX_SRC"},"overridableProperties":[],"overriddenFields":[]},{"@type":"mtTaskParameter","id":148233419,"name":"$tgt_insert_records$","type":"TARGET","label":"DBConnection_ACX_TGT","description":"","uiProperties":{"cnxtype":"Amazon Redshift v2","connectionParameterized":"true","paramName":"DBConnection_ACX_TGT","paramLabel":"","paramType-mapping":"Connection","logcnx":"DBConnection_ACX_TGT","default":"bronze/acx_coverage_item","objectParameterized":"false","visible":"false","defaultTargetUpdateColumns":"","supportApplyDDLChanges":"false","originalPath":"tgt_insert_records"},"targetConnectionId":"@aYZ4ekzHgIPeKpiaoqDLKP","targetObject":"bronze/acx_coverage_item","targetObjectLabel":"bronze/acx_coverage_item","newFlatFile":false,"newObject":false,"showBusinessNames":true,"naturalOrder":true,"truncateTarget":false,"bulkApiDBTarget":false,"operationType":"Insert","customFuncCfg":{"@type":"customFuncConfig","id":-1,"connections":[],"inputMap":[],"outputFields":[]},"targetRefsV2":{},"targetUpdateColumns":[],"fieldOrderList":[],"extendedObject":{"@type":"extendedObject","singleMode":true,"filters":[],"sortFields":[]},"runtimeAttrs":{},"isRESTModernSource":true,"commandType":0,"isFileList":false,"handleSpecialChars":false,"handleDecimalRoundOff":false,"frsAsset":false,"dynamicFileName":false,"excludeDynamicFileNameField":false,"currentlyProcessedFileName":false,"retainFieldMetadata":false,"objectName":"bronze/acx_coverage_item","objectLabel":"bronze/acx_coverage_item","useExactSrcNames":false,"userUpdated":true,"fetchMode":"ORIGINAL","tgtObjectAttributes":{},"runtimeParameterData":{"@type":"mtTaskRuntimeParameterData","isConnectionRuntimeParameter":true,"isObjectRuntimeParameter":false,"connectionParameterName":"DBConnection_ACX_TGT"},"overridableProperties":[],"targetSchemaProviderType":"SELECTED_OBJECT","dbSchema":"","overriddenFields":[]},{"@type":"mtTaskParameter","id":148233420,"name":"$tgt_update_closeout$","type":"TARGET","label":"DBConnection_ACX_TGT","description":"","uiProperties":{"cnxtype":"Amazon Redshift v2","connectionParameterized":"true","paramName":"DBConnection_ACX_TGT","paramLabel":"","paramType-mapping":"Connection","logcnx":"DBConnection_ACX_TGT","default":"bronze/acx_coverage_item","objectParameterized":"false","visible":"false","defaultTargetUpdateColumns":"acx_coverage_item_row_id","supportApplyDDLChanges":"false","originalPath":"tgt_update_closeout"},"targetConnectionId":"@aYZ4ekzHgIPeKpiaoqDLKP","targetObject":"bronze/acx_coverage_item","targetObjectLabel":"bronze/acx_coverage_item","newFlatFile":false,"newObject":false,"showBusinessNames":true,"naturalOrder":true,"truncateTarget":false,"bulkApiDBTarget":false,"operationType":"Update","customFuncCfg":{"@type":"customFuncConfig","id":-1,"connections":[],"inputMap":[],"outputFields":[]},"targetRefsV2":{},"targetUpdateColumns":["acx_coverage_item_row_id"],"fieldOrderList":[],"extendedObject":{"@type":"extendedObject","singleMode":true,"filters":[],"sortFields":[]},"runtimeAttrs":{},"isRESTModernSource":true,"commandType":0,"isFileList":false,"handleSpecialChars":false,"handleDecimalRoundOff":false,"frsAsset":false,"dynamicFileName":false,"excludeDynamicFileNameField":false,"currentlyProcessedFileName":false,"retainFieldMetadata":false,"objectName":"bronze/acx_coverage_item","objectLabel":"bronze/acx_coverage_item","useExactSrcNames":false,"userUpdated":true,"fetchMode":"ORIGINAL","tgtObjectAttributes":{},"runtimeParameterData":{"@type":"mtTaskRuntimeParameterData","isConnectionRuntimeParameter":true,"isObjectRuntimeParameter":false,"connectionParameterName":"DBConnection_ACX_TGT"},"overridableProperties":[],"targetSchemaProviderType":"SELECTED_OBJECT","dbSchema":"","overriddenFields":[]},{"@type":"mtTaskParameter","id":148233421,"name":"$tgt_update_records$","type":"TARGET","label":"DBConnection_ACX_TGT","description":"","uiProperties":{"cnxtype":"Amazon Redshift v2","connectionParameterized":"true","paramName":"DBConnection_ACX_TGT","paramLabel":"","paramType-mapping":"Connection","logcnx":"DBConnection_ACX_TGT","default":"bronze/acx_coverage_item","objectParameterized":"false","visible":"false","defaultTargetUpdateColumns":"","supportApplyDDLChanges":"false","originalPath":"tgt_update_records"},"targetConnectionId":"@aYZ4ekzHgIPeKpiaoqDLKP","targetObject":"bronze/acx_coverage_item","targetObjectLabel":"bronze/acx_coverage_item","newFlatFile":false,"newObject":false,"showBusinessNames":true,"naturalOrder":true,"truncateTarget":false,"bulkApiDBTarget":false,"operationType":"Insert","customFuncCfg":{"@type":"customFuncConfig","id":-1,"connections":[],"inputMap":[],"outputFields":[]},"targetRefsV2":{},"targetUpdateColumns":[],"fieldOrderList":[],"extendedObject":{"@type":"extendedObject","singleMode":true,"filters":[],"sortFields":[]},"runtimeAttrs":{},"isRESTModernSource":true,"commandType":0,"isFileList":false,"handleSpecialChars":false,"handleDecimalRoundOff":false,"frsAsset":false,"dynamicFileName":false,"excludeDynamicFileNameField":false,"currentlyProcessedFileName":false,"retainFieldMetadata":false,"objectName":"bronze/acx_coverage_item","objectLabel":"bronze/acx_coverage_item","useExactSrcNames":false,"userUpdated":true,"fetchMode":"ORIGINAL","tgtObjectAttributes":{},"runtimeParameterData":{"@type":"mtTaskRuntimeParameterData","isConnectionRuntimeParameter":true,"isObjectRuntimeParameter":false,"connectionParameterName":"DBConnection_ACX_TGT"},"overridableProperties":[],"targetSchemaProviderType":"SELECTED_OBJECT","dbSchema":"","overriddenFields":[]}],"sequences":[],"inOutParameters":[{"@type":"mtTaskInOutParameter","id":"-1","name":"raw_schema","description":"","initialValue":"metal","datatype":"STRING","precision":"100","scale":"0","retentionPolicy":"NEVER","aggregationType":"MAX","currentValue":"metal"},{"@type":"mtTaskInOutParameter","id":"-1","name":"staging_schema","description":"","initialValue":"bronze","datatype":"STRING","precision":"100","scale":"0","retentionPolicy":"NEVER","aggregationType":"MAX","currentValue":"bronze"},{"@type":"mtTaskInOutParameter","id":"-1","name":"operational_schema","description":"","initialValue":"operations","datatype":"STRING","precision":"100","scale":"0","retentionPolicy":"NEVER","aggregationType":"MAX","currentValue":"operations"},{"@type":"mtTaskInOutParameter","id":"-1","name":"sourcesystemcode","description":"","initialValue":"ACX","datatype":"STRING","precision":"10","scale":"0","retentionPolicy":"NEVER","aggregationType":"MAX","currentValue":"ACX"}],"connRuntimeAttrs":[]}]