[{"@type":"mtTask","id":"@1","name":"cdi_tsk_map_acx_coverage_item_bronze_load","autoExpireObject":false,"runtimeEnvironmentId":"@3pADNCV9u0PcgrXjM7rx0t","maxLogs":10,"verbose":false,"lastRunTime":1756926846000,"mappingId":"@5VJbssPk0mvhZ1FVx1WtCj","frsGuid":"cqfePgU1kEXeprhHsUQBQA","sessionPropertiesList":[{"name":"Pushdown Optimization","value":"None","recommended":false},{"name":"Pushdown Optimization Context","value":"None","recommended":false},{"name":"Pushdown Optimization Fallback Option","value":"Partial PDO","recommended":false}],"hidden":false,"enableCrossSchemaPushdown":true,"enableParallelRun":false,"autoTunedApplied":false,"autoTunedAppliedType":"NONE","parameterFileName":"Andover_Param_ACX.param","parameterFileDir":"$PMRootDir/andover/parameters","paramFileType":"PARAM_FILE_LOCAL","schemaMode":"async","valid":true,"schemaValidationErrorCount":-1,"serverlessProperties":{},"taskProperties":[{"@type":"taskProperty","name":"parameterFileDir","currentValue":"$PMRootDir/andover/parameters","type":"STRING","label":"label.parameterFileDir","required":false},{"@type":"taskProperty","name":"parameterFileName","currentValue":"Andover_Param_ACX.param","type":"STRING","label":"label.parameterFileName","required":false},{"@type":"taskProperty","name":"outboundMessageUrlQueueTime","currentValue":"","type":"NUMBER","label":"label.outboundMessageUrlQueueTime","required":false},{"@type":"taskProperty","name":"outboundMessageUrlToken","currentValue":"","type":"STRING","label":"label.outboundMessageUrlToken","required":false}],"optimizationPlan":"NONE","isMidstreamPreview":false,"allowMaxFieldLength":false,"specialCharacterSupport":false,"useUserDefinedOrder":false,"parameters":[{"@type":"mtTaskParameter","id":132259200,"name":"$src_coverage_item_stg$","type":"SOURCE","label":"DBConnection_ACX_SRC","description":"","uiProperties":{"cnxtype":"Amazon Redshift v2","connectionParameterized":"true","paramName":"DBConnection_ACX_SRC","paramLabel":"","paramType-mapping":"Connection","logcnx":"DBConnection_ACX_SRC","isSelectDistinct":"false","objectParameterized":"false","visible":"false","originalPath":"src_coverage_item_stg"},"sourceConnectionId":"@aYZ4ekzHgIPeKpiaoqDLKP","sourceObject":"DUMMY_src_coverage_item_stg","newFlatFile":false,"newObject":false,"showBusinessNames":true,"naturalOrder":true,"truncateTarget":false,"bulkApiDBTarget":false,"customFuncCfg":{"@type":"customFuncConfig","id":-1,"connections":[],"inputMap":[],"outputFields":[]},"targetRefsV2":{},"targetUpdateColumns":[],"fieldOrderList":[],"runtimeAttrs":{},"isRESTModernSource":true,"customQuery":"select distinct\n\tsource_name,\n\tload_type,\n\tsystem_id,\n\tparent_id,\n\tcmm_container,\n\tid,\n\tstatus,\n\tcoverage_item_cd,\n\tfull_term_amt,\n\tfull_term_manual_amt,\n\tfinal_premium_amt,\n\twritten_premium_amt,\n\tearned_amt,\n\tsequence_number,\n\titem_desc,\n\tprev_final_amt,\n\tprev_written_amt,\n\ttransaction_commission_amt,\n\tshort_rate_amt,\n\tfuture_status_cd,\n\tdriver_id_ref,\n\tnum_families,\n\tadditional_plan_charge_pct,\n\tnum_of_units,\n\tmanufacturer,\n\t\"model\",\n\tmodel_yr,\n\tveh_body_type_cd,\n\tengine_type,\n\tengine_desc,\n\tstated_amt,\n\tbreakage_cov_ind,\n\toutboard_motor_val,\n\ttrailer_type,\n\ttrailer_value,\n\tunattached_equip_type,\n\tunattached_equip_value,\n\tengine_cc,\n\tin_exp_oper,\n\tvehicle_vin,\n\tresidency_det,\n\tschool_name,\n\titem_type,\n\thorsepower,\n\tlength,\n\toperating_area,\n\tpb_hull_ded,\n\tpb_hull_value,\n\tpb_motor_value,\n\tpb_personal_effect_value,\n\tmore_than_1_eng,\n\tidentical_2nd_eng,\n\tpb_liability,\n\tpb_med_payment,\n\tpb_agreed_amount,\n\tpb_dt_last_survey,\n\tpb_hull_material,\n\tpb_max_speed,\n\tpb_water_nav,\n\tpb_ai_count,\n\tpb_engine_year1,\n\tpb_engine_model1,\n\tpb_engine_hp1,\n\tpb_engine_fuel1,\n\tpb_engine_year2,\n\tpb_engine_model2,\n\tpb_engine_hp2,\n\tpb_engine_fuel2,\n\tpb_ai1,\n\tpb_ai_name1,\n\tpb_ai_street1,\n\tpb_ai_city1,\n\tpb_ai_state1,\n\tpb_ai_zip1,\n\tpb_ai_loan_num1,\n\tpb_ai2,\n\tpb_ai_name2,\n\tpb_ai_street2,\n\tpb_ai_city2,\n\tpb_ai_state2,\n\tpb_ai_zip2,\n\tpb_ai_loan_num2,\n\tcommercial_towing_ind,\n\tagreed_amount_out_ind,\n\tcoast_guard_cert_ind,\n\teducational_exp_ind,\n\tship_to_shore_ind,\n\tmarine_compass_ind,\n\tdepth_finder_ind,\n\tvapor_detect_ind,\n\tco2_halon_fire_ind,\n\tradar_system_ind,\n\tloran_gps_ind,\n\thull_ded,\n\tdiesel,\n\thull_value,\n\tout_board_mot_val,\n\ttrailer_desc,\n\ttrailer_val,\n\tunattach_equip_desc,\n\tunattach_equip_value,\n\tparent_item_number,\n\trating_ind,\n\tcast(row_id as BIGINT) as row_id, \n\tclass_cd\nfrom\n\t$$raw_schema.acx_coverage_item\norder by system_id,\n\tcmm_container;","commandType":0,"isFileList":false,"handleSpecialChars":false,"handleDecimalRoundOff":false,"frsAsset":false,"dynamicFileName":false,"excludeDynamicFileNameField":false,"currentlyProcessedFileName":false,"retainFieldMetadata":false,"objectName":"DUMMY_src_coverage_item_stg","useExactSrcNames":false,"userUpdated":true,"tgtObjectAttributes":{},"runtimeParameterData":{"@type":"mtTaskRuntimeParameterData","isConnectionRuntimeParameter":false,"isObjectRuntimeParameter":false,"connectionParameterName":"DBConnection_ACX_SRC"},"overridableProperties":[],"overriddenFields":[]},{"@type":"mtTaskParameter","id":132259201,"name":"$src_tgt_query$","type":"SOURCE","label":"DBConnection_ACX_SRC","description":"","uiProperties":{"cnxtype":"Amazon Redshift v2","connectionParameterized":"true","paramName":"DBConnection_ACX_SRC","paramLabel":"","paramType-mapping":"Connection","logcnx":"DBConnection_ACX_SRC","isSelectDistinct":"false","objectParameterized":"false","visible":"false","originalPath":"src_tgt_query"},"sourceConnectionId":"@aYZ4ekzHgIPeKpiaoqDLKP","sourceObject":"DUMMY_src_tgt_query","newFlatFile":false,"newObject":false,"showBusinessNames":true,"naturalOrder":true,"truncateTarget":false,"bulkApiDBTarget":false,"customFuncCfg":{"@type":"customFuncConfig","id":-1,"connections":[],"inputMap":[],"outputFields":[]},"targetRefsV2":{},"targetUpdateColumns":[],"fieldOrderList":[],"runtimeAttrs":{},"isRESTModernSource":true,"customQuery":"select\n\trow_id,\n\tacx_coverage_item_row_id,\n\tacx_coverage_item_row_md5checksum,\n\tacx_coverage_item_row_effective_end_datetime \nfrom\n\t$$staging_schema.acx_coverage_item\nwhere\n\tacx_coverage_item_row_effective_end_datetime = '9999-12-31 00:00:00.000'\norder by system_id, cmm_container ;","commandType":0,"isFileList":false,"handleSpecialChars":false,"handleDecimalRoundOff":false,"frsAsset":false,"dynamicFileName":false,"excludeDynamicFileNameField":false,"currentlyProcessedFileName":false,"retainFieldMetadata":false,"objectName":"DUMMY_src_tgt_query","useExactSrcNames":false,"userUpdated":true,"tgtObjectAttributes":{},"runtimeParameterData":{"@type":"mtTaskRuntimeParameterData","isConnectionRuntimeParameter":false,"isObjectRuntimeParameter":false,"connectionParameterName":"DBConnection_ACX_SRC"},"overridableProperties":[],"overriddenFields":[]},{"@type":"mtTaskParameter","id":132259202,"name":"$tgt_insert_records$","type":"TARGET","label":"DBConnection_ACX_TGT","description":"","uiProperties":{"cnxtype":"Amazon Redshift v2","connectionParameterized":"true","paramName":"DBConnection_ACX_TGT","paramLabel":"","paramType-mapping":"Connection","logcnx":"DBConnection_ACX_TGT","default":"bronze/acx_coverage_item","objectParameterized":"false","visible":"false","defaultTargetUpdateColumns":"","supportApplyDDLChanges":"false","originalPath":"tgt_insert_records"},"targetConnectionId":"@aYZ4ekzHgIPeKpiaoqDLKP","targetObject":"bronze/acx_coverage_item","targetObjectLabel":"bronze/acx_coverage_item","newFlatFile":false,"newObject":false,"showBusinessNames":true,"naturalOrder":true,"truncateTarget":false,"bulkApiDBTarget":false,"operationType":"Insert","customFuncCfg":{"@type":"customFuncConfig","id":-1,"connections":[],"inputMap":[],"outputFields":[]},"targetRefsV2":{},"targetUpdateColumns":[],"fieldOrderList":[],"extendedObject":{"@type":"extendedObject","singleMode":true,"filters":[],"sortFields":[]},"runtimeAttrs":{},"isRESTModernSource":true,"commandType":0,"isFileList":false,"handleSpecialChars":false,"handleDecimalRoundOff":false,"frsAsset":false,"dynamicFileName":false,"excludeDynamicFileNameField":false,"currentlyProcessedFileName":false,"retainFieldMetadata":false,"objectName":"bronze/acx_coverage_item","objectLabel":"bronze/acx_coverage_item","useExactSrcNames":false,"userUpdated":true,"tgtObjectAttributes":{},"runtimeParameterData":{"@type":"mtTaskRuntimeParameterData","isConnectionRuntimeParameter":false,"isObjectRuntimeParameter":false,"connectionParameterName":"DBConnection_ACX_TGT"},"overridableProperties":[],"dbSchema":"","overriddenFields":[]},{"@type":"mtTaskParameter","id":132259203,"name":"$tgt_update_closeout$","type":"TARGET","label":"DBConnection_ACX_TGT","description":"","uiProperties":{"cnxtype":"Amazon Redshift v2","connectionParameterized":"true","paramName":"DBConnection_ACX_TGT","paramLabel":"","paramType-mapping":"Connection","logcnx":"DBConnection_ACX_TGT","default":"bronze/acx_coverage_item","objectParameterized":"false","visible":"false","defaultTargetUpdateColumns":"acx_coverage_item_row_id","supportApplyDDLChanges":"false","originalPath":"tgt_update_closeout"},"targetConnectionId":"@aYZ4ekzHgIPeKpiaoqDLKP","targetObject":"bronze/acx_coverage_item","targetObjectLabel":"bronze/acx_coverage_item","newFlatFile":false,"newObject":false,"showBusinessNames":true,"naturalOrder":true,"truncateTarget":false,"bulkApiDBTarget":false,"operationType":"Update","customFuncCfg":{"@type":"customFuncConfig","id":-1,"connections":[],"inputMap":[],"outputFields":[]},"targetRefsV2":{},"targetUpdateColumns":["acx_coverage_item_row_id"],"fieldOrderList":[],"extendedObject":{"@type":"extendedObject","singleMode":true,"filters":[],"sortFields":[]},"runtimeAttrs":{},"isRESTModernSource":true,"commandType":0,"isFileList":false,"handleSpecialChars":false,"handleDecimalRoundOff":false,"frsAsset":false,"dynamicFileName":false,"excludeDynamicFileNameField":false,"currentlyProcessedFileName":false,"retainFieldMetadata":false,"objectName":"bronze/acx_coverage_item","objectLabel":"bronze/acx_coverage_item","useExactSrcNames":false,"userUpdated":true,"tgtObjectAttributes":{},"runtimeParameterData":{"@type":"mtTaskRuntimeParameterData","isConnectionRuntimeParameter":false,"isObjectRuntimeParameter":false,"connectionParameterName":"DBConnection_ACX_TGT"},"overridableProperties":[],"dbSchema":"","overriddenFields":[]},{"@type":"mtTaskParameter","id":132259204,"name":"$tgt_update_records$","type":"TARGET","label":"DBConnection_ACX_TGT","description":"","uiProperties":{"cnxtype":"Amazon Redshift v2","connectionParameterized":"true","paramName":"DBConnection_ACX_TGT","paramLabel":"","paramType-mapping":"Connection","logcnx":"DBConnection_ACX_TGT","default":"bronze/acx_coverage_item","objectParameterized":"false","visible":"false","defaultTargetUpdateColumns":"","supportApplyDDLChanges":"false","originalPath":"tgt_update_records"},"targetConnectionId":"@aYZ4ekzHgIPeKpiaoqDLKP","targetObject":"bronze/acx_coverage_item","targetObjectLabel":"bronze/acx_coverage_item","newFlatFile":false,"newObject":false,"showBusinessNames":true,"naturalOrder":true,"truncateTarget":false,"bulkApiDBTarget":false,"operationType":"Insert","customFuncCfg":{"@type":"customFuncConfig","id":-1,"connections":[],"inputMap":[],"outputFields":[]},"targetRefsV2":{},"targetUpdateColumns":[],"fieldOrderList":[],"extendedObject":{"@type":"extendedObject","singleMode":true,"filters":[],"sortFields":[]},"runtimeAttrs":{},"isRESTModernSource":true,"commandType":0,"isFileList":false,"handleSpecialChars":false,"handleDecimalRoundOff":false,"frsAsset":false,"dynamicFileName":false,"excludeDynamicFileNameField":false,"currentlyProcessedFileName":false,"retainFieldMetadata":false,"objectName":"bronze/acx_coverage_item","objectLabel":"bronze/acx_coverage_item","useExactSrcNames":false,"userUpdated":true,"tgtObjectAttributes":{},"runtimeParameterData":{"@type":"mtTaskRuntimeParameterData","isConnectionRuntimeParameter":false,"isObjectRuntimeParameter":false,"connectionParameterName":"DBConnection_ACX_TGT"},"overridableProperties":[],"dbSchema":"","overriddenFields":[]}],"sequences":[],"inOutParameters":[{"@type":"mtTaskInOutParameter","id":"-1","name":"raw_schema","description":"","initialValue":"metal","datatype":"STRING","precision":"100","scale":"0","retentionPolicy":"NEVER","aggregationType":"MAX","currentValue":"metal"},{"@type":"mtTaskInOutParameter","id":"-1","name":"staging_schema","description":"","initialValue":"bronze","datatype":"STRING","precision":"100","scale":"0","retentionPolicy":"NEVER","aggregationType":"MAX","currentValue":"bronze"}],"connRuntimeAttrs":[]}]