[{"@type":"mtTask","id":"@1","name":"cdi_map_tsk_bv_job_completion_chk","description":"New process to check for availability of the Betterview data in the datazone before triggering Betterview tasksflows","autoExpireObject":false,"runtimeEnvironmentId":"@3pADNCV9u0PcgrXjM7rx0t","maxLogs":10,"verbose":false,"lastRunTime":1768416871000,"mappingId":"@9PpItPnPtpje5DFeskQoWo","frsGuid":"3Z9avAz6gajcSSk2BCofEp","shortDescription":"New process to check for availability of the Bette...","sessionPropertiesList":[{"name":"Allow Temporary Sequence for Pushdown","value":"NO","recommended":false},{"name":"Allow Temporary View for Pushdown","value":"NO","recommended":false},{"name":"Cache LOOKUP() function","value":"YES","recommended":false},{"name":"Commit On End Of File","value":"YES","recommended":false},{"name":"Data Column Delimiter","value":"|","recommended":false},{"name":"Error Log File Name","value":"PMError.log","recommended":false},{"name":"Log Row Data","value":"YES","recommended":false},{"name":"Pushdown Optimization","value":"None","recommended":false},{"name":"Pushdown Optimization Context","value":"None","recommended":false},{"name":"Pushdown Optimization Fallback Option","value":"Partial PDO","recommended":false}],"hidden":false,"enableCrossSchemaPushdown":false,"enableParallelRun":false,"autoTunedApplied":false,"autoTunedAppliedType":"NONE","parameterFileName":"Andover_Param_BV.param","parameterFileDir":"$PMRootDir/andover/parameters","paramFileType":"PARAM_FILE_LOCAL","schemaMode":"async","valid":true,"schemaValidationErrorCount":-1,"serverlessProperties":{},"taskProperties":[{"@type":"taskProperty","name":"parameterFileDir","currentValue":"$PMRootDir/andover/parameters","type":"STRING","label":"label.parameterFileDir","required":false},{"@type":"taskProperty","name":"parameterFileName","currentValue":"Andover_Param_BV.param","type":"STRING","label":"label.parameterFileName","required":false},{"@type":"taskProperty","name":"outboundMessageUrlQueueTime","currentValue":"","type":"NUMBER","label":"label.outboundMessageUrlQueueTime","required":false},{"@type":"taskProperty","name":"outboundMessageUrlToken","currentValue":"","type":"STRING","label":"label.outboundMessageUrlToken","required":false}],"jobPriority":"MEDIUM","optimizationPlan":"NONE","isMidstreamPreview":false,"allowMaxFieldLength":false,"specialCharacterSupport":false,"useUserDefinedOrder":false,"parameters":[{"@type":"mtTaskParameter","id":146012488,"name":"$Src_Process_Info$","type":"SOURCE","label":"DBConnection_BV","description":"","uiProperties":{"cnxtype":"JDBCV2","connectionParameterized":"true","paramName":"DBConnection_BV","paramLabel":"","paramType-mapping":"Connection","logcnx":"DBConnection_BV","isSelectDistinct":"false","objectParameterized":"false","visible":"false","originalPath":"Src_Process_Info"},"sourceConnectionId":"@5pApnHsLyRKlfu2DtfjEQI","sourceObject":"DUMMY_Src_Process_Info","newFlatFile":false,"newObject":false,"showBusinessNames":true,"naturalOrder":true,"truncateTarget":false,"bulkApiDBTarget":false,"customFuncCfg":{"@type":"customFuncConfig","id":-1,"connections":[],"inputMap":[],"outputFields":[]},"targetRefsV2":{},"targetUpdateColumns":[],"fieldOrderList":[],"runtimeAttrs":{},"isRESTModernSource":true,"customQuery":"SELECT\n    dw_process_info_id,\n    process_name,\n    process_status,\n    process_last_run,\n    process_last_completed,\n    process_notes\nFROM dw.dw_process_info\nWHERE process_name='Data Warehouse Refresh'\n AND process_status='Complete'\nAND CAST(process_last_completed AS DATE) = CURRENT_DATE\nORDER BY process_last_completed DESC","commandType":0,"isFileList":false,"handleSpecialChars":false,"handleDecimalRoundOff":false,"frsAsset":false,"dynamicFileName":false,"excludeDynamicFileNameField":false,"currentlyProcessedFileName":false,"retainFieldMetadata":false,"objectName":"DUMMY_Src_Process_Info","useExactSrcNames":false,"userUpdated":true,"tgtObjectAttributes":{},"runtimeParameterData":{"@type":"mtTaskRuntimeParameterData","isConnectionRuntimeParameter":false,"isObjectRuntimeParameter":false,"connectionParameterName":"DBConnection_BV"},"overridableProperties":[],"overriddenFields":[]},{"@type":"mtTaskParameter","id":146012489,"name":"$Tgt_BV_Job_Completion_Chk$","type":"TARGET","label":"FF_Conn_Outbound","description":"","uiProperties":{"cnxtype":"Amazon S3 v2","connectionParameterized":"true","paramName":"FF_Conn_Outbound","paramLabel":"","paramType-mapping":"Connection","logcnx":"FF_Conn_Outbound","default":"$Tgt_BV_Job_Completion_Chk","objectParameterized":"false","visible":"false","defaultTargetUpdateColumns":"","supportApplyDDLChanges":"true","originalPath":"Tgt_BV_Job_Completion_Chk"},"targetConnectionId":"@2xG9sf0VgfKh3CkghuJRmA","targetObject":"$Tgt_BV_Job_Completion_Chk","targetObjectLabel":"logging/cdi_tkf_flow_bv_job_completion_chk//BV_dw_refresh_check_%Y%m%d.txt","newFlatFile":false,"newObject":true,"showBusinessNames":true,"naturalOrder":true,"newObjectName":"$Tgt_BV_Job_Completion_Chk","truncateTarget":false,"bulkApiDBTarget":false,"operationType":"Insert","customFuncCfg":{"@type":"customFuncConfig","id":-1,"connections":[],"inputMap":[],"outputFields":[]},"targetRefsV2":{},"targetUpdateColumns":[],"fieldOrderList":[],"extendedObject":{"@type":"extendedObject","singleMode":true,"filters":[],"sortFields":[]},"runtimeAttrs":{},"isRESTModernSource":true,"commandType":0,"isFileList":false,"handleSpecialChars":true,"handleDecimalRoundOff":false,"frsAsset":false,"dynamicFileName":false,"excludeDynamicFileNameField":false,"currentlyProcessedFileName":false,"retainFieldMetadata":false,"objectName":"$Tgt_BV_Job_Completion_Chk","objectLabel":"logging/cdi_tkf_flow_bv_job_completion_chk//BV_dw_refresh_check_%Y%m%d.txt","useExactSrcNames":false,"userUpdated":true,"tgtObjectAttributes":{"parent":"logging/cdi_tkf_flow_bv_job_completion_chk/"},"dataFormat":{"@type":"dataFormat","formatId":"Flat","schema":"","dataFormatAttributes":{"escapeChar":"\\","rowDelimiter":"","importColumnFromFirstLine":"true","headerLineNumber":"1","maxRowsToPreview":"0","distributionColumn":"","qualifierMode":"MINIMAL","firstDataRow":"2","generateHeader":"true","delimiter":",","qualifier":"\"","targetHeader":"With Header","disableEscapeChar":"true","codePage":"UTF-8","fixedWidthMode":"false"}},"runtimeParameterData":{"@type":"mtTaskRuntimeParameterData","isConnectionRuntimeParameter":false,"isObjectRuntimeParameter":false,"connectionParameterName":"FF_Conn_Outbound"},"overridableProperties":[],"dbSchema":"","overriddenFields":[]}],"sequences":[],"inOutParameters":[],"connRuntimeAttrs":[]}]