[{"@type":"mappingTemplate","id":"@1","name":"m_adm_agency_notes_metal_stg_load","description":"","autoExpireObject":false,"bundleVersion":"0","assetFrsGuid":"4I5gjdPGFZqeuwKALzqVI8","templateId":"@3","deployTime":1766580218000,"hasParameters":true,"valid":true,"fixedConnection":false,"hasParametersDeployed":true,"fixedConnectionDeployed":false,"isSchemaValidationEnabled":false,"tasks":0,"mappingPreviewFileRecordId":"@2","documentType":"MAPPING","allowMaxFieldLength":false,"specialCharacterSupport":false,"references":[]}]