[{"@type":"mappingTemplate","id":"@1","name":"cdi_map_adm_contact_guidewire_bronze_load - Copy 1","description":"","autoExpireObject":false,"bundleVersion":"0","assetFrsGuid":"2ctSRBKMLA1iF2rmM4bPsv","templateId":"@3","hasParameters":true,"valid":true,"fixedConnection":false,"hasParametersDeployed":false,"fixedConnectionDeployed":false,"isSchemaValidationEnabled":false,"tasks":0,"mappingPreviewFileRecordId":"@2","documentType":"MAPPING","allowMaxFieldLength":false,"specialCharacterSupport":false,"references":[]}]