[{"@type":"mappingTemplate","id":"@1","name":"cdi_map_adm_agency_guidewire_bronze_load","description":"loads from Metal staging layer to the Bronze tables. SCD2(maintains history of the records, active records are open ended and old ones have closed date)\n","autoExpireObject":false,"bundleVersion":"0","assetFrsGuid":"hBciuAvVmoxhRyBkGa4oQt","templateId":"@3","hasParameters":true,"valid":true,"fixedConnection":false,"hasParametersDeployed":false,"fixedConnectionDeployed":false,"isSchemaValidationEnabled":false,"tasks":1,"mappingPreviewFileRecordId":"@2","documentType":"MAPPING","allowMaxFieldLength":false,"specialCharacterSupport":false,"references":[]}]