[{"@type":"mappingTemplate","id":"@1","name":"m_PL_Direct_Manual_Feed_CAT","description":"","autoExpireObject":false,"bundleVersion":"0","assetFrsGuid":"3QbWbyJcPdMe9WElQkNE8A","templateId":"@3","deployTime":1753458690000,"hasParameters":true,"valid":true,"fixedConnection":false,"hasParametersDeployed":true,"fixedConnectionDeployed":false,"isSchemaValidationEnabled":false,"tasks":1,"mappingPreviewFileRecordId":"@2","documentType":"","allowMaxFieldLength":false,"specialCharacterSupport":false,"references":[]}]