[{"@type":"mappingTemplate","id":"@1","name":"m_PL_Direct_Manual_Feed_Monthly","description":"Mapping pushed from PC to ICS : m_PL_Direct_Manual_Feed_Monthly","autoExpireObject":false,"bundleVersion":"0","assetFrsGuid":"0ge0JeRn5c9hHKErNVFR8h","templateId":"@2","deployTime":1701859527000,"hasParameters":true,"valid":true,"fixedConnection":false,"hasParametersDeployed":true,"fixedConnectionDeployed":false,"isSchemaValidationEnabled":false,"tasks":1,"allowMaxFieldLength":false,"specialCharacterSupport":false,"references":[]}]