[{"@type":"mappingTemplate","id":"@1","name":"m_Load_Insured_to_Insure_Stg_Ld","description":"","autoExpireObject":false,"bundleVersion":"0","assetFrsGuid":"8myjoMWCgEBdJvnqGUcbGH","templateId":"@3","deployTime":1767814951000,"hasParameters":true,"valid":true,"fixedConnection":false,"hasParametersDeployed":true,"fixedConnectionDeployed":false,"isSchemaValidationEnabled":false,"tasks":1,"mappingPreviewFileRecordId":"@2","documentType":"","allowMaxFieldLength":false,"specialCharacterSupport":false,"references":[]}]