[{"@type":"mappingTemplate","id":"@1","name":"m_Load_Claimsummarystats_stg_To_ClaimReserves","description":"","bundleVersion":"0","assetFrsGuid":"ceYM2A2mnY6lF93iMaadsW","templateId":"@3","deployTime":1733345744000,"hasParameters":true,"valid":true,"fixedConnection":true,"hasParametersDeployed":true,"fixedConnectionDeployed":true,"isSchemaValidationEnabled":false,"tasks":1,"mappingPreviewFileRecordId":"@2","documentType":"","references":[{"@type":"reference","refObjectId":"@jPo49nVatmzbSnPefVZwCV","refType":"connection"}]}]