[{"@type":"mappingTemplate","id":"@1","name":"m_Load_Policystats_to_PolicyStats_Stg_Ld","description":"","autoExpireObject":false,"bundleVersion":"0","assetFrsGuid":"glffyEme82SeVJRuRQnjSN","templateId":"@3","deployTime":1767814956000,"hasParameters":true,"valid":true,"fixedConnection":false,"hasParametersDeployed":true,"fixedConnectionDeployed":false,"isSchemaValidationEnabled":false,"tasks":1,"mappingPreviewFileRecordId":"@2","documentType":"","allowMaxFieldLength":false,"specialCharacterSupport":false,"references":[]}]