[{"@type":"mappingTemplate","id":"@1","name":"m_dq_dim_risk_v1","description":"Mapping with completely parameterized sources, but a hardcoded data quality table.","autoExpireObject":false,"bundleVersion":"0","assetFrsGuid":"7LJzgbCDeMOdIF3pM2uTKx","templateId":"@3","hasParameters":true,"valid":true,"fixedConnection":true,"hasParametersDeployed":false,"fixedConnectionDeployed":false,"isSchemaValidationEnabled":false,"tasks":0,"mappingPreviewFileRecordId":"@2","documentType":"MAPPING","allowMaxFieldLength":false,"specialCharacterSupport":false,"references":[{"@type":"reference","refObjectId":"@dqHTiQhJYWolYaNB9bUmKf","refType":"connection"}]}]