[{"@type":"mappingTemplate","id":"@1","name":"cdi_map_adm_agency_email_metal_stg_load","description":"","autoExpireObject":false,"bundleVersion":"0","assetFrsGuid":"8vEQffvTQSZlEf4PWmW0QH","templateId":"@3","deployTime":1761146854000,"hasParameters":true,"valid":true,"fixedConnection":false,"hasParametersDeployed":true,"fixedConnectionDeployed":false,"isSchemaValidationEnabled":false,"tasks":1,"mappingPreviewFileRecordId":"@2","documentType":"MAPPING","allowMaxFieldLength":false,"specialCharacterSupport":false,"references":[]}]