[{"@type":"mtTask","id":"@1","name":"s_m_Load_Litigation_stg_to_MasterLitigation_Ld","description":"","runtimeEnvironmentId":"@3pADNCV9u0PcgrXjM7rx0t","maxLogs":10,"verbose":false,"lastRunTime":1708003708000,"mappingId":"@6Zs7jY5cAMDhJkhWPo5WUK","frsGuid":"6J8ClnPHXVUknRjfhQuNmm","shortDescription":"","sessionPropertiesList":[{"name":"Allow Temporary Sequence for Pushdown","value":"NO","recommended":false},{"name":"Allow Temporary View for Pushdown","value":"NO","recommended":false},{"name":"Commit On End Of File","value":"YES","recommended":false},{"name":"Commit Type","value":"Target","recommended":false},{"name":"Error Log File Directory","value":"$PMBadFileDir\\","recommended":false},{"name":"Error Log File Name","value":"PMError.log","recommended":false},{"name":"Error Log Type","value":"Flat File","recommended":false},{"name":"Log Row Data","value":"YES","recommended":false},{"name":"Pushdown Optimization","value":"None","recommended":false},{"name":"Pushdown Optimization Context","value":"None","recommended":false},{"name":"Pushdown Optimization Fallback Option","value":"Partial PDO","recommended":false},{"name":"Session Log File directory","value":"$PMSessionLogDir\\","recommended":false},{"name":"Session Log File Name","value":"s_m_Load_Litigation_stg_to_MasterLitigation_Ld.lo","recommended":false},{"name":"Treat source rows as","value":"Data driven","recommended":false}],"enableCrossSchemaPushdown":true,"enableParallelRun":false,"autoTunedApplied":false,"autoTunedAppliedType":"NONE","parameterFileName":"Andover_Param_GW.param","parameterFileDir":"$PMRootDir/andover/parameters","paramFileType":"PARAM_FILE_LOCAL","schemaMode":"async","valid":true,"schemaValidationErrorCount":-1,"parameterFileEncoding":"UTF-8","serverlessProperties":{},"taskProperties":[{"@type":"taskProperty","name":"parameterFileDir","currentValue":"$PMRootDir/andover/parameters","type":"STRING","label":"label.parameterFileDir","required":false},{"@type":"taskProperty","name":"parameterFileName","currentValue":"Andover_Param_GW.param","type":"STRING","label":"label.parameterFileName","required":false}],"parameters":[{"@type":"mtTaskParameter","id":76404773,"name":"$SQ_litigation_STG$","type":"SOURCE","label":"DBConnection_SRC","description":"","uiProperties":{"cnxtype":"Amazon Redshift v2","connectionParameterized":"true","paramName":"DBConnection_SRC","paramLabel":"","paramType-mapping":"Connection","logcnx":"DBConnection_SRC","isSelectDistinct":"false","objectParameterized":"false","visible":"false","originalPath":"SQ_litigation_STG"},"sourceConnectionId":"@aYZ4ekzHgIPeKpiaoqDLKP","sourceObject":"DUMMY_SQ_litigation_STG","newFlatFile":false,"newObject":false,"showBusinessNames":true,"naturalOrder":true,"truncateTarget":false,"bulkApiDBTarget":false,"customFuncCfg":{"@type":"customFuncConfig","id":-1,"connections":[],"inputMap":[],"outputFields":[]},"targetRefsV2":{},"targetUpdateColumns":[],"runtimeAttrs":{},"isRESTModernSource":true,"customQuery":"SELECT litigation_STG.SystemId, litigation_STG.ParentId, litigation_STG.Id, litigation_STG.SuitFiledInd, litigation_STG.SuitDt, litigation_STG.SuitStatusCd, litigation_STG.SuitSettlementCd, litigation_STG.SuitClosedDt, REPLACE(REPLACE(REPLACE(litigation_STG.SettlementAmt, '$', ''),',',''),' ','') as SettlementAmt \nFROM\n dbo.litigation_STG","isFileList":false,"handleSpecialChars":false,"handleDecimalRoundOff":false,"frsAsset":false,"dynamicFileName":false,"excludeDynamicFileNameField":false,"currentlyProcessedFileName":false,"retainFieldMetadata":false,"objectName":"DUMMY_SQ_litigation_STG","useExactSrcNames":false,"tgtObjectAttributes":{},"runtimeParameterData":{"@type":"mtTaskRuntimeParameterData","isConnectionRuntimeParameter":true,"isObjectRuntimeParameter":false,"connectionParameterName":"DBConnection_SRC"},"overridableProperties":[],"overriddenFields":[]},{"@type":"mtTaskParameter","id":76404774,"name":"$LitigationDetail_Insert$","type":"TARGET","label":"DBConnection_TGT","description":"","uiProperties":{"cnxtype":"Amazon Redshift v2","connectionParameterized":"true","paramName":"DBConnection_TGT","paramLabel":"","paramType-mapping":"Connection","logcnx":"DBConnection_TGT","default":"dbo/litigationdetail","objectParameterized":"false","visible":"false","defaultTargetUpdateColumns":"","supportApplyDDLChanges":"false","originalPath":"LitigationDetail_Insert"},"targetConnectionId":"@aYZ4ekzHgIPeKpiaoqDLKP","targetObject":"dbo/litigationdetail","targetObjectLabel":"litigationdetail","newFlatFile":false,"newObject":false,"showBusinessNames":true,"naturalOrder":true,"truncateTarget":false,"bulkApiDBTarget":false,"operationType":"Rowbased","customFuncCfg":{"@type":"customFuncConfig","id":-1,"connections":[],"inputMap":[],"outputFields":[]},"targetRefsV2":{},"targetUpdateColumns":[],"extendedObject":{"@type":"extendedObject","singleMode":true,"filters":[],"sortFields":[]},"runtimeAttrs":{},"isRESTModernSource":true,"isFileList":false,"handleSpecialChars":false,"handleDecimalRoundOff":false,"frsAsset":false,"dynamicFileName":false,"excludeDynamicFileNameField":false,"currentlyProcessedFileName":false,"retainFieldMetadata":false,"objectName":"dbo/litigationdetail","objectLabel":"litigationdetail","useExactSrcNames":false,"tgtObjectAttributes":{},"runtimeParameterData":{"@type":"mtTaskRuntimeParameterData","isConnectionRuntimeParameter":true,"isObjectRuntimeParameter":false,"connectionParameterName":"DBConnection_TGT"},"overridableProperties":[],"overriddenFields":[]},{"@type":"mtTaskParameter","id":76404775,"name":"$LitigationDetail_Update$","type":"TARGET","label":"DBConnection_TGT","description":"","uiProperties":{"cnxtype":"Amazon Redshift v2","connectionParameterized":"true","paramName":"DBConnection_TGT","paramLabel":"","paramType-mapping":"Connection","logcnx":"DBConnection_TGT","default":"dbo/litigationdetail","objectParameterized":"false","visible":"false","defaultTargetUpdateColumns":"LitigationKey","supportApplyDDLChanges":"false","originalPath":"LitigationDetail_Update"},"targetConnectionId":"@aYZ4ekzHgIPeKpiaoqDLKP","targetObject":"dbo/litigationdetail","targetObjectLabel":"litigationdetail","newFlatFile":false,"newObject":false,"showBusinessNames":true,"naturalOrder":true,"truncateTarget":false,"bulkApiDBTarget":false,"operationType":"Rowbased","customFuncCfg":{"@type":"customFuncConfig","id":-1,"connections":[],"inputMap":[],"outputFields":[]},"targetRefsV2":{},"targetUpdateColumns":["LitigationKey"],"extendedObject":{"@type":"extendedObject","singleMode":true,"filters":[],"sortFields":[]},"runtimeAttrs":{},"isRESTModernSource":true,"isFileList":false,"handleSpecialChars":false,"handleDecimalRoundOff":false,"frsAsset":false,"dynamicFileName":false,"excludeDynamicFileNameField":false,"currentlyProcessedFileName":false,"retainFieldMetadata":false,"objectName":"dbo/litigationdetail","objectLabel":"litigationdetail","useExactSrcNames":false,"tgtObjectAttributes":{},"runtimeParameterData":{"@type":"mtTaskRuntimeParameterData","isConnectionRuntimeParameter":true,"isObjectRuntimeParameter":false,"connectionParameterName":"DBConnection_TGT"},"overridableProperties":[],"overriddenFields":[]},{"@type":"mtTaskParameter","id":76404776,"name":"$LKP_Claim$","type":"LOOKUP","label":"DBConnection_TGT","description":"","uiProperties":{"cnxtype":"Amazon Redshift v2","connectionParameterized":"true","paramName":"DBConnection_TGT","paramLabel":"","paramType-mapping":"Connection","logcnx":"DBConnection_TGT","isCachedLookup":"true","multipleMatchPolicy":"Use Any Value","objectParameterized":"false","visible":"false","originalPath":"LKP_Claim"},"lookupConnectionId":"@aYZ4ekzHgIPeKpiaoqDLKP","lookupObject":"DUMMY_LKP_Claim","newFlatFile":false,"newObject":false,"showBusinessNames":true,"naturalOrder":true,"truncateTarget":false,"bulkApiDBTarget":false,"customFuncCfg":{"@type":"customFuncConfig","id":-1,"connections":[],"inputMap":[],"outputFields":[]},"targetRefsV2":{},"targetUpdateColumns":[],"runtimeAttrs":{},"isRESTModernSource":true,"customQuery":"SELECT claimdetail.PolicyKey as PolicyKey, claimdetail.ClaimNumber as ClaimNumber, claimdetail.ClaimSystemId as ClaimSystemId FROM dbo.claimdetail\nwhere RowEffEndDt = '9999-12-31'","isFileList":false,"handleSpecialChars":false,"handleDecimalRoundOff":false,"frsAsset":false,"dynamicFileName":false,"excludeDynamicFileNameField":false,"currentlyProcessedFileName":false,"retainFieldMetadata":false,"objectName":"DUMMY_LKP_Claim","useExactSrcNames":false,"tgtObjectAttributes":{},"runtimeParameterData":{"@type":"mtTaskRuntimeParameterData","isConnectionRuntimeParameter":true,"isObjectRuntimeParameter":false,"connectionParameterName":"DBConnection_TGT"},"overridableProperties":[],"overriddenFields":[]},{"@type":"mtTaskParameter","id":76404777,"name":"$LKP_Claimant_Stg$","type":"LOOKUP","label":"DBConnection_TGT","description":"","uiProperties":{"cnxtype":"Amazon Redshift v2","connectionParameterized":"true","paramName":"DBConnection_TGT","paramLabel":"","paramType-mapping":"Connection","logcnx":"DBConnection_TGT","isCachedLookup":"true","multipleMatchPolicy":"Use Any Value","default":"dbo/claimant_stg","objectParameterized":"false","visible":"false","originalPath":"LKP_Claimant_Stg"},"lookupConnectionId":"@aYZ4ekzHgIPeKpiaoqDLKP","lookupObject":"dbo/claimant_stg","lookupObjectLabel":"claimant_stg","newFlatFile":false,"newObject":false,"showBusinessNames":true,"naturalOrder":true,"truncateTarget":false,"bulkApiDBTarget":false,"customFuncCfg":{"@type":"customFuncConfig","id":-1,"connections":[],"inputMap":[],"outputFields":[]},"targetRefsV2":{},"targetUpdateColumns":[],"runtimeAttrs":{},"isRESTModernSource":true,"isFileList":false,"handleSpecialChars":false,"handleDecimalRoundOff":false,"frsAsset":false,"dynamicFileName":false,"excludeDynamicFileNameField":false,"currentlyProcessedFileName":false,"retainFieldMetadata":false,"objectName":"dbo/claimant_stg","objectLabel":"claimant_stg","useExactSrcNames":false,"tgtObjectAttributes":{},"runtimeParameterData":{"@type":"mtTaskRuntimeParameterData","isConnectionRuntimeParameter":true,"isObjectRuntimeParameter":false,"connectionParameterName":"DBConnection_TGT"},"overridableProperties":[],"overriddenFields":[]},{"@type":"mtTaskParameter","id":76404778,"name":"$LKP_LitigationDetail$","type":"LOOKUP","label":"DBConnection_TGT","description":"","uiProperties":{"cnxtype":"Amazon Redshift v2","connectionParameterized":"true","paramName":"DBConnection_TGT","paramLabel":"","paramType-mapping":"Connection","logcnx":"DBConnection_TGT","isCachedLookup":"true","multipleMatchPolicy":"Use Any Value","default":"dbo/litigationdetail","objectParameterized":"false","visible":"false","originalPath":"LKP_LitigationDetail"},"lookupConnectionId":"@aYZ4ekzHgIPeKpiaoqDLKP","lookupObject":"dbo/litigationdetail","lookupObjectLabel":"litigationdetail","newFlatFile":false,"newObject":false,"showBusinessNames":true,"naturalOrder":true,"truncateTarget":false,"bulkApiDBTarget":false,"customFuncCfg":{"@type":"customFuncConfig","id":-1,"connections":[],"inputMap":[],"outputFields":[]},"targetRefsV2":{},"targetUpdateColumns":[],"runtimeAttrs":{},"isRESTModernSource":true,"isFileList":false,"handleSpecialChars":false,"handleDecimalRoundOff":false,"frsAsset":false,"dynamicFileName":false,"excludeDynamicFileNameField":false,"currentlyProcessedFileName":false,"retainFieldMetadata":false,"objectName":"dbo/litigationdetail","objectLabel":"litigationdetail","useExactSrcNames":false,"tgtObjectAttributes":{},"runtimeParameterData":{"@type":"mtTaskRuntimeParameterData","isConnectionRuntimeParameter":true,"isObjectRuntimeParameter":false,"connectionParameterName":"DBConnection_TGT"},"overridableProperties":[],"overriddenFields":[]},{"@type":"mtTaskParameter","id":76404779,"name":"$LKP_litigationAssociate$","type":"LOOKUP","label":"DBConnection_SRCM","description":"","uiProperties":{"cnxtype":"MySQL","connectionParameterized":"true","paramName":"DBConnection_SRCM","paramLabel":"","paramType-mapping":"Connection","logcnx":"DBConnection_SRCM","isCachedLookup":"true","multipleMatchPolicy":"Use Any Value","default":"litigationassociate","objectParameterized":"false","visible":"false","originalPath":"LKP_litigationAssociate"},"lookupConnectionId":"@jPo49nVatmzbSnPefVZwCV","lookupObject":"litigationassociate","lookupObjectLabel":"litigationassociate","newFlatFile":false,"newObject":false,"showBusinessNames":true,"naturalOrder":true,"truncateTarget":false,"bulkApiDBTarget":false,"customFuncCfg":{"@type":"customFuncConfig","id":-1,"connections":[],"inputMap":[],"outputFields":[]},"targetRefsV2":{},"targetUpdateColumns":[],"runtimeAttrs":{},"isRESTModernSource":true,"isFileList":false,"handleSpecialChars":false,"handleDecimalRoundOff":false,"frsAsset":false,"dynamicFileName":false,"excludeDynamicFileNameField":false,"currentlyProcessedFileName":false,"retainFieldMetadata":false,"objectName":"litigationassociate","objectLabel":"litigationassociate","useExactSrcNames":false,"tgtObjectAttributes":{},"runtimeParameterData":{"@type":"mtTaskRuntimeParameterData","isConnectionRuntimeParameter":true,"isObjectRuntimeParameter":false,"connectionParameterName":"DBConnection_SRCM"},"overridableProperties":[],"overriddenFields":[]},{"@type":"mtTaskParameter","id":76404780,"name":"$lkp_Derive_Additional_Fields$","type":"LOOKUP","label":"DBConnection_TGT","description":"","uiProperties":{"cnxtype":"Amazon Redshift v2","connectionParameterized":"true","paramName":"DBConnection_TGT","paramLabel":"","paramType-mapping":"Connection","logcnx":"DBConnection_TGT","isCachedLookup":"true","multipleMatchPolicy":"Use Any Value","objectParameterized":"false","visible":"false","originalPath":"lkp_Derive_Additional_Fields"},"lookupConnectionId":"@aYZ4ekzHgIPeKpiaoqDLKP","lookupObject":"DUMMY_lkp_Derive_Additional_Fields","newFlatFile":false,"newObject":false,"showBusinessNames":true,"naturalOrder":true,"truncateTarget":false,"bulkApiDBTarget":false,"customFuncCfg":{"@type":"customFuncConfig","id":-1,"connections":[],"inputMap":[],"outputFields":[]},"targetRefsV2":{},"targetUpdateColumns":[],"runtimeAttrs":{},"isRESTModernSource":true,"customQuery":"SELECT nf.commercialname as CommercialName, clm.systemid as SystemId, la.associateTypecd as AssociateTypeCd\n,la.Parentid as ParentId\n FROM\ndbo.claim_stg clm inner join dbo.litigationassociate_stg la\non clm.systemid=la.systemid\njoin dbo.partyinfo_stg pf\non la.id=pf.parentid\nand clm.systemid=pf.systemid\njoin dbo.nameinfo_stg nf\non pf.id=nf.parentid\nand clm.systemid=nf.systemid --","isFileList":false,"handleSpecialChars":false,"handleDecimalRoundOff":false,"frsAsset":false,"dynamicFileName":false,"excludeDynamicFileNameField":false,"currentlyProcessedFileName":false,"retainFieldMetadata":false,"objectName":"DUMMY_lkp_Derive_Additional_Fields","useExactSrcNames":false,"tgtObjectAttributes":{},"runtimeParameterData":{"@type":"mtTaskRuntimeParameterData","isConnectionRuntimeParameter":true,"isObjectRuntimeParameter":false,"connectionParameterName":"DBConnection_TGT"},"overridableProperties":[],"overriddenFields":[]},{"@type":"mtTaskParameter","id":76404781,"name":"$lkp_Derive_Assigned_Other$","type":"LOOKUP","label":"DBConnection_TGT","description":"","uiProperties":{"cnxtype":"Amazon Redshift v2","connectionParameterized":"true","paramName":"DBConnection_TGT","paramLabel":"","paramType-mapping":"Connection","logcnx":"DBConnection_TGT","isCachedLookup":"true","multipleMatchPolicy":"Use Any Value","objectParameterized":"false","visible":"false","originalPath":"lkp_Derive_Assigned_Other"},"lookupConnectionId":"@aYZ4ekzHgIPeKpiaoqDLKP","lookupObject":"DUMMY_lkp_Derive_Assigned_Other","newFlatFile":false,"newObject":false,"showBusinessNames":true,"naturalOrder":true,"truncateTarget":false,"bulkApiDBTarget":false,"customFuncCfg":{"@type":"customFuncConfig","id":-1,"connections":[],"inputMap":[],"outputFields":[]},"targetRefsV2":{},"targetUpdateColumns":[],"runtimeAttrs":{},"isRESTModernSource":true,"customQuery":"SELECT nm.CommercialName as CommercialName, nm.IndexName as IndexName, clm.SystemId as SystemId, p.ProviderTypeCd as ProviderTypeCd \n,clm.Id as Id\nFROM dbo.claimant_stg clm\njoin dbo.assignedprovider_stg ap\non ap.systemid=clm.systemid\nand clm.id=ap.parentid\njoin dbo.provider_stg p\non p.systemid=ap.providerref\njoin dbo.nameinfo_stg nm\non nm.systemid=p.systemid\nand nm.cmmcontainer='Provider'\nwhere assignedprovidertypecd like 'AssignedOther%'\nand nametypecd='ProviderName'","isFileList":false,"handleSpecialChars":false,"handleDecimalRoundOff":false,"frsAsset":false,"dynamicFileName":false,"excludeDynamicFileNameField":false,"currentlyProcessedFileName":false,"retainFieldMetadata":false,"objectName":"DUMMY_lkp_Derive_Assigned_Other","useExactSrcNames":false,"tgtObjectAttributes":{},"runtimeParameterData":{"@type":"mtTaskRuntimeParameterData","isConnectionRuntimeParameter":true,"isObjectRuntimeParameter":false,"connectionParameterName":"DBConnection_TGT"},"overridableProperties":[],"overriddenFields":[]},{"@type":"mtTaskParameter","id":76404782,"name":"$lkp_allcontacts$","type":"LOOKUP","label":"DBConnection_SRCM","description":"","uiProperties":{"cnxtype":"MySQL","connectionParameterized":"true","paramName":"DBConnection_SRCM","paramLabel":"","paramType-mapping":"Connection","logcnx":"DBConnection_SRCM","isCachedLookup":"true","multipleMatchPolicy":"Use Any Value","objectParameterized":"false","visible":"false","originalPath":"lkp_allcontacts"},"lookupConnectionId":"@jPo49nVatmzbSnPefVZwCV","lookupObject":"DUMMY_lkp_allcontacts","newFlatFile":false,"newObject":false,"showBusinessNames":true,"naturalOrder":true,"truncateTarget":false,"bulkApiDBTarget":false,"customFuncCfg":{"@type":"customFuncConfig","id":-1,"connections":[],"inputMap":[],"outputFields":[]},"targetRefsV2":{},"targetUpdateColumns":[],"runtimeAttrs":{},"isRESTModernSource":true,"customQuery":"SELECT allcontacts.CommercialName as CommercialName, allcontacts.SystemId as SystemId, allcontacts.CMMContainer as CMMContainer FROM allcontacts\nwhere ContactTypeCd = 'LitigationAssociate'","isFileList":false,"handleSpecialChars":false,"handleDecimalRoundOff":false,"frsAsset":false,"dynamicFileName":false,"excludeDynamicFileNameField":false,"currentlyProcessedFileName":false,"retainFieldMetadata":false,"objectName":"DUMMY_lkp_allcontacts","useExactSrcNames":false,"tgtObjectAttributes":{},"runtimeParameterData":{"@type":"mtTaskRuntimeParameterData","isConnectionRuntimeParameter":true,"isObjectRuntimeParameter":false,"connectionParameterName":"DBConnection_SRCM"},"overridableProperties":[],"overriddenFields":[]}],"sequences":[],"inOutParameters":[],"connRuntimeAttrs":[]}]