[{"@type":"mtTask","id":"@1","name":"s_m_load_msgr_view_loss_fact","description":"Session pushed from PC to ICS : s_m_load_msgr_view_loss_fact","runtimeEnvironmentId":"@3pADNCV9u0PcgrXjM7rx0t","maxLogs":10,"verbose":false,"lastRunTime":1726691652000,"mappingId":"@284h9yLXV18kp39P0hD7Q9","frsGuid":"dXbj68gwTuHbYBpt3EJuMs","shortDescription":"Session pushed from PC to ICS : s_m_load_msgr_view...","sessionPropertiesList":[{"name":"Allow Temporary Sequence for Pushdown","value":"NO","recommended":false},{"name":"Allow Temporary View for Pushdown","value":"NO","recommended":false},{"name":"Data Column Delimiter","value":"|","recommended":false},{"name":"Error Log File Name","value":"PMError.log","recommended":false},{"name":"Pushdown Optimization","value":"None","recommended":false},{"name":"Pushdown Optimization Context","value":"None","recommended":false},{"name":"Pushdown Optimization Fallback Option","value":"Partial PDO","recommended":false}],"hidden":false,"enableCrossSchemaPushdown":false,"enableParallelRun":false,"autoTunedApplied":false,"autoTunedAppliedType":"NONE","parameterFileName":"Andover_Parm_Peregrine.txt","parameterFileDir":"$PMRootDir/andover/parameters","paramFileType":"PARAM_FILE_LOCAL","schemaMode":"async","valid":true,"schemaValidationErrorCount":-1,"serverlessProperties":{},"taskProperties":[{"@type":"taskProperty","name":"parameterFileDir","currentValue":"$PMRootDir/andover/parameters","type":"STRING","label":"label.parameterFileDir","required":false},{"@type":"taskProperty","name":"parameterFileName","currentValue":"Andover_Parm_Peregrine.txt","type":"STRING","label":"label.parameterFileName","required":false},{"@type":"taskProperty","name":"outboundMessageUrlQueueTime","currentValue":"","type":"NUMBER","label":"label.outboundMessageUrlQueueTime","required":false},{"@type":"taskProperty","name":"outboundMessageUrlToken","currentValue":"","type":"STRING","label":"label.outboundMessageUrlToken","required":false}],"optimizationPlan":"NONE","isMidstreamPreview":false,"parameters":[{"@type":"mtTaskParameter","id":97372277,"name":"$SQ_core_msgr_view_loss_fact$","type":"SOURCE","label":"DBConnection_SRC","description":"","uiProperties":{"cnxtype":"Amazon Redshift v2","connectionParameterized":"true","paramName":"DBConnection_SRC","paramLabel":"","paramType-mapping":"Connection","logcnx":"DBConnection_SRC","isSelectDistinct":"false","objectParameterized":"false","visible":"false","originalPath":"SQ_core_msgr_view_loss_fact"},"sourceConnectionId":"@aYZ4ekzHgIPeKpiaoqDLKP","sourceObject":"DUMMY_SQ_core_msgr_view_loss_fact","newFlatFile":false,"newObject":false,"showBusinessNames":true,"naturalOrder":true,"truncateTarget":false,"bulkApiDBTarget":false,"customFuncCfg":{"@type":"customFuncConfig","id":-1,"connections":[],"inputMap":[],"outputFields":[]},"targetRefsV2":{},"targetUpdateColumns":[],"runtimeAttrs":{},"isRESTModernSource":true,"customQuery":"SELECT C.FullPolicyKey, \nA.PolicyKey, \nA.PolicyKeyCode, \nA.RiskId, \nA.CoverageId, \nA.CoverageCd, \nD.AgentCd, \nD.AgencyCd, \nA.ClaimNumber, \nB.ClaimType, \nA.MajorPerilCd, \nB.LossCauseCd, \nB.LossCauseDesc, \nB.SubLossCauseCd, \nA.AnnualStatementLineCd, \nA.StatLineCd, \nA.ReserveTypeCd, \nA.LossCoverageType, \nA.ReserveCd, \nA.ClassificationCd, \nA.ClaimantCd, \nA.ClaimantTransactionCd, \nA.PaymentTypeCd, \nB.LossDt, \nB.LossReportedDt, \nA.ClaimReopenDt, \nA.ClosedDt, \nA.ClaimantClosedDt, \nA.BookDt, \nA.CheckNumber, \nA.CheckDt, \nA.PayeeName, \nA.PayeeAddr1, \nA.PayeeAddr2, \nA.PayeeCity, \nA.PayeePostalCd, \nA.LossAccountEnteredDate, \nA.ClaimAddDt, \nCAST(A.TransactionNumber AS INTEGER) as TransactionNumber, \nA.TransactionUser, \nA.CatastropheNumber, \nC.GroupLine, \nA.ReserveChangeAmt, \nA.LossPaidAmt, \nA.LossSalvageAmt, \nA.LossSubrogationAmt, \nA.LossULAEExpense, \nA.LossALAEExpense, \nA.ClaimNumber, \nE.TransactionNumber, \nA.ReserveCd, \nA.RowEffEndDt, \nB.RowEffEndDt, \nD.RowEffEndDt, \nA.CheckAmt, \nF.PolicyKey, \nF.ClaimSystemId, \nLPAD(F.ClaimantNumber::VARCHAR, 3, '0') as ClaimantNumber, \nF.AssignedAdjusterName, \nF.RowEffEndDt, \nA.TaxAttachedInd, \nA.ProviderTypeCd, \nA.ProviderNumber, \nA.Required1099Ind, \nA.SubCoverageDesc, \nA.ReserveStatusCd, \nA.DeductibleRecovery\nFROM dbo.claimTransaction A \nINNER JOIN (SELECT DISTINCT losscausecd,\n                          losscausedesc,\n                          sublosscausecd,\n                          claimnumber,\n                          lossdt,\n                          lossreporteddt,\n                          claimtype,\n                          RowEffEndDt\n          FROM dbo.claimdetail\n          WHERE roweffenddt = to_timestamp('9999-12-31 00:00:00.000'::text, 'YYYY-MM-DD HH:MI:SS'::text)\n            AND claimstatuscd <> 'Deleted'\n          ) B\n          ON A.claimnumber::text = B.claimnumber::text\nINNER JOIN dbo.PolicyDetail C  ON A.PolicyKey = C.PolicyKey\nLEFT JOIN (\n\tSELECT DISTINCT AgentCd\n\t\t,AgencyCd\n\t\t,RowEffEndDt\n\tFROM dbo.Agents\n\tWHERE RowEffEndDt = '9999-12-31 00:00:00.000'\n) D ON C.ProviderNumber = d.AgentCd\nLEFT JOIN (\n\tSELECT ClaimNumber\n\t\t,MIN(CAST(TransactionNumber AS INTEGER)) AS TransactionNumber\n\tFROM dbo.ClaimTransaction\n\tWHERE ReserveCd = 'Indemnity'\n\t\tAND roweffenddt = '9999-12-31 00:00:00.000'\n\tGROUP BY ClaimNumber\n) E ON A.ClaimNumber = E.ClaimNumber\nLEFT JOIN (\n\tSELECT policykey\n\t\t,ClaimSystemId\n\t\t,ClaimantNumber\n\t\t,AssignedAdjusterName\n\t\t,RowEffEndDt\n\tFROM dbo.ClaimantDetail\n\tWHERE AssignedAdjusterName IS NOT NULL\n\t\tAND RowEffEndDt = '9999-12-31 00:00:00.0000000'\n) f ON a.PolicyKey = f.PolicyKey\n\tAND a.ClaimSystemId = f.ClaimSystemId\n\tAND cast(a.ClaimantCd AS INT) = f.ClaimantNumber\nWHERE A.roweffenddt = GETDATE()\nAND A.rowinsdt >= (SELECT etlbatchstartst FROM dbo.loadbatchetldt WHERE loadetltype = 'wf_msgr_views')","isFileList":false,"handleSpecialChars":false,"handleDecimalRoundOff":false,"frsAsset":false,"dynamicFileName":false,"excludeDynamicFileNameField":false,"currentlyProcessedFileName":false,"retainFieldMetadata":false,"objectName":"DUMMY_SQ_core_msgr_view_loss_fact","useExactSrcNames":false,"tgtObjectAttributes":{},"runtimeParameterData":{"@type":"mtTaskRuntimeParameterData","isConnectionRuntimeParameter":true,"isObjectRuntimeParameter":false,"connectionParameterName":"DBConnection_SRC"},"overridableProperties":[],"overriddenFields":[]},{"@type":"mtTaskParameter","id":97372278,"name":"$msgr_view_loss_fact_INS$","type":"TARGET","label":"DBConnection_TGT","description":"","uiProperties":{"cnxtype":"Amazon Redshift v2","connectionParameterized":"true","paramName":"DBConnection_TGT","paramLabel":"","paramType-mapping":"Connection","logcnx":"DBConnection_TGT","default":"dbo/msgr_view_loss_fact","objectParameterized":"false","visible":"false","defaultTargetUpdateColumns":"","supportApplyDDLChanges":"false","originalPath":"msgr_view_loss_fact_INS"},"targetConnectionId":"@aYZ4ekzHgIPeKpiaoqDLKP","targetObject":"dbo/msgr_view_loss_fact","targetObjectLabel":"msgr_view_loss_fact","newFlatFile":false,"newObject":false,"showBusinessNames":true,"naturalOrder":true,"truncateTarget":false,"bulkApiDBTarget":false,"operationType":"Rowbased","customFuncCfg":{"@type":"customFuncConfig","id":-1,"connections":[],"inputMap":[],"outputFields":[]},"targetRefsV2":{},"targetUpdateColumns":[],"extendedObject":{"@type":"extendedObject","singleMode":true,"filters":[],"sortFields":[]},"runtimeAttrs":{},"isRESTModernSource":true,"isFileList":false,"handleSpecialChars":false,"handleDecimalRoundOff":false,"frsAsset":false,"dynamicFileName":false,"excludeDynamicFileNameField":false,"currentlyProcessedFileName":false,"retainFieldMetadata":false,"objectName":"dbo/msgr_view_loss_fact","objectLabel":"msgr_view_loss_fact","useExactSrcNames":false,"tgtObjectAttributes":{},"runtimeParameterData":{"@type":"mtTaskRuntimeParameterData","isConnectionRuntimeParameter":true,"isObjectRuntimeParameter":false,"connectionParameterName":"DBConnection_TGT"},"overridableProperties":[],"overriddenFields":[]},{"@type":"mtTaskParameter","id":97372279,"name":"$msgr_view_loss_fact_UPD$","type":"TARGET","label":"DBConnection_TGT","description":"","uiProperties":{"cnxtype":"Amazon Redshift v2","connectionParameterized":"true","paramName":"DBConnection_TGT","paramLabel":"","paramType-mapping":"Connection","logcnx":"DBConnection_TGT","default":"dbo/msgr_view_loss_fact","objectParameterized":"false","visible":"false","defaultTargetUpdateColumns":"row_id","supportApplyDDLChanges":"false","originalPath":"msgr_view_loss_fact_UPD"},"targetConnectionId":"@aYZ4ekzHgIPeKpiaoqDLKP","targetObject":"dbo/msgr_view_loss_fact","targetObjectLabel":"msgr_view_loss_fact","newFlatFile":false,"newObject":false,"showBusinessNames":true,"naturalOrder":true,"truncateTarget":false,"bulkApiDBTarget":false,"operationType":"Rowbased","customFuncCfg":{"@type":"customFuncConfig","id":-1,"connections":[],"inputMap":[],"outputFields":[]},"targetRefsV2":{},"targetUpdateColumns":["row_id"],"extendedObject":{"@type":"extendedObject","singleMode":true,"filters":[],"sortFields":[]},"runtimeAttrs":{},"isRESTModernSource":true,"isFileList":false,"handleSpecialChars":false,"handleDecimalRoundOff":false,"frsAsset":false,"dynamicFileName":false,"excludeDynamicFileNameField":false,"currentlyProcessedFileName":false,"retainFieldMetadata":false,"objectName":"dbo/msgr_view_loss_fact","objectLabel":"msgr_view_loss_fact","useExactSrcNames":false,"tgtObjectAttributes":{},"runtimeParameterData":{"@type":"mtTaskRuntimeParameterData","isConnectionRuntimeParameter":true,"isObjectRuntimeParameter":false,"connectionParameterName":"DBConnection_TGT"},"overridableProperties":[],"overriddenFields":[]},{"@type":"mtTaskParameter","id":97372280,"name":"$lkp_msgr_view_loss_fact$","type":"LOOKUP","label":"DBConnection_TGT","description":"","uiProperties":{"cnxtype":"Amazon Redshift v2","connectionParameterized":"true","paramName":"DBConnection_TGT","paramLabel":"","paramType-mapping":"Connection","logcnx":"DBConnection_TGT","isCachedLookup":"true","multipleMatchPolicy":"Use Any Value","default":"dbo/msgr_view_loss_fact","objectParameterized":"false","visible":"false","originalPath":"lkp_msgr_view_loss_fact"},"lookupConnectionId":"@aYZ4ekzHgIPeKpiaoqDLKP","lookupObject":"dbo/msgr_view_loss_fact","lookupObjectLabel":"msgr_view_loss_fact","newFlatFile":false,"newObject":false,"showBusinessNames":true,"naturalOrder":true,"truncateTarget":false,"bulkApiDBTarget":false,"customFuncCfg":{"@type":"customFuncConfig","id":-1,"connections":[],"inputMap":[],"outputFields":[]},"targetRefsV2":{},"targetUpdateColumns":[],"runtimeAttrs":{"Cache File Name Prefix":"","Lookup Index Cache Size":"AUTO","Lookup Data Filter":"","Optional":"true","Lookup cache persistent":"false","Lookup source is static":"false","Update Dynamic Cache Condition":"TRUE","Case Sensitive String Comparison":"false","Re-cache from lookup source":"false","Insert Else Update":"false","Lookup caching enabled":"true","Lookup Data Cache Size":"AUTO","Tracing Level":"Normal","Sorted Input":"false","Lookup cache directory name":"$PMCacheDir","Output Old Value On Update":"false","Dynamic Lookup Cache":"false","Pre-build lookup cache":"AUTO","Null ordering":""},"isRESTModernSource":true,"isFileList":false,"handleSpecialChars":false,"handleDecimalRoundOff":false,"frsAsset":false,"dynamicFileName":false,"excludeDynamicFileNameField":false,"currentlyProcessedFileName":false,"retainFieldMetadata":false,"objectName":"dbo/msgr_view_loss_fact","objectLabel":"msgr_view_loss_fact","useExactSrcNames":false,"tgtObjectAttributes":{},"runtimeParameterData":{"@type":"mtTaskRuntimeParameterData","isConnectionRuntimeParameter":true,"isObjectRuntimeParameter":false,"connectionParameterName":"DBConnection_TGT"},"overridableProperties":[],"overriddenFields":[]}],"sequences":[],"inOutParameters":[],"connRuntimeAttrs":[]}]