[{"@type":"mappingTemplate","id":"@1","name":"m_load_msgr_facts_pms_new_vw2","description":"","autoExpireObject":false,"bundleVersion":"0","assetFrsGuid":"3tTvbVWGAKHbgXi2MTxdIA","templateId":"@3","deployTime":1728330419000,"hasParameters":true,"valid":true,"fixedConnection":false,"hasParametersDeployed":true,"fixedConnectionDeployed":false,"isSchemaValidationEnabled":false,"tasks":1,"mappingPreviewFileRecordId":"@2","documentType":"","allowMaxFieldLength":false,"specialCharacterSupport":false,"references":[]}]