[{"@type":"mtTask","id":"@1","name":"cdi_tsk_map_stp_validated_data_silver_load","autoExpireObject":false,"runtimeEnvironmentId":"@3pADNCV9u0PcgrXjM7rx0t","maxLogs":10,"verbose":false,"lastRunTime":1760427705000,"mappingId":"@665fH4S3Jy1dXmGCzhPiUN","frsGuid":"h0RTpSruswEhPFISAXiQKW","sessionPropertiesList":[{"name":"Pushdown Optimization","value":"None","recommended":false},{"name":"Pushdown Optimization Context","value":"None","recommended":false},{"name":"Pushdown Optimization Fallback Option","value":"Partial PDO","recommended":false}],"hidden":false,"enableCrossSchemaPushdown":true,"enableParallelRun":false,"autoTunedApplied":false,"autoTunedAppliedType":"NONE","parameterFileName":"Andover_Param_STP.param","parameterFileDir":"$PMRootDir/andover/parameters","paramFileType":"PARAM_FILE_LOCAL","schemaMode":"async","valid":true,"schemaValidationErrorCount":-1,"serverlessProperties":{},"taskProperties":[{"@type":"taskProperty","name":"parameterFileDir","currentValue":"$PMRootDir/andover/parameters","type":"STRING","label":"label.parameterFileDir","required":false},{"@type":"taskProperty","name":"parameterFileName","currentValue":"Andover_Param_STP.param","type":"STRING","label":"label.parameterFileName","required":false},{"@type":"taskProperty","name":"outboundMessageUrlQueueTime","currentValue":"","type":"NUMBER","label":"label.outboundMessageUrlQueueTime","required":false},{"@type":"taskProperty","name":"outboundMessageUrlToken","currentValue":"","type":"STRING","label":"label.outboundMessageUrlToken","required":false}],"optimizationPlan":"NONE","isMidstreamPreview":false,"allowMaxFieldLength":false,"specialCharacterSupport":false,"useUserDefinedOrder":false,"parameters":[{"@type":"mtTaskParameter","id":137690239,"name":"$src_straight_through_processing_data_staging$","type":"SOURCE","label":"DBConnection_SRC","description":"","uiProperties":{"cnxtype":"Amazon Redshift v2","connectionParameterized":"true","paramName":"DBConnection_SRC","paramLabel":"","paramType-mapping":"Connection","logcnx":"DBConnection_SRC","isSelectDistinct":"false","objectParameterized":"false","visible":"false","originalPath":"src_straight_through_processing_data_staging"},"sourceConnectionId":"@aYZ4ekzHgIPeKpiaoqDLKP","sourceObject":"DUMMY_src_straight_through_processing_data_staging","newFlatFile":false,"newObject":false,"showBusinessNames":true,"naturalOrder":true,"truncateTarget":false,"bulkApiDBTarget":false,"customFuncCfg":{"@type":"customFuncConfig","id":-1,"connections":[],"inputMap":[],"outputFields":[]},"targetRefsV2":{},"targetUpdateColumns":[],"fieldOrderList":[],"runtimeAttrs":{},"isRESTModernSource":true,"customQuery":"WITH current_batch AS (\n    SELECT \n        bls.batch_id,\n        bls.source_start_cutoff_datetime,\n        bls.source_end_cutoff_datetime\n    FROM $$operational_schema.batch_load_summary bls\n    WHERE bls.source_system_code = '$$sourcesystemcode'\n      AND bls.batch_status = 'Inprogress'\n      AND bls.batch_id = (\n          SELECT MAX(batch_id)\n          FROM $$operational_schema.batch_load_summary\n          WHERE source_system_code = '$$sourcesystemcode'\n            AND batch_status = 'Inprogress'\n      )\n)\nSELECT \nds_left.left_straight_through_processing_data_staging_id,\nds_left.left_straight_through_processing_validated_data_source_system as stp_validated_data_source_system,\n'Straight Through Processing' AS stp_validated_data_domain,\nds_left.left_straight_through_processing_validated_data_type AS stp_validated_data_type,\nGETDATE() AS stp_validated_data_row_effective_start_datetime,\n'9999-12-31 00:00:00.000000' AS stp_validated_data_row_effective_end_datetime,\n'Loaded' AS stp_validated_data_load_state,\nds_left.left_originating_source_name,\nds_left.left_originating_load_type,\nds_left.left_straight_through_processing_validated_data_row_source_system_key,\nds_left.left_policy_source_system_id,\nds_left.left_policy_number,\nds_left.left_policy_module_number,\nds_left.left_line_of_business,\nds_left.left_policy_effective_date,\nds_left.left_risk_id,\nds_left.left_risk_state,\nds_left.left_insured_name,\nds_left.left_customer_number,\nds_left.left_transaction_code,\nds_left.left_transaction_datetime,\nds_left.left_user_type_code,\nds_left.left_source_schema_name,\nds_left.left_source_table_name,\nds_left.left_source_field_name,\ncase \n\twhen ds_left.left_source_field_name ='birthdt'  and ds_left.left_source_value <> 'NULL' then cast(EXTRACT(YEAR FROM SYSDATE) - LEFT(ds_left.left_source_value, 4) as varchar)\n    when ds_left.left_source_field_name ='building_number_of_dangerous_trees' and (ds_left.left_source_value is null or ds_left.left_source_value ='NULL') then '0' \n    when ds_left.left_source_field_name ='limit_coverage_limit1' and (ds_left.left_source_value is null or ds_left.left_source_value ='NULL') then '0' \n\telse ds_left.left_source_value \n\tend as left_source_value,\nds_right.right_straight_through_processing_data_staging_id,\nds_right.right_originating_source_name,\nds_right.right_originating_load_type,\nds_right.right_straight_through_processing_validated_data_row_source_system_key,\nds_right.right_source_schema_name,\nds_right.right_source_table_name,\nds_right.right_source_field_name,\nds_right.right_source_value,\nds_left.left_straight_through_processing_rule_row_id,\nds_left.rule_id,\nds_left.rule_type,\nds_left.rule_name,\nds_left.condition_group_number,\nds_left.condition_order_number,\nds_left.condition_column_name_left,\nds_left.calculation_operator,\nds_right.condition_column_name_right,\nds_left.calculation_operator as calculation_operator,\nds_left.calculation_constant_value,\nds_left.comparative_operator,\nds_left.comparative_type,\nds_left.threshold_value,\nds_left.logical_operator,\nds_left.action_flag,\nds_left.priority_order_number,\ncb.batch_id as batch_id\nFROM \n(\n  select\n    ds1.straight_through_processing_data_staging_id AS left_straight_through_processing_data_staging_id,\n    ds1.straight_through_processing_data_staging_source_system AS left_straight_through_processing_validated_data_source_system,\n    ds1.straight_through_processing_data_staging_type AS left_straight_through_processing_validated_data_type,\n    ds1.originating_source_name AS left_originating_source_name,\n    ds1.originating_load_type AS left_originating_load_type,\n    ds1.straight_through_processing_data_staging_row_source_system_key AS left_straight_through_processing_validated_data_row_source_system_key,\n    ds1.policy_source_system_id AS left_policy_source_system_id,\n    ds1.policy_number AS left_policy_number,\n    ds1.policy_module_number AS left_policy_module_number,\n    ds1.line_of_business AS left_line_of_business,\n    ds1.policy_effective_date AS left_policy_effective_date,\n    ds1.risk_id AS left_risk_id,\n    ds1.risk_state AS left_risk_state,\n    ds1.insured_name AS left_insured_name,\n    ds1.customer_number AS left_customer_number,\n    ds1.transaction_code AS left_transaction_code,\n    ds1.transaction_datetime AS left_transaction_datetime,\n    ds1.user_type_code AS left_user_type_code,\n    ds1.source_schema_name AS left_source_schema_name,\n    ds1.source_table_name AS left_source_table_name,\n    ds1.source_field_name AS left_source_field_name,\n    ds1.source_value AS left_source_value,\n    r1.straight_through_processing_rule_row_id as left_straight_through_processing_rule_row_id,\n    r1.rule_id,\n    r1.rule_type,\n    r1.rule_name,\n    r1.condition_group_number,\n    r1.condition_order_number,\n    r1.condition_schema_name_left,\n    r1.condition_object_name_left,\n    r1.condition_column_name_left,\n    r1.calculation_operator,\n    r1.calculation_constant_value,\n    r1.comparative_operator,\n    r1.comparative_type,\n    r1.threshold_value,\n    r1.logical_operator,\n    r1.action_flag,\n    r1.priority_order_number\n  FROM $$refined_schema.straight_through_processing_data_staging ds1\n  JOIN $$reference_schema.straight_through_processing_rules r1 \n  ON ds1.source_schema_name = r1.condition_schema_name_left\n  AND ds1.source_table_name = r1.condition_object_name_left\n  AND ds1.source_field_name = r1.condition_column_name_left\n  and  r1.straight_through_processing_rule_row_effective_end_datetime='9999-12-31 00:00:00.000'\n  ) ds_left\nLEFT JOIN \n(\n  SELECT\n    ds2.straight_through_processing_data_staging_id AS right_straight_through_processing_data_staging_id,\n    ds2.straight_through_processing_data_staging_source_system AS right_straight_through_processing_validated_data_source_system,\n    ds2.straight_through_processing_data_staging_type AS right_straight_through_processing_validated_data_type,\n    ds2.originating_source_name AS right_originating_source_name,\n    ds2.originating_load_type AS right_originating_load_type,\n    ds2.straight_through_processing_data_staging_row_source_system_key AS right_straight_through_processing_validated_data_row_source_system_key,\n    ds2.policy_source_system_id AS right_policy_source_system_id,\n    ds2.policy_number AS right_policy_number,\n    ds2.policy_module_number AS right_policy_module_number,\n    ds2.line_of_business AS right_line_of_business,\n    ds2.policy_effective_date AS right_policy_effective_date,\n    ds2.risk_id AS right_risk_id,\n    ds2.risk_state AS right_risk_state,\n    ds2.insured_name AS right_insured_name,\n    ds2.customer_number AS right_customer_number,\n    ds2.transaction_code AS right_transaction_code,\n    ds2.transaction_datetime AS right_transaction_datetime,\n    ds2.user_type_code AS right_user_type_code,\n    ds2.source_schema_name AS right_source_schema_name,\n    ds2.source_table_name AS right_source_table_name,\n    ds2.source_field_name AS right_source_field_name,\n    ds2.source_value AS right_source_value,\n    r2.straight_through_processing_rule_row_id AS right_straight_through_processing_rule_row_id,\n    r2.condition_schema_name_right,\n    r2.condition_object_name_right,\n    r2.condition_column_name_right\n  FROM $$refined_schema.straight_through_processing_data_staging ds2\n  JOIN $$reference_schema.straight_through_processing_rules  r2\n  ON ds2.source_schema_name = r2.condition_schema_name_right\n  AND ds2.source_table_name = r2.condition_object_name_right\n  AND ds2.source_field_name = r2.condition_column_name_right\n  and r2.straight_through_processing_rule_row_effective_end_datetime='9999-12-31 00:00:00.000'\n) ds_right\nON ds_left.left_straight_through_processing_rule_row_id = ds_right.right_straight_through_processing_rule_row_id\nAND ds_left.left_policy_source_system_id = ds_right.right_policy_source_system_id\nCROSS JOIN current_batch cb\nwhere 1=1  \nand ds_left.left_risk_state in ($$state_list) and ds_left.left_line_of_business ='$$line_of_business' --added this as part of the pilot\norder by ds_left.left_policy_number, ds_left.left_policy_number, cast(substring(ds_left.rule_id, 2) as int), ds_left.condition_order_number;","commandType":0,"isFileList":false,"handleSpecialChars":false,"handleDecimalRoundOff":false,"frsAsset":false,"dynamicFileName":false,"excludeDynamicFileNameField":false,"currentlyProcessedFileName":false,"retainFieldMetadata":false,"objectName":"DUMMY_src_straight_through_processing_data_staging","useExactSrcNames":false,"userUpdated":true,"fetchMode":"ORIGINAL","tgtObjectAttributes":{},"runtimeParameterData":{"@type":"mtTaskRuntimeParameterData","isConnectionRuntimeParameter":true,"isObjectRuntimeParameter":false,"connectionParameterName":"DBConnection_SRC"},"overridableProperties":[],"overriddenFields":[]},{"@type":"mtTaskParameter","id":137690240,"name":"$tgt_straight_through_processing_validated_data$","type":"TARGET","label":"DBConnection_TGT","description":"","uiProperties":{"cnxtype":"Amazon Redshift v2","connectionParameterized":"true","paramName":"DBConnection_TGT","paramLabel":"","paramType-mapping":"Connection","logcnx":"DBConnection_TGT","default":"silver/straight_through_processing_validated_data","objectParameterized":"false","visible":"false","defaultTargetUpdateColumns":"","supportApplyDDLChanges":"false","originalPath":"tgt_straight_through_processing_validated_data"},"targetConnectionId":"@aYZ4ekzHgIPeKpiaoqDLKP","targetObject":"silver/straight_through_processing_validated_data","targetObjectLabel":"silver/straight_through_processing_validated_data","newFlatFile":false,"newObject":false,"showBusinessNames":true,"naturalOrder":true,"truncateTarget":false,"bulkApiDBTarget":false,"operationType":"Insert","customFuncCfg":{"@type":"customFuncConfig","id":-1,"connections":[],"inputMap":[],"outputFields":[]},"targetRefsV2":{},"targetUpdateColumns":[],"fieldOrderList":[],"extendedObject":{"@type":"extendedObject","singleMode":true,"filters":[],"sortFields":[]},"runtimeAttrs":{},"isRESTModernSource":true,"commandType":0,"isFileList":false,"handleSpecialChars":false,"handleDecimalRoundOff":false,"frsAsset":false,"dynamicFileName":false,"excludeDynamicFileNameField":false,"currentlyProcessedFileName":false,"retainFieldMetadata":false,"objectName":"silver/straight_through_processing_validated_data","objectLabel":"silver/straight_through_processing_validated_data","useExactSrcNames":false,"userUpdated":true,"fetchMode":"ORIGINAL","tgtObjectAttributes":{},"runtimeParameterData":{"@type":"mtTaskRuntimeParameterData","isConnectionRuntimeParameter":true,"isObjectRuntimeParameter":false,"connectionParameterName":"DBConnection_TGT"},"overridableProperties":[],"dbSchema":"","overriddenFields":[]},{"@type":"mtTaskParameter","id":137690241,"name":"$lkp_straight_through_processing_rules$","type":"LOOKUP","label":"DBConnection_SRC","description":"","uiProperties":{"cnxtype":"Amazon Redshift v2","connectionParameterized":"true","paramName":"DBConnection_SRC","paramLabel":"","paramType-mapping":"Connection","logcnx":"DBConnection_SRC","isCachedLookup":"true","multipleMatchPolicy":"Use Any Value","objectParameterized":"false","visible":"false","originalPath":"lkp_straight_through_processing_rules"},"lookupConnectionId":"@aYZ4ekzHgIPeKpiaoqDLKP","lookupObject":"DUMMY_lkp_straight_through_processing_rules","newFlatFile":false,"newObject":false,"showBusinessNames":true,"naturalOrder":true,"truncateTarget":false,"bulkApiDBTarget":false,"customFuncCfg":{"@type":"customFuncConfig","id":-1,"connections":[],"inputMap":[],"outputFields":[]},"targetRefsV2":{},"targetUpdateColumns":[],"fieldOrderList":[],"runtimeAttrs":{"Cache File Name Prefix":"","Lookup Index Cache Size":"AUTO","Lookup Data Filter":"","Optional":"true","Lookup cache persistent":"false","Lookup source is static":"false","Update Dynamic Cache Condition":"TRUE","Case Sensitive String Comparison":"false","Re-cache from lookup source":"false","Insert Else Update":"false","Lookup caching enabled":"true","Lookup Data Cache Size":"AUTO","Tracing Level":"Normal","Sorted Input":"false","Lookup cache directory name":"$PMCacheDir","Output Old Value On Update":"false","Dynamic Lookup Cache":"false","Pre-build lookup cache":"AUTO","Include Only Required Fields":"false","Null ordering":""},"isRESTModernSource":true,"customQuery":"select Rule_ID, count(*) as Rule_ID_Count from $$reference_schema.straight_through_processing_rules\nwhere straight_through_processing_rule_row_effective_end_datetime = '9999-12-31 00:00:00.000'\ngroup by Rule_ID\norder by cast(substring(rule_id, 2) as int)","commandType":0,"isFileList":false,"handleSpecialChars":false,"handleDecimalRoundOff":false,"frsAsset":false,"dynamicFileName":false,"excludeDynamicFileNameField":false,"currentlyProcessedFileName":false,"retainFieldMetadata":false,"objectName":"DUMMY_lkp_straight_through_processing_rules","useExactSrcNames":false,"userUpdated":true,"fetchMode":"ORIGINAL","tgtObjectAttributes":{},"runtimeParameterData":{"@type":"mtTaskRuntimeParameterData","isConnectionRuntimeParameter":true,"isObjectRuntimeParameter":false,"connectionParameterName":"DBConnection_SRC"},"overridableProperties":[],"overriddenFields":[]},{"@type":"mtTaskParameter","id":137690242,"name":"$lkp_straight_through_processing_rules_3_Calculation_operator$","type":"LOOKUP","label":"DBConnection_SRC","description":"","uiProperties":{"cnxtype":"Amazon Redshift v2","connectionParameterized":"true","paramName":"DBConnection_SRC","paramLabel":"","paramType-mapping":"Connection","logcnx":"DBConnection_SRC","isCachedLookup":"true","multipleMatchPolicy":"Use Any Value","objectParameterized":"false","visible":"false","originalPath":"lkp_straight_through_processing_rules_3_Calculation_operator"},"lookupConnectionId":"@aYZ4ekzHgIPeKpiaoqDLKP","lookupObject":"DUMMY_lkp_straight_through_processing_rules_3_Calculation_operator","newFlatFile":false,"newObject":false,"showBusinessNames":true,"naturalOrder":true,"truncateTarget":false,"bulkApiDBTarget":false,"customFuncCfg":{"@type":"customFuncConfig","id":-1,"connections":[],"inputMap":[],"outputFields":[]},"targetRefsV2":{},"targetUpdateColumns":[],"fieldOrderList":[],"runtimeAttrs":{"Cache File Name Prefix":"","Lookup Index Cache Size":"AUTO","Lookup Data Filter":"","Optional":"true","Lookup cache persistent":"false","Lookup source is static":"false","Update Dynamic Cache Condition":"TRUE","Case Sensitive String Comparison":"false","Re-cache from lookup source":"false","Insert Else Update":"false","Lookup caching enabled":"true","Lookup Data Cache Size":"AUTO","Tracing Level":"Normal","Sorted Input":"false","Lookup cache directory name":"$PMCacheDir","Output Old Value On Update":"false","Dynamic Lookup Cache":"false","Pre-build lookup cache":"AUTO","Include Only Required Fields":"false","Null ordering":""},"isRESTModernSource":true,"customQuery":"select Rule_ID, calculation_operator as rule_calculation_operator  from $$reference_schema.straight_through_processing_rules\nwhere straight_through_processing_rule_row_effective_end_datetime = '9999-12-31 00:00:00.000' and condition_order_number =3\norder by cast(substring(rule_id, 2) as int)","commandType":0,"isFileList":false,"handleSpecialChars":false,"handleDecimalRoundOff":false,"frsAsset":false,"dynamicFileName":false,"excludeDynamicFileNameField":false,"currentlyProcessedFileName":false,"retainFieldMetadata":false,"objectName":"DUMMY_lkp_straight_through_processing_rules_3_Calculation_operator","useExactSrcNames":false,"userUpdated":true,"fetchMode":"ORIGINAL","tgtObjectAttributes":{},"runtimeParameterData":{"@type":"mtTaskRuntimeParameterData","isConnectionRuntimeParameter":true,"isObjectRuntimeParameter":false,"connectionParameterName":"DBConnection_SRC"},"overridableProperties":[],"overriddenFields":[]},{"@type":"mtTaskParameter","id":137690243,"name":"$lkp_straight_through_processing_rules_calculation_constant_value$","type":"LOOKUP","label":"DBConnection_SRC","description":"","uiProperties":{"cnxtype":"Amazon Redshift v2","connectionParameterized":"true","paramName":"DBConnection_SRC","paramLabel":"","paramType-mapping":"Connection","logcnx":"DBConnection_SRC","isCachedLookup":"true","multipleMatchPolicy":"Use Any Value","objectParameterized":"false","visible":"false","originalPath":"lkp_straight_through_processing_rules_calculation_constant_value"},"lookupConnectionId":"@aYZ4ekzHgIPeKpiaoqDLKP","lookupObject":"DUMMY_lkp_straight_through_processing_rules_calculation_constant_value","newFlatFile":false,"newObject":false,"showBusinessNames":true,"naturalOrder":true,"truncateTarget":false,"bulkApiDBTarget":false,"customFuncCfg":{"@type":"customFuncConfig","id":-1,"connections":[],"inputMap":[],"outputFields":[]},"targetRefsV2":{},"targetUpdateColumns":[],"fieldOrderList":[],"runtimeAttrs":{"Cache File Name Prefix":"","Lookup Index Cache Size":"AUTO","Lookup Data Filter":"","Optional":"true","Lookup cache persistent":"false","Lookup source is static":"false","Update Dynamic Cache Condition":"TRUE","Case Sensitive String Comparison":"false","Re-cache from lookup source":"false","Insert Else Update":"false","Lookup caching enabled":"true","Lookup Data Cache Size":"AUTO","Tracing Level":"Normal","Sorted Input":"false","Lookup cache directory name":"$PMCacheDir","Output Old Value On Update":"false","Dynamic Lookup Cache":"false","Pre-build lookup cache":"AUTO","Include Only Required Fields":"false","Null ordering":""},"isRESTModernSource":true,"customQuery":"select Rule_ID, condition_order_number, calculation_constant_value   from $$reference_schema.straight_through_processing_rules\nwhere straight_through_processing_rule_row_effective_end_datetime = '9999-12-31 00:00:00.000'\norder by cast(substring(rule_id, 2) as int)","commandType":0,"isFileList":false,"handleSpecialChars":false,"handleDecimalRoundOff":false,"frsAsset":false,"dynamicFileName":false,"excludeDynamicFileNameField":false,"currentlyProcessedFileName":false,"retainFieldMetadata":false,"objectName":"DUMMY_lkp_straight_through_processing_rules_calculation_constant_value","useExactSrcNames":false,"userUpdated":true,"fetchMode":"ORIGINAL","tgtObjectAttributes":{},"runtimeParameterData":{"@type":"mtTaskRuntimeParameterData","isConnectionRuntimeParameter":true,"isObjectRuntimeParameter":false,"connectionParameterName":"DBConnection_SRC"},"overridableProperties":[],"overriddenFields":[]},{"@type":"mtTaskParameter","id":137690244,"name":"$lkp_straight_through_processing_rules_condition_column_left$","type":"LOOKUP","label":"DBConnection_SRC","description":"","uiProperties":{"cnxtype":"Amazon Redshift v2","connectionParameterized":"true","paramName":"DBConnection_SRC","paramLabel":"","paramType-mapping":"Connection","logcnx":"DBConnection_SRC","isCachedLookup":"true","multipleMatchPolicy":"Use Any Value","objectParameterized":"false","visible":"false","originalPath":"lkp_straight_through_processing_rules_condition_column_left"},"lookupConnectionId":"@aYZ4ekzHgIPeKpiaoqDLKP","lookupObject":"DUMMY_lkp_straight_through_processing_rules_condition_column_left","newFlatFile":false,"newObject":false,"showBusinessNames":true,"naturalOrder":true,"truncateTarget":false,"bulkApiDBTarget":false,"customFuncCfg":{"@type":"customFuncConfig","id":-1,"connections":[],"inputMap":[],"outputFields":[]},"targetRefsV2":{},"targetUpdateColumns":[],"fieldOrderList":[],"runtimeAttrs":{"Cache File Name Prefix":"","Lookup Index Cache Size":"AUTO","Lookup Data Filter":"","Optional":"true","Lookup cache persistent":"false","Lookup source is static":"false","Update Dynamic Cache Condition":"TRUE","Case Sensitive String Comparison":"false","Re-cache from lookup source":"false","Insert Else Update":"false","Lookup caching enabled":"true","Lookup Data Cache Size":"AUTO","Tracing Level":"Normal","Sorted Input":"false","Lookup cache directory name":"$PMCacheDir","Output Old Value On Update":"false","Dynamic Lookup Cache":"false","Pre-build lookup cache":"AUTO","Include Only Required Fields":"false","Null ordering":""},"isRESTModernSource":true,"customQuery":"select Rule_ID, condition_order_number, condition_column_name_left  from $$reference_schema.straight_through_processing_rules\nwhere straight_through_processing_rule_row_effective_end_datetime = '9999-12-31 00:00:00.000'\norder by cast(substring(rule_id, 2) as int)","commandType":0,"isFileList":false,"handleSpecialChars":false,"handleDecimalRoundOff":false,"frsAsset":false,"dynamicFileName":false,"excludeDynamicFileNameField":false,"currentlyProcessedFileName":false,"retainFieldMetadata":false,"objectName":"DUMMY_lkp_straight_through_processing_rules_condition_column_left","useExactSrcNames":false,"userUpdated":true,"fetchMode":"ORIGINAL","tgtObjectAttributes":{},"runtimeParameterData":{"@type":"mtTaskRuntimeParameterData","isConnectionRuntimeParameter":true,"isObjectRuntimeParameter":false,"connectionParameterName":"DBConnection_SRC"},"overridableProperties":[],"overriddenFields":[]}],"sequences":[],"inOutParameters":[{"@type":"mtTaskInOutParameter","id":"-1","name":"operational_schema","description":"","initialValue":"operations","datatype":"STRING","precision":"20","scale":"0","retentionPolicy":"NEVER","aggregationType":"MAX","currentValue":"operations"},{"@type":"mtTaskInOutParameter","id":"-1","name":"refined_schema","description":"","initialValue":"silver","datatype":"STRING","precision":"20","scale":"0","retentionPolicy":"NEVER","aggregationType":"MAX","currentValue":"silver"},{"@type":"mtTaskInOutParameter","id":"-1","name":"sourcesystemcode","description":"","initialValue":"STP","datatype":"STRING","precision":"10","scale":"0","retentionPolicy":"NEVER","aggregationType":"MAX","currentValue":"STP"},{"@type":"mtTaskInOutParameter","id":"-1","name":"dbo_schema","description":"","initialValue":"dbo","datatype":"STRING","precision":"20","scale":"0","retentionPolicy":"NEVER","aggregationType":"MAX","currentValue":"dbo"},{"@type":"mtTaskInOutParameter","id":"-1","name":"state_list","description":"","initialValue":"'CT','NH'","datatype":"STRING","precision":"50","scale":"0","retentionPolicy":"NEVER","aggregationType":"MAX","currentValue":"'CT','NH'"},{"@type":"mtTaskInOutParameter","id":"-1","name":"line_of_business","description":"","initialValue":"Homeowners","datatype":"STRING","precision":"50","scale":"0","retentionPolicy":"NEVER","aggregationType":"MAX","currentValue":"Homeowners"},{"@type":"mtTaskInOutParameter","id":"-1","name":"reference_schema","description":"","initialValue":"reference","datatype":"STRING","precision":"50","scale":"0","retentionPolicy":"NEVER","aggregationType":"MAX","currentValue":"reference"}],"connRuntimeAttrs":[]}]