[{"@type":"mappingTemplate","id":"@1","name":"cdi_map_acx_ai_bronze_ai_stg_ld","description":"Mapping to load ai data from GW database to AWS Redshift database","autoExpireObject":false,"bundleVersion":"0","assetFrsGuid":"7IuahXsgmT6lDnA91YClyQ","templateId":"@3","hasParameters":true,"valid":true,"fixedConnection":false,"hasParametersDeployed":false,"fixedConnectionDeployed":false,"isSchemaValidationEnabled":false,"tasks":1,"mappingPreviewFileRecordId":"@2","documentType":"MAPPING","allowMaxFieldLength":false,"specialCharacterSupport":false,"references":[]}]