[{"@type":"mappingTemplate","id":"@1","name":"cdi_map_stp_api_data_operations_update_status","description":"","autoExpireObject":false,"bundleVersion":"0","assetFrsGuid":"7wga2npv5o2cdgI8o3JokO","templateId":"@3","deployTime":1760547996000,"hasParameters":true,"valid":true,"fixedConnection":false,"hasParametersDeployed":true,"fixedConnectionDeployed":false,"isSchemaValidationEnabled":false,"tasks":1,"mappingPreviewFileRecordId":"@2","documentType":"MAPPING","allowMaxFieldLength":false,"specialCharacterSupport":false,"references":[]}]