[{"@type":"mappingTemplate","id":"@1","name":"cdi_map_uw_silver_prior_carrier_and_prior_loss_ld_1","description":"","autoExpireObject":false,"bundleVersion":"0","assetFrsGuid":"404WqnBAMGZdlU2viPSDyV","templateId":"@3","deployTime":1742214262000,"hasParameters":true,"valid":true,"fixedConnection":false,"hasParametersDeployed":true,"fixedConnectionDeployed":false,"isSchemaValidationEnabled":false,"tasks":1,"mappingPreviewFileRecordId":"@2","documentType":"MAPPING","allowMaxFieldLength":false,"specialCharacterSupport":false,"references":[]}]