[{"@type":"mappingTemplate","id":"@1","name":"cdi_map_stp_api_data_operations_load","description":"","autoExpireObject":false,"bundleVersion":"0","assetFrsGuid":"6OMBqFsnbRTeEEIqglSZEQ","templateId":"@3","deployTime":1760547863000,"hasParameters":true,"valid":true,"fixedConnection":false,"hasParametersDeployed":true,"fixedConnectionDeployed":false,"isSchemaValidationEnabled":false,"tasks":1,"mappingPreviewFileRecordId":"@2","documentType":"MAPPING","allowMaxFieldLength":false,"specialCharacterSupport":false,"references":[{"@type":"reference","refObjectId":"@eAe8FJ9fmcAd2s1AZZDNWL","refType":"mappletTemplate","refObjInSync":"true"}]}]