[{"@type":"mtTask","id":"@1","name":"s_m_Load_PolicyReinsuranceSummaryStats_to_PolicyReinsuranceSummaryStats_Stg_Ld","description":"Session pushed from PC to ICS : m_Load_PolicyReinsuranceSummaryStats_to_PolicyReinsuranceSummaryStats_Stg_Ld","runtimeEnvironmentId":"@3pADNCV9u0PcgrXjM7rx0t","maxLogs":10,"verbose":false,"lastRunTime":1714674134000,"mappingId":"@h8AdOg4fzO6la6tLWGy32O","frsGuid":"2S2AXq9Vzmmcv5EexE782F","shortDescription":"Session pushed from PC to ICS : m_Load_PolicyReins...","sessionPropertiesList":[{"name":"Allow Temporary Sequence for Pushdown","value":"NO","recommended":false},{"name":"Allow Temporary View for Pushdown","value":"NO","recommended":false},{"name":"Data Column Delimiter","value":"|","recommended":false},{"name":"Error Log File Name","value":"PMError.log","recommended":false},{"name":"Pushdown Optimization","value":"None","recommended":false},{"name":"Pushdown Optimization Context","value":"None","recommended":false},{"name":"Pushdown Optimization Fallback Option","value":"Partial PDO","recommended":false},{"name":"Session Log File Name","value":"s_m_load_PolicyResinsuranceStats_Stg.log","recommended":false}],"hidden":false,"enableCrossSchemaPushdown":false,"enableParallelRun":false,"autoTunedApplied":false,"autoTunedAppliedType":"NONE","parameterFileName":"Andover_Param_GW.param","parameterFileDir":"$PMRootDir/andover/parameters","paramFileType":"PARAM_FILE_LOCAL","schemaMode":"async","valid":true,"schemaValidationErrorCount":-1,"serverlessProperties":{},"taskProperties":[{"@type":"taskProperty","name":"parameterFileDir","currentValue":"$PMRootDir/andover/parameters","type":"STRING","label":"label.parameterFileDir","required":false},{"@type":"taskProperty","name":"parameterFileName","currentValue":"Andover_Param_GW.param","type":"STRING","label":"label.parameterFileName","required":false},{"@type":"taskProperty","name":"outboundMessageUrlQueueTime","currentValue":"","type":"NUMBER","label":"label.outboundMessageUrlQueueTime","required":false},{"@type":"taskProperty","name":"outboundMessageUrlToken","currentValue":"","type":"STRING","label":"label.outboundMessageUrlToken","required":false}],"isMidstreamPreview":false,"parameters":[{"@type":"mtTaskParameter","id":82850515,"name":"$Src_policyreinsurancesummarystats1$","type":"SOURCE","label":"DBConnection_SRCM","description":"","uiProperties":{"cnxtype":"MySQL","connectionParameterized":"true","paramName":"DBConnection_SRCM","paramLabel":"","paramType-mapping":"Connection","logcnx":"DBConnection_SRCM","isSelectDistinct":"false","objectParameterized":"false","visible":"false","originalPath":"Src_policyreinsurancesummarystats1"},"sourceConnectionId":"@jPo49nVatmzbSnPefVZwCV","sourceObject":"DUMMY_Src_policyreinsurancesummarystats1","newFlatFile":false,"newObject":false,"showBusinessNames":true,"naturalOrder":true,"truncateTarget":false,"bulkApiDBTarget":false,"customFuncCfg":{"@type":"customFuncConfig","id":-1,"connections":[],"inputMap":[],"outputFields":[]},"targetRefsV2":{},"targetUpdateColumns":[],"runtimeAttrs":{"Sql Override":""},"isRESTModernSource":true,"customQuery":"SELECT policyreinsurancesummarystats.SystemId, policyreinsurancesummarystats.id, policyreinsurancesummarystats.StatSequence, policyreinsurancesummarystats.StatSequenceReplace, policyreinsurancesummarystats.ReportPeriod, policyreinsurancesummarystats.UpdateDt, policyreinsurancesummarystats.PolicyRef, policyreinsurancesummarystats.PolicyNumber, policyreinsurancesummarystats.PolicyVersion, policyreinsurancesummarystats.TransactionNumber, policyreinsurancesummarystats.EffectiveDt, policyreinsurancesummarystats.ExpirationDt, policyreinsurancesummarystats.CombinedKey, policyreinsurancesummarystats.AccountingDt, policyreinsurancesummarystats.PolicyYear, policyreinsurancesummarystats.InsuranceTypeCd, policyreinsurancesummarystats.StatusCd, policyreinsurancesummarystats.NewRenewalCd, policyreinsurancesummarystats.AnnualStatementLineCd, policyreinsurancesummarystats.ReinsuranceName, policyreinsurancesummarystats.MasterSubInd, policyreinsurancesummarystats.ReinsuranceItemName, policyreinsurancesummarystats.ProviderCd, policyreinsurancesummarystats.TransactionCd, policyreinsurancesummarystats.StateCd, policyreinsurancesummarystats.ReinsuranceGroupId, policyreinsurancesummarystats.MTDWrittenPremiumAmt, policyreinsurancesummarystats.TTDWrittenPremiumAmt, policyreinsurancesummarystats.YTDWrittenPremiumAmt, policyreinsurancesummarystats.MTDWrittenCommissionAmt, policyreinsurancesummarystats.TTDWrittenCommissionAmt, policyreinsurancesummarystats.YTDWrittenCommissionAmt, policyreinsurancesummarystats.InforceAmt, policyreinsurancesummarystats.LastInforceAmt, policyreinsurancesummarystats.MonthEarnedPremiumAmt, policyreinsurancesummarystats.MTDEarnedPremiumAmt, policyreinsurancesummarystats.TTDEarnedPremiumAmt, policyreinsurancesummarystats.YTDEarnedPremiumAmt, policyreinsurancesummarystats.MonthUnearnedAmt, policyreinsurancesummarystats.UnearnedAmt, policyreinsurancesummarystats.UnearnedM00Amt, policyreinsurancesummarystats.UnearnedM01Amt, policyreinsurancesummarystats.UnearnedM02Amt, policyreinsurancesummarystats.UnearnedM03Amt, policyreinsurancesummarystats.UnearnedM04Amt, policyreinsurancesummarystats.UnearnedM05Amt, policyreinsurancesummarystats.UnearnedM06Amt, policyreinsurancesummarystats.UnearnedM07Amt, policyreinsurancesummarystats.UnearnedM08Amt, policyreinsurancesummarystats.UnearnedM09Amt, policyreinsurancesummarystats.UnearnedM10Amt, policyreinsurancesummarystats.UnearnedM11Amt, policyreinsurancesummarystats.UnearnedM12Amt, policyreinsurancesummarystats.UnearnedM13Amt, policyreinsurancesummarystats.UnearnedM14Amt, policyreinsurancesummarystats.UnearnedM15Amt, policyreinsurancesummarystats.UnearnedM16Amt, policyreinsurancesummarystats.UnearnedM17Amt, policyreinsurancesummarystats.UnearnedM18Amt, policyreinsurancesummarystats.UnearnedM19Amt, policyreinsurancesummarystats.UnearnedM20Amt, policyreinsurancesummarystats.UnearnedM21Amt, policyreinsurancesummarystats.UnearnedM22Amt, policyreinsurancesummarystats.UnearnedM23Amt, policyreinsurancesummarystats.UnearnedM24Amt, policyreinsurancesummarystats.UnearnedM25Amt, policyreinsurancesummarystats.UnearnedM26Amt, policyreinsurancesummarystats.UnearnedM27Amt, policyreinsurancesummarystats.UnearnedM28Amt, policyreinsurancesummarystats.UnearnedM29Amt, policyreinsurancesummarystats.UnearnedM30Amt, policyreinsurancesummarystats.UnearnedM31Amt, policyreinsurancesummarystats.UnearnedM32Amt, policyreinsurancesummarystats.UnearnedM33Amt, policyreinsurancesummarystats.UnearnedM34Amt, policyreinsurancesummarystats.UnearnedM35Amt, policyreinsurancesummarystats.UnearnedM36Amt, policyreinsurancesummarystats.UnearnedM37Amt, policyreinsurancesummarystats.UnearnedM38Amt, policyreinsurancesummarystats.UnearnedM39Amt, policyreinsurancesummarystats.UnearnedM40Amt, policyreinsurancesummarystats.UnearnedM41Amt, policyreinsurancesummarystats.UnearnedM42Amt, policyreinsurancesummarystats.UnearnedM43Amt, policyreinsurancesummarystats.UnearnedM44Amt, policyreinsurancesummarystats.UnearnedM45Amt, policyreinsurancesummarystats.UnearnedM46Amt, policyreinsurancesummarystats.UnearnedM47Amt, policyreinsurancesummarystats.UnearnedM48Amt, policyreinsurancesummarystats.ProductVersionIdRef, policyreinsurancesummarystats.CarrierGroupCd, policyreinsurancesummarystats.CarrierCd, policyreinsurancesummarystats.PolicyStatusCd, policyreinsurancesummarystats.ProductName, policyreinsurancesummarystats.PolicyTypeCd, policyreinsurancesummarystats.PolicyGroupCd, policyreinsurancesummarystats.CustomerRef, policyreinsurancesummarystats.ContractReinsuranceInd, policyreinsurancesummarystats.ReinsuranceCoverageGroupCd, policyreinsurancesummarystats.PolicySource, policyreinsurancesummarystats.ReinsurerCode, policyreinsurancesummarystats.MajorPerilCd, policyreinsurancesummarystats.StateLineCd, policyreinsurancesummarystats.UpdateTimestamp \nFROM\n policyreinsurancesummarystats\nWhere policyreinsurancesummarystats.UpdateTimestamp  >='$$m_strtdt'\nand policyreinsurancesummarystats.UpdateTimestamp  <='$$m_Enddt'","isFileList":false,"handleSpecialChars":false,"handleDecimalRoundOff":false,"frsAsset":false,"dynamicFileName":false,"excludeDynamicFileNameField":false,"currentlyProcessedFileName":false,"retainFieldMetadata":false,"objectName":"DUMMY_Src_policyreinsurancesummarystats1","useExactSrcNames":false,"tgtObjectAttributes":{},"runtimeParameterData":{"@type":"mtTaskRuntimeParameterData","isConnectionRuntimeParameter":true,"isObjectRuntimeParameter":false,"connectionParameterName":"DBConnection_SRCM"},"overridableProperties":[],"overriddenFields":[]},{"@type":"mtTaskParameter","id":82850516,"name":"$Tgt_policyreinsurancesummarystats_stg$","type":"TARGET","label":"DBConnection_TGT","description":"","uiProperties":{"cnxtype":"Amazon Redshift v2","connectionParameterized":"true","paramName":"DBConnection_TGT","paramLabel":"","paramType-mapping":"Connection","logcnx":"DBConnection_TGT","default":"dbo/policyreinsurancesummarystats_stg","objectParameterized":"false","visible":"false","defaultTargetUpdateColumns":"","supportApplyDDLChanges":"true","originalPath":"Tgt_policyreinsurancesummarystats_stg"},"targetConnectionId":"@aYZ4ekzHgIPeKpiaoqDLKP","targetObject":"dbo/policyreinsurancesummarystats_stg","targetObjectLabel":"policyreinsurancesummarystats_stg","newFlatFile":false,"newObject":false,"showBusinessNames":true,"naturalOrder":true,"truncateTarget":false,"bulkApiDBTarget":false,"operationType":"Insert","customFuncCfg":{"@type":"customFuncConfig","id":-1,"connections":[],"inputMap":[],"outputFields":[]},"targetRefsV2":{},"targetUpdateColumns":[],"extendedObject":{"@type":"extendedObject","singleMode":true,"filters":[],"sortFields":[]},"runtimeAttrs":{"Recovery Schema Name":"","Transfer Manager Thread Pool Size":"10","Override Target Query":"","Post-Sql":"","Enable Compression":"YES","S3 Server Side Encryption":"NO","WaitTime In Seconds For S3 File Consistency":"0","Error File Directory":"","Preserve record order on write":"NO","Require Null Value For Char And Varchar":"","Temporary Credential Duration":"7200","Schema Name":"","Analyze Target Table":"NO","Truncate Target Table Before Data Upload":"YES","S3 Client Side Encryption":"NO","Minimum Upload Part Size":"5242880","Number of files per batch":"0","Vacuum Target Table":"None","Prefix To Retain For Staging Files On S3":"","S3 Bucket Name":"nonproddatawarehouseredshiftclust-staging12d1754e-1w9c6risqayrf","Staging Directory Location":"","Max Errors Per Batch Upload Insert":"1","Copy Options":"","Batch Size":"2000000","Treat Source Rows As":"INSERT","Target Table Name":"","Pre-SQL":"","Success File Directory":""},"oprRuntimeAttrs":{"ErrorFileDirectory":"","numberOfFilesPerBatch":"0","S3ServerSideEncryption":"NO","CopyOptionsPropertyFile":"","SuccessFileDirectory":"","StagingDirectoryLocation":"","schemaName":"","AnalyzeTargetTable":"NO","dataIntegritySupport":"NO","PrefixToRetainForStagingFilesOnS3":"","minUploadPartSize":"5242880","targetTableName":"","postSql":"","BatchSize":"2000000","EnableCompression":"YES","TreatSourceRowsAs":"INSERT","RequireNullValueForCharAndVarchar":"","overrideTargetQuery":"","temporaryCredentialDuration":"7200","TruncateTargetTableBeforeDataUpload":"YES","WaitTimeInSecondsForS3FileConsistency":"0","VacuumTargetTable":"None","MaxErrorsPerBatchUploadForInsert":"1","S3ClientSideEncryption":"NO","recoverySchemaName":"","S3BucketName":"nonproddatawarehouseredshiftclust-staging12d1754e-1w9c6risqayrf","txManagerThreadPoolSize":"10","preSql":""},"isRESTModernSource":true,"isFileList":false,"handleSpecialChars":false,"handleDecimalRoundOff":false,"frsAsset":false,"dynamicFileName":false,"excludeDynamicFileNameField":false,"currentlyProcessedFileName":false,"retainFieldMetadata":false,"objectName":"dbo/policyreinsurancesummarystats_stg","objectLabel":"policyreinsurancesummarystats_stg","useExactSrcNames":false,"tgtObjectAttributes":{},"targetSchemaMode":"DONT_APPLY_CHANGES","runtimeParameterData":{"@type":"mtTaskRuntimeParameterData","isConnectionRuntimeParameter":true,"isObjectRuntimeParameter":false,"connectionParameterName":"DBConnection_TGT"},"overridableProperties":[],"targetSchemaProviderType":"SELECTED_OBJECT","overriddenFields":[]}],"sequences":[],"inOutParameters":[{"@type":"mtTaskInOutParameter","id":"-1","name":"m_strtdt","description":"","initialValue":"","datatype":"STRING","precision":"120","scale":"0","retentionPolicy":"NEVER","aggregationType":"MAX","currentValue":""},{"@type":"mtTaskInOutParameter","id":"-1","name":"m_Enddt","description":"","initialValue":"","datatype":"STRING","precision":"120","scale":"0","retentionPolicy":"NEVER","aggregationType":"MAX","currentValue":""}],"connRuntimeAttrs":[]}]