[{"@type":"fileRecord","id":"@2","name":"extension","type":"XML","size":36649,"attachTime":1745588766000},{"@type":"fileRecord","id":"@6","name":"response","type":"XSD","size":16690,"attachTime":1745588766000},{"@type":"fileRecord","id":"@3","name":"fault","type":"XSD","size":6377,"attachTime":1745588766000},{"@type":"fileRecord","id":"@4","name":"metadata","type":"JSON","size":9381,"attachTime":1745588766000},{"@type":"fileRecord","id":"@5","name":"request","type":"XSD","size":7014,"attachTime":1745588766000}]