[{"@type":"mappingTemplate","id":"@1","name":"m_Load_t_agency_to_Agency_stg","description":"","autoExpireObject":false,"bundleVersion":"0","assetFrsGuid":"jDKr3r2oi0ji7va6JYhTqy","templateId":"@3","deployTime":1711466531000,"hasParameters":false,"valid":true,"fixedConnection":true,"hasParametersDeployed":false,"fixedConnectionDeployed":true,"isSchemaValidationEnabled":false,"tasks":0,"mappingPreviewFileRecordId":"@2","documentType":"","allowMaxFieldLength":false,"specialCharacterSupport":false,"references":[{"@type":"reference","refObjectId":"@l5iDwC7GuqvlYtiadtm6sY","refType":"connection"},{"@type":"reference","refObjectId":"@aYZ4ekzHgIPeKpiaoqDLKP","refType":"connection"}]}]