[{"@type":"mappingTemplate","id":"@1","name":"cdi_map_batch_load_status_update_failure","description":"","autoExpireObject":false,"bundleVersion":"0","assetFrsGuid":"0xFxJwwLd1tgzPt6Sk1mes","templateId":"@3","deployTime":1749162960000,"hasParameters":true,"valid":true,"fixedConnection":true,"hasParametersDeployed":true,"fixedConnectionDeployed":true,"isSchemaValidationEnabled":false,"tasks":1,"mappingPreviewFileRecordId":"@2","documentType":"MAPPING","allowMaxFieldLength":false,"references":[{"@type":"reference","refObjectId":"@aYZ4ekzHgIPeKpiaoqDLKP","refType":"connection"}]}]