[{"@type":"mappingTemplate","id":"@1","name":"cdi_map_batch_load_status_update_failure","description":"","autoExpireObject":false,"bundleVersion":"0","assetFrsGuid":"0xFxJwwLd1tgzPt6Sk1mes","templateId":"@3","deployTime":1749163158000,"hasParameters":true,"valid":true,"fixedConnection":false,"hasParametersDeployed":true,"fixedConnectionDeployed":false,"isSchemaValidationEnabled":false,"tasks":1,"mappingPreviewFileRecordId":"@2","documentType":"MAPPING","allowMaxFieldLength":false,"references":[]}]