[{"@type":"mappingTemplate","id":"@1","name":"m_Load_Transactioninfo_To_Transactioninfo_stg","description":"","autoExpireObject":false,"bundleVersion":"0","assetFrsGuid":"2MWuQ7wQVBblXrqO4gwGib","templateId":"@3","deployTime":1767814971000,"hasParameters":true,"valid":true,"fixedConnection":false,"hasParametersDeployed":true,"fixedConnectionDeployed":false,"isSchemaValidationEnabled":false,"tasks":1,"mappingPreviewFileRecordId":"@2","documentType":"","allowMaxFieldLength":false,"specialCharacterSupport":false,"references":[]}]