[{"@type":"mappingTemplate","id":"@1","name":"cdi_map_predictive_analytics_data_report_silver_load","description":"","autoExpireObject":false,"bundleVersion":"0","assetFrsGuid":"hZ5EbUdH3wtjQzy8vp97Sj","templateId":"@3","deployTime":1762201828000,"hasParameters":true,"valid":true,"fixedConnection":false,"hasParametersDeployed":true,"fixedConnectionDeployed":false,"isSchemaValidationEnabled":false,"tasks":1,"mappingPreviewFileRecordId":"@2","documentType":"MAPPING","allowMaxFieldLength":false,"specialCharacterSupport":false,"references":[{"@type":"reference","refObjectId":"@eAe8FJ9fmcAd2s1AZZDNWL","refType":"mappletTemplate","refObjInSync":"true"}]}]