[{"@type":"mappingTemplate","id":"@1","name":"m_Load_Litigation_stg_to_MasterLitigation_Ld","description":"Mapping to load master Claim table from Stage table. Checked the code and it looks good. This is related to GRIN-3078 for MR. ","bundleVersion":"0","templateId":"@3","deployTime":1723663686000,"hasParameters":true,"valid":true,"fixedConnection":false,"hasParametersDeployed":true,"fixedConnectionDeployed":false,"isSchemaValidationEnabled":false,"tasks":1,"mappingPreviewFileRecordId":"@2","documentType":"","references":[]}]