[{"@type":"mappingTemplate","id":"@1","name":"cdi_map_adm_agency_group_metal_stg_load","description":"this job will read data from Maria DB and load to metal staging tables. This is one to one mapping without any changes.","autoExpireObject":false,"bundleVersion":"0","assetFrsGuid":"85ywvpEkE8kjdWFDyas0C6","templateId":"@3","deployTime":1758041525000,"hasParameters":true,"valid":true,"fixedConnection":false,"hasParametersDeployed":true,"fixedConnectionDeployed":false,"isSchemaValidationEnabled":false,"tasks":1,"mappingPreviewFileRecordId":"@2","documentType":"MAPPING","allowMaxFieldLength":false,"specialCharacterSupport":false,"references":[]}]