[{"@type":"mtTask","id":"@1","name":"cdi_tsk_map_adm_agency_change_log_bronze_stg_load","autoExpireObject":false,"runtimeEnvironmentId":"@3pADNCV9u0PcgrXjM7rx0t","maxLogs":10,"verbose":false,"lastRunTime":1766428831000,"mappingId":"@3gD4hDaG6KOc90xZLOo44x","frsGuid":"0wMRKQspeyJexsDrqptQ2c","sessionPropertiesList":[{"name":"Allow Temporary Sequence for Pushdown","value":"NO","recommended":false},{"name":"Allow Temporary View for Pushdown","value":"YES","recommended":false},{"name":"Pushdown Optimization","value":"None","recommended":false},{"name":"Pushdown Optimization Context","value":"None","recommended":false},{"name":"Pushdown Optimization Fallback Option","value":"Partial PDO","recommended":false}],"hidden":false,"enableCrossSchemaPushdown":true,"enableParallelRun":false,"autoTunedApplied":false,"autoTunedAppliedType":"NONE","parameterFileName":"Andover_Param_ADM.param","parameterFileDir":"$PMRootDir/andover/parameters","paramFileType":"PARAM_FILE_LOCAL","schemaMode":"async","valid":true,"schemaValidationErrorCount":-1,"serverlessProperties":{},"taskProperties":[{"@type":"taskProperty","name":"parameterFileDir","currentValue":"$PMRootDir/andover/parameters","type":"STRING","label":"label.parameterFileDir","required":false},{"@type":"taskProperty","name":"parameterFileName","currentValue":"Andover_Param_ADM.param","type":"STRING","label":"label.parameterFileName","required":false},{"@type":"taskProperty","name":"outboundMessageUrlQueueTime","currentValue":"","type":"NUMBER","label":"label.outboundMessageUrlQueueTime","required":false},{"@type":"taskProperty","name":"outboundMessageUrlToken","currentValue":"","type":"STRING","label":"label.outboundMessageUrlToken","required":false}],"optimizationPlan":"NONE","isMidstreamPreview":false,"allowMaxFieldLength":false,"specialCharacterSupport":false,"useUserDefinedOrder":false,"parameters":[{"@type":"mtTaskParameter","id":143932194,"name":"$src_adm_agency_change_log$","type":"SOURCE","label":"DBConnection_UDM_SRC","description":"","uiProperties":{"cnxtype":"Amazon Redshift v2","connectionParameterized":"true","paramName":"DBConnection_UDM_SRC","paramLabel":"","paramType-mapping":"Connection","logcnx":"DBConnection_UDM_SRC","isSelectDistinct":"false","objectParameterized":"false","visible":"false","originalPath":"src_adm_agency_change_log"},"sourceConnectionId":"@aYZ4ekzHgIPeKpiaoqDLKP","sourceObject":"DUMMY_src_adm_agency_change_log","newFlatFile":false,"newObject":false,"showBusinessNames":true,"naturalOrder":true,"truncateTarget":false,"bulkApiDBTarget":false,"customFuncCfg":{"@type":"customFuncConfig","id":-1,"connections":[],"inputMap":[],"outputFields":[]},"targetRefsV2":{},"targetUpdateColumns":[],"fieldOrderList":[],"runtimeAttrs":{},"isRESTModernSource":true,"customQuery":"WITH current_batch AS (\n    SELECT \n        bls.batch_id,\n        bls.source_start_cutoff_datetime,\n        bls.source_end_cutoff_datetime\n    FROM $$operational_schema.batch_load_summary bls\n    WHERE bls.source_system_code = '$$sourcesystemcode'\n      AND bls.batch_status = 'Inprogress'\n      AND bls.batch_id = (\n          SELECT MAX(batch_id)\n          FROM $$operational_schema.batch_load_summary\n          WHERE source_system_code = '$$sourcesystemcode'\n            AND batch_status = 'Inprogress'\n      )\n)\nSELECT DISTINCT \nmetal_acl.source_name,\nmetal_acl.load_type,\nmetal_acl.id,\nmetal_acl.agency_nup,\nmetal_acl.field_name,\nmetal_acl.before_value,\nmetal_acl.after_value,\nmetal_acl.unique_id,\nmetal_acl.\"type\",\nmetal_acl.guidewire_id,\nmetal_acl.page,\nmetal_acl.created,\nmetal_acl.modified,\ntgt.adm_agency_change_log_row_id,\ntgt.adm_agency_change_log_batch_id,\ntgt.adm_agency_change_log_md5checksum,\ntgt.adm_agency_change_log_row_effective_end_datetime,\ntgt.id as tgt_id,\ntgt.agency_nup as tgt_agency_nup,\ntgt.field_name as tgt_field_name,\ntgt.page as tgt_page,\ntgt.created as tgt_created,\ncurrent_batch.batch_id\nFROM $$raw_schema.adm_agency_change_log metal_acl\nLEFT JOIN $$staging_schema.adm_agency_change_log tgt\nON metal_acl.id = tgt.id \nAND tgt.adm_agency_change_log_row_effective_end_datetime = '9999-12-31 00:00:00.000'\nLEFT JOIN current_batch\nON TRUE","commandType":0,"isFileList":false,"handleSpecialChars":false,"handleDecimalRoundOff":false,"frsAsset":false,"dynamicFileName":false,"excludeDynamicFileNameField":false,"currentlyProcessedFileName":false,"retainFieldMetadata":false,"objectName":"DUMMY_src_adm_agency_change_log","useExactSrcNames":false,"userUpdated":true,"tgtObjectAttributes":{},"runtimeParameterData":{"@type":"mtTaskRuntimeParameterData","isConnectionRuntimeParameter":true,"isObjectRuntimeParameter":false,"connectionParameterName":"DBConnection_UDM_SRC"},"overridableProperties":[],"overriddenFields":[]},{"@type":"mtTaskParameter","id":143932195,"name":"$tgt_adm_agency_change_log_Insert$","type":"TARGET","label":"DBConnection_UDM_TGT","description":"","uiProperties":{"cnxtype":"Amazon Redshift v2","connectionParameterized":"true","paramName":"DBConnection_UDM_TGT","paramLabel":"","paramType-mapping":"Connection","logcnx":"DBConnection_UDM_TGT","default":"bronze/adm_agency_change_log","objectParameterized":"false","visible":"false","defaultTargetUpdateColumns":"","supportApplyDDLChanges":"false","originalPath":"tgt_adm_agency_change_log_Insert"},"targetConnectionId":"@aYZ4ekzHgIPeKpiaoqDLKP","targetObject":"bronze/adm_agency_change_log","targetObjectLabel":"bronze/adm_agency_change_log","newFlatFile":false,"newObject":false,"showBusinessNames":true,"naturalOrder":true,"truncateTarget":false,"bulkApiDBTarget":false,"operationType":"Insert","customFuncCfg":{"@type":"customFuncConfig","id":-1,"connections":[],"inputMap":[],"outputFields":[]},"targetRefsV2":{},"targetUpdateColumns":[],"fieldOrderList":[],"extendedObject":{"@type":"extendedObject","singleMode":true,"filters":[],"sortFields":[]},"runtimeAttrs":{},"isRESTModernSource":true,"commandType":0,"isFileList":false,"handleSpecialChars":false,"handleDecimalRoundOff":false,"frsAsset":false,"dynamicFileName":false,"excludeDynamicFileNameField":false,"currentlyProcessedFileName":false,"retainFieldMetadata":false,"objectName":"bronze/adm_agency_change_log","objectLabel":"bronze/adm_agency_change_log","useExactSrcNames":false,"userUpdated":true,"tgtObjectAttributes":{},"runtimeParameterData":{"@type":"mtTaskRuntimeParameterData","isConnectionRuntimeParameter":true,"isObjectRuntimeParameter":false,"connectionParameterName":"DBConnection_UDM_TGT"},"overridableProperties":[],"dbSchema":"","overriddenFields":[]},{"@type":"mtTaskParameter","id":143932196,"name":"$tgt_adm_agency_change_log_update$","type":"TARGET","label":"DBConnection_UDM_TGT","description":"","uiProperties":{"cnxtype":"Amazon Redshift v2","connectionParameterized":"true","paramName":"DBConnection_UDM_TGT","paramLabel":"","paramType-mapping":"Connection","logcnx":"DBConnection_UDM_TGT","default":"bronze/adm_agency_change_log","objectParameterized":"false","visible":"false","defaultTargetUpdateColumns":"adm_agency_change_log_row_id","supportApplyDDLChanges":"false","originalPath":"tgt_adm_agency_change_log_update"},"targetConnectionId":"@aYZ4ekzHgIPeKpiaoqDLKP","targetObject":"bronze/adm_agency_change_log","targetObjectLabel":"bronze/adm_agency_change_log","newFlatFile":false,"newObject":false,"showBusinessNames":true,"naturalOrder":true,"truncateTarget":false,"bulkApiDBTarget":false,"operationType":"Update","customFuncCfg":{"@type":"customFuncConfig","id":-1,"connections":[],"inputMap":[],"outputFields":[]},"targetRefsV2":{},"targetUpdateColumns":["adm_agency_change_log_row_id"],"fieldOrderList":[],"extendedObject":{"@type":"extendedObject","singleMode":true,"filters":[],"sortFields":[]},"runtimeAttrs":{},"isRESTModernSource":true,"commandType":0,"isFileList":false,"handleSpecialChars":false,"handleDecimalRoundOff":false,"frsAsset":false,"dynamicFileName":false,"excludeDynamicFileNameField":false,"currentlyProcessedFileName":false,"retainFieldMetadata":false,"objectName":"bronze/adm_agency_change_log","objectLabel":"bronze/adm_agency_change_log","useExactSrcNames":false,"userUpdated":true,"tgtObjectAttributes":{},"runtimeParameterData":{"@type":"mtTaskRuntimeParameterData","isConnectionRuntimeParameter":true,"isObjectRuntimeParameter":false,"connectionParameterName":"DBConnection_UDM_TGT"},"overridableProperties":[],"dbSchema":"","overriddenFields":[]}],"sequences":[],"inOutParameters":[{"@type":"mtTaskInOutParameter","id":"-1","name":"raw_schema","description":"","initialValue":"metal","datatype":"STRING","precision":"10","scale":"0","retentionPolicy":"ON_SUCCESS_OR_WARNING","aggregationType":"MAX","currentValue":"metal"},{"@type":"mtTaskInOutParameter","id":"-1","name":"staging_schema","description":"","initialValue":"bronze","datatype":"STRING","precision":"10","scale":"0","retentionPolicy":"ON_SUCCESS_OR_WARNING","aggregationType":"MAX","currentValue":"bronze"},{"@type":"mtTaskInOutParameter","id":"-1","name":"operational_schema","description":"","initialValue":"operations","datatype":"STRING","precision":"10","scale":"0","retentionPolicy":"ON_SUCCESS_OR_WARNING","aggregationType":"MAX","currentValue":"operations"},{"@type":"mtTaskInOutParameter","id":"-1","name":"sourcesystemcode","description":"","initialValue":"ADM","datatype":"STRING","precision":"10","scale":"0","retentionPolicy":"ON_SUCCESS_OR_WARNING","aggregationType":"MAX","currentValue":"ADM"}],"connRuntimeAttrs":[]}]