[{"@type":"mtTask","id":"@1","name":"s_m_load_msgr_view_claim","description":"Session pushed from PC to ICS : s_m_load_msgr_view_claim","runtimeEnvironmentId":"@3pADNCV9u0PcgrXjM7rx0t","maxLogs":10,"verbose":false,"lastRunTime":1713371072000,"mappingId":"@9imMwhntknql54SOMbehGa","frsGuid":"bvsbI16elQxc8DIc2fCmwa","shortDescription":"Session pushed from PC to ICS : s_m_load_msgr_view...","sessionPropertiesList":[{"name":"Allow Temporary Sequence for Pushdown","value":"NO","recommended":false},{"name":"Allow Temporary View for Pushdown","value":"NO","recommended":false},{"name":"Data Column Delimiter","value":"|","recommended":false},{"name":"Error Log File Name","value":"PMError.log","recommended":false},{"name":"Pushdown Optimization","value":"None","recommended":false},{"name":"Pushdown Optimization Context","value":"None","recommended":false},{"name":"Pushdown Optimization Fallback Option","value":"Partial PDO","recommended":false}],"hidden":false,"enableCrossSchemaPushdown":false,"enableParallelRun":false,"autoTunedApplied":false,"autoTunedAppliedType":"NONE","parameterFileName":"Andover_Parm_Peregrine.txt","parameterFileDir":"$PMRootDir/andover/parameters","paramFileType":"PARAM_FILE_LOCAL","schemaMode":"async","valid":true,"schemaValidationErrorCount":-1,"serverlessProperties":{},"taskProperties":[{"@type":"taskProperty","name":"parameterFileDir","currentValue":"$PMRootDir/andover/parameters","type":"STRING","label":"label.parameterFileDir","required":false},{"@type":"taskProperty","name":"parameterFileName","currentValue":"Andover_Parm_Peregrine.txt","type":"STRING","label":"label.parameterFileName","required":false}],"optimizationPlan":"NONE","isMidstreamPreview":false,"parameters":[{"@type":"mtTaskParameter","id":84352685,"name":"$SQ_core_msgr_view_detail$","type":"SOURCE","label":"DBConnection_SRC","description":"","uiProperties":{"cnxtype":"Amazon Redshift v2","connectionParameterized":"true","paramName":"DBConnection_SRC","paramLabel":"","paramType-mapping":"Connection","logcnx":"DBConnection_SRC","isSelectDistinct":"false","objectParameterized":"false","visible":"false","originalPath":"SQ_core_msgr_view_detail"},"sourceConnectionId":"@aYZ4ekzHgIPeKpiaoqDLKP","sourceObject":"DUMMY_SQ_core_msgr_view_detail","newFlatFile":false,"newObject":false,"showBusinessNames":true,"naturalOrder":true,"truncateTarget":false,"bulkApiDBTarget":false,"customFuncCfg":{"@type":"customFuncConfig","id":-1,"connections":[],"inputMap":[],"outputFields":[]},"targetRefsV2":{},"targetUpdateColumns":[],"runtimeAttrs":{},"oprRuntimeAttrs":{"selectDistinct":"NO","TreatNullValueAsNull":"NO","DownloadS3FilesInMultipleParts":"NO","readMode":"Direct"},"isRESTModernSource":true,"customQuery":"SELECT distinct C.PolicyKey,\nC.ClaimNumber,\nC.CatastropheNumber,\nC.CatGroupDesc,\nC.ClaimNumber as claim_key,\nC.LossNoticeNumber,\nC.ClaimStatusCd,\nC.ClaimStatusDt,\nC.LossDt,\nC.LossReportedDt,\nC.FirstReportDt,\nC.ClaimType,\nC.CompanyExaminer,\nC.CatastropheName,\nC.SubLossCauseCd,\nC.LossCauseDesc,\nC.LossCauseCd,\nC.ExaminerProviderRef,\nC.IndependentAdjuster,\nC.DOIComplaintInd,\nC.InSIUInd,\nC.ForRecordOnlyInd,\nC.NoPaymentReason,\nC.ClaimExpert,\nC.RemediationContractor,\nC.CauseOrigin,\nC.PlainTiffCounsel,\nC.DefenseCounsel,\nC.SuitFiledInd,\nC.SubrogationInd,\nS.ResposibleParty,\nS.AdverseCarrier,\nS.TotalRecoveryAmt,\nC.ReportedBy,\nC.ReportedTo\nFROM \"dbo\".\"claimdetail\" C \nLEFT JOIN (\n\tSELECT *\n\tFROM \"dbo\".\"SubrogationDetail\" \n\tWHERE OpenedDt IS NOT NULL\n\t) S ON S.PolicyKey = C.PolicyKey\n\tAND S.ClaimNumber = C.ClaimNumber\nWHERE C.RowEffEndDt = '9999-12-31 00:00:00.000'\n\tAND C.ClaimNumber LIKE 'CLM%'\n\tAND C.ClaimStatusCd != 'Deleted'","isFileList":false,"handleSpecialChars":false,"handleDecimalRoundOff":false,"frsAsset":false,"dynamicFileName":false,"excludeDynamicFileNameField":false,"currentlyProcessedFileName":false,"retainFieldMetadata":false,"objectName":"DUMMY_SQ_core_msgr_view_detail","useExactSrcNames":false,"fetchMode":"ORIGINAL","tgtObjectAttributes":{},"runtimeParameterData":{"@type":"mtTaskRuntimeParameterData","isConnectionRuntimeParameter":true,"isObjectRuntimeParameter":false,"connectionParameterName":"DBConnection_SRC"},"overridableProperties":[],"overriddenFields":[]},{"@type":"mtTaskParameter","id":84352686,"name":"$msgr_view_claim$","type":"TARGET","label":"DBConnection_TGT","description":"","uiProperties":{"cnxtype":"Amazon Redshift v2","connectionParameterized":"true","paramName":"DBConnection_TGT","paramLabel":"","paramType-mapping":"Connection","logcnx":"DBConnection_TGT","default":"dbo/msgr_view_claim","objectParameterized":"false","visible":"false","defaultTargetUpdateColumns":"","supportApplyDDLChanges":"false","originalPath":"msgr_view_claim"},"targetConnectionId":"@aYZ4ekzHgIPeKpiaoqDLKP","targetObject":"dbo/msgr_view_claim","targetObjectLabel":"msgr_view_claim","newFlatFile":false,"newObject":false,"showBusinessNames":true,"naturalOrder":true,"truncateTarget":false,"bulkApiDBTarget":false,"operationType":"Insert","customFuncCfg":{"@type":"customFuncConfig","id":-1,"connections":[],"inputMap":[],"outputFields":[]},"targetRefsV2":{},"targetUpdateColumns":[],"extendedObject":{"@type":"extendedObject","singleMode":true,"filters":[],"sortFields":[]},"runtimeAttrs":{},"isRESTModernSource":true,"isFileList":false,"handleSpecialChars":false,"handleDecimalRoundOff":false,"frsAsset":false,"dynamicFileName":false,"excludeDynamicFileNameField":false,"currentlyProcessedFileName":false,"retainFieldMetadata":false,"objectName":"dbo/msgr_view_claim","objectLabel":"msgr_view_claim","useExactSrcNames":false,"fetchMode":"ORIGINAL","tgtObjectAttributes":{},"runtimeParameterData":{"@type":"mtTaskRuntimeParameterData","isConnectionRuntimeParameter":true,"isObjectRuntimeParameter":false,"connectionParameterName":"DBConnection_TGT"},"overridableProperties":[],"overriddenFields":[]}],"sequences":[],"inOutParameters":[],"connRuntimeAttrs":[]}]