[{"@type":"mappingTemplate","id":"@1","name":"m_Load_Claimant_stg_to_ClaimantDetail","description":"Mapping to load master ClaimantDetail table from Stage table Claimant_Stg","autoExpireObject":false,"bundleVersion":"0","assetFrsGuid":"abjqUJg0IIOh9jtAqzvluS","templateId":"@3","deployTime":1724275785000,"hasParameters":true,"valid":true,"fixedConnection":false,"hasParametersDeployed":true,"fixedConnectionDeployed":false,"isSchemaValidationEnabled":false,"tasks":1,"mappingPreviewFileRecordId":"@2","documentType":"","allowMaxFieldLength":false,"specialCharacterSupport":false,"references":[]}]