[{"@type":"mappingTemplate","id":"@1","name":"m_Ceded_PolicyReinsurancePremium_Stg -unused","description":"","autoExpireObject":false,"bundleVersion":"0","assetFrsGuid":"0senVvot12RgWjHS5bohcz","templateId":"@3","deployTime":1732123304000,"hasParameters":true,"valid":true,"fixedConnection":false,"hasParametersDeployed":true,"fixedConnectionDeployed":false,"isSchemaValidationEnabled":false,"tasks":1,"mappingPreviewFileRecordId":"@2","documentType":"","allowMaxFieldLength":false,"specialCharacterSupport":false,"references":[]}]