[{"@type":"mtTask","id":"@1","name":"cdi_tsk_map_uw_dashboard_endorsement_details_dbo_load","autoExpireObject":false,"runtimeEnvironmentId":"@3pADNCV9u0PcgrXjM7rx0t","maxLogs":10,"verbose":false,"mappingId":"@aIMqNq2TAkLblN67mZ14Qq","frsGuid":"kdMmEClaoG6dsbpP8UUyub","sessionPropertiesList":[{"name":"Pushdown Optimization","value":"None","recommended":false},{"name":"Pushdown Optimization Context","value":"None","recommended":false},{"name":"Pushdown Optimization Fallback Option","value":"Partial PDO","recommended":false}],"hidden":false,"enableCrossSchemaPushdown":true,"enableParallelRun":false,"autoTunedApplied":false,"autoTunedAppliedType":"NONE","parameterFileName":"Andover_Param_ACX.param","parameterFileDir":"$PMRootDir/andover/parameters","paramFileType":"PARAM_FILE_LOCAL","schemaMode":"async","valid":true,"schemaValidationErrorCount":-1,"serverlessProperties":{},"taskProperties":[{"@type":"taskProperty","name":"parameterFileDir","currentValue":"$PMRootDir/andover/parameters","type":"STRING","label":"label.parameterFileDir","required":false},{"@type":"taskProperty","name":"parameterFileName","currentValue":"Andover_Param_ACX.param","type":"STRING","label":"label.parameterFileName","required":false},{"@type":"taskProperty","name":"outboundMessageUrlQueueTime","currentValue":"","type":"NUMBER","label":"label.outboundMessageUrlQueueTime","required":false},{"@type":"taskProperty","name":"outboundMessageUrlToken","currentValue":"","type":"STRING","label":"label.outboundMessageUrlToken","required":false}],"optimizationPlan":"NONE","isMidstreamPreview":false,"allowMaxFieldLength":false,"specialCharacterSupport":false,"useUserDefinedOrder":false,"parameters":[{"@type":"mtTaskParameter","id":132635877,"name":"$src_coverage_items$","type":"SOURCE","label":"DBConnection_SRC","description":"","uiProperties":{"cnxtype":"Amazon Redshift v2","connectionParameterized":"true","paramName":"DBConnection_SRC","paramLabel":"","paramType-mapping":"Connection","logcnx":"DBConnection_SRC","isSelectDistinct":"false","objectParameterized":"false","visible":"false","originalPath":"src_coverage_items"},"sourceConnectionId":"@aYZ4ekzHgIPeKpiaoqDLKP","sourceObject":"DUMMY_src_coverage_items","newFlatFile":false,"newObject":false,"showBusinessNames":true,"naturalOrder":true,"truncateTarget":false,"bulkApiDBTarget":false,"customFuncCfg":{"@type":"customFuncConfig","id":-1,"connections":[],"inputMap":[],"outputFields":[]},"targetRefsV2":{},"targetUpdateColumns":[],"fieldOrderList":[],"runtimeAttrs":{},"isRESTModernSource":true,"customQuery":"SELECT DISTINCT\n    prkr.policy_system_id,\n    prkr.policy_cmm_container,\n    prkr.policy_number,\n    prkr.policy_module_number,\n    prkr.policy_key,\n    prkr.policy_key_code,\n    prkr.risk_id,\n    c.coverage_item_row_source_system_key AS coverage_item_id_from_source_system,\n    c.class_code,\n    c.coverage_item_code,\n    c.source_system_coverage_item_type AS coverage_item_type_from_source_system,\n    c.coverage_item_description,\n    c.engine_displacement_in_cubic_centimeters,\n    c.horsepower,\n    c.inexperienced_operators,\n    c.length,\n    c.vehicle_model_name,\n    c.vehicle_model_year,\n    c.number_of_families,\n    c.operating_area,\n    c.pb_engine_hp1,\n    c.pb_engine_model1,\n    c.pb_max_speed,\n    c.school_name,\n    b.id as building_id,\n    b.motorizedlandconveyanceind AS motorized_land_conveyance_description,\n    b.typeofbusinessone as type_of_business_one,\n    l.coverage_item_limit1,\n    l.coverage_item_limit2,\n    l.coverage_item_limit3,\n    l.coverage_item_limit4,\n    tgt.uw_dashboard_endorsement_detail_row_id,\n    tgt.uw_dashboard_endorsement_detail_md5_hash_value \nFROM $$refined_schema.coverage_items c\nLEFT JOIN $$dbo_schema.building_stg b\n    ON c.source_system_system_id = b.systemid\n   AND c.coverage_item_type = b.cmmcontainer\nLEFT JOIN $$dbo_schema.policy_risk_key_reference prkr\n    ON c.source_system_system_id = prkr.policy_system_id\n   AND c.coverage_item_type = prkr.policy_cmm_container\n   AND prkr.risk_id = b.parentid\nLEFT JOIN (\n    SELECT DISTINCT\n        systemid,\n        parentid,\n        cmmcontainer,\n        MAX(CASE WHEN limitcd = 'ItemLimit1' THEN value END) AS coverage_item_limit1,\n        MAX(CASE WHEN limitcd = 'ItemLimit2' THEN value END) AS coverage_item_limit2,\n        MAX(CASE WHEN limitcd = 'ItemLimit3' THEN value END) AS coverage_item_limit3,\n        MAX(CASE WHEN limitcd = 'ItemLimit4' THEN value END) AS coverage_item_limit4\n    FROM $$dbo_schema.limit_stg\n    GROUP BY systemid, parentid, cmmcontainer\n) l\n    ON c.source_system_system_id = l.systemid\n   AND c.coverage_item_row_source_system_key = l.parentid\n   AND c.coverage_item_type = l.cmmcontainer\nleft join $$dbo_schema.uw_dashboard_endorsement_details tgt \non prkr.policy_system_id = tgt.policy_system_id \nand prkr.policy_cmm_container = tgt.policy_cmm_container \nand prkr.risk_id = tgt.risk_id \nand c.coverage_item_row_source_system_key = tgt.coverage_item_id_from_source_system \nand b.id = tgt.building_id \nand tgt.uw_dashboard_endorsement_detail_row_effective_end_datetime = '9999-12-31'\nWHERE source_system_coverage_item_status = 'Active'\n  AND prkr.policy_risk_key_reference_row_effective_end_date = '9999-12-31'\n  AND c.coverage_item_row_effective_end_datetime = '9999-12-31'\n  and c.coverage_item_row_effective_start_datetime >= $LastRunTime\n  AND prkr.policy_cmm_container = 'Policy'\n  AND c.coverage_item_type = 'Policy'\n  AND l.cmmcontainer = 'Policy'\n  AND b.cmmcontainer = 'Policy'\nUNION\nSELECT DISTINCT\n    prkr.policy_system_id,\n    prkr.policy_cmm_container,\n    prkr.policy_number,\n    prkr.policy_module_number,\n    prkr.policy_key,\n    prkr.policy_key_code,\n    prkr.risk_id,\n    c.coverage_item_row_source_system_key AS coverage_item_id_from_source_system,\n    c.class_code,\n    c.coverage_item_code,\n    c.source_system_coverage_item_type AS coverage_item_type_from_source_system,\n    c.coverage_item_description,\n    c.engine_displacement_in_cubic_centimeters,\n    c.horsepower,\n    c.inexperienced_operators,\n    c.length,\n    c.vehicle_model_name,\n    c.vehicle_model_year,\n    c.number_of_families,\n    c.operating_area,\n    c.pb_engine_hp1,\n    c.pb_engine_model1,\n    c.pb_max_speed,\n    c.school_name,\n    b.building_application_id as building_id,\n    b.building_application_motorized_land_conveyance_description AS motorized_land_conveyance_description,\n    b.building_application_type_of_business_one        AS type_of_business_one,\n    l.coverage_item_limit1,\n    l.coverage_item_limit2,\n    l.coverage_item_limit3,\n    l.coverage_item_limit4,\n    tgt.uw_dashboard_endorsement_detail_row_id,\n    tgt.uw_dashboard_endorsement_detail_md5_hash_value \nFROM $$refined_schema.coverage_items c\nLEFT JOIN $$dbo_schema.building_application_stg b\n    ON c.source_system_system_id = b.building_application_system_id\n   AND c.coverage_item_type = b.building_application_cmm_container \nLEFT JOIN $$dbo_schema.policy_risk_key_reference prkr\n    ON c.source_system_system_id = prkr.policy_system_id\n   AND c.coverage_item_type = prkr.policy_cmm_container\n   AND prkr.risk_id = b.building_application_parent_id \nLEFT JOIN (\n    SELECT DISTINCT\n        systemid,\n        parentid,\n        cmmcontainer,\n        MAX(CASE WHEN limitcd = 'ItemLimit1' THEN value END) AS coverage_item_limit1,\n        MAX(CASE WHEN limitcd = 'ItemLimit2' THEN value END) AS coverage_item_limit2,\n        MAX(CASE WHEN limitcd = 'ItemLimit3' THEN value END) AS coverage_item_limit3,\n        MAX(CASE WHEN limitcd = 'ItemLimit4' THEN value END) AS coverage_item_limit4\n    FROM $$dbo_schema.limit_stg\n    GROUP BY systemid, parentid, cmmcontainer\n) l\n    ON c.source_system_system_id = l.systemid\n   AND c.coverage_item_row_source_system_key = l.parentid\n   and c.coverage_item_type = l.cmmcontainer\nleft join $$dbo_schema.uw_dashboard_endorsement_details tgt \non prkr.policy_system_id = tgt.policy_system_id \nand prkr.policy_cmm_container = tgt.policy_cmm_container \nand prkr.risk_id = tgt.risk_id \nand c.coverage_item_row_source_system_key = tgt.coverage_item_id_from_source_system \nand b.building_application_id = tgt.building_id \nand tgt.uw_dashboard_endorsement_detail_row_effective_end_datetime = '9999-12-31'\nWHERE source_system_coverage_item_status = 'Active'\n  AND prkr.policy_risk_key_reference_row_effective_end_date = '9999-12-31'\n  AND c.coverage_item_row_effective_end_datetime = '9999-12-31'\n  and c.coverage_item_row_effective_start_datetime >= $LastRunTime\n  AND prkr.policy_cmm_container = 'Application'\n  AND c.coverage_item_type = 'Application'\n  AND l.cmmcontainer = 'Application'\n  AND b.building_application_cmm_container = 'Application';","commandType":0,"isFileList":false,"handleSpecialChars":false,"handleDecimalRoundOff":false,"frsAsset":false,"dynamicFileName":false,"excludeDynamicFileNameField":false,"currentlyProcessedFileName":false,"retainFieldMetadata":false,"objectName":"DUMMY_src_coverage_items","useExactSrcNames":false,"userUpdated":true,"tgtObjectAttributes":{},"runtimeParameterData":{"@type":"mtTaskRuntimeParameterData","isConnectionRuntimeParameter":false,"isObjectRuntimeParameter":false,"connectionParameterName":"DBConnection_SRC"},"overridableProperties":[],"overriddenFields":[]},{"@type":"mtTaskParameter","id":132635878,"name":"$tgt_close_expired_records$","type":"TARGET","label":"DBConnection_TGT","description":"","uiProperties":{"cnxtype":"Amazon Redshift v2","connectionParameterized":"true","paramName":"DBConnection_TGT","paramLabel":"","paramType-mapping":"Connection","logcnx":"DBConnection_TGT","default":"dbo/uw_dashboard_endorsement_details","objectParameterized":"false","visible":"false","defaultTargetUpdateColumns":"uw_dashboard_endorsement_detail_row_id","supportApplyDDLChanges":"false","originalPath":"tgt_close_expired_records"},"targetConnectionId":"@aYZ4ekzHgIPeKpiaoqDLKP","targetObject":"dbo/uw_dashboard_endorsement_details","targetObjectLabel":"dbo/uw_dashboard_endorsement_details","newFlatFile":false,"newObject":false,"showBusinessNames":true,"naturalOrder":true,"truncateTarget":false,"bulkApiDBTarget":false,"operationType":"Update","customFuncCfg":{"@type":"customFuncConfig","id":-1,"connections":[],"inputMap":[],"outputFields":[]},"targetRefsV2":{},"targetUpdateColumns":["uw_dashboard_endorsement_detail_row_id"],"fieldOrderList":[],"extendedObject":{"@type":"extendedObject","singleMode":true,"filters":[],"sortFields":[]},"runtimeAttrs":{},"isRESTModernSource":true,"commandType":0,"isFileList":false,"handleSpecialChars":false,"handleDecimalRoundOff":false,"frsAsset":false,"dynamicFileName":false,"excludeDynamicFileNameField":false,"currentlyProcessedFileName":false,"retainFieldMetadata":false,"objectName":"dbo/uw_dashboard_endorsement_details","objectLabel":"dbo/uw_dashboard_endorsement_details","useExactSrcNames":false,"userUpdated":true,"tgtObjectAttributes":{},"runtimeParameterData":{"@type":"mtTaskRuntimeParameterData","isConnectionRuntimeParameter":false,"isObjectRuntimeParameter":false,"connectionParameterName":"DBConnection_TGT"},"overridableProperties":[],"dbSchema":"","overriddenFields":[]},{"@type":"mtTaskParameter","id":132635879,"name":"$tgt_insert_new_records$","type":"TARGET","label":"DBConnection_TGT","description":"","uiProperties":{"cnxtype":"Amazon Redshift v2","connectionParameterized":"true","paramName":"DBConnection_TGT","paramLabel":"","paramType-mapping":"Connection","logcnx":"DBConnection_TGT","default":"dbo/uw_dashboard_endorsement_details","objectParameterized":"false","visible":"false","defaultTargetUpdateColumns":"","supportApplyDDLChanges":"false","originalPath":"tgt_insert_new_records"},"targetConnectionId":"@aYZ4ekzHgIPeKpiaoqDLKP","targetObject":"dbo/uw_dashboard_endorsement_details","targetObjectLabel":"dbo/uw_dashboard_endorsement_details","newFlatFile":false,"newObject":false,"showBusinessNames":true,"naturalOrder":true,"truncateTarget":false,"bulkApiDBTarget":false,"operationType":"Insert","customFuncCfg":{"@type":"customFuncConfig","id":-1,"connections":[],"inputMap":[],"outputFields":[]},"targetRefsV2":{},"targetUpdateColumns":[],"fieldOrderList":[],"extendedObject":{"@type":"extendedObject","singleMode":true,"filters":[],"sortFields":[]},"runtimeAttrs":{},"isRESTModernSource":true,"commandType":0,"isFileList":false,"handleSpecialChars":false,"handleDecimalRoundOff":false,"frsAsset":false,"dynamicFileName":false,"excludeDynamicFileNameField":false,"currentlyProcessedFileName":false,"retainFieldMetadata":false,"objectName":"dbo/uw_dashboard_endorsement_details","objectLabel":"dbo/uw_dashboard_endorsement_details","useExactSrcNames":false,"userUpdated":true,"tgtObjectAttributes":{},"runtimeParameterData":{"@type":"mtTaskRuntimeParameterData","isConnectionRuntimeParameter":false,"isObjectRuntimeParameter":false,"connectionParameterName":"DBConnection_TGT"},"overridableProperties":[],"dbSchema":"","overriddenFields":[]},{"@type":"mtTaskParameter","id":132635880,"name":"$tgt_insert_updated_records$","type":"TARGET","label":"DBConnection_TGT","description":"","uiProperties":{"cnxtype":"Amazon Redshift v2","connectionParameterized":"true","paramName":"DBConnection_TGT","paramLabel":"","paramType-mapping":"Connection","logcnx":"DBConnection_TGT","default":"dbo/uw_dashboard_endorsement_details","objectParameterized":"false","visible":"false","defaultTargetUpdateColumns":"","supportApplyDDLChanges":"false","originalPath":"tgt_insert_updated_records"},"targetConnectionId":"@aYZ4ekzHgIPeKpiaoqDLKP","targetObject":"dbo/uw_dashboard_endorsement_details","targetObjectLabel":"dbo/uw_dashboard_endorsement_details","newFlatFile":false,"newObject":false,"showBusinessNames":true,"naturalOrder":true,"truncateTarget":false,"bulkApiDBTarget":false,"operationType":"Insert","customFuncCfg":{"@type":"customFuncConfig","id":-1,"connections":[],"inputMap":[],"outputFields":[]},"targetRefsV2":{},"targetUpdateColumns":[],"fieldOrderList":[],"extendedObject":{"@type":"extendedObject","singleMode":true,"filters":[],"sortFields":[]},"runtimeAttrs":{},"isRESTModernSource":true,"commandType":0,"isFileList":false,"handleSpecialChars":false,"handleDecimalRoundOff":false,"frsAsset":false,"dynamicFileName":false,"excludeDynamicFileNameField":false,"currentlyProcessedFileName":false,"retainFieldMetadata":false,"objectName":"dbo/uw_dashboard_endorsement_details","objectLabel":"dbo/uw_dashboard_endorsement_details","useExactSrcNames":false,"userUpdated":true,"tgtObjectAttributes":{},"runtimeParameterData":{"@type":"mtTaskRuntimeParameterData","isConnectionRuntimeParameter":false,"isObjectRuntimeParameter":false,"connectionParameterName":"DBConnection_TGT"},"overridableProperties":[],"dbSchema":"","overriddenFields":[]}],"sequences":[],"inOutParameters":[{"@type":"mtTaskInOutParameter","id":"-1","name":"dbo_schema","description":"","initialValue":"dbo","datatype":"STRING","precision":"10","scale":"0","retentionPolicy":"NEVER","aggregationType":"MAX","currentValue":"dbo"},{"@type":"mtTaskInOutParameter","id":"-1","name":"refined_schema","description":"","initialValue":"silver","datatype":"STRING","precision":"10","scale":"0","retentionPolicy":"NEVER","aggregationType":"MAX","currentValue":"silver"}],"connRuntimeAttrs":[]}]