[{"@type":"mappingTemplate","id":"@1","name":"cdi_map_uw_insurance_to_value_reference_ld","description":"","autoExpireObject":false,"bundleVersion":"0","assetFrsGuid":"3MOEmk1HvewioLGvRmULIF","templateId":"@3","deployTime":1744206806000,"hasParameters":true,"valid":true,"fixedConnection":false,"hasParametersDeployed":true,"fixedConnectionDeployed":false,"isSchemaValidationEnabled":false,"tasks":1,"mappingPreviewFileRecordId":"@2","documentType":"MAPPING","allowMaxFieldLength":false,"specialCharacterSupport":false,"references":[]}]