[{"@type":"mtTask","id":"@1","name":"s_m_load_claimant_stg_from_claimant","description":"Session pushed from PC to ICS : s_m_load_claimant_stg_from_claimant","autoExpireObject":false,"runtimeEnvironmentId":"@3pADNCV9u0PcgrXjM7rx0t","maxLogs":10,"verbose":false,"lastRunTime":1701432157000,"mappingId":"@1NlMtrUcvlhg9qq59JvFm0","frsGuid":"25FObrqM54QcGdlyICWZW0","shortDescription":"Session pushed from PC to ICS : s_m_load_claimant_...","sessionPropertiesList":[{"name":"Allow Temporary Sequence for Pushdown","value":"NO","recommended":false},{"name":"Allow Temporary View for Pushdown","value":"NO","recommended":false},{"name":"Commit Interval","value":"10000","recommended":false},{"name":"Commit On End Of File","value":"YES","recommended":false},{"name":"Commit Type","value":"Target","recommended":false},{"name":"Data Column Delimiter","value":"|","recommended":false},{"name":"Error Log File Name","value":"PMError.log","recommended":false},{"name":"Pushdown Optimization","value":"None","recommended":false},{"name":"Pushdown Optimization Context","value":"None","recommended":false},{"name":"Pushdown Optimization Fallback Option","value":"Partial PDO","recommended":false},{"name":"Treat source rows as","value":"Insert","recommended":false}],"hidden":false,"enableCrossSchemaPushdown":false,"enableParallelRun":false,"autoTunedApplied":false,"autoTunedAppliedType":"NONE","parameterFileName":"devidmcsecureagent-secureagent72579156-j5tnwr2hd1yi/parameters/Andover_Param_GW.param","paramFileType":"PARAM_FILE_CLOUD","schemaMode":"async","valid":false,"schemaValidationErrorCount":-1,"paramFileConnectionId":"@azEva6zs2GVd8TkGbhUF48","serverlessProperties":{},"taskProperties":[{"@type":"taskProperty","name":"parameterFileObject","currentValue":"devidmcsecureagent-secureagent72579156-j5tnwr2hd1yi/parameters/Andover_Param_GW.param","type":"STRING","label":"label.parameterFileObject","required":false},{"@type":"taskProperty","name":"paramFileConnectionId","currentValue":"01COEW0B00000000000S","type":"CONNECTION","label":"label.paramFileConnection","required":false},{"@type":"taskProperty","name":"outboundMessageUrlQueueTime","currentValue":"","type":"NUMBER","label":"label.outboundMessageUrlQueueTime","required":false},{"@type":"taskProperty","name":"outboundMessageUrlToken","currentValue":"","type":"STRING","label":"label.outboundMessageUrlToken","required":false}],"isMidstreamPreview":false,"allowMaxFieldLength":false,"specialCharacterSupport":false,"useUserDefinedOrder":false,"parameters":[{"@type":"mtTaskParameter","id":91559999,"name":"$SQ_claimant$","type":"SOURCE","label":"DBConnection_SRCM","description":"","uiProperties":{"cnxtype":"MySQL","connectionParameterized":"true","paramName":"DBConnection_SRCM","paramLabel":"","paramType-mapping":"Connection","logcnx":"DBConnection_SRCM","isSelectDistinct":"false","objectParameterized":"false","visible":"false","originalPath":"SQ_claimant"},"sourceConnectionId":"@jPo49nVatmzbSnPefVZwCV","sourceObject":"DUMMY_SQ_claimant","newFlatFile":false,"newObject":false,"showBusinessNames":true,"naturalOrder":true,"truncateTarget":false,"bulkApiDBTarget":false,"customFuncCfg":{"@type":"customFuncConfig","id":-1,"connections":[],"inputMap":[],"outputFields":[]},"targetRefsV2":{},"targetUpdateColumns":[],"fieldOrderList":[],"runtimeAttrs":{"Sql Override":"SELECT distinct claimant.SystemId,\n                claimant.ParentId,\n                claimant.CMMContainer,\n                claimant.Id,\n                claimant.ClaimantNumber,\n                claimant.ClaimantTypeCd,\n                claimant.ClaimantSubTypeCd,\n                claimant.Comment,\n                claimant.StatusCd,\n                claimant.StatusDt,\n                claimant.InjuryDesc,\n                claimant.MajorTraumaCd,\n                claimant.FatalityInd,\n                claimant.IndexName,\n                claimant.PreferredDeliveryMethod,\n                claimant.InjuryInvolvedInd,\n                claimant.InjuredPartyRelationshipCd,\n                claimant.MedicareReportingFilename,\n                claimant.ClaimantLinkIdRef,\n                claimant.ClaimantLinkDescription,\n                claimant.PreferredPaymentMethodCd,\n                claimant.InternationalInd,\n                claimant.DeathDt,\n                claimant.MMIDt,\n                claimant.MMIPct,\n                claimant.InjuredPartyContacted,\n                claimant.NumberOfDependents,\n                claimant.NatureCd,\n                claimant.BodyPartGeneralCd,\n                claimant.BodyPartSpecificCd,\n                claimant.BodyPartIAIABCCd,\n                claimant.InitialTreatment,\n                claimant.DisabilityTypeCd,\n                claimant.ClassCd,\n                claimant.EmploymentStatusCd,\n                claimant.ShiftCd,\n                claimant.HourlySalaryCd,\n                claimant.AverageWeeklyWagesAmt,\n                claimant.HireDt,\n                claimant.PayrollLocation,\n                claimant.Department,\n                claimant.LastWorkedDt,\n                claimant.MealsLodging,\n                claimant.InpatientOvernight,\n                claimant.EmergencyRoomOnly,\n                claimant.LiabilityDenied,\n                claimant.LiabilityDeniedDesc,\n                claimant.PaidFullWages,\n                claimant.SalaryContinued,\n                claimant.BenefitAmt,\n                claimant.DeathBenefitAmt,\n                claimant.DaysPaid,\n                claimant.WeeksPaid,\n                claimant.UpdateCount,\n                claimant.UpdateUser,\n                claimant.UpdateTimestamp,\n                claimant.Status,\n                claimant.BenefitRate,\n                claimant.OverrideRate,\n                claimant.OverrideRateComments,\n                claimant.ShortDescription,\n                claimant.DetailDescription,\n                claimant.OccupationDescription,\n                claimant.ManagedCareOrganizationTypeCd,\n                claimant.EducationLevel,\n                claimant.PreExistingDisabilityCd,\n                claimant.ReducedBenefitAmountCd,\n                claimant.AdjusterName,\n                claimant.AdjusterCompany,\n                claimant.AttorneyName,\n                claimant.AttorneyFirm,\n                claimant.PhoneNamePA,\n                claimant.PhoneNumberPA,\n                claimant.EmailAddrPA,\n                claimant.PhoneNameAttorney,\n                claimant.PhoneNumberAttorney,\n                claimant.EmailAddrAttorney,\n                claimant.AssignedAdjusterName\nFROM claimant\nwhere claimant.CMMContainer = 'Claim'\n  and claimant.SystemId in (select systemid\n                            from advrxxchangedbeans\n                            where concat(adddt, addtm) >= '2023-11-20 00:00:00.000'\n                              and concat(adddt, addtm) <= '2023-12-02 00:00:00.000'\n                              and cmmcontainer = 'Claim') limit 1000;","Pre SQL":"","Post SQL":"","Schema Name":""},"isRESTModernSource":true,"customQuery":"SELECT distinct claimant.SystemId, claimant.ParentId, claimant.CMMContainer, claimant.Id, claimant.ClaimantNumber, claimant.ClaimantTypeCd, claimant.ClaimantSubTypeCd, claimant.Comment, claimant.StatusCd, claimant.StatusDt, claimant.InjuryDesc, claimant.MajorTraumaCd, claimant.FatalityInd, claimant.IndexName, claimant.PreferredDeliveryMethod, claimant.InjuryInvolvedInd, claimant.InjuredPartyRelationshipCd, claimant.MedicareReportingFilename, claimant.ClaimantLinkIdRef, claimant.ClaimantLinkDescription, claimant.PreferredPaymentMethodCd, claimant.InternationalInd, claimant.DeathDt, claimant.MMIDt, claimant.MMIPct, claimant.InjuredPartyContacted, claimant.NumberOfDependents, claimant.NatureCd, claimant.BodyPartGeneralCd, claimant.BodyPartSpecificCd, claimant.BodyPartIAIABCCd, claimant.InitialTreatment, claimant.DisabilityTypeCd, claimant.ClassCd, claimant.EmploymentStatusCd, claimant.ShiftCd, claimant.HourlySalaryCd, claimant.AverageWeeklyWagesAmt, claimant.HireDt, claimant.PayrollLocation, claimant.Department, claimant.LastWorkedDt, claimant.MealsLodging, claimant.InpatientOvernight, claimant.EmergencyRoomOnly, claimant.LiabilityDenied, claimant.LiabilityDeniedDesc, claimant.PaidFullWages, claimant.SalaryContinued, claimant.BenefitAmt, claimant.DeathBenefitAmt, claimant.DaysPaid, claimant.WeeksPaid, claimant.UpdateCount, claimant.UpdateUser, claimant.UpdateTimestamp, claimant.Status, claimant.BenefitRate, claimant.OverrideRate, claimant.OverrideRateComments, claimant.ShortDescription, claimant.DetailDescription, claimant.OccupationDescription, claimant.ManagedCareOrganizationTypeCd, claimant.EducationLevel, claimant.PreExistingDisabilityCd, claimant.ReducedBenefitAmountCd, claimant.AdjusterName, claimant.AdjusterCompany, claimant.AttorneyName, claimant.AttorneyFirm, claimant.PhoneNamePA, claimant.PhoneNumberPA, claimant.EmailAddrPA, claimant.PhoneNameAttorney, claimant.PhoneNumberAttorney, claimant.EmailAddrAttorney, claimant.AssignedAdjusterName \nFROM\n  claimant where claimant.CMMContainer='Claim' and claimant.SystemId in (select systemid from advrxxchangedbeans where concat(adddt,addtm)>='$$m_strtdt' and concat(adddt,addtm) <='$$m_Enddt' and\n cmmcontainer='Claim')","commandType":0,"isFileList":false,"handleSpecialChars":false,"handleDecimalRoundOff":false,"frsAsset":false,"dynamicFileName":false,"excludeDynamicFileNameField":false,"currentlyProcessedFileName":false,"retainFieldMetadata":false,"objectName":"DUMMY_SQ_claimant","useExactSrcNames":false,"userUpdated":true,"tgtObjectAttributes":{},"runtimeParameterData":{"@type":"mtTaskRuntimeParameterData","isConnectionRuntimeParameter":true,"isObjectRuntimeParameter":false,"connectionParameterName":"DBConnection_SRCM"},"overridableProperties":[],"overriddenFields":[]},{"@type":"mtTaskParameter","id":91560000,"name":"$Claimant_Stg$","type":"TARGET","label":"DBConnection_TGT","description":"","uiProperties":{"cnxtype":"Amazon Redshift v2","connectionParameterized":"true","paramName":"DBConnection_TGT","paramLabel":"","paramType-mapping":"Connection","logcnx":"DBConnection_TGT","default":"dbo/claimant_stg","objectParameterized":"false","visible":"false","defaultTargetUpdateColumns":"","supportApplyDDLChanges":"false","originalPath":"Claimant_Stg"},"targetObject":"dbo/claimant_stg","targetObjectLabel":"claimant_stg","newFlatFile":false,"newObject":false,"showBusinessNames":true,"naturalOrder":true,"truncateTarget":false,"bulkApiDBTarget":false,"operationType":"Insert","customFuncCfg":{"@type":"customFuncConfig","id":-1,"connections":[],"inputMap":[],"outputFields":[]},"targetRefsV2":{},"targetUpdateColumns":[],"fieldOrderList":[],"extendedObject":{"@type":"extendedObject","singleMode":true,"filters":[],"sortFields":[]},"runtimeAttrs":{},"isRESTModernSource":true,"commandType":0,"isFileList":false,"handleSpecialChars":false,"handleDecimalRoundOff":false,"frsAsset":false,"dynamicFileName":false,"excludeDynamicFileNameField":false,"currentlyProcessedFileName":false,"retainFieldMetadata":false,"objectName":"dbo/claimant_stg","objectLabel":"claimant_stg","useExactSrcNames":false,"userUpdated":true,"tgtObjectAttributes":{},"runtimeParameterData":{"@type":"mtTaskRuntimeParameterData","isConnectionRuntimeParameter":true,"isObjectRuntimeParameter":false,"connectionParameterName":"DBConnection_TGT"},"overridableProperties":[],"overriddenFields":[]},{"@type":"mtTaskParameter","id":91560001,"name":"$Lkp_provider$","type":"LOOKUP","label":"DBConnection_SRCM","description":"","uiProperties":{"cnxtype":"MySQL","connectionParameterized":"true","paramName":"DBConnection_SRCM","paramLabel":"","paramType-mapping":"Connection","logcnx":"DBConnection_SRCM","isCachedLookup":"true","multipleMatchPolicy":"Use Any Value","objectParameterized":"false","visible":"false","originalPath":"Lkp_provider"},"lookupObject":"DUMMY_Lkp_provider","newFlatFile":false,"newObject":false,"showBusinessNames":true,"naturalOrder":true,"truncateTarget":false,"bulkApiDBTarget":false,"customFuncCfg":{"@type":"customFuncConfig","id":-1,"connections":[],"inputMap":[],"outputFields":[]},"targetRefsV2":{},"targetUpdateColumns":[],"fieldOrderList":[],"runtimeAttrs":{"Cache File Name Prefix":"","Lookup Index Cache Size":"AUTO","Optional":"true","Lookup cache persistent":"false","Lookup source is static":"false","Lookup Sql Override":"","Update Dynamic Cache Condition":"TRUE","Re-cache from lookup source":"false","Insert Else Update":"false","Lookup caching enabled":"true","Lookup Data Cache Size":"AUTO","Tracing Level":"Normal","Subsecond Precision":"6","Lookup cache directory name":"$PMCacheDir","Output Old Value On Update":"false","Lookup Source Filter":"","Dynamic Lookup Cache":"false","Pre-build lookup cache":"AUTO","Synchronize dynamic cache":"false"},"isRESTModernSource":true,"customQuery":"SELECT  n.CommercialName as IndexName, \np.ProviderTypeCd as ProviderTypeCd, p.SystemId as SystemId,p.ProviderNumber as ProviderNumber\nFROM \nprovider p inner join nameinfo n on\np.systemid=n.systemid\nwhere p.CMMContainer='Provider' \nand n.cmmcontainer='Provider'\nand p.ProviderTypeCd='Outside Adjuster'\nand n.nametypecd='ProviderName'","commandType":0,"isFileList":false,"handleSpecialChars":false,"handleDecimalRoundOff":false,"frsAsset":false,"dynamicFileName":false,"excludeDynamicFileNameField":false,"currentlyProcessedFileName":false,"retainFieldMetadata":false,"objectName":"DUMMY_Lkp_provider","useExactSrcNames":false,"userUpdated":true,"tgtObjectAttributes":{},"runtimeParameterData":{"@type":"mtTaskRuntimeParameterData","isConnectionRuntimeParameter":true,"isObjectRuntimeParameter":false,"connectionParameterName":"DBConnection_SRCM"},"overridableProperties":[],"overriddenFields":[]}],"sequences":[],"inOutParameters":[{"@type":"mtTaskInOutParameter","id":"-1","name":"m_strtdt","description":"","initialValue":"","datatype":"STRING","precision":"120","scale":"0","retentionPolicy":"NEVER","aggregationType":"MAX","currentValue":"2023-10-20 00:00:00.000"},{"@type":"mtTaskInOutParameter","id":"-1","name":"m_Enddt","description":"","initialValue":"","datatype":"STRING","precision":"120","scale":"0","retentionPolicy":"NEVER","aggregationType":"MAX","currentValue":"2023-10-24 00:00:00.000"}],"connRuntimeAttrs":[]}]