[{"@type":"mappingTemplate","id":"@1","name":"cdi_map_adm_commission_plans_bronze_load","description":"","autoExpireObject":false,"bundleVersion":"0","assetFrsGuid":"51T985hgL5WepbEcsMYeSF","templateId":"@3","deployTime":1750769969000,"hasParameters":true,"valid":true,"fixedConnection":false,"hasParametersDeployed":true,"fixedConnectionDeployed":false,"isSchemaValidationEnabled":false,"tasks":1,"mappingPreviewFileRecordId":"@2","documentType":"MAPPING","allowMaxFieldLength":false,"references":[]}]