[{"@type":"mappingTemplate","id":"@1","name":"m_Load_groupguidewire_to_GroupGuidewire_Stg","description":"","autoExpireObject":false,"bundleVersion":"0","assetFrsGuid":"eT1xsKBVHUrfP6GdaJFbiV","templateId":"@3","deployTime":1767814950000,"hasParameters":true,"valid":true,"fixedConnection":false,"hasParametersDeployed":true,"fixedConnectionDeployed":false,"isSchemaValidationEnabled":false,"tasks":1,"mappingPreviewFileRecordId":"@2","documentType":"","allowMaxFieldLength":false,"specialCharacterSupport":false,"references":[]}]