[{"@type":"mappingTemplate","id":"@1","name":"sTEP_4 - Copy 1","description":"","autoExpireObject":false,"bundleVersion":"0","assetFrsGuid":"6xrA8NOfm6vkj92AQalzSV","templateId":"@3","deployTime":1750450899000,"hasParameters":true,"valid":true,"fixedConnection":false,"hasParametersDeployed":true,"fixedConnectionDeployed":false,"isSchemaValidationEnabled":false,"tasks":1,"mappingPreviewFileRecordId":"@2","documentType":"MAPPING","allowMaxFieldLength":false,"specialCharacterSupport":false,"references":[]}]