[{"@type":"mtTask","id":"@1","name":"cdi_tsk_map_uw_insurance_to_value_reference_ld","description":"Mapping task to load insurance to value reference file from S3 bucket to Redshift insurance_to_value_reference tabkle","autoExpireObject":false,"runtimeEnvironmentId":"@3pADNCV9u0PcgrXjM7rx0t","maxLogs":10,"verbose":false,"lastRunTime":1743796461000,"mappingId":"@18IuF5SbPIBhsQ127mieUC","frsGuid":"aulWnXIr74UfosJnVsyUkP","shortDescription":"Mapping task to load insurance to value reference ...","sessionPropertiesList":[{"name":"Pushdown Optimization","value":"None","recommended":false},{"name":"Pushdown Optimization Context","value":"None","recommended":false},{"name":"Pushdown Optimization Fallback Option","value":"Partial PDO","recommended":false}],"hidden":false,"enableCrossSchemaPushdown":true,"enableParallelRun":false,"autoTunedApplied":false,"autoTunedAppliedType":"NONE","parameterFileName":"Andover_Parm_Feed.txt","parameterFileDir":"$PMRootDir/andover/parameters","paramFileType":"PARAM_FILE_LOCAL","schemaMode":"async","valid":true,"schemaValidationErrorCount":-1,"serverlessProperties":{},"taskProperties":[{"@type":"taskProperty","name":"parameterFileDir","currentValue":"$PMRootDir/andover/parameters","type":"STRING","label":"label.parameterFileDir","required":false},{"@type":"taskProperty","name":"parameterFileName","currentValue":"Andover_Parm_Feed.txt","type":"STRING","label":"label.parameterFileName","required":false},{"@type":"taskProperty","name":"outboundMessageUrlQueueTime","currentValue":"","type":"NUMBER","label":"label.outboundMessageUrlQueueTime","required":false},{"@type":"taskProperty","name":"outboundMessageUrlToken","currentValue":"","type":"STRING","label":"label.outboundMessageUrlToken","required":false}],"optimizationPlan":"NONE","isMidstreamPreview":false,"parameters":[{"@type":"mtTaskParameter","id":114821115,"name":"$src_ff_itv_reference$","type":"EXTENDED_SOURCE","label":"FF_Conn_Inbound","description":"","uiProperties":{"cnxtype":"Amazon S3 v2","connectionParameterized":"true","paramName":"FF_Conn_Inbound","paramLabel":"","paramType-mapping":"Connection","logcnx":"FF_Conn_Inbound","isSelectDistinct":"false","isMsrcFilterParameterized":"false","isMsrcSortParameterized":"false","objlabel":"SrcFile","origobjlabel":"","objectParameterized":"true","objDesc":"","objectParamName":"SrcFile","objectParamType-mapping":"DataObject","originalPath":"src_ff_itv_reference"},"sourceConnectionId":"@4PR5UG8LgQbgjcPh0nvIgA","newFlatFile":false,"newObject":false,"showBusinessNames":true,"naturalOrder":true,"truncateTarget":false,"bulkApiDBTarget":false,"customFuncCfg":{"@type":"customFuncConfig","id":-1,"connections":[],"inputMap":[],"outputFields":[]},"targetRefsV2":{},"targetUpdateColumns":[],"extendedObject":{"@type":"extendedObject","object":{"@type":"mObject","name":"advr-dev-inbound-data/internal%2F/bintel%2F/itv_reference%2F/ITV_reference_20250304.csv","label":"ITV_reference_20250304.csv","metadataUpdated":false,"relations":[],"children":[]},"singleMode":true,"objects":[{"@type":"mObject","name":"advr-dev-inbound-data/internal%2F/bintel%2F/itv_reference%2F/ITV_reference_20250304.csv","label":"ITV_reference_20250304.csv","metadataUpdated":false,"relations":[],"children":[]}],"filters":[],"sortFields":[]},"runtimeAttrs":{"Temporary Credential Duration":"43200","Incremental File Load":"NO"},"oprRuntimeAttrs":{"enableIncrementalLoad":"NO","temporaryCredentialDuration":"43200"},"isRESTModernSource":true,"isFileList":false,"handleSpecialChars":false,"handleDecimalRoundOff":false,"frsAsset":false,"dynamicFileName":false,"excludeDynamicFileNameField":false,"currentlyProcessedFileName":false,"retainFieldMetadata":false,"useExactSrcNames":false,"userUpdated":true,"fetchMode":"ORIGINAL","tgtObjectAttributes":{},"dataFormat":{"@type":"dataFormat","formatId":"Flat","schema":"","dataFormatAttributes":{"escapeChar":"\\","rowDelimiter":"","importColumnFromFirstLine":"true","headerLineNumber":"1","maxRowsToPreview":"0","distributionColumn":"","qualifierMode":"MINIMAL","firstDataRow":"2","generateHeader":"true","delimiter":",","qualifier":"\"","targetHeader":"With Header","disableEscapeChar":"true","codePage":"UTF-8","fixedWidthMode":"false"}},"runtimeParameterData":{"@type":"mtTaskRuntimeParameterData","isConnectionRuntimeParameter":true,"isObjectRuntimeParameter":true,"connectionParameterName":"FF_Conn_Inbound","objectParameterName":"SrcFile","objectDefaultValue":"ITV_reference_20250304.csv"},"overridableProperties":[{"@type":"overridableProperty","id":"defaultPrecision","labelKey":"src_ff_itv_reference_defaultPrecision","type":"integer","hidden":false,"required":false,"defaultValue":"","renderingHints":{}},{"@type":"overridableProperty","id":"dataFormat","labelKey":"src_ff_itv_reference_dataFormat","type":"string","hidden":false,"required":false,"defaultValue":"{\n  \"@type\" : \"dataFormat\",\n  \"formatId\" : \"Flat\",\n  \"schema\" : \"\",\n  \"dataFormatAttributes\" : {\n    \"escapeChar\" : \"\\\\\",\n    \"rowDelimiter\" : \"\",\n    \"importColumnFromFirstLine\" : \"true\",\n    \"headerLineNumber\" : \"1\",\n    \"maxRowsToPreview\" : \"0\",\n    \"distributionColumn\" : \"\",\n    \"qualifierMode\" : \"MINIMAL\",\n    \"firstDataRow\" : \"2\",\n    \"generateHeader\" : \"true\",\n    \"delimiter\" : \",\",\n    \"qualifier\" : \"\\\"\",\n    \"targetHeader\" : \"With Header\",\n    \"disableEscapeChar\" : \"true\",\n    \"codePage\" : \"UTF-8\",\n    \"fixedWidthMode\" : \"false\"\n  }\n}","renderingHints":{"renderingType":"json"}}],"overriddenFields":[]},{"@type":"mtTaskParameter","id":114821116,"name":"$Tgt_archive_itrv_reference_file$","type":"TARGET","label":"FF_Conn_Inbound","description":"","uiProperties":{"cnxtype":"Amazon S3 v2","connectionParameterized":"true","paramName":"FF_Conn_Inbound","paramLabel":"","paramType-mapping":"Connection","logcnx":"FF_Conn_Inbound","objlabel":"ArcFile","origobjlabel":"","objectParameterized":"true","objDesc":"","objectParamName":"ArcFile","objectParamType-mapping":"DataObject","defaultTargetUpdateColumns":"","supportApplyDDLChanges":"true","originalPath":"Tgt_archive_itrv_reference_file"},"targetConnectionId":"@4PR5UG8LgQbgjcPh0nvIgA","targetObject":"ITV_Reference.csv","targetObjectLabel":"ITV_Reference.csv","newFlatFile":false,"newObject":true,"showBusinessNames":true,"naturalOrder":true,"newObjectName":"ITV_Reference.csv","truncateTarget":false,"bulkApiDBTarget":false,"operationType":"Insert","customFuncCfg":{"@type":"customFuncConfig","id":-1,"connections":[],"inputMap":[],"outputFields":[]},"targetRefsV2":{},"targetUpdateColumns":[],"extendedObject":{"@type":"extendedObject","singleMode":true,"filters":[],"sortFields":[]},"runtimeAttrs":{},"isRESTModernSource":true,"isFileList":false,"handleSpecialChars":false,"handleDecimalRoundOff":false,"frsAsset":false,"dynamicFileName":false,"excludeDynamicFileNameField":false,"currentlyProcessedFileName":false,"retainFieldMetadata":false,"objectName":"ITV_Reference.csv","objectLabel":"ITV_Reference.csv","useExactSrcNames":false,"userUpdated":true,"fetchMode":"ORIGINAL","tgtObjectAttributes":{},"targetSchemaMode":"DONT_APPLY_CHANGES","dataFormat":{"@type":"dataFormat","formatId":"Flat","dataFormatAttributes":{"escapeChar":"\\","rowDelimiter":"","importColumnFromFirstLine":"true","headerLineNumber":"1","maxRowsToPreview":"0","distributionColumn":"","qualifierMode":"MINIMAL","firstDataRow":"2","generateHeader":"true","delimiter":",","qualifier":"\"","targetHeader":"With Header","disableEscapeChar":"true","codePage":"UTF-8","fixedWidthMode":"false"}},"runtimeParameterData":{"@type":"mtTaskRuntimeParameterData","isConnectionRuntimeParameter":true,"isObjectRuntimeParameter":false,"connectionParameterName":"FF_Conn_Inbound","objectParameterName":"ArcFile"},"overridableProperties":[],"targetSchemaProviderType":"SELECTED_OBJECT","overriddenFields":[]},{"@type":"mtTaskParameter","id":114821117,"name":"$Tgt_insurance_to_value_reference$","type":"TARGET","label":"DBConnection_TGT","description":"","uiProperties":{"cnxtype":"Amazon Redshift v2","connectionParameterized":"true","paramName":"DBConnection_TGT","paramLabel":"","paramType-mapping":"Connection","logcnx":"DBConnection_TGT","default":"dbo/insurance_to_value_reference","objectParameterized":"false","visible":"false","defaultTargetUpdateColumns":"","supportApplyDDLChanges":"false","originalPath":"Tgt_insurance_to_value_reference"},"targetConnectionId":"@aYZ4ekzHgIPeKpiaoqDLKP","targetObject":"dbo/insurance_to_value_reference","targetObjectLabel":"dbo/insurance_to_value_reference","newFlatFile":false,"newObject":false,"showBusinessNames":true,"naturalOrder":true,"truncateTarget":false,"bulkApiDBTarget":false,"operationType":"Insert","customFuncCfg":{"@type":"customFuncConfig","id":-1,"connections":[],"inputMap":[],"outputFields":[]},"targetRefsV2":{},"targetUpdateColumns":[],"extendedObject":{"@type":"extendedObject","singleMode":true,"filters":[],"sortFields":[]},"runtimeAttrs":{},"isRESTModernSource":true,"isFileList":false,"handleSpecialChars":false,"handleDecimalRoundOff":false,"frsAsset":false,"dynamicFileName":false,"excludeDynamicFileNameField":false,"currentlyProcessedFileName":false,"retainFieldMetadata":false,"objectName":"dbo/insurance_to_value_reference","objectLabel":"dbo/insurance_to_value_reference","useExactSrcNames":false,"userUpdated":true,"fetchMode":"ORIGINAL","tgtObjectAttributes":{},"runtimeParameterData":{"@type":"mtTaskRuntimeParameterData","isConnectionRuntimeParameter":true,"isObjectRuntimeParameter":false,"connectionParameterName":"DBConnection_TGT"},"overridableProperties":[],"targetSchemaProviderType":"SELECTED_OBJECT","overriddenFields":[]}],"sequences":[],"inOutParameters":[{"@type":"mtTaskInOutParameter","id":"-1","name":"FileName","description":"","initialValue":"","datatype":"STRING","precision":"100","scale":"0","retentionPolicy":"NEVER","aggregationType":"MAX","currentValue":""}],"connRuntimeAttrs":[]}]