[{"@type":"mappingTemplate","id":"@1","name":"cdi_map_uw_silver_uw_dashboard_address_details_Id","description":"","autoExpireObject":false,"bundleVersion":"0","assetFrsGuid":"8Mb35is2Ddjjxma0CVrZWS","templateId":"@3","deployTime":1748380300000,"hasParameters":true,"valid":true,"fixedConnection":false,"hasParametersDeployed":true,"fixedConnectionDeployed":false,"isSchemaValidationEnabled":false,"tasks":1,"mappingPreviewFileRecordId":"@2","documentType":"MAPPING","allowMaxFieldLength":false,"specialCharacterSupport":false,"references":[]}]