[{"@type":"mtTask","id":"@1","name":"s_m_Load_Task_To_Task_stg","description":"Session pushed from PC to ICS : s_m_Load_Task_To_Task_stg","runtimeEnvironmentId":"@3pADNCV9u0PcgrXjM7rx0t","maxLogs":10,"verbose":false,"lastRunTime":1712066072000,"mappingId":"@6LXhD6OGuwweHYzwAadzaC","frsGuid":"bhVqmIq7b0Ybp6q5Oiozwz","shortDescription":"Session pushed from PC to ICS : s_m_Load_Task_To_T...","sessionPropertiesList":[{"name":"Allow Temporary Sequence for Pushdown","value":"NO","recommended":false},{"name":"Allow Temporary View for Pushdown","value":"NO","recommended":false},{"name":"Cache LOOKUP() function","value":"YES","recommended":false},{"name":"Commit On End Of File","value":"YES","recommended":false},{"name":"Data Column Delimiter","value":"|","recommended":false},{"name":"Error Log File Name","value":"PMError.log","recommended":false},{"name":"Log Row Data","value":"YES","recommended":false},{"name":"Override tracing","value":"Normal","recommended":false},{"name":"Pushdown Optimization","value":"None","recommended":false},{"name":"Pushdown Optimization Context","value":"None","recommended":false},{"name":"Pushdown Optimization Fallback Option","value":"Partial PDO","recommended":false},{"name":"Stop on errors","value":"1","recommended":false}],"enableCrossSchemaPushdown":false,"enableParallelRun":false,"autoTunedApplied":false,"autoTunedAppliedType":"NONE","parameterFileName":"Andover_Param_GW.param","parameterFileDir":"$PMRootDir/andover/parameters","paramFileType":"PARAM_FILE_LOCAL","schemaMode":"async","valid":true,"schemaValidationErrorCount":-1,"serverlessProperties":{},"taskProperties":[{"@type":"taskProperty","name":"parameterFileDir","currentValue":"$PMRootDir/andover/parameters","type":"STRING","label":"label.parameterFileDir","required":false},{"@type":"taskProperty","name":"parameterFileName","currentValue":"Andover_Param_GW.param","type":"STRING","label":"label.parameterFileName","required":false}],"parameters":[{"@type":"mtTaskParameter","id":82025115,"name":"$Src_task$","type":"SOURCE","label":"DBConnection_SRCM","description":"","uiProperties":{"cnxtype":"MySQL","connectionParameterized":"true","paramName":"DBConnection_SRCM","paramLabel":"","paramType-mapping":"Connection","logcnx":"DBConnection_SRCM","isSelectDistinct":"false","objectParameterized":"false","visible":"false","originalPath":"Src_task"},"sourceConnectionId":"@jPo49nVatmzbSnPefVZwCV","sourceObject":"DUMMY_Src_task","newFlatFile":false,"newObject":false,"showBusinessNames":true,"naturalOrder":true,"truncateTarget":false,"bulkApiDBTarget":false,"customFuncCfg":{"@type":"customFuncConfig","id":-1,"connections":[],"inputMap":[],"outputFields":[]},"targetRefsV2":{},"targetUpdateColumns":[],"runtimeAttrs":{},"isRESTModernSource":true,"customQuery":"SELECT distinct task.SystemId, \ntask.ParentId, \ntask.CMMContainer, \ntask.Id, \ntask.UpdateCount, \ntask.UpdateUser, \ntask.UpdateTimestamp, \ntask.Version, \ntask.TemplateId, \ntask.Name, \ntask.Priority, \ntask.Description, \ntask.OriginalOwner, \ntask.OriginalOwnerCd, \ntask.Text, \ntask.WorkDt, \ntask.CriticalDtInd, \ntask.CriticalDt, \ntask.ReminderInd, \ntask.ReminderDt, \ntask.ReportToInd, \ntask.ReportTo, \ntask.ReportToCd, \ntask.RepeatingInd, \ntask.Note, \ntask.Comments, \ntask.AddedByUserId, \ntask.Status, \ntask.AddDt, \ntask.AddTm, \ntask.CompleteDt, \ntask.CompleteTm, \ntask.CompletedByUserId, \ntask.WorkRequiredInd, \ntask.CurrentOwner, \ntask.CurrentOwnerCd, \ntask.EscalatedInd, \ntask.NotificationRequestRef, \ntask.FromEmail, \ntask.ToEmail, \ntask.ReplyToEmail, \ntask.Subject, \ntask.GoverningStateCd, \ntask.ProductName, \ntask.LicenseClassCd, \ntask.CarrierGroupCd, \ntask.CarrierCd, \ntask.PolicyTypeCd, \ntask.PolicyGroupCd, \ntask.AssignedProducerCd, \ntask.AssignedProducerName, \ntask.AgencyCd, \ntask.AgencyName, \ntask.AgencyGroupCd, \ntask.AgencyGroupName, \ntask.LossCauseCd, \ntask.ExaminerCd, \ntask.ExaminerName, \ntask.BranchCd, \ntask.InSIUInd, \ntask.DOIComplaintInd, \ntask.CatastropheInd, \ntask.ClaimStatus, \ntask.InjuryInvolvedInd, \ntask.SubrogationId, \ntask.InstallmentNumber, \ntask.CustomerName, \ntask.ServicingProducerCd, \ntask.ServicingProducerName, \ntask.RowId \nFROM\n task task \nwhere task.Systemid in (\nselect systemid from advrxxchangedbeans where concat(adddt,addtm)>='$$m_strtdt' and concat(adddt,addtm) <='$$m_Enddt' and\n cmmcontainer='Task'\n)","isFileList":false,"handleSpecialChars":false,"handleDecimalRoundOff":false,"frsAsset":false,"dynamicFileName":false,"excludeDynamicFileNameField":false,"currentlyProcessedFileName":false,"retainFieldMetadata":false,"objectName":"DUMMY_Src_task","useExactSrcNames":false,"tgtObjectAttributes":{},"runtimeParameterData":{"@type":"mtTaskRuntimeParameterData","isConnectionRuntimeParameter":true,"isObjectRuntimeParameter":false,"connectionParameterName":"DBConnection_SRCM"},"overridableProperties":[],"overriddenFields":[]},{"@type":"mtTaskParameter","id":82025116,"name":"$Tgt_task_stg$","type":"TARGET","label":"DBConnection_TGT","description":"","uiProperties":{"cnxtype":"Amazon Redshift v2","connectionParameterized":"true","paramName":"DBConnection_TGT","paramLabel":"","paramType-mapping":"Connection","logcnx":"DBConnection_TGT","default":"dbo/task_stg","objectParameterized":"false","visible":"false","defaultTargetUpdateColumns":"","supportApplyDDLChanges":"false","originalPath":"Tgt_task_stg"},"targetConnectionId":"@aYZ4ekzHgIPeKpiaoqDLKP","targetObject":"dbo/task_stg","targetObjectLabel":"task_stg","newFlatFile":false,"newObject":false,"showBusinessNames":true,"naturalOrder":true,"truncateTarget":false,"bulkApiDBTarget":false,"operationType":"Insert","customFuncCfg":{"@type":"customFuncConfig","id":-1,"connections":[],"inputMap":[],"outputFields":[]},"targetRefsV2":{},"targetUpdateColumns":[],"extendedObject":{"@type":"extendedObject","singleMode":true,"filters":[],"sortFields":[]},"runtimeAttrs":{},"isRESTModernSource":true,"isFileList":false,"handleSpecialChars":false,"handleDecimalRoundOff":false,"frsAsset":false,"dynamicFileName":false,"excludeDynamicFileNameField":false,"currentlyProcessedFileName":false,"retainFieldMetadata":false,"objectName":"dbo/task_stg","objectLabel":"task_stg","useExactSrcNames":false,"tgtObjectAttributes":{},"runtimeParameterData":{"@type":"mtTaskRuntimeParameterData","isConnectionRuntimeParameter":true,"isObjectRuntimeParameter":false,"connectionParameterName":"DBConnection_TGT"},"overridableProperties":[],"overriddenFields":[]}],"sequences":[],"inOutParameters":[{"@type":"mtTaskInOutParameter","id":"-1","name":"m_strtdt","description":"","initialValue":"","datatype":"STRING","precision":"120","scale":"0","retentionPolicy":"NEVER","aggregationType":"MAX","currentValue":""},{"@type":"mtTaskInOutParameter","id":"-1","name":"m_Enddt","description":"","initialValue":"","datatype":"STRING","precision":"120","scale":"0","retentionPolicy":"NEVER","aggregationType":"MAX","currentValue":""}],"connRuntimeAttrs":[]}]