[{"@type":"mtTask","id":"@1","name":"s_m_Audit_Load_Balancing_STG_to_Master_Ld_Weekly","description":"Session pushed from PC to ICS : s_m_Audit_Load_Balancing_STG_to_Master_Ld_Weekly","runtimeEnvironmentId":"@l5ReTxe0L4Udpq0dXr0vIZ","maxLogs":10,"verbose":true,"mappingId":"@9RgoxSakmwYjpAW2c9B1Ur","frsGuid":"3H5wOLDzgHneveUg7yN485","shortDescription":"Session pushed from PC to ICS : s_m_Audit_Load_Bal...","sessionPropertiesList":[{"name":"Allow Temporary Sequence for Pushdown","value":"NO","recommended":false},{"name":"Allow Temporary View for Pushdown","value":"NO","recommended":false},{"name":"Commit Interval","value":"10000","recommended":false},{"name":"Commit On End Of File","value":"YES","recommended":false},{"name":"Commit Type","value":"Target","recommended":false},{"name":"Data Column Delimiter","value":"|","recommended":false},{"name":"Error Log File Name","value":"PMError.log","recommended":false},{"name":"Pushdown Optimization","value":"None","recommended":false},{"name":"Pushdown Optimization Context","value":"None","recommended":false},{"name":"Pushdown Optimization Fallback Option","value":"Partial PDO","recommended":false},{"name":"Treat source rows as","value":"Insert","recommended":false}],"hidden":false,"enableCrossSchemaPushdown":false,"enableParallelRun":false,"autoTunedApplied":false,"autoTunedAppliedType":"NONE","parameterFileName":"Andover_Param_GW.param","parameterFileDir":"$PMRootDir/andover/parameters","paramFileType":"PARAM_FILE_LOCAL","schemaMode":"async","valid":true,"schemaValidationErrorCount":-1,"serverlessProperties":{},"taskProperties":[{"@type":"taskProperty","name":"parameterFileDir","currentValue":"$PMRootDir/andover/parameters","type":"STRING","label":"label.parameterFileDir","required":false},{"@type":"taskProperty","name":"parameterFileName","currentValue":"Andover_Param_GW.param","type":"STRING","label":"label.parameterFileName","required":false},{"@type":"taskProperty","name":"outboundMessageUrlQueueTime","currentValue":"","type":"NUMBER","label":"label.outboundMessageUrlQueueTime","required":false},{"@type":"taskProperty","name":"outboundMessageUrlToken","currentValue":"","type":"STRING","label":"label.outboundMessageUrlToken","required":false}],"jobPriority":"MEDIUM","optimizationPlan":"NONE","isMidstreamPreview":false,"parameters":[{"@type":"mtTaskParameter","id":92454337,"name":"$SQ_Load_Balancing_Import_to_Master$","type":"SOURCE","label":"DBConnection_SRC","description":"","uiProperties":{"cnxtype":"Amazon Redshift v2","connectionParameterized":"true","paramName":"DBConnection_SRC","paramLabel":"","paramType-mapping":"Connection","logcnx":"DBConnection_SRC","isSelectDistinct":"false","objectParameterized":"false","visible":"false","originalPath":"SQ_Load_Balancing_Import_to_Master"},"sourceConnectionId":"@kz9Es8IGoicjZNLnrhio0E","sourceObject":"DUMMY_SQ_Load_Balancing_Import_to_Master","newFlatFile":false,"newObject":false,"showBusinessNames":true,"naturalOrder":true,"truncateTarget":false,"bulkApiDBTarget":false,"customFuncCfg":{"@type":"customFuncConfig","id":-1,"connections":[],"inputMap":[],"outputFields":[]},"targetRefsV2":{},"targetUpdateColumns":[],"runtimeAttrs":{},"isRESTModernSource":true,"customQuery":"SELECT dbo.load_balancing_import_to_master.Import_Policy_Count, dbo.load_balancing_import_to_master.Import_Claim_count,\n       dbo.load_balancing_import_to_master.Import_MTDWrittenPremiumAmt, dbo.load_balancing_import_to_master.Import_MTDEarnedPremiumAmount,\n       dbo.load_balancing_import_to_master.Import_LossExpense, dbo.load_balancing_import_to_master.Import_LossPaid,\n       dbo.load_balancing_import_to_master.Master_Policy_Count, dbo.load_balancing_import_to_master.Master_Claim_count,\n       dbo.load_balancing_import_to_master.Master_MTDWrittenPremiumAmt, dbo.load_balancing_import_to_master.Master_MTDEarnedPremiumAmount,\n       dbo.load_balancing_import_to_master.Master_LossExpense, dbo.load_balancing_import_to_master.Master_LossPaid,\n       dbo.load_balancing_import_to_master.Variance_Policy_Count, dbo.load_balancing_import_to_master.Variance_Claim_count,\n       dbo.load_balancing_import_to_master.Variance_MTDWrittenPremiumAmt, dbo.load_balancing_import_to_master.Variance_MTDEarnedPremiumAmount,\n       dbo.load_balancing_import_to_master.Variance_LossExpense, dbo.load_balancing_import_to_master.Variance_LossPaid,\n       dbo.load_balancing_import_to_master.RowInsDt\nFROM\n dbo.load_balancing_import_to_master  where\nRowinsdt in (select max(Rowinsdt) from dbo.load_balancing_import_to_master)","isFileList":false,"handleSpecialChars":false,"handleDecimalRoundOff":false,"frsAsset":false,"dynamicFileName":false,"excludeDynamicFileNameField":false,"currentlyProcessedFileName":false,"retainFieldMetadata":false,"objectName":"DUMMY_SQ_Load_Balancing_Import_to_Master","useExactSrcNames":false,"fetchMode":"ORIGINAL","tgtObjectAttributes":{},"runtimeParameterData":{"@type":"mtTaskRuntimeParameterData","isConnectionRuntimeParameter":true,"isObjectRuntimeParameter":false,"connectionParameterName":"DBConnection_SRC"},"overridableProperties":[],"overriddenFields":[]},{"@type":"mtTaskParameter","id":92454338,"name":"$SQ_claimdetail$","type":"SOURCE","label":"DBConnection_SRC","description":"","uiProperties":{"cnxtype":"Amazon Redshift v2","connectionParameterized":"true","paramName":"DBConnection_SRC","paramLabel":"","paramType-mapping":"Connection","logcnx":"DBConnection_SRC","isSelectDistinct":"false","objectParameterized":"false","visible":"false","originalPath":"SQ_claimdetail"},"sourceConnectionId":"@kz9Es8IGoicjZNLnrhio0E","sourceObject":"DUMMY_SQ_claimdetail","newFlatFile":false,"newObject":false,"showBusinessNames":true,"naturalOrder":true,"truncateTarget":false,"bulkApiDBTarget":false,"customFuncCfg":{"@type":"customFuncConfig","id":-1,"connections":[],"inputMap":[],"outputFields":[]},"targetRefsV2":{},"targetUpdateColumns":[],"runtimeAttrs":{},"isRESTModernSource":true,"customQuery":"select coalesce(Policy_Count, 0) as Policy_Count,\ncoalesce(Claim_count, 0) as Claim_Count,\ncoalesce(MTDWrittenPremiumAmt, 0) as MTDWrittenPremiumAmt,\ncoalesce(MTDEarnedPremiumAmount, 0) as MTDEarnedPremiumAmt,\ncoalesce(LossExpense, 0) as LossExpense,\ncoalesce(LossPaid, 0) as LossPaid\nfrom\n(select\nmax(Policy_Count) as Policy_Count,\nmax(Claim_count) as Claim_count,\nmax(MTDWrittenPremiumAmt) as MTDWrittenPremiumAmt,\nmax(MTDEarnedPremiumAmount) as MTDEarnedPremiumAmount,\nmax(LossExpense) as LossExpense,\nmax(LossPaid) as LossPaid\nfrom\n(select count(policykey) as Policy_Count\nfrom\n(select\ndistinct policykey\nfrom dbo.policydetail\nwhere PolicySystemId in\n(select SystemId from dbo.basicpolicy_stg))x)BP\nleft join\n(select count(claimnumber) as Claim_count\nfrom (select distinct cd.claimnumber\nfrom dbo.claimdetail cd\njoin (select claimnumber, SystemId from dbo.claim_stg)cs\non cd.ClaimNumber = cs.ClaimNumber\nand cd.ClaimSystemId = cs.SystemId)r)C\non 1=1\nleft join\n(select\ncoalesce(sum(LossULAEExpense) + sum(LossALAEExpense),0) as LossExpense,\ncoalesce(sum(LossPaidAmt),0) as LossPaid\nfrom dbo.claimtransaction\njoin\n(select distinct SystemId, BookDt from dbo.claimstats_stg) stg\non ClaimTransaction.ClaimStatSystemId = stg.SystemId\nand ClaimTransaction.BookDt = stg.BookDt\nwhere\nroweffenddt = '9999-12-31'\n)CMS\non 1=1\nleft join\n(select\ncoalesce(sum(MTDWrittenPremiumAmt),0) as MTDWrittenPremiumAmt,\ncoalesce(sum(MTDEarnedPremiumAmount),0) as MTDEarnedPremiumAmount\nfrom dbo.earnedpremiumfact\nwhere Adddt in\n(select distinct updatedt from dbo.policysummarystats_stg))PSS\non 1=1\n)TGTLoadBalancing","isFileList":false,"handleSpecialChars":false,"handleDecimalRoundOff":false,"frsAsset":false,"dynamicFileName":false,"excludeDynamicFileNameField":false,"currentlyProcessedFileName":false,"retainFieldMetadata":false,"objectName":"DUMMY_SQ_claimdetail","useExactSrcNames":false,"fetchMode":"ORIGINAL","tgtObjectAttributes":{},"runtimeParameterData":{"@type":"mtTaskRuntimeParameterData","isConnectionRuntimeParameter":true,"isObjectRuntimeParameter":false,"connectionParameterName":"DBConnection_SRC"},"overridableProperties":[],"overriddenFields":[]},{"@type":"mtTaskParameter","id":92454339,"name":"$SQ_claimstats_stg$","type":"SOURCE","label":"DBConnection_SRC","description":"","uiProperties":{"cnxtype":"Amazon Redshift v2","connectionParameterized":"true","paramName":"DBConnection_SRC","paramLabel":"","paramType-mapping":"Connection","logcnx":"DBConnection_SRC","isSelectDistinct":"false","objectParameterized":"false","visible":"false","originalPath":"SQ_claimstats_stg"},"sourceConnectionId":"@kz9Es8IGoicjZNLnrhio0E","sourceObject":"DUMMY_SQ_claimstats_stg","newFlatFile":false,"newObject":false,"showBusinessNames":true,"naturalOrder":true,"truncateTarget":false,"bulkApiDBTarget":false,"customFuncCfg":{"@type":"customFuncConfig","id":-1,"connections":[],"inputMap":[],"outputFields":[]},"targetRefsV2":{},"targetUpdateColumns":[],"runtimeAttrs":{},"isRESTModernSource":true,"customQuery":"select coalesce(Policy_Count, 0) as Policy_Count,\ncoalesce(Claim_count, 0) as Claim_Count,\ncoalesce(MTDWrittenPremiumAmt, 0) as MTDWrittenPremiumAmt,\ncoalesce(MTDEarnedPremiumAmount, 0) as MTDEarnedPremiumAmount,\ncoalesce(LossExpense,0) as LossExpense,\ncoalesce(LossPaid,0) as LossPaid\nfrom\n(select\nmax(Policy_Count) as Policy_Count,\nmax(Claim_count) as Claim_count,\nmax(MTDWrittenPremiumAmt) as MTDWrittenPremiumAmt,\nmax(MTDEarnedPremiumAmount) as MTDEarnedPremiumAmount,\n(sum(ULAEExpense)+sum(ALAEExpense)) as LossExpense,\nsum(LossPaid) as LossPaid\nfrom\n(select count(policykey) as Policy_Count from\n(select distinct concat(policynumber,policyversion) as policykey from dbo.basicpolicy_stg)x)BP\nleft join (select count(claimnumber) as Claim_count from (select distinct claimnumber from dbo.claim_stg)r)C\non 1=1\nleft join\n(select\ncoalesce(sum(case when upper(ReserveCd) = 'ADJUSTMENT' then PaidAmt else 0 end),0) as ULAEExpense,\ncoalesce(sum(case when upper(ReserveCd)='DEFENSE' then PaidAmt else 0 end),0) as ALAEExpense,\ncoalesce(sum(case when upper(ReserveCd) = 'INDEMNITY' then PaidAmt else 0 end),0) as LossPaid\nfrom\n(SELECT\n  coalesce(sum(Claimstats_Stg.PaidAmt),0) as PaidAmt,\n coalesce(Claimstats_Stg.ReserveCd, 'N/A') ReserveCd,\n coalesce(Claimstats_Stg.ClaimantTransactionCd,'N/A') ClaimantTransactionCd\n from dbo.claimstats_stg  ClaimStats_stg\n group by\n Claimstats_Stg.ReserveCd,\n Claimstats_Stg.ClaimantTransactionCd\n)claimstats)CS\non 1=1\nleft join (select coalesce(sum(case when ltrim(rtrim(FeeCd)) in ('HealthyHomesFundFee', 'NJGFFee', 'NYFFFee') then 0 else MTDWrittenPremiumAmt end),0) as MTDWrittenPremiumAmt,\ncoalesce(sum(case when ltrim(rtrim(FeeCd)) in ('HealthyHomesFundFee', 'NJGFFee', 'NYFFFee') then 0 else MTDEarnedPremiumAmt end),0) as MTDEarnedPremiumAmount from dbo.policysummarystats_stg)PSS\non 1=1\n)STGLoadBalancing","isFileList":false,"handleSpecialChars":false,"handleDecimalRoundOff":false,"frsAsset":false,"dynamicFileName":false,"excludeDynamicFileNameField":false,"currentlyProcessedFileName":false,"retainFieldMetadata":false,"objectName":"DUMMY_SQ_claimstats_stg","useExactSrcNames":false,"fetchMode":"ORIGINAL","tgtObjectAttributes":{},"runtimeParameterData":{"@type":"mtTaskRuntimeParameterData","isConnectionRuntimeParameter":true,"isObjectRuntimeParameter":false,"connectionParameterName":"DBConnection_SRC"},"overridableProperties":[],"overriddenFields":[]},{"@type":"mtTaskParameter","id":92454340,"name":"$Target1$","type":"TARGET","label":"DBConnection_TGT","description":"","uiProperties":{"cnxtype":"Amazon Redshift v2","connectionParameterized":"true","paramName":"DBConnection_TGT","paramLabel":"","paramType-mapping":"Connection","logcnx":"DBConnection_TGT","default":"dbo/load_balancing_import_to_master","objectParameterized":"false","visible":"false","defaultTargetUpdateColumns":"","supportApplyDDLChanges":"false","originalPath":"Target1"},"targetConnectionId":"@kz9Es8IGoicjZNLnrhio0E","targetObject":"dbo/load_balancing_import_to_master","targetObjectLabel":"load_balancing_import_to_master","newFlatFile":false,"newObject":false,"showBusinessNames":true,"naturalOrder":true,"truncateTarget":false,"bulkApiDBTarget":false,"operationType":"Insert","customFuncCfg":{"@type":"customFuncConfig","id":-1,"connections":[],"inputMap":[],"outputFields":[]},"targetRefsV2":{},"targetUpdateColumns":[],"extendedObject":{"@type":"extendedObject","singleMode":true,"filters":[],"sortFields":[]},"runtimeAttrs":{},"isRESTModernSource":true,"isFileList":false,"handleSpecialChars":false,"handleDecimalRoundOff":false,"frsAsset":false,"dynamicFileName":false,"excludeDynamicFileNameField":false,"currentlyProcessedFileName":false,"retainFieldMetadata":false,"objectName":"dbo/load_balancing_import_to_master","objectLabel":"load_balancing_import_to_master","useExactSrcNames":false,"fetchMode":"ORIGINAL","tgtObjectAttributes":{},"runtimeParameterData":{"@type":"mtTaskRuntimeParameterData","isConnectionRuntimeParameter":true,"isObjectRuntimeParameter":false,"connectionParameterName":"DBConnection_TGT"},"overridableProperties":[],"targetSchemaProviderType":"SELECTED_OBJECT","overriddenFields":[]},{"@type":"mtTaskParameter","id":92454341,"name":"$Target2$","type":"TARGET","label":"DBConnection_TGT","description":"","uiProperties":{"cnxtype":"Amazon Redshift v2","connectionParameterized":"true","paramName":"DBConnection_TGT","paramLabel":"","paramType-mapping":"Connection","logcnx":"DBConnection_TGT","default":"dbo/load_balancing_import_to_master","objectParameterized":"false","visible":"false","defaultTargetUpdateColumns":"","supportApplyDDLChanges":"false","originalPath":"Target2"},"targetConnectionId":"@kz9Es8IGoicjZNLnrhio0E","targetObject":"dbo/load_balancing_import_to_master","targetObjectLabel":"load_balancing_import_to_master","newFlatFile":false,"newObject":false,"showBusinessNames":true,"naturalOrder":true,"truncateTarget":false,"bulkApiDBTarget":false,"operationType":"Insert","customFuncCfg":{"@type":"customFuncConfig","id":-1,"connections":[],"inputMap":[],"outputFields":[]},"targetRefsV2":{},"targetUpdateColumns":[],"extendedObject":{"@type":"extendedObject","singleMode":true,"filters":[],"sortFields":[]},"runtimeAttrs":{},"isRESTModernSource":true,"isFileList":false,"handleSpecialChars":false,"handleDecimalRoundOff":false,"frsAsset":false,"dynamicFileName":false,"excludeDynamicFileNameField":false,"currentlyProcessedFileName":false,"retainFieldMetadata":false,"objectName":"dbo/load_balancing_import_to_master","objectLabel":"load_balancing_import_to_master","useExactSrcNames":false,"fetchMode":"ORIGINAL","tgtObjectAttributes":{},"runtimeParameterData":{"@type":"mtTaskRuntimeParameterData","isConnectionRuntimeParameter":true,"isObjectRuntimeParameter":false,"connectionParameterName":"DBConnection_TGT"},"overridableProperties":[],"targetSchemaProviderType":"SELECTED_OBJECT","overriddenFields":[]}],"sequences":[],"inOutParameters":[],"connRuntimeAttrs":[]}]