[{"@type":"mtTask","id":"@1","name":"s_m_Audit_Load_Balancing_STG_to_Master_Ld_Weekly","description":"Session pushed from PC to ICS : s_m_Audit_Load_Balancing_STG_to_Master_Ld_Weekly","runtimeEnvironmentId":"@3pADNCV9u0PcgrXjM7rx0t","maxLogs":10,"verbose":true,"lastRunTime":1709092786000,"mappingId":"@exA8khS8JaVlE3feNbW3Qg","frsGuid":"d6ujchVZKQNfY0Tks4Dfuz","shortDescription":"Session pushed from PC to ICS : s_m_Audit_Load_Bal...","sessionPropertiesList":[{"name":"Allow Temporary Sequence for Pushdown","value":"NO","recommended":false},{"name":"Allow Temporary View for Pushdown","value":"NO","recommended":false},{"name":"Commit Interval","value":"10000","recommended":false},{"name":"Commit On End Of File","value":"YES","recommended":false},{"name":"Commit Type","value":"Target","recommended":false},{"name":"Data Column Delimiter","value":"|","recommended":false},{"name":"Error Log File Name","value":"PMError.log","recommended":false},{"name":"Pushdown Optimization","value":"None","recommended":false},{"name":"Pushdown Optimization Context","value":"None","recommended":false},{"name":"Pushdown Optimization Fallback Option","value":"Partial PDO","recommended":false},{"name":"Treat source rows as","value":"Insert","recommended":false}],"enableCrossSchemaPushdown":false,"enableParallelRun":false,"autoTunedApplied":false,"autoTunedAppliedType":"NONE","parameterFileName":"Andover_Param_GW.param","parameterFileDir":"$PMRootDir/andover/parameters","paramFileType":"PARAM_FILE_LOCAL","schemaMode":"async","valid":true,"schemaValidationErrorCount":-1,"serverlessProperties":{},"taskProperties":[{"@type":"taskProperty","name":"parameterFileDir","currentValue":"$PMRootDir/andover/parameters","type":"STRING","label":"label.parameterFileDir","required":false},{"@type":"taskProperty","name":"parameterFileName","currentValue":"Andover_Param_GW.param","type":"STRING","label":"label.parameterFileName","required":false}],"jobPriority":"MEDIUM","optimizationPlan":"NONE","parameters":[{"@type":"mtTaskParameter","id":80760516,"name":"$SQ_Load_Balancing_Import_to_Master$","type":"SOURCE","label":"DBConnection_SRC","description":"","uiProperties":{"cnxtype":"Amazon Redshift v2","connectionParameterized":"true","paramName":"DBConnection_SRC","paramLabel":"","paramType-mapping":"Connection","logcnx":"DBConnection_SRC","isSelectDistinct":"false","objectParameterized":"false","visible":"false","originalPath":"SQ_Load_Balancing_Import_to_Master"},"sourceConnectionId":"@aYZ4ekzHgIPeKpiaoqDLKP","sourceObject":"DUMMY_SQ_Load_Balancing_Import_to_Master","sourceObjectLabel":"DUMMY_SQ_Load_Balancing_Import_to_Master","newFlatFile":false,"newObject":false,"showBusinessNames":true,"naturalOrder":true,"truncateTarget":false,"bulkApiDBTarget":false,"customFuncCfg":{"@type":"customFuncConfig","id":-1,"connections":[],"inputMap":[],"outputFields":[]},"targetRefsV2":{},"targetUpdateColumns":[],"runtimeAttrs":{},"isRESTModernSource":true,"customQuery":"SELECT dbo.load_balancing_import_to_master.Import_Policy_Count, dbo.load_balancing_import_to_master.Import_Claim_count,\n       dbo.load_balancing_import_to_master.Import_MTDWrittenPremiumAmt, dbo.load_balancing_import_to_master.Import_MTDEarnedPremiumAmount,\n       dbo.load_balancing_import_to_master.Import_LossExpense, dbo.load_balancing_import_to_master.Import_LossPaid,\n       dbo.load_balancing_import_to_master.Master_Policy_Count, dbo.load_balancing_import_to_master.Master_Claim_count,\n       dbo.load_balancing_import_to_master.Master_MTDWrittenPremiumAmt, dbo.load_balancing_import_to_master.Master_MTDEarnedPremiumAmount,\n       dbo.load_balancing_import_to_master.Master_LossExpense, dbo.load_balancing_import_to_master.Master_LossPaid,\n       dbo.load_balancing_import_to_master.Variance_Policy_Count, dbo.load_balancing_import_to_master.Variance_Claim_count,\n       dbo.load_balancing_import_to_master.Variance_MTDWrittenPremiumAmt, dbo.load_balancing_import_to_master.Variance_MTDEarnedPremiumAmount,\n       dbo.load_balancing_import_to_master.Variance_LossExpense, dbo.load_balancing_import_to_master.Variance_LossPaid,\n       dbo.load_balancing_import_to_master.RowInsDt\nFROM\n dbo.load_balancing_import_to_master  where\nRowinsdt in (select max(Rowinsdt) from dbo.load_balancing_import_to_master)","isFileList":false,"handleSpecialChars":false,"handleDecimalRoundOff":false,"frsAsset":false,"dynamicFileName":false,"excludeDynamicFileNameField":false,"currentlyProcessedFileName":false,"retainFieldMetadata":false,"objectName":"DUMMY_SQ_Load_Balancing_Import_to_Master","objectLabel":"DUMMY_SQ_Load_Balancing_Import_to_Master","useExactSrcNames":false,"tgtObjectAttributes":{},"runtimeParameterData":{"@type":"mtTaskRuntimeParameterData","isConnectionRuntimeParameter":true,"isObjectRuntimeParameter":false,"connectionParameterName":"DBConnection_SRC"},"overridableProperties":[],"overriddenFields":[]},{"@type":"mtTaskParameter","id":80760517,"name":"$SQ_claimdetail$","type":"SOURCE","label":"DBConnection_SRC","description":"","uiProperties":{"cnxtype":"Amazon Redshift v2","connectionParameterized":"true","paramName":"DBConnection_SRC","paramLabel":"","paramType-mapping":"Connection","logcnx":"DBConnection_SRC","isSelectDistinct":"false","objectParameterized":"false","visible":"false","originalPath":"SQ_claimdetail"},"sourceConnectionId":"@aYZ4ekzHgIPeKpiaoqDLKP","sourceObject":"DUMMY_SQ_claimdetail","sourceObjectLabel":"DUMMY_SQ_claimdetail","newFlatFile":false,"newObject":false,"showBusinessNames":true,"naturalOrder":true,"truncateTarget":false,"bulkApiDBTarget":false,"customFuncCfg":{"@type":"customFuncConfig","id":-1,"connections":[],"inputMap":[],"outputFields":[]},"targetRefsV2":{},"targetUpdateColumns":[],"runtimeAttrs":{},"isRESTModernSource":true,"customQuery":"select coalesce(Policy_Count, 0) as Policy_Count,\ncoalesce(Claim_count, 0) as Claim_Count,\ncoalesce(MTDWrittenPremiumAmt, 0) as MTDWrittenPremiumAmt,\ncoalesce(MTDEarnedPremiumAmount, 0) as MTDEarnedPremiumAmt,\ncoalesce(LossExpense, 0) as LossExpense,\ncoalesce(LossPaid, 0) as LossPaid\nfrom\n(select\nmax(Policy_Count) as Policy_Count,\nmax(Claim_count) as Claim_count,\nmax(MTDWrittenPremiumAmt) as MTDWrittenPremiumAmt,\nmax(MTDEarnedPremiumAmount) as MTDEarnedPremiumAmount,\nmax(LossExpense) as LossExpense,\nmax(LossPaid) as LossPaid\nfrom\n(select count(policykey) as Policy_Count\nfrom\n(select\ndistinct policykey\nfrom dbo.policydetail\nwhere PolicySystemId in\n(select SystemId from dbo.basicpolicy_stg))x)BP\nleft join\n(select count(claimnumber) as Claim_count\nfrom (select distinct cd.claimnumber\nfrom dbo.claimdetail cd\njoin (select claimnumber, SystemId from dbo.claim_stg)cs\non cd.ClaimNumber = cs.ClaimNumber\nand cd.ClaimSystemId = cs.SystemId)r)C\non 1=1\nleft join\n(select\ncoalesce(sum(LossULAEExpense) + sum(LossALAEExpense),0) as LossExpense,\ncoalesce(sum(LossPaidAmt),0) as LossPaid\nfrom dbo.claimtransaction\njoin\n(select distinct SystemId, BookDt from dbo.claimstats_stg) stg\non ClaimTransaction.ClaimStatSystemId = stg.SystemId\nand ClaimTransaction.BookDt = stg.BookDt\nwhere\nroweffenddt = '9999-12-31'\n)CMS\non 1=1\nleft join\n(select\ncoalesce(sum(MTDWrittenPremiumAmt),0) as MTDWrittenPremiumAmt,\ncoalesce(sum(MTDEarnedPremiumAmount),0) as MTDEarnedPremiumAmount\nfrom dbo.earnedpremiumfact\nwhere Adddt in\n(select distinct updatedt from dbo.policysummarystats_stg))PSS\non 1=1\n)TGTLoadBalancing","isFileList":false,"handleSpecialChars":false,"handleDecimalRoundOff":false,"frsAsset":false,"dynamicFileName":false,"excludeDynamicFileNameField":false,"currentlyProcessedFileName":false,"retainFieldMetadata":false,"objectName":"DUMMY_SQ_claimdetail","objectLabel":"DUMMY_SQ_claimdetail","useExactSrcNames":false,"tgtObjectAttributes":{},"runtimeParameterData":{"@type":"mtTaskRuntimeParameterData","isConnectionRuntimeParameter":true,"isObjectRuntimeParameter":false,"connectionParameterName":"DBConnection_SRC"},"overridableProperties":[],"overriddenFields":[]},{"@type":"mtTaskParameter","id":80760518,"name":"$SQ_claimstats_stg$","type":"SOURCE","label":"DBConnection_SRC","description":"","uiProperties":{"cnxtype":"Amazon Redshift v2","connectionParameterized":"true","paramName":"DBConnection_SRC","paramLabel":"","paramType-mapping":"Connection","logcnx":"DBConnection_SRC","isSelectDistinct":"false","objectParameterized":"false","visible":"false","originalPath":"SQ_claimstats_stg"},"sourceConnectionId":"@aYZ4ekzHgIPeKpiaoqDLKP","sourceObject":"DUMMY_SQ_claimstats_stg","sourceObjectLabel":"DUMMY_SQ_claimstats_stg","newFlatFile":false,"newObject":false,"showBusinessNames":true,"naturalOrder":true,"truncateTarget":false,"bulkApiDBTarget":false,"customFuncCfg":{"@type":"customFuncConfig","id":-1,"connections":[],"inputMap":[],"outputFields":[]},"targetRefsV2":{},"targetUpdateColumns":[],"runtimeAttrs":{},"isRESTModernSource":true,"customQuery":"select coalesce(Policy_Count, 0) as Policy_Count,\ncoalesce(Claim_count, 0) as Claim_Count,\ncoalesce(MTDWrittenPremiumAmt, 0) as MTDWrittenPremiumAmt,\ncoalesce(MTDEarnedPremiumAmount, 0) as MTDEarnedPremiumAmount,\ncoalesce(LossExpense,0) as LossExpense,\ncoalesce(LossPaid,0) as LossPaid\nfrom\n(select\nmax(Policy_Count) as Policy_Count,\nmax(Claim_count) as Claim_count,\nmax(MTDWrittenPremiumAmt) as MTDWrittenPremiumAmt,\nmax(MTDEarnedPremiumAmount) as MTDEarnedPremiumAmount,\n(sum(ULAEExpense)+sum(ALAEExpense)) as LossExpense,\nsum(LossPaid) as LossPaid\nfrom\n(select count(policykey) as Policy_Count from\n(select distinct concat(policynumber,policyversion) as policykey from dbo.basicpolicy_stg)x)BP\nleft join (select count(claimnumber) as Claim_count from (select distinct claimnumber from dbo.claim_stg)r)C\non 1=1\nleft join\n(select\ncoalesce(sum(case when upper(ReserveCd) = 'ADJUSTMENT' then PaidAmt else 0 end),0) as ULAEExpense,\ncoalesce(sum(case when upper(ReserveCd)='DEFENSE' then PaidAmt else 0 end),0) as ALAEExpense,\ncoalesce(sum(case when upper(ReserveCd) = 'INDEMNITY' then PaidAmt else 0 end),0) as LossPaid\nfrom\n(SELECT\n  coalesce(sum(Claimstats_Stg.PaidAmt),0) as PaidAmt,\n coalesce(Claimstats_Stg.ReserveCd, 'N/A') ReserveCd,\n coalesce(Claimstats_Stg.ClaimantTransactionCd,'N/A') ClaimantTransactionCd\n from dbo.claimstats_stg  ClaimStats_stg\n group by\n Claimstats_Stg.ReserveCd,\n Claimstats_Stg.ClaimantTransactionCd\n)claimstats)CS\non 1=1\nleft join (select coalesce(sum(case when ltrim(rtrim(FeeCd)) in ('HealthyHomesFundFee', 'NJGFFee', 'NYFFFee') then 0 else MTDWrittenPremiumAmt end),0) as MTDWrittenPremiumAmt,\ncoalesce(sum(case when ltrim(rtrim(FeeCd)) in ('HealthyHomesFundFee', 'NJGFFee', 'NYFFFee') then 0 else MTDEarnedPremiumAmt end),0) as MTDEarnedPremiumAmount from dbo.policysummarystats_stg)PSS\non 1=1\n)STGLoadBalancing","isFileList":false,"handleSpecialChars":false,"handleDecimalRoundOff":false,"frsAsset":false,"dynamicFileName":false,"excludeDynamicFileNameField":false,"currentlyProcessedFileName":false,"retainFieldMetadata":false,"objectName":"DUMMY_SQ_claimstats_stg","objectLabel":"DUMMY_SQ_claimstats_stg","useExactSrcNames":false,"tgtObjectAttributes":{},"runtimeParameterData":{"@type":"mtTaskRuntimeParameterData","isConnectionRuntimeParameter":true,"isObjectRuntimeParameter":false,"connectionParameterName":"DBConnection_SRC"},"overridableProperties":[],"overriddenFields":[]},{"@type":"mtTaskParameter","id":80760519,"name":"$Target1$","type":"TARGET","label":"DBConnection_TGT","description":"","uiProperties":{"cnxtype":"Amazon Redshift v2","connectionParameterized":"true","paramName":"DBConnection_TGT","paramLabel":"","paramType-mapping":"Connection","logcnx":"DBConnection_TGT","default":"dbo/load_balancing_import_to_master","objectParameterized":"false","visible":"false","defaultTargetUpdateColumns":"","supportApplyDDLChanges":"false","originalPath":"Target1"},"targetConnectionId":"@aYZ4ekzHgIPeKpiaoqDLKP","targetObject":"dbo/load_balancing_import_to_master","targetObjectLabel":"load_balancing_import_to_master","newFlatFile":false,"newObject":false,"showBusinessNames":true,"naturalOrder":true,"truncateTarget":false,"bulkApiDBTarget":false,"operationType":"Insert","customFuncCfg":{"@type":"customFuncConfig","id":-1,"connections":[],"inputMap":[],"outputFields":[]},"targetRefsV2":{},"targetUpdateColumns":[],"extendedObject":{"@type":"extendedObject","singleMode":true,"filters":[],"sortFields":[]},"runtimeAttrs":{"Recovery Schema Name":"","Transfer Manager Thread Pool Size":"10","Override Target Query":"","Post-Sql":"","Enable Compression":"YES","S3 Server Side Encryption":"NO","WaitTime In Seconds For S3 File Consistency":"0","Error File Directory":"","Preserve record order on write":"NO","Require Null Value For Char And Varchar":"","Temporary Credential Duration":"7200","Schema Name":"","Analyze Target Table":"NO","Truncate Target Table Before Data Upload":"NO","S3 Client Side Encryption":"NO","Minimum Upload Part Size":"5242880","Number of files per batch":"0","Vacuum Target Table":"None","Prefix To Retain For Staging Files On S3":"","S3 Bucket Name":"nonproddatawarehouseredshiftclust-staging12d1754e-1w9c6risqayrf","Staging Directory Location":"","Max Errors Per Batch Upload Insert":"1","Copy Options":"","Batch Size":"2000000","Treat Source Rows As":"INSERT","Target Table Name":"","Pre-SQL":"","Success File Directory":""},"oprRuntimeAttrs":{"ErrorFileDirectory":"","numberOfFilesPerBatch":"0","S3ServerSideEncryption":"NO","CopyOptionsPropertyFile":"","SuccessFileDirectory":"","StagingDirectoryLocation":"","schemaName":"","AnalyzeTargetTable":"NO","dataIntegritySupport":"NO","PrefixToRetainForStagingFilesOnS3":"","minUploadPartSize":"5242880","targetTableName":"","postSql":"","BatchSize":"2000000","EnableCompression":"YES","TreatSourceRowsAs":"INSERT","RequireNullValueForCharAndVarchar":"","overrideTargetQuery":"","temporaryCredentialDuration":"7200","TruncateTargetTableBeforeDataUpload":"NO","WaitTimeInSecondsForS3FileConsistency":"0","VacuumTargetTable":"None","MaxErrorsPerBatchUploadForInsert":"1","S3ClientSideEncryption":"NO","recoverySchemaName":"","S3BucketName":"nonproddatawarehouseredshiftclust-staging12d1754e-1w9c6risqayrf","txManagerThreadPoolSize":"10","preSql":""},"isRESTModernSource":true,"isFileList":false,"handleSpecialChars":false,"handleDecimalRoundOff":false,"frsAsset":false,"dynamicFileName":false,"excludeDynamicFileNameField":false,"currentlyProcessedFileName":false,"retainFieldMetadata":false,"objectName":"dbo/load_balancing_import_to_master","objectLabel":"load_balancing_import_to_master","useExactSrcNames":false,"tgtObjectAttributes":{},"runtimeParameterData":{"@type":"mtTaskRuntimeParameterData","isConnectionRuntimeParameter":true,"isObjectRuntimeParameter":false,"connectionParameterName":"DBConnection_TGT"},"overridableProperties":[],"overriddenFields":[]},{"@type":"mtTaskParameter","id":80760520,"name":"$Target2$","type":"TARGET","label":"DBConnection_TGT","description":"","uiProperties":{"cnxtype":"Amazon Redshift v2","connectionParameterized":"true","paramName":"DBConnection_TGT","paramLabel":"","paramType-mapping":"Connection","logcnx":"DBConnection_TGT","default":"dbo/load_balancing_import_to_master","objectParameterized":"false","visible":"false","defaultTargetUpdateColumns":"","supportApplyDDLChanges":"false","originalPath":"Target2"},"targetConnectionId":"@aYZ4ekzHgIPeKpiaoqDLKP","targetObject":"dbo/load_balancing_import_to_master","targetObjectLabel":"load_balancing_import_to_master","newFlatFile":false,"newObject":false,"showBusinessNames":true,"naturalOrder":true,"truncateTarget":false,"bulkApiDBTarget":false,"operationType":"Insert","customFuncCfg":{"@type":"customFuncConfig","id":-1,"connections":[],"inputMap":[],"outputFields":[]},"targetRefsV2":{},"targetUpdateColumns":[],"extendedObject":{"@type":"extendedObject","singleMode":true,"filters":[],"sortFields":[]},"runtimeAttrs":{"Recovery Schema Name":"","Transfer Manager Thread Pool Size":"10","Override Target Query":"","Post-Sql":"","Enable Compression":"YES","S3 Server Side Encryption":"NO","WaitTime In Seconds For S3 File Consistency":"0","Error File Directory":"","Preserve record order on write":"NO","Require Null Value For Char And Varchar":"","Temporary Credential Duration":"7200","Schema Name":"","Analyze Target Table":"NO","Truncate Target Table Before Data Upload":"NO","S3 Client Side Encryption":"NO","Minimum Upload Part Size":"5242880","Number of files per batch":"0","Vacuum Target Table":"None","Prefix To Retain For Staging Files On S3":"","S3 Bucket Name":"nonproddatawarehouseredshiftclust-staging12d1754e-1w9c6risqayrf","Staging Directory Location":"","Max Errors Per Batch Upload Insert":"1","Copy Options":"","Batch Size":"2000000","Treat Source Rows As":"INSERT","Target Table Name":"","Pre-SQL":"","Success File Directory":""},"oprRuntimeAttrs":{"ErrorFileDirectory":"","numberOfFilesPerBatch":"0","S3ServerSideEncryption":"NO","CopyOptionsPropertyFile":"","SuccessFileDirectory":"","StagingDirectoryLocation":"","schemaName":"","AnalyzeTargetTable":"NO","dataIntegritySupport":"NO","PrefixToRetainForStagingFilesOnS3":"","minUploadPartSize":"5242880","targetTableName":"","postSql":"","BatchSize":"2000000","EnableCompression":"YES","TreatSourceRowsAs":"INSERT","RequireNullValueForCharAndVarchar":"","overrideTargetQuery":"","temporaryCredentialDuration":"7200","TruncateTargetTableBeforeDataUpload":"NO","WaitTimeInSecondsForS3FileConsistency":"0","VacuumTargetTable":"None","MaxErrorsPerBatchUploadForInsert":"1","S3ClientSideEncryption":"NO","recoverySchemaName":"","S3BucketName":"nonproddatawarehouseredshiftclust-staging12d1754e-1w9c6risqayrf","txManagerThreadPoolSize":"10","preSql":""},"isRESTModernSource":true,"isFileList":false,"handleSpecialChars":false,"handleDecimalRoundOff":false,"frsAsset":false,"dynamicFileName":false,"excludeDynamicFileNameField":false,"currentlyProcessedFileName":false,"retainFieldMetadata":false,"objectName":"dbo/load_balancing_import_to_master","objectLabel":"load_balancing_import_to_master","useExactSrcNames":false,"tgtObjectAttributes":{},"runtimeParameterData":{"@type":"mtTaskRuntimeParameterData","isConnectionRuntimeParameter":true,"isObjectRuntimeParameter":false,"connectionParameterName":"DBConnection_TGT"},"overridableProperties":[],"overriddenFields":[]}],"sequences":[],"inOutParameters":[],"connRuntimeAttrs":[]}]