[{"@type":"mappingTemplate","id":"@1","name":"m_Load_Form_stg_to_MasterForm_Ld","description":"","autoExpireObject":false,"bundleVersion":"0","assetFrsGuid":"8NRH6RrrGdsb5hhjQe1FYe","templateId":"@3","deployTime":1702559265000,"hasParameters":true,"valid":true,"fixedConnection":true,"hasParametersDeployed":true,"fixedConnectionDeployed":true,"isSchemaValidationEnabled":false,"tasks":0,"mappingPreviewFileRecordId":"@2","documentType":"","allowMaxFieldLength":false,"specialCharacterSupport":false,"references":[{"@type":"reference","refObjectId":"@aYZ4ekzHgIPeKpiaoqDLKP","refType":"connection"}]}]