[{"@type":"mtTask","id":"@1","name":"s_m_load_msgr_facts_pms_new_vw3","description":"Session pushed from PC to ICS : s_m_load_msgr_facts_pms_new_vw3","runtimeEnvironmentId":"@l5ReTxe0L4Udpq0dXr0vIZ","maxLogs":10,"verbose":false,"lastRunTime":1731170686000,"mappingId":"@2mqujwcplZTfFPIQLerQA8","frsGuid":"2uLq4BNzTWzjdR0QSOp7uA","shortDescription":"Session pushed from PC to ICS : s_m_load_msgr_fact...","sessionPropertiesList":[{"name":"Allow Temporary Sequence for Pushdown","value":"NO","recommended":false},{"name":"Allow Temporary View for Pushdown","value":"NO","recommended":false},{"name":"Data Column Delimiter","value":"|","recommended":false},{"name":"Error Log File Name","value":"PMError.log","recommended":false},{"name":"Pushdown Optimization","value":"None","recommended":false},{"name":"Pushdown Optimization Context","value":"None","recommended":false},{"name":"Pushdown Optimization Fallback Option","value":"Partial PDO","recommended":false}],"hidden":false,"enableCrossSchemaPushdown":false,"enableParallelRun":false,"autoTunedApplied":false,"autoTunedAppliedType":"NONE","parameterFileName":"Andover_Parm_Peregrine.txt","parameterFileDir":"$PMRootDir/andover/parameters","paramFileType":"PARAM_FILE_LOCAL","schemaMode":"async","valid":true,"schemaValidationErrorCount":-1,"serverlessProperties":{},"taskProperties":[{"@type":"taskProperty","name":"parameterFileDir","currentValue":"$PMRootDir/andover/parameters","type":"STRING","label":"label.parameterFileDir","required":false},{"@type":"taskProperty","name":"parameterFileName","currentValue":"Andover_Parm_Peregrine.txt","type":"STRING","label":"label.parameterFileName","required":false},{"@type":"taskProperty","name":"outboundMessageUrlQueueTime","currentValue":"","type":"NUMBER","label":"label.outboundMessageUrlQueueTime","required":false},{"@type":"taskProperty","name":"outboundMessageUrlToken","currentValue":"","type":"STRING","label":"label.outboundMessageUrlToken","required":false}],"optimizationPlan":"NONE","isMidstreamPreview":false,"parameters":[{"@type":"mtTaskParameter","id":103006749,"name":"$SQ_msgr_core_facts_pms_new_vw3$","type":"SOURCE","label":"DBConnection_SRC","description":"","uiProperties":{"cnxtype":"Amazon Redshift v2","connectionParameterized":"true","paramName":"DBConnection_SRC","paramLabel":"","paramType-mapping":"Connection","logcnx":"DBConnection_SRC","isSelectDistinct":"false","objectParameterized":"false","visible":"false","originalPath":"SQ_msgr_core_facts_pms_new_vw3"},"sourceConnectionId":"@kz9Es8IGoicjZNLnrhio0E","sourceObject":"DUMMY_SQ_msgr_core_facts_pms_new_vw3","newFlatFile":false,"newObject":false,"showBusinessNames":true,"naturalOrder":true,"truncateTarget":false,"bulkApiDBTarget":false,"customFuncCfg":{"@type":"customFuncConfig","id":-1,"connections":[],"inputMap":[],"outputFields":[]},"targetRefsV2":{},"targetUpdateColumns":[],"runtimeAttrs":{},"isRESTModernSource":true,"customQuery":"SELECT E.Policy_Key_Code, \nE.Policy_Key, \nE.Major_Peril_ID, \nE.Risk_State_ID, \nE.Account_Entered_Dt, \nE.Earned_Premium, \nE.Unearned_Premium, \nE.Commission_Amt, \nE.Taxes_Service_Charges, \nE.Written_Premium, \nI.Policy_Key_Code, \nI.Policy_Key, \nI.Major_Peril_ID, \nI.Risk_State_ID, \nI.Account_Entered_Dt, \nI.Inforce_Policy_Key,\nI.Inforce_Premium\nFROM\n dbo.msgr_facts_pms_new_vw1 E \n FULL JOIN dbo.msgr_facts_pms_new_vw2 I \n\tON E.Policy_Key_Code\t\t= I.Policy_Key_Code \n\t   AND E.Policy_Key\t\t\t= I.Policy_Key \n\t   AND E.Major_Peril_ID\t\t= I.Major_Peril_ID \n\t   AND E.Risk_State_ID\t\t= I.Risk_State_ID \n\t   AND E.Account_Entered_Dt = I.Account_Entered_Dt\nWHERE E.Account_Entered_Dt >=dateadd(month, -2, DATE_TRUNC('month', getdate()))\n\n or I.Account_Entered_Dt >=dateadd(month, -2, DATE_TRUNC('month', getdate()))","isFileList":false,"handleSpecialChars":false,"handleDecimalRoundOff":false,"frsAsset":false,"dynamicFileName":false,"excludeDynamicFileNameField":false,"currentlyProcessedFileName":false,"retainFieldMetadata":false,"objectName":"DUMMY_SQ_msgr_core_facts_pms_new_vw3","useExactSrcNames":false,"userUpdated":true,"fetchMode":"ORIGINAL","tgtObjectAttributes":{},"runtimeParameterData":{"@type":"mtTaskRuntimeParameterData","isConnectionRuntimeParameter":true,"isObjectRuntimeParameter":false,"connectionParameterName":"DBConnection_SRC"},"overridableProperties":[],"overriddenFields":[]},{"@type":"mtTaskParameter","id":103006750,"name":"$msgr_facts_pms_new_vw3$","type":"TARGET","label":"DBConnection_TGT","description":"","uiProperties":{"cnxtype":"Amazon Redshift v2","connectionParameterized":"true","paramName":"DBConnection_TGT","paramLabel":"","paramType-mapping":"Connection","logcnx":"DBConnection_TGT","default":"dbo/msgr_facts_pms_new_vw3","objectParameterized":"false","visible":"false","defaultTargetUpdateColumns":"","supportApplyDDLChanges":"false","originalPath":"msgr_facts_pms_new_vw3"},"targetConnectionId":"@kz9Es8IGoicjZNLnrhio0E","targetObject":"dbo/msgr_facts_pms_new_vw3","targetObjectLabel":"msgr_facts_pms_new_vw3","newFlatFile":false,"newObject":false,"showBusinessNames":true,"naturalOrder":true,"truncateTarget":false,"bulkApiDBTarget":false,"operationType":"Insert","customFuncCfg":{"@type":"customFuncConfig","id":-1,"connections":[],"inputMap":[],"outputFields":[]},"targetRefsV2":{},"targetUpdateColumns":[],"extendedObject":{"@type":"extendedObject","singleMode":true,"filters":[],"sortFields":[]},"runtimeAttrs":{},"isRESTModernSource":true,"isFileList":false,"handleSpecialChars":false,"handleDecimalRoundOff":false,"frsAsset":false,"dynamicFileName":false,"excludeDynamicFileNameField":false,"currentlyProcessedFileName":false,"retainFieldMetadata":false,"objectName":"dbo/msgr_facts_pms_new_vw3","objectLabel":"msgr_facts_pms_new_vw3","useExactSrcNames":false,"userUpdated":true,"fetchMode":"ORIGINAL","tgtObjectAttributes":{},"runtimeParameterData":{"@type":"mtTaskRuntimeParameterData","isConnectionRuntimeParameter":true,"isObjectRuntimeParameter":false,"connectionParameterName":"DBConnection_TGT"},"overridableProperties":[],"targetSchemaProviderType":"SELECTED_OBJECT","overriddenFields":[]}],"sequences":[],"inOutParameters":[],"connRuntimeAttrs":[]}]