[{"@type":"mtTask","id":"@1","name":"s_m_load_msgr_facts_pms_new_vw3","description":"Session pushed from PC to ICS : s_m_load_msgr_facts_pms_new_vw3","runtimeEnvironmentId":"@3pADNCV9u0PcgrXjM7rx0t","maxLogs":10,"verbose":false,"lastRunTime":1728541160000,"mappingId":"@0AAgXqpzrY1g0A1X1dlhiu","frsGuid":"ex4uxufHIete3TB6fh6585","shortDescription":"Session pushed from PC to ICS : s_m_load_msgr_fact...","sessionPropertiesList":[{"name":"Allow Temporary Sequence for Pushdown","value":"NO","recommended":false},{"name":"Allow Temporary View for Pushdown","value":"NO","recommended":false},{"name":"Data Column Delimiter","value":"|","recommended":false},{"name":"DTM buffer size","value":"2814821512","recommended":false},{"name":"Error Log File Name","value":"PMError.log","recommended":false},{"name":"Pushdown Optimization","value":"None","recommended":false},{"name":"Pushdown Optimization Context","value":"None","recommended":false},{"name":"Pushdown Optimization Fallback Option","value":"Partial PDO","recommended":false}],"hidden":false,"enableCrossSchemaPushdown":false,"enableParallelRun":false,"autoTunedApplied":false,"autoTunedAppliedType":"NONE","parameterFileName":"Andover_Parm_Peregrine.txt","parameterFileDir":"$PMRootDir/andover/parameters","paramFileType":"PARAM_FILE_LOCAL","schemaMode":"async","valid":true,"schemaValidationErrorCount":-1,"serverlessProperties":{},"taskProperties":[{"@type":"taskProperty","name":"parameterFileDir","currentValue":"$PMRootDir/andover/parameters","type":"STRING","label":"label.parameterFileDir","required":false},{"@type":"taskProperty","name":"parameterFileName","currentValue":"Andover_Parm_Peregrine.txt","type":"STRING","label":"label.parameterFileName","required":false},{"@type":"taskProperty","name":"outboundMessageUrlQueueTime","currentValue":"","type":"NUMBER","label":"label.outboundMessageUrlQueueTime","required":false},{"@type":"taskProperty","name":"outboundMessageUrlToken","currentValue":"","type":"STRING","label":"label.outboundMessageUrlToken","required":false}],"optimizationPlan":"NONE","isMidstreamPreview":false,"parameters":[{"@type":"mtTaskParameter","id":99486085,"name":"$SQ_msgr_core_facts_pms_new_vw3$","type":"SOURCE","label":"DBConnection_SRC","description":"","uiProperties":{"cnxtype":"Amazon Redshift v2","connectionParameterized":"true","paramName":"DBConnection_SRC","paramLabel":"","paramType-mapping":"Connection","logcnx":"DBConnection_SRC","isSelectDistinct":"false","objectParameterized":"false","visible":"false","originalPath":"SQ_msgr_core_facts_pms_new_vw3"},"sourceConnectionId":"@aYZ4ekzHgIPeKpiaoqDLKP","sourceObject":"DUMMY_SQ_msgr_core_facts_pms_new_vw3","newFlatFile":false,"newObject":false,"showBusinessNames":true,"naturalOrder":true,"truncateTarget":false,"bulkApiDBTarget":false,"customFuncCfg":{"@type":"customFuncConfig","id":-1,"connections":[],"inputMap":[],"outputFields":[]},"targetRefsV2":{},"targetUpdateColumns":[],"runtimeAttrs":{},"isRESTModernSource":true,"customQuery":"SELECT\n    COALESCE(E.Policy_Key_Code, I.Policy_Key_Code) AS Policy_Key_Code,\n    COALESCE(E.Policy_Key, I.Policy_Key) AS Policy_Key,\n    COALESCE(E.Major_Peril_ID, I.Major_Peril_ID) AS Major_Peril_ID,\n    COALESCE(E.Risk_State_ID, I.Risk_State_ID) AS Risk_State_ID,\n    COALESCE(E.Account_Entered_Dt, I.Account_Entered_Dt) AS Account_Entered_Dt,\n    E.Earned_Premium,\n    E.Unearned_Premium,\n    E.Commission_Amt,\n    E.Taxes_Service_Charges,\n    E.Written_Premium,\n    I.Inforce_Policy_Key,\n    I.Inforce_Premium,\n    COALESCE(E.annual_statement_line, I.annual_statement_line) AS annual_statement_line,\n    COALESCE(E.stateline, I.stateline) AS stateline,\n\tTGT.row_id,\n\tTGT.md5_hash_value\nFROM\n    dbo.msgr_facts_pms_new_vw1 E\n    FULL JOIN dbo.msgr_facts_pms_new_vw2 I\n        ON E.Policy_Key_Code        = I.Policy_Key_Code\n       AND E.Policy_Key            = I.Policy_Key\n       AND E.Major_Peril_ID        = I.Major_Peril_ID\n       AND E.Risk_State_ID         = I.Risk_State_ID\n       AND E.Account_Entered_Dt    = I.Account_Entered_Dt\n\t   AND COALESCE(E.Annual_Statement_Line,'NA') = COALESCE(I.Annual_Statement_Line,'NA')\n\t   AND COALESCE(E.Stateline,'NA')             = COALESCE(I.Stateline,'NA')\n\t   LEFT JOIN dbo.msgr_facts_pms_new_vw3 TGT\n        ON COALESCE(E.Policy_Key_Code, I.Policy_Key_Code) = TGT.Policy_Key_Code\n       AND COALESCE(E.Policy_Key, I.Policy_Key)           = TGT.Policy_Key\n       AND COALESCE(E.Major_Peril_ID, I.Major_Peril_ID)   = TGT.Major_Peril_ID\n       AND COALESCE(E.Risk_State_ID, I.Risk_State_ID)     = TGT.Risk_State_ID\n       AND COALESCE(E.Account_Entered_Dt, I.Account_Entered_Dt) = TGT.Account_Entered_Dt\n\t   AND COALESCE(E.annual_statement_line, I.annual_statement_line,'NA') = COALESCE(TGT.Annual_Statement_Line,'NA')\n\t   AND COALESCE(E.stateline, I.stateline,'NA') = COALESCE(TGT.Stateline,'NA')\n\t   AND COALESCE(I.Inforce_Policy_Key, 'NA') = COALESCE(TGT.Inforce_Policy_Key, 'NA')\nWHERE\n-- DATE_PART(year, COALESCE(E.Account_Entered_Dt, I.Account_Entered_Dt)) IN ('2020', '2021', '2022', '2023', '2024') AND\n     (E.msgr_last_update_date >= (SELECT etlbatchstartst FROM dbo.loadbatchetldt WHERE loadetltype = 'wf_msgr_views') OR\n        I.msgr_last_update_date >= (SELECT etlbatchstartst FROM dbo.loadbatchetldt WHERE loadetltype = 'wf_msgr_views'))\n\n--E.Account_Entered_Dt >=dateadd(month, -1, cast(getdate() as date))\n\n --or I.Account_Entered_Dt >=dateadd(month, -1, cast(getdate() as date))","isFileList":false,"handleSpecialChars":false,"handleDecimalRoundOff":false,"frsAsset":false,"dynamicFileName":false,"excludeDynamicFileNameField":false,"currentlyProcessedFileName":false,"retainFieldMetadata":false,"objectName":"DUMMY_SQ_msgr_core_facts_pms_new_vw3","useExactSrcNames":false,"tgtObjectAttributes":{},"runtimeParameterData":{"@type":"mtTaskRuntimeParameterData","isConnectionRuntimeParameter":true,"isObjectRuntimeParameter":false,"connectionParameterName":"DBConnection_SRC"},"overridableProperties":[],"overriddenFields":[]},{"@type":"mtTaskParameter","id":99486086,"name":"$msgr_facts_pms_new_vw3_insert$","type":"TARGET","label":"DBConnection_TGT","description":"","uiProperties":{"cnxtype":"Amazon Redshift v2","connectionParameterized":"true","paramName":"DBConnection_TGT","paramLabel":"","paramType-mapping":"Connection","logcnx":"DBConnection_TGT","default":"dbo/msgr_facts_pms_new_vw3","objectParameterized":"false","visible":"false","defaultTargetUpdateColumns":"","supportApplyDDLChanges":"false","originalPath":"msgr_facts_pms_new_vw3_insert"},"targetConnectionId":"@aYZ4ekzHgIPeKpiaoqDLKP","targetObject":"dbo/msgr_facts_pms_new_vw3","targetObjectLabel":"msgr_facts_pms_new_vw3","newFlatFile":false,"newObject":false,"showBusinessNames":true,"naturalOrder":true,"truncateTarget":false,"bulkApiDBTarget":false,"operationType":"Rowbased","customFuncCfg":{"@type":"customFuncConfig","id":-1,"connections":[],"inputMap":[],"outputFields":[]},"targetRefsV2":{},"targetUpdateColumns":[],"extendedObject":{"@type":"extendedObject","singleMode":true,"filters":[],"sortFields":[]},"runtimeAttrs":{},"isRESTModernSource":true,"isFileList":false,"handleSpecialChars":false,"handleDecimalRoundOff":false,"frsAsset":false,"dynamicFileName":false,"excludeDynamicFileNameField":false,"currentlyProcessedFileName":false,"retainFieldMetadata":false,"objectName":"dbo/msgr_facts_pms_new_vw3","objectLabel":"msgr_facts_pms_new_vw3","useExactSrcNames":false,"tgtObjectAttributes":{},"runtimeParameterData":{"@type":"mtTaskRuntimeParameterData","isConnectionRuntimeParameter":true,"isObjectRuntimeParameter":false,"connectionParameterName":"DBConnection_TGT"},"overridableProperties":[],"overriddenFields":[]},{"@type":"mtTaskParameter","id":99486087,"name":"$msgr_facts_pms_new_vw3_update$","type":"TARGET","label":"DBConnection_TGT","description":"","uiProperties":{"cnxtype":"Amazon Redshift v2","connectionParameterized":"true","paramName":"DBConnection_TGT","paramLabel":"","paramType-mapping":"Connection","logcnx":"DBConnection_TGT","default":"dbo/msgr_facts_pms_new_vw3","objectParameterized":"false","visible":"false","defaultTargetUpdateColumns":"row_id","supportApplyDDLChanges":"false","originalPath":"msgr_facts_pms_new_vw3_update"},"targetConnectionId":"@aYZ4ekzHgIPeKpiaoqDLKP","targetObject":"dbo/msgr_facts_pms_new_vw3","targetObjectLabel":"msgr_facts_pms_new_vw3","newFlatFile":false,"newObject":false,"showBusinessNames":true,"naturalOrder":true,"truncateTarget":false,"bulkApiDBTarget":false,"operationType":"Rowbased","customFuncCfg":{"@type":"customFuncConfig","id":-1,"connections":[],"inputMap":[],"outputFields":[]},"targetRefsV2":{},"targetUpdateColumns":["row_id"],"extendedObject":{"@type":"extendedObject","singleMode":true,"filters":[],"sortFields":[]},"runtimeAttrs":{},"isRESTModernSource":true,"isFileList":false,"handleSpecialChars":false,"handleDecimalRoundOff":false,"frsAsset":false,"dynamicFileName":false,"excludeDynamicFileNameField":false,"currentlyProcessedFileName":false,"retainFieldMetadata":false,"objectName":"dbo/msgr_facts_pms_new_vw3","objectLabel":"msgr_facts_pms_new_vw3","useExactSrcNames":false,"tgtObjectAttributes":{},"runtimeParameterData":{"@type":"mtTaskRuntimeParameterData","isConnectionRuntimeParameter":true,"isObjectRuntimeParameter":false,"connectionParameterName":"DBConnection_TGT"},"overridableProperties":[],"overriddenFields":[]}],"sequences":[],"inOutParameters":[],"connRuntimeAttrs":[]}]