[{"@type":"mappingTemplate","id":"@1","name":"cdi_map_adm_agency_license_metal_stg_load","description":"","autoExpireObject":false,"bundleVersion":"0","assetFrsGuid":"cSu3MxqFeEVk3P1WnDt96B","templateId":"@3","hasParameters":true,"valid":true,"fixedConnection":false,"hasParametersDeployed":false,"fixedConnectionDeployed":false,"isSchemaValidationEnabled":false,"tasks":1,"mappingPreviewFileRecordId":"@2","documentType":"MAPPING","allowMaxFieldLength":false,"specialCharacterSupport":false,"references":[]}]