[{"@type":"mappingTemplate","id":"@1","name":"m_Load_Claimsummarystats_stg_To_ClaimReserves","description":"","autoExpireObject":false,"bundleVersion":"0","assetFrsGuid":"4EUkxbaMsH2e0slGuhO42U","templateId":"@3","deployTime":1757910079000,"hasParameters":true,"valid":true,"fixedConnection":false,"hasParametersDeployed":true,"fixedConnectionDeployed":false,"isSchemaValidationEnabled":false,"tasks":1,"mappingPreviewFileRecordId":"@2","documentType":"","allowMaxFieldLength":false,"specialCharacterSupport":false,"references":[]}]