[{"@type":"mtTask","id":"@1","name":"s_m_Load_PMS_Fact_Reins_Premiums_Earned","description":"Session pushed from PC to ICS : s_m_Load_PMS_Fact_Reins_Premiums_Earned","runtimeEnvironmentId":"@l5ReTxe0L4Udpq0dXr0vIZ","maxLogs":10,"verbose":false,"mappingId":"@lq4ql9uxqK3f65FAziWWWy","frsGuid":"a7ug9pdttesjm1ieVX6isw","shortDescription":"Session pushed from PC to ICS : s_m_Load_PMS_Fact_...","sessionPropertiesList":[{"name":"Allow Temporary Sequence for Pushdown","value":"NO","recommended":false},{"name":"Allow Temporary View for Pushdown","value":"NO","recommended":false},{"name":"Data Column Delimiter","value":"|","recommended":false},{"name":"DateTime Format String","value":"MM/DD/YYYY HH24:MI:SS.US","recommended":false},{"name":"Error Log File Name","value":"PMError.log","recommended":false},{"name":"Override tracing","value":"Normal","recommended":false},{"name":"Pushdown Optimization","value":"None","recommended":false},{"name":"Pushdown Optimization Context","value":"None","recommended":false},{"name":"Pushdown Optimization Fallback Option","value":"Partial PDO","recommended":false}],"hidden":false,"enableCrossSchemaPushdown":false,"enableParallelRun":false,"autoTunedApplied":false,"autoTunedAppliedType":"NONE","parameterFileName":"Andover_Param_GW.param","parameterFileDir":"$PMRootDir/andover/parameters","paramFileType":"PARAM_FILE_LOCAL","schemaMode":"async","valid":true,"schemaValidationErrorCount":-1,"serverlessProperties":{},"taskProperties":[{"@type":"taskProperty","name":"parameterFileDir","currentValue":"$PMRootDir/andover/parameters","type":"STRING","label":"label.parameterFileDir","required":false},{"@type":"taskProperty","name":"parameterFileName","currentValue":"Andover_Param_GW.param","type":"STRING","label":"label.parameterFileName","required":false},{"@type":"taskProperty","name":"outboundMessageUrlQueueTime","currentValue":"","type":"NUMBER","label":"label.outboundMessageUrlQueueTime","required":false},{"@type":"taskProperty","name":"outboundMessageUrlToken","currentValue":"","type":"STRING","label":"label.outboundMessageUrlToken","required":false}],"optimizationPlan":"NONE","isMidstreamPreview":false,"parameters":[{"@type":"mtTaskParameter","id":92597582,"name":"$SQ_PMS_Fact_Reins_Premiums_Earned$","type":"SOURCE","label":"DBConnection_SRC","description":"","uiProperties":{"cnxtype":"Amazon Redshift v2","connectionParameterized":"true","paramName":"DBConnection_SRC","paramLabel":"","paramType-mapping":"Connection","logcnx":"DBConnection_SRC","isSelectDistinct":"false","objectParameterized":"false","visible":"false","originalPath":"SQ_PMS_Fact_Reins_Premiums_Earned"},"sourceConnectionId":"@kz9Es8IGoicjZNLnrhio0E","sourceObject":"DUMMY_SQ_PMS_Fact_Reins_Premiums_Earned","newFlatFile":false,"newObject":false,"showBusinessNames":true,"naturalOrder":true,"truncateTarget":false,"bulkApiDBTarget":false,"customFuncCfg":{"@type":"customFuncConfig","id":-1,"connections":[],"inputMap":[],"outputFields":[]},"targetRefsV2":{},"targetUpdateColumns":[],"runtimeAttrs":{},"isRESTModernSource":true,"customQuery":"SELECT PMS_Fact_Reins_Premiums_Earned.Reinsurance_Transaction_Id, PMS_Fact_Reins_Premiums_Earned.Policy_Key, PMS_Fact_Reins_Premiums_Earned.Policy_Key_Code, PMS_Fact_Reins_Premiums_Earned.Account_Entered_Dt, PMS_Fact_Reins_Premiums_Earned.Major_Peril, PMS_Fact_Reins_Premiums_Earned.Major_Peril_ID, PMS_Fact_Reins_Premiums_Earned.Risk_State, PMS_Fact_Reins_Premiums_Earned.Risk_State_ID, PMS_Fact_Reins_Premiums_Earned.Transaction_Code, PMS_Fact_Reins_Premiums_Earned.Reinsurance_Code, PMS_Fact_Reins_Premiums_Earned.Annual_Statement_Line, PMS_Fact_Reins_Premiums_Earned.Stateline, PMS_Fact_Reins_Premiums_Earned.MTD_Earned_Premium_Amt, PMS_Fact_Reins_Premiums_Earned.YTD_Earned_Premium_Amt, PMS_Fact_Reins_Premiums_Earned.Reserve_End_Balance \nFROM\n dbo.PMS_Fact_Reins_Premiums_Earned\nwhere Account_Entered_Dt = DATEADD('day', 1, LAST_DAY(CURRENT_DATE - INTERVAL '3 months'))\nand  case when date_part(month,DATEADD('day', 1, LAST_DAY(CURRENT_DATE - INTERVAL '2 months')))=1 then \ncase when  date_part(year,Expiration_Dt) =  date_part(year,DATEADD('day', 1, LAST_DAY(CURRENT_DATE - INTERVAL '2 months')))\nthen 1 \nelse 0\nend\nelse 1 end=1\nand Reinsurance_Code<>'97'","isFileList":false,"handleSpecialChars":false,"handleDecimalRoundOff":false,"frsAsset":false,"dynamicFileName":false,"excludeDynamicFileNameField":false,"currentlyProcessedFileName":false,"retainFieldMetadata":false,"objectName":"DUMMY_SQ_PMS_Fact_Reins_Premiums_Earned","useExactSrcNames":false,"fetchMode":"ORIGINAL","tgtObjectAttributes":{},"runtimeParameterData":{"@type":"mtTaskRuntimeParameterData","isConnectionRuntimeParameter":true,"isObjectRuntimeParameter":false,"connectionParameterName":"DBConnection_SRC"},"overridableProperties":[],"overriddenFields":[]},{"@type":"mtTaskParameter","id":92597583,"name":"$SQ_PMS_Policy_Reins_Transaction$","type":"SOURCE","label":"DBConnection_SRC","description":"","uiProperties":{"cnxtype":"Amazon Redshift v2","connectionParameterized":"true","paramName":"DBConnection_SRC","paramLabel":"","paramType-mapping":"Connection","logcnx":"DBConnection_SRC","isSelectDistinct":"false","objectParameterized":"false","visible":"false","originalPath":"SQ_PMS_Policy_Reins_Transaction"},"sourceConnectionId":"@kz9Es8IGoicjZNLnrhio0E","sourceObject":"DUMMY_SQ_PMS_Policy_Reins_Transaction","newFlatFile":false,"newObject":false,"showBusinessNames":true,"naturalOrder":true,"truncateTarget":false,"bulkApiDBTarget":false,"customFuncCfg":{"@type":"customFuncConfig","id":-1,"connections":[],"inputMap":[],"outputFields":[]},"targetRefsV2":{},"targetUpdateColumns":[],"runtimeAttrs":{},"isRESTModernSource":true,"customQuery":"SELECT PMS_Policy_Reins_Transaction.Reinsurance_Transaction_Id, \nPMS_Policy_Reins_Transaction.Policy_Key, \nPMS_Policy_Reins_Transaction.Policy_Key_Code, \nPMS_Policy_Reins_Transaction.Account_Entered_Dt,\nPMS_Policy_Reins_Transaction.Major_Peril,\nPMS_Policy_Reins_Transaction.Major_Peril_ID, \nPMS_Policy_Reins_Transaction.Risk_State, \nPMS_Policy_Reins_Transaction.Risk_State_ID, \nPMS_Policy_Reins_Transaction.Transaction_Code, \nPMS_Policy_Reins_Transaction.Reinsurance_Code,\nPMS_Policy_Reins_Transaction.Annual_Statement_Line, \nPMS_Policy_Reins_Transaction.Stateline, \nPMS_Policy_Reins_Transaction.Inception_Dt, \nPMS_Policy_Reins_Transaction.Expiration_Dt, \nPMS_Policy_Reins_Transaction.Ceded_Premium, \nPMS_Policy_Reins_Transaction.OriginalPremiumCancelAmount,\nDATEADD('day', 1, LAST_DAY(CURRENT_DATE - INTERVAL '2 months')) as ReportingDate\nFROM\n dbo.PMS_Policy_Reins_Transaction\nwhere (\ndate_part(year,Expiration_Dt) = date_part(year,DATEADD('day', 1, LAST_DAY(CURRENT_DATE - INTERVAL '2 months')))\nOR\ndate_part(year,Expiration_Dt) = date_part(year,DATEADD('day', 1, LAST_DAY(CURRENT_DATE - INTERVAL '2 months'))) + 1\nOR\nAccount_Entered_Dt = DATEADD('day', 1, LAST_DAY(CURRENT_DATE - INTERVAL '2 months'))\n)\nand  Reinsurance_Code not like '%97'\nAND Account_Entered_Dt <= DATEADD('day', 1, LAST_DAY(CURRENT_DATE - INTERVAL '2 months'))","isFileList":false,"handleSpecialChars":false,"handleDecimalRoundOff":false,"frsAsset":false,"dynamicFileName":false,"excludeDynamicFileNameField":false,"currentlyProcessedFileName":false,"retainFieldMetadata":false,"objectName":"DUMMY_SQ_PMS_Policy_Reins_Transaction","useExactSrcNames":false,"fetchMode":"ORIGINAL","tgtObjectAttributes":{},"runtimeParameterData":{"@type":"mtTaskRuntimeParameterData","isConnectionRuntimeParameter":true,"isObjectRuntimeParameter":false,"connectionParameterName":"DBConnection_SRC"},"overridableProperties":[],"overriddenFields":[]},{"@type":"mtTaskParameter","id":92597584,"name":"$PMS_Fact_Reins_Premiums_Earned1$","type":"TARGET","label":"DBConnection_TGT","description":"","uiProperties":{"cnxtype":"Amazon Redshift v2","connectionParameterized":"true","paramName":"DBConnection_TGT","paramLabel":"","paramType-mapping":"Connection","logcnx":"DBConnection_TGT","default":"dbo/pms_fact_reins_premiums_earned","objectParameterized":"false","visible":"false","defaultTargetUpdateColumns":"","supportApplyDDLChanges":"false","originalPath":"PMS_Fact_Reins_Premiums_Earned1"},"targetConnectionId":"@kz9Es8IGoicjZNLnrhio0E","targetObject":"dbo/pms_fact_reins_premiums_earned","targetObjectLabel":"pms_fact_reins_premiums_earned","newFlatFile":false,"newObject":false,"showBusinessNames":true,"naturalOrder":true,"truncateTarget":false,"bulkApiDBTarget":false,"operationType":"Insert","customFuncCfg":{"@type":"customFuncConfig","id":-1,"connections":[],"inputMap":[],"outputFields":[]},"targetRefsV2":{},"targetUpdateColumns":[],"extendedObject":{"@type":"extendedObject","singleMode":true,"filters":[],"sortFields":[]},"runtimeAttrs":{},"isRESTModernSource":true,"isFileList":false,"handleSpecialChars":false,"handleDecimalRoundOff":false,"frsAsset":false,"dynamicFileName":false,"excludeDynamicFileNameField":false,"currentlyProcessedFileName":false,"retainFieldMetadata":false,"objectName":"dbo/pms_fact_reins_premiums_earned","objectLabel":"pms_fact_reins_premiums_earned","useExactSrcNames":false,"fetchMode":"ORIGINAL","tgtObjectAttributes":{},"runtimeParameterData":{"@type":"mtTaskRuntimeParameterData","isConnectionRuntimeParameter":true,"isObjectRuntimeParameter":false,"connectionParameterName":"DBConnection_TGT"},"overridableProperties":[],"targetSchemaProviderType":"SELECTED_OBJECT","overriddenFields":[]},{"@type":"mtTaskParameter","id":92597585,"name":"$lkp_ReinsuranceFactor$","type":"LOOKUP","label":"DBConnection_TGT","description":"","uiProperties":{"cnxtype":"Amazon Redshift v2","connectionParameterized":"true","paramName":"DBConnection_TGT","paramLabel":"","paramType-mapping":"Connection","logcnx":"DBConnection_TGT","isCachedLookup":"true","multipleMatchPolicy":"Use Any Value","default":"dbo/dim_reinsurancefactor","objectParameterized":"false","visible":"false","originalPath":"lkp_ReinsuranceFactor"},"lookupConnectionId":"@kz9Es8IGoicjZNLnrhio0E","lookupObject":"dbo/dim_reinsurancefactor","lookupObjectLabel":"dim_reinsurancefactor","newFlatFile":false,"newObject":false,"showBusinessNames":true,"naturalOrder":true,"truncateTarget":false,"bulkApiDBTarget":false,"customFuncCfg":{"@type":"customFuncConfig","id":-1,"connections":[],"inputMap":[],"outputFields":[]},"targetRefsV2":{},"targetUpdateColumns":[],"runtimeAttrs":{"Cache File Name Prefix":"","Lookup Index Cache Size":"AUTO","Optional":"true","Lookup cache persistent":"false","Lookup source is static":"false","Update Dynamic Cache Condition":"TRUE","Case Sensitive String Comparison":"false","Re-cache from lookup source":"false","Insert Else Update":"false","Lookup caching enabled":"true","Lookup Data Cache Size":"AUTO","Tracing Level":"Normal","Sorted Input":"false","Lookup cache directory name":"$PMCacheDir","Output Old Value On Update":"false","Dynamic Lookup Cache":"false","Pre-build lookup cache":"AUTO","Null ordering":""},"isRESTModernSource":true,"isFileList":false,"handleSpecialChars":false,"handleDecimalRoundOff":false,"frsAsset":false,"dynamicFileName":false,"excludeDynamicFileNameField":false,"currentlyProcessedFileName":false,"retainFieldMetadata":false,"objectName":"dbo/dim_reinsurancefactor","objectLabel":"dim_reinsurancefactor","useExactSrcNames":false,"fetchMode":"ORIGINAL","tgtObjectAttributes":{},"runtimeParameterData":{"@type":"mtTaskRuntimeParameterData","isConnectionRuntimeParameter":true,"isObjectRuntimeParameter":false,"connectionParameterName":"DBConnection_TGT"},"overridableProperties":[],"overriddenFields":[]}],"sequences":[],"inOutParameters":[],"connRuntimeAttrs":[]}]