[{"@type":"mtTask","id":"@1","name":"s_m_Load_PMS_Fact_Reins_Premiums_Earned","description":"Session pushed from PC to ICS : s_m_Load_PMS_Fact_Reins_Premiums_Earned","autoExpireObject":false,"runtimeEnvironmentId":"@jRYfI6mJ60tdJACgcoBhOB","maxLogs":10,"verbose":false,"mappingId":"@0N2aphd6XlOd8hn8N793A3","frsGuid":"dPNh2gddyUNcftn4xYGney","shortDescription":"Session pushed from PC to ICS : s_m_Load_PMS_Fact_...","sessionPropertiesList":[{"name":"Allow Temporary Sequence for Pushdown","value":"NO","recommended":false},{"name":"Allow Temporary View for Pushdown","value":"NO","recommended":false},{"name":"Data Column Delimiter","value":"|","recommended":false},{"name":"DateTime Format String","value":"MM/DD/YYYY HH24:MI:SS.US","recommended":false},{"name":"Error Log File Name","value":"PMError.log","recommended":false},{"name":"Override tracing","value":"Normal","recommended":false},{"name":"Pushdown Optimization","value":"None","recommended":false},{"name":"Pushdown Optimization Context","value":"None","recommended":false},{"name":"Pushdown Optimization Fallback Option","value":"Partial PDO","recommended":false}],"hidden":false,"enableCrossSchemaPushdown":false,"enableParallelRun":false,"autoTunedApplied":false,"autoTunedAppliedType":"NONE","parameterFileName":"Andover_Param_GW.param","parameterFileDir":"$PMRootDir/andover/parameters","paramFileType":"PARAM_FILE_LOCAL","schemaMode":"async","valid":true,"schemaValidationErrorCount":-1,"serverlessProperties":{},"taskProperties":[{"@type":"taskProperty","name":"parameterFileDir","currentValue":"$PMRootDir/andover/parameters","type":"STRING","label":"label.parameterFileDir","required":false},{"@type":"taskProperty","name":"parameterFileName","currentValue":"Andover_Param_GW.param","type":"STRING","label":"label.parameterFileName","required":false},{"@type":"taskProperty","name":"outboundMessageUrlQueueTime","currentValue":"","type":"NUMBER","label":"label.outboundMessageUrlQueueTime","required":false},{"@type":"taskProperty","name":"outboundMessageUrlToken","currentValue":"","type":"STRING","label":"label.outboundMessageUrlToken","required":false}],"optimizationPlan":"NONE","isMidstreamPreview":false,"allowMaxFieldLength":false,"specialCharacterSupport":false,"useUserDefinedOrder":false,"parameters":[{"@type":"mtTaskParameter","id":146412784,"name":"$SQ_PMS_Fact_Reins_Premiums_Earned$","type":"SOURCE","label":"DBConnection_SRC","description":"","uiProperties":{"cnxtype":"Amazon Redshift v2","connectionParameterized":"true","paramName":"DBConnection_SRC","paramLabel":"","paramType-mapping":"Connection","logcnx":"DBConnection_SRC","isSelectDistinct":"false","objectParameterized":"false","visible":"false","originalPath":"SQ_PMS_Fact_Reins_Premiums_Earned"},"sourceConnectionId":"@6Uao049gWFIeOw6WPSkjsu","sourceObject":"DUMMY_SQ_PMS_Fact_Reins_Premiums_Earned","newFlatFile":false,"newObject":false,"showBusinessNames":true,"naturalOrder":true,"truncateTarget":false,"bulkApiDBTarget":false,"customFuncCfg":{"@type":"customFuncConfig","id":-1,"connections":[],"inputMap":[],"outputFields":[]},"targetRefsV2":{},"targetUpdateColumns":[],"fieldOrderList":[],"runtimeAttrs":{"Unload Options":"","S3 Bucket Name":"","Post-Sql":"","SQL Query":"","Enable Compression":"YES","Read Mode":"Direct","Multipart Download Threshold Size":"5242880","Staging Directory Location":"","Temporary Credential Duration":"3600","Treat NULL Value as NULL":"NO","Fetch Size":"10000","Schema Name":"","Source Table Name":"","Encryption Type":"None","Select Distinct":"NO","Download S3 Files In Multiple Parts":"NO","Pre-SQL":""},"oprRuntimeAttrs":{"postSql":"","selectDistinct":"NO","EncryptionType":"None","EnableCompression":"YES","sqlQuery":"","fetchSize":"10000","multipartDownloadThreshold":"5242880","temporaryCredentialDuration":"3600","StagingDirectoryLocation":"","schemaName":"","TreatNullValueAsNull":"NO","sourceTableName":"","UnloadOptionsPropertyFile":"","DownloadS3FilesInMultipleParts":"NO","S3BucketName":"","readMode":"Direct","preSql":""},"isRESTModernSource":true,"customQuery":"SELECT PMS_Fact_Reins_Premiums_Earned.Reinsurance_Transaction_Id, PMS_Fact_Reins_Premiums_Earned.Policy_Key, PMS_Fact_Reins_Premiums_Earned.Policy_Key_Code, PMS_Fact_Reins_Premiums_Earned.Account_Entered_Dt, PMS_Fact_Reins_Premiums_Earned.Major_Peril, PMS_Fact_Reins_Premiums_Earned.Major_Peril_ID, PMS_Fact_Reins_Premiums_Earned.Risk_State, PMS_Fact_Reins_Premiums_Earned.Risk_State_ID, PMS_Fact_Reins_Premiums_Earned.Transaction_Code, PMS_Fact_Reins_Premiums_Earned.Reinsurance_Code, PMS_Fact_Reins_Premiums_Earned.Annual_Statement_Line, PMS_Fact_Reins_Premiums_Earned.Stateline, PMS_Fact_Reins_Premiums_Earned.MTD_Earned_Premium_Amt, PMS_Fact_Reins_Premiums_Earned.YTD_Earned_Premium_Amt, PMS_Fact_Reins_Premiums_Earned.Reserve_End_Balance \nFROM\n dbo.PMS_Fact_Reins_Premiums_Earned\nwhere Account_Entered_Dt = DATEADD('day', 1, LAST_DAY(CURRENT_DATE - INTERVAL '3 months'))\nand  case when date_part(month,DATEADD('day', 1, LAST_DAY(CURRENT_DATE - INTERVAL '2 months')))=1 then \ncase when  date_part(year,Expiration_Dt) =  date_part(year,DATEADD('day', 1, LAST_DAY(CURRENT_DATE - INTERVAL '2 months')))\nthen 1 \nelse 0\nend\nelse 1 end=1\nand Reinsurance_Code<>'97'","commandType":0,"isFileList":false,"handleSpecialChars":false,"handleDecimalRoundOff":false,"frsAsset":false,"dynamicFileName":false,"excludeDynamicFileNameField":false,"currentlyProcessedFileName":false,"retainFieldMetadata":false,"objectName":"DUMMY_SQ_PMS_Fact_Reins_Premiums_Earned","useExactSrcNames":false,"userUpdated":true,"tgtObjectAttributes":{},"runtimeParameterData":{"@type":"mtTaskRuntimeParameterData","isConnectionRuntimeParameter":true,"isObjectRuntimeParameter":false,"connectionParameterName":"DBConnection_SRC"},"overridableProperties":[],"overriddenFields":[]},{"@type":"mtTaskParameter","id":146412785,"name":"$SQ_PMS_Policy_Reins_Transaction$","type":"SOURCE","label":"DBConnection_SRC","description":"","uiProperties":{"cnxtype":"Amazon Redshift v2","connectionParameterized":"true","paramName":"DBConnection_SRC","paramLabel":"","paramType-mapping":"Connection","logcnx":"DBConnection_SRC","isSelectDistinct":"false","objectParameterized":"false","visible":"false","originalPath":"SQ_PMS_Policy_Reins_Transaction"},"sourceConnectionId":"@6Uao049gWFIeOw6WPSkjsu","sourceObject":"DUMMY_SQ_PMS_Policy_Reins_Transaction","newFlatFile":false,"newObject":false,"showBusinessNames":true,"naturalOrder":true,"truncateTarget":false,"bulkApiDBTarget":false,"customFuncCfg":{"@type":"customFuncConfig","id":-1,"connections":[],"inputMap":[],"outputFields":[]},"targetRefsV2":{},"targetUpdateColumns":[],"fieldOrderList":[],"runtimeAttrs":{},"isRESTModernSource":true,"customQuery":"SELECT PMS_Policy_Reins_Transaction.Reinsurance_Transaction_Id, \nPMS_Policy_Reins_Transaction.Policy_Key, \nPMS_Policy_Reins_Transaction.Policy_Key_Code, \nPMS_Policy_Reins_Transaction.Account_Entered_Dt,\nPMS_Policy_Reins_Transaction.Major_Peril,\nPMS_Policy_Reins_Transaction.Major_Peril_ID, \nPMS_Policy_Reins_Transaction.Risk_State, \nPMS_Policy_Reins_Transaction.Risk_State_ID, \nPMS_Policy_Reins_Transaction.Transaction_Code, \nPMS_Policy_Reins_Transaction.Reinsurance_Code,\nPMS_Policy_Reins_Transaction.Annual_Statement_Line, \nPMS_Policy_Reins_Transaction.Stateline, \nPMS_Policy_Reins_Transaction.Inception_Dt, \nPMS_Policy_Reins_Transaction.Expiration_Dt, \nPMS_Policy_Reins_Transaction.Ceded_Premium, \nPMS_Policy_Reins_Transaction.OriginalPremiumCancelAmount,\nDATEADD('day', 1, LAST_DAY(CURRENT_DATE - INTERVAL '2 months')) as ReportingDate\nFROM\n dbo.PMS_Policy_Reins_Transaction\nwhere (\ndate_part(year,Expiration_Dt) = date_part(year,DATEADD('day', 1, LAST_DAY(CURRENT_DATE - INTERVAL '2 months')))\nOR\ndate_part(year,Expiration_Dt) = date_part(year,DATEADD('day', 1, LAST_DAY(CURRENT_DATE - INTERVAL '2 months'))) + 1\nOR\nAccount_Entered_Dt = DATEADD('day', 1, LAST_DAY(CURRENT_DATE - INTERVAL '2 months'))\n)\nand  Reinsurance_Code not like '%97'\nAND Account_Entered_Dt <= DATEADD('day', 1, LAST_DAY(CURRENT_DATE - INTERVAL '2 months'))","commandType":0,"isFileList":false,"handleSpecialChars":false,"handleDecimalRoundOff":false,"frsAsset":false,"dynamicFileName":false,"excludeDynamicFileNameField":false,"currentlyProcessedFileName":false,"retainFieldMetadata":false,"objectName":"DUMMY_SQ_PMS_Policy_Reins_Transaction","useExactSrcNames":false,"userUpdated":true,"tgtObjectAttributes":{},"runtimeParameterData":{"@type":"mtTaskRuntimeParameterData","isConnectionRuntimeParameter":true,"isObjectRuntimeParameter":false,"connectionParameterName":"DBConnection_SRC"},"overridableProperties":[],"overriddenFields":[]},{"@type":"mtTaskParameter","id":146412786,"name":"$PMS_Fact_Reins_Premiums_Earned1$","type":"TARGET","label":"DBConnection_TGT","description":"","uiProperties":{"cnxtype":"Amazon Redshift v2","connectionParameterized":"true","paramName":"DBConnection_TGT","paramLabel":"","paramType-mapping":"Connection","logcnx":"DBConnection_TGT","default":"dbo/pms_fact_reins_premiums_earned","objectParameterized":"false","visible":"false","defaultTargetUpdateColumns":"","supportApplyDDLChanges":"false","originalPath":"PMS_Fact_Reins_Premiums_Earned1"},"targetConnectionId":"@6Uao049gWFIeOw6WPSkjsu","targetObject":"dbo/pms_fact_reins_premiums_earned","targetObjectLabel":"pms_fact_reins_premiums_earned","newFlatFile":false,"newObject":false,"showBusinessNames":true,"naturalOrder":true,"truncateTarget":false,"bulkApiDBTarget":false,"operationType":"Insert","customFuncCfg":{"@type":"customFuncConfig","id":-1,"connections":[],"inputMap":[],"outputFields":[]},"targetRefsV2":{},"targetUpdateColumns":[],"fieldOrderList":[],"extendedObject":{"@type":"extendedObject","singleMode":true,"filters":[],"sortFields":[]},"runtimeAttrs":{"Recovery Schema Name":"","Transfer Manager Thread Pool Size":"10","Override Target Query":"","Post-Sql":"","Enable Compression":"YES","S3 Server Side Encryption":"NO","WaitTime In Seconds For S3 File Consistency":"0","Error File Directory":"","Preserve record order on write":"NO","Require Null Value For Char And Varchar":"","Temporary Credential Duration":"3600","Schema Name":"","Analyze Target Table":"NO","Truncate Target Table Before Data Upload":"NO","S3 Client Side Encryption":"NO","Minimum Upload Part Size":"5242880","Number of files per batch":"0","Vacuum Target Table":"None","Prefix To Retain For Staging Files On S3":"","S3 Bucket Name":"nonproddatawarehouseredshiftclust-staging12d1754e-1w9c6risqayrf","Staging Directory Location":"","Max Errors Per Batch Upload Insert":"1","Copy Options":"","Batch Size":"2000000","Treat Source Rows As":"INSERT","Target Table Name":"","Pre-SQL":"","Success File Directory":""},"oprRuntimeAttrs":{"ErrorFileDirectory":"","numberOfFilesPerBatch":"0","S3ServerSideEncryption":"NO","CopyOptionsPropertyFile":"","SuccessFileDirectory":"","StagingDirectoryLocation":"","schemaName":"","AnalyzeTargetTable":"NO","dataIntegritySupport":"NO","PrefixToRetainForStagingFilesOnS3":"","minUploadPartSize":"5242880","targetTableName":"","postSql":"","BatchSize":"2000000","EnableCompression":"YES","TreatSourceRowsAs":"INSERT","RequireNullValueForCharAndVarchar":"","overrideTargetQuery":"","temporaryCredentialDuration":"3600","TruncateTargetTableBeforeDataUpload":"NO","WaitTimeInSecondsForS3FileConsistency":"0","VacuumTargetTable":"None","MaxErrorsPerBatchUploadForInsert":"1","S3ClientSideEncryption":"NO","recoverySchemaName":"","S3BucketName":"nonproddatawarehouseredshiftclust-staging12d1754e-1w9c6risqayrf","txManagerThreadPoolSize":"10","preSql":""},"isRESTModernSource":true,"commandType":0,"isFileList":false,"handleSpecialChars":false,"handleDecimalRoundOff":false,"frsAsset":false,"dynamicFileName":false,"excludeDynamicFileNameField":false,"currentlyProcessedFileName":false,"retainFieldMetadata":false,"objectName":"dbo/pms_fact_reins_premiums_earned","objectLabel":"pms_fact_reins_premiums_earned","useExactSrcNames":false,"userUpdated":true,"tgtObjectAttributes":{},"runtimeParameterData":{"@type":"mtTaskRuntimeParameterData","isConnectionRuntimeParameter":true,"isObjectRuntimeParameter":false,"connectionParameterName":"DBConnection_TGT"},"overridableProperties":[],"dbSchema":"","overriddenFields":[]},{"@type":"mtTaskParameter","id":146412787,"name":"$lkp_ReinsuranceFactor$","type":"LOOKUP","label":"DBConnection_TGT","description":"","uiProperties":{"cnxtype":"Amazon Redshift v2","connectionParameterized":"true","paramName":"DBConnection_TGT","paramLabel":"","paramType-mapping":"Connection","logcnx":"DBConnection_TGT","isCachedLookup":"true","multipleMatchPolicy":"Use Any Value","default":"dbo/dim_reinsurancefactor","objectParameterized":"false","visible":"false","originalPath":"lkp_ReinsuranceFactor"},"lookupConnectionId":"@6Uao049gWFIeOw6WPSkjsu","lookupObject":"dbo/dim_reinsurancefactor","lookupObjectLabel":"dim_reinsurancefactor","newFlatFile":false,"newObject":false,"showBusinessNames":true,"naturalOrder":true,"truncateTarget":false,"bulkApiDBTarget":false,"customFuncCfg":{"@type":"customFuncConfig","id":-1,"connections":[],"inputMap":[],"outputFields":[]},"targetRefsV2":{},"targetUpdateColumns":[],"fieldOrderList":[],"runtimeAttrs":{"Unload Options":"","Lookup source is static":"false","Post-Sql":"","Enable Compression":"YES","Case Sensitive String Comparison":"false","Temporary Credential Duration":"3600","Schema Name":"","Lookup Data Cache Size":"AUTO","Output Old Value On Update":"false","Pre-build lookup cache":"AUTO","Null ordering":"","Cache File Name Prefix":"","Lookup Index Cache Size":"AUTO","S3 Bucket Name":"","Optional":"true","Lookup cache persistent":"false","SQL Query":"","Read Mode":"Direct","Update Dynamic Cache Condition":"TRUE","Multipart Download Threshold Size":"5242880","Re-cache from lookup source":"false","Staging Directory Location":"","Treat NULL Value as NULL":"NO","Fetch Size":"10000","Insert Else Update":"false","Lookup caching enabled":"true","Source Table Name":"","Tracing Level":"Normal","Encryption Type":"None","Sorted Input":"false","Lookup cache directory name":"$PMCacheDir","Select Distinct":"NO","Download S3 Files In Multiple Parts":"NO","Dynamic Lookup Cache":"false","Pre-SQL":""},"oprRuntimeAttrs":{"postSql":"","selectDistinct":"NO","EncryptionType":"None","EnableCompression":"YES","sqlQuery":"","fetchSize":"10000","multipartDownloadThreshold":"5242880","temporaryCredentialDuration":"3600","StagingDirectoryLocation":"","schemaName":"","TreatNullValueAsNull":"NO","sourceTableName":"","UnloadOptionsPropertyFile":"","DownloadS3FilesInMultipleParts":"NO","S3BucketName":"","readMode":"Direct","preSql":""},"isRESTModernSource":true,"commandType":0,"isFileList":false,"handleSpecialChars":false,"handleDecimalRoundOff":false,"frsAsset":false,"dynamicFileName":false,"excludeDynamicFileNameField":false,"currentlyProcessedFileName":false,"retainFieldMetadata":false,"objectName":"dbo/dim_reinsurancefactor","objectLabel":"dim_reinsurancefactor","useExactSrcNames":false,"userUpdated":true,"tgtObjectAttributes":{},"runtimeParameterData":{"@type":"mtTaskRuntimeParameterData","isConnectionRuntimeParameter":true,"isObjectRuntimeParameter":false,"connectionParameterName":"DBConnection_TGT"},"overridableProperties":[],"dbSchema":"","overriddenFields":[]}],"sequences":[],"inOutParameters":[],"connRuntimeAttrs":[]}]