[{"@type":"mappletTemplate","id":"@1","name":"mplt_Numeric_Completeness","description":"Checks the completeness of a number field. Checks that the field contains a number, is not null or blank, and does not match a sample or default value.","autoExpireObject":false,"documentType":"DMAPPLET","valid":true,"validForEngines":["CDI","CDI_E"],"active":false,"hasFixedReferences":false,"templateId":"@2","templateImageId":"@3","references":[{"@type":"reference","refObjectId":"@8JUmrIw3ViFlMQSpTToCmK","refType":"mappletTemplate"},{"@type":"reference","refObjectId":"@50vedJdgrqLePlUfjXbSyQ","refType":"mappletTemplate"},{"@type":"reference","refObjectId":"@3WY40HWyjwLh9MHsg0xlGP","refType":"frsDocument"}]}]