[{"@type":"mappingTemplate","id":"@1","name":"cdi_mps_map_lc_archive_file","description":"","autoExpireObject":false,"bundleVersion":"0","assetFrsGuid":"6hN0v04zsSadkXSU2Fl68k","templateId":"@3","hasParameters":true,"valid":true,"fixedConnection":true,"hasParametersDeployed":false,"fixedConnectionDeployed":false,"isSchemaValidationEnabled":false,"tasks":1,"mappingPreviewFileRecordId":"@2","documentType":"","allowMaxFieldLength":false,"specialCharacterSupport":false,"references":[{"@type":"reference","refObjectId":"@4PR5UG8LgQbgjcPh0nvIgA","refType":"connection"}]}]