[{"@type":"mappingTemplate","id":"@1","name":"m_load_r_workspace_staging","description":"","autoExpireObject":false,"bundleVersion":"0","assetFrsGuid":"2JkcvgF6KeLdUaro9WNt2G","templateId":"@3","deployTime":1767815025000,"hasParameters":true,"valid":true,"fixedConnection":false,"hasParametersDeployed":true,"fixedConnectionDeployed":false,"isSchemaValidationEnabled":false,"tasks":1,"mappingPreviewFileRecordId":"@2","documentType":"","allowMaxFieldLength":false,"specialCharacterSupport":false,"references":[]}]