[{"@type":"mtTask","id":"@1","name":"s_m_Load_BasicPolicy_to_BasicPolicy_Stg_Ld","description":"Session pushed from PC to ICS : s_m_Load_BasicPolicy_to_BasicPolicy_Stg_Ld","errorTaskEmail":{"@type":"taskEmail","id":695844,"emails":"FailureTaskEmailUser@defaultDomainName.com","emailType":"ERROR"},"runtimeEnvironmentId":"@3pADNCV9u0PcgrXjM7rx0t","maxLogs":10,"verbose":false,"lastRunTime":1709036513000,"mappingId":"@0UeX0OaPx2vdciffkeanGd","frsGuid":"247EjFr2nq6bFGELoZlV2R","shortDescription":"Session pushed from PC to ICS : s_m_Load_BasicPoli...","sessionPropertiesList":[{"name":"Allow Temporary Sequence for Pushdown","value":"NO","recommended":false},{"name":"Allow Temporary View for Pushdown","value":"NO","recommended":false},{"name":"Data Column Delimiter","value":"|","recommended":false},{"name":"DTM buffer size","value":" 40725643","recommended":false},{"name":"Error Log File Name","value":"PMError.log","recommended":false},{"name":"Pushdown Optimization","value":"None","recommended":false},{"name":"Pushdown Optimization Context","value":"None","recommended":false},{"name":"Pushdown Optimization Fallback Option","value":"Partial PDO","recommended":false}],"enableCrossSchemaPushdown":false,"enableParallelRun":false,"autoTunedApplied":false,"autoTunedAppliedType":"NONE","parameterFileName":"Andover_Param_GW.param","parameterFileDir":"$PMRootDir/andover/parameters","paramFileType":"PARAM_FILE_LOCAL","schemaMode":"async","valid":true,"schemaValidationErrorCount":-1,"serverlessProperties":{},"taskProperties":[{"@type":"taskProperty","name":"parameterFileDir","currentValue":"$PMRootDir/andover/parameters","type":"STRING","label":"label.parameterFileDir","required":false},{"@type":"taskProperty","name":"parameterFileName","currentValue":"Andover_Param_GW.param","type":"STRING","label":"label.parameterFileName","required":false}],"jobPriority":"MEDIUM","optimizationPlan":"NONE","parameters":[{"@type":"mtTaskParameter","id":82860232,"name":"$Src_basicpolicy$","type":"SOURCE","label":"DBConnection_SRCM","description":"","uiProperties":{"cnxtype":"MySQL","connectionParameterized":"true","paramName":"DBConnection_SRCM","paramLabel":"","paramType-mapping":"Connection","logcnx":"DBConnection_SRCM","isSelectDistinct":"false","objectParameterized":"false","visible":"false","originalPath":"Src_basicpolicy"},"sourceConnectionId":"@jPo49nVatmzbSnPefVZwCV","sourceObject":"DUMMY_Src_basicpolicy","sourceObjectLabel":"DUMMY_Src_basicpolicy","newFlatFile":false,"newObject":false,"showBusinessNames":true,"naturalOrder":true,"truncateTarget":false,"bulkApiDBTarget":false,"customFuncCfg":{"@type":"customFuncConfig","id":-1,"connections":[],"inputMap":[],"outputFields":[]},"targetRefsV2":{},"targetUpdateColumns":[],"runtimeAttrs":{"Sql Override":"SELECT basicpolicy.SystemId, basicpolicy.ParentId, basicpolicy.CMMContainer, basicpolicy.Id, basicpolicy.PolicyDisplayNumber, basicpolicy.PolicyNumber, basicpolicy.StatusCd, basicpolicy.CompanyProductCd, basicpolicy.PolicyProductName, basicpolicy.ProductTypeCd, basicpolicy.CarrierGroupCd, basicpolicy.CarrierCd, basicpolicy.ControllingStateCd, basicpolicy.TransactionCd, basicpolicy.InceptionDt, basicpolicy.InceptionTm, basicpolicy.EffectiveDt, basicpolicy.EffectiveTm, basicpolicy.ExpirationDt, basicpolicy.ChangeDt, basicpolicy.CancelDt, basicpolicy.ReinstateDt, basicpolicy.RatedInd, basicpolicy.SubProducerCd, basicpolicy.UnderwriterCd, basicpolicy.Commission, basicpolicy.SICCode, basicpolicy.PayPlanCd, basicpolicy.TerritoryCd, basicpolicy.PolicyVersion, basicpolicy.TransactionNumber, basicpolicy.TransactionStatus, basicpolicy.TransactionCommissionAmt, basicpolicy.ProtectionClass, basicpolicy.InstallmentPlanCd, basicpolicy.RenewalPolicyRef, basicpolicy.RenewedFromPolicyRef, basicpolicy.RenewalTermCd, basicpolicy.NonRenewInd, basicpolicy.RewritePolicyRef, basicpolicy.RewriteFromPolicyRef, basicpolicy.PolicyNumberPrefix, basicpolicy.PolicyNumberSuffix, basicpolicy.ExpiringPremiumAmt, basicpolicy.ExpiringFeeAmt, basicpolicy.Branch, basicpolicy.BusinessSourceCd, basicpolicy.Comments, basicpolicy.PreviousCarrierCd, basicpolicy.PreviousPolicyNumber, basicpolicy.PreviousExpirationDt, basicpolicy.PreviousPremium, basicpolicy.StatsRef, basicpolicy.QuoteNumber, basicpolicy.QuoteNumberLookup, basicpolicy.OriginalApplicationRef, basicpolicy.UnderwritingHoldInd, basicpolicy.ProductVersionIdRef, basicpolicy.FullTermAmt, basicpolicy.CommissionAmt, basicpolicy.WrittenPremiumAmt, basicpolicy.FinalPremiumAmt, basicpolicy.SubTypeCd, basicpolicy.Description, basicpolicy.ManualReinstateInd, basicpolicy.ManualRenewalInd, basicpolicy.ManualRenewalReason, basicpolicy.ProviderRef, basicpolicy.RenewalProviderRef, basicpolicy.PriorTermPendingChgPolicyRef, basicpolicy.PriorTermPendingChgTransNum, basicpolicy.RenewalSubProducerCd, basicpolicy.ExternalId, basicpolicy.WrittenFeeAmt, basicpolicy.WrittenCommissionFeeAmt, basicpolicy.PaymentDay, basicpolicy.ReplacedByPolicyRef, basicpolicy.ManualReinstateReason, basicpolicy.DisplayDescription, basicpolicy.PremiumDiscountTableTypeCd, basicpolicy.ShellPolicyInd, basicpolicy.DividendFormNumber, basicpolicy.DividendPlanCd, basicpolicy.DividendPlanDisqualifyInd, basicpolicy.DividendPlanDisqualifyReason, basicpolicy.DividendPlanDisqualifyComment, basicpolicy.ManualBillingEntitySplitInd, basicpolicy.LatestTerm, basicpolicy.LatestTermTransaction, basicpolicy.WorksheetName, basicpolicy.ProgramCd, basicpolicy.AffinityGroupCd, basicpolicy.PromotionCd, basicpolicy.DirectorsAndOfficersLineInd, basicpolicy.ErrorsAndOmissionLineInd, basicpolicy.EmploymentAndPracticeLineInd, basicpolicy.CLUEPropertyRequestInd, basicpolicy.CLUEPersonalAutoRequestInd, basicpolicy.PreviousSubTypeCd, basicpolicy.PreviousTier, basicpolicy.PolicyCarrierCd, basicpolicy.PolicySource, basicpolicy.Tier, basicpolicy.LossSettlementType, basicpolicy.InspectionOrdered, basicpolicy.InspectionOrderedDt, basicpolicy.BackDtReason, basicpolicy.ExtendedCoverageInd, basicpolicy.VandalismMaliciousMischiefInd, basicpolicy.QuickQuoteNumber, basicpolicy.UWScore, basicpolicy.ApplicationNumber, basicpolicy.LegacyPolicyNumber, basicpolicy.LegacyComparePremium, basicpolicy.RenewalCapAmount, basicpolicy.ExpiringPolicyPremium, basicpolicy.ExpiringPolicyCapAmount, basicpolicy.UncappedRenewalPremium, basicpolicy.CappedRenewalPremium, basicpolicy.ExpiringClaimCount, basicpolicy.RenewalClaimCount, basicpolicy.CapperPremium, basicpolicy.UncappedExpiringPremium, basicpolicy.PublishCapDetailsInd, basicpolicy.HurricaneBand, basicpolicy.LLCOwnedInd, basicpolicy.LLCOwnedDt, basicpolicy.InsuranceScoreRequestInd, basicpolicy.ACVSurcharge, basicpolicy.DisplaySubTypeCd, basicpolicy.NumOfCancelNoticeCurrentTerm, basicpolicy.NumOfCancelNoticePriorTerm, basicpolicy.IsMandatoryPay, basicpolicy.ISOLocationValidationInd, basicpolicy.isWatchListMatch, basicpolicy.currentInsuredName, basicpolicy.overrideTermNumber, basicpolicy.ConversionContext, basicpolicy.IssuedWithNoChanges, basicpolicy.SendBackToAgentWithNoChanges, basicpolicy.IssuedWithChanges, basicpolicy.SendBackToAgentWithChanges, basicpolicy.OriginalProducer, basicpolicy.LegacyCustomerNumber, basicpolicy.SuppressNoticesInd, basicpolicy.IsMigrated, basicpolicy.RowId \nFROM\n basicpolicy\nWhere CmmContainer='Policy'","Pre SQL":"","Post SQL":"","Schema Name":""},"isRESTModernSource":true,"customQuery":"SELECT distinct basicpolicy.SystemId, basicpolicy.ParentId, basicpolicy.CMMContainer, basicpolicy.Id, basicpolicy.PolicyDisplayNumber, basicpolicy.PolicyNumber, basicpolicy.StatusCd, basicpolicy.CompanyProductCd, basicpolicy.PolicyProductName, basicpolicy.ProductTypeCd, basicpolicy.CarrierGroupCd, basicpolicy.CarrierCd, basicpolicy.ControllingStateCd, basicpolicy.TransactionCd, basicpolicy.InceptionDt, basicpolicy.InceptionTm, basicpolicy.EffectiveDt, basicpolicy.EffectiveTm, basicpolicy.ExpirationDt, basicpolicy.ChangeDt, basicpolicy.CancelDt, basicpolicy.ReinstateDt, basicpolicy.RatedInd, basicpolicy.SubProducerCd, basicpolicy.UnderwriterCd, basicpolicy.Commission, basicpolicy.SICCode, basicpolicy.PayPlanCd, basicpolicy.TerritoryCd, basicpolicy.PolicyVersion, basicpolicy.TransactionNumber, basicpolicy.TransactionStatus, basicpolicy.TransactionCommissionAmt, basicpolicy.ProtectionClass, basicpolicy.InstallmentPlanCd, basicpolicy.RenewalPolicyRef, basicpolicy.RenewedFromPolicyRef, basicpolicy.RenewalTermCd, basicpolicy.NonRenewInd, basicpolicy.RewritePolicyRef, basicpolicy.RewriteFromPolicyRef, basicpolicy.PolicyNumberPrefix, basicpolicy.PolicyNumberSuffix, basicpolicy.ExpiringPremiumAmt, basicpolicy.ExpiringFeeAmt, basicpolicy.Branch, basicpolicy.BusinessSourceCd, basicpolicy.Comments, basicpolicy.PreviousCarrierCd, basicpolicy.PreviousPolicyNumber, basicpolicy.PreviousExpirationDt, basicpolicy.PreviousPremium, basicpolicy.StatsRef, basicpolicy.QuoteNumber, basicpolicy.QuoteNumberLookup, basicpolicy.OriginalApplicationRef, basicpolicy.UnderwritingHoldInd, basicpolicy.ProductVersionIdRef, basicpolicy.FullTermAmt, basicpolicy.CommissionAmt, basicpolicy.WrittenPremiumAmt, basicpolicy.FinalPremiumAmt, basicpolicy.SubTypeCd, basicpolicy.Description, basicpolicy.ManualReinstateInd, basicpolicy.ManualRenewalInd, basicpolicy.ManualRenewalReason, basicpolicy.ProviderRef, basicpolicy.RenewalProviderRef, basicpolicy.PriorTermPendingChgPolicyRef, basicpolicy.PriorTermPendingChgTransNum, basicpolicy.RenewalSubProducerCd, basicpolicy.ExternalId, basicpolicy.WrittenFeeAmt, basicpolicy.WrittenCommissionFeeAmt, basicpolicy.PaymentDay, basicpolicy.ReplacedByPolicyRef, basicpolicy.ManualReinstateReason, basicpolicy.DisplayDescription, basicpolicy.PremiumDiscountTableTypeCd, basicpolicy.ShellPolicyInd, basicpolicy.DividendFormNumber, basicpolicy.DividendPlanCd, basicpolicy.DividendPlanDisqualifyInd, basicpolicy.DividendPlanDisqualifyReason, basicpolicy.DividendPlanDisqualifyComment, basicpolicy.ManualBillingEntitySplitInd, basicpolicy.LatestTerm, basicpolicy.LatestTermTransaction, basicpolicy.WorksheetName, basicpolicy.ProgramCd, basicpolicy.AffinityGroupCd, basicpolicy.PromotionCd, basicpolicy.DirectorsAndOfficersLineInd, basicpolicy.ErrorsAndOmissionLineInd, basicpolicy.EmploymentAndPracticeLineInd, basicpolicy.CLUEPropertyRequestInd, basicpolicy.CLUEPersonalAutoRequestInd, basicpolicy.PreviousSubTypeCd, basicpolicy.PreviousTier, basicpolicy.PolicyCarrierCd, basicpolicy.PolicySource, basicpolicy.Tier, basicpolicy.LossSettlementType, basicpolicy.InspectionOrdered, basicpolicy.InspectionOrderedDt, basicpolicy.BackDtReason, basicpolicy.ExtendedCoverageInd, basicpolicy.VandalismMaliciousMischiefInd, basicpolicy.QuickQuoteNumber, basicpolicy.UWScore, basicpolicy.ApplicationNumber, basicpolicy.LegacyPolicyNumber, basicpolicy.LegacyComparePremium, basicpolicy.RenewalCapAmount, basicpolicy.ExpiringPolicyPremium, basicpolicy.ExpiringPolicyCapAmount, basicpolicy.UncappedRenewalPremium, basicpolicy.CappedRenewalPremium, basicpolicy.ExpiringClaimCount, basicpolicy.RenewalClaimCount, basicpolicy.CapperPremium, basicpolicy.UncappedExpiringPremium, basicpolicy.PublishCapDetailsInd, basicpolicy.HurricaneBand, basicpolicy.LLCOwnedInd, basicpolicy.LLCOwnedDt, basicpolicy.InsuranceScoreRequestInd, basicpolicy.ACVSurcharge, basicpolicy.DisplaySubTypeCd, basicpolicy.NumOfCancelNoticeCurrentTerm, basicpolicy.NumOfCancelNoticePriorTerm, basicpolicy.IsMandatoryPay, basicpolicy.ISOLocationValidationInd, basicpolicy.isWatchListMatch, basicpolicy.currentInsuredName, basicpolicy.overrideTermNumber, basicpolicy.ConversionContext, basicpolicy.IssuedWithNoChanges, basicpolicy.SendBackToAgentWithNoChanges, basicpolicy.IssuedWithChanges, basicpolicy.SendBackToAgentWithChanges, basicpolicy.OriginalProducer, basicpolicy.LegacyCustomerNumber, basicpolicy.SuppressNoticesInd, basicpolicy.IsMigrated, basicpolicy.RowId \nFROM\n basicpolicy where systemid in (select SystemId from advrxxchangedbeans where concat(adddt,addtm)>='$$m_strtdt' and concat(adddt,addtm) <='$$m_Enddt' and cmmcontainer='Policy' ) and cmmcontainer='Policy'","isFileList":false,"handleSpecialChars":false,"handleDecimalRoundOff":false,"frsAsset":false,"dynamicFileName":false,"excludeDynamicFileNameField":false,"currentlyProcessedFileName":false,"retainFieldMetadata":false,"objectName":"DUMMY_Src_basicpolicy","objectLabel":"DUMMY_Src_basicpolicy","useExactSrcNames":false,"tgtObjectAttributes":{},"runtimeParameterData":{"@type":"mtTaskRuntimeParameterData","isConnectionRuntimeParameter":true,"isObjectRuntimeParameter":false,"connectionParameterName":"DBConnection_SRCM"},"overridableProperties":[],"overriddenFields":[]},{"@type":"mtTaskParameter","id":82860233,"name":"$Tgt_basicpolicy_stg$","type":"TARGET","label":"DBConnection_TGT","description":"","uiProperties":{"cnxtype":"Amazon Redshift v2","connectionParameterized":"true","paramName":"DBConnection_TGT","paramLabel":"","paramType-mapping":"Connection","logcnx":"DBConnection_TGT","default":"dbo/basicpolicy_stg","objectParameterized":"false","visible":"false","defaultTargetUpdateColumns":"","supportApplyDDLChanges":"false","originalPath":"Tgt_basicpolicy_stg"},"targetConnectionId":"@aYZ4ekzHgIPeKpiaoqDLKP","targetObject":"dbo/basicpolicy_stg","targetObjectLabel":"basicpolicy_stg","newFlatFile":false,"newObject":false,"showBusinessNames":true,"naturalOrder":true,"truncateTarget":false,"bulkApiDBTarget":false,"operationType":"Insert","customFuncCfg":{"@type":"customFuncConfig","id":-1,"connections":[],"inputMap":[],"outputFields":[]},"targetRefsV2":{},"targetUpdateColumns":[],"extendedObject":{"@type":"extendedObject","singleMode":true,"filters":[],"sortFields":[]},"runtimeAttrs":{"Temporary Credential Duration":"7200"},"oprRuntimeAttrs":{"temporaryCredentialDuration":"7200"},"isRESTModernSource":true,"isFileList":false,"handleSpecialChars":false,"handleDecimalRoundOff":false,"frsAsset":false,"dynamicFileName":false,"excludeDynamicFileNameField":false,"currentlyProcessedFileName":false,"retainFieldMetadata":false,"objectName":"dbo/basicpolicy_stg","objectLabel":"basicpolicy_stg","useExactSrcNames":false,"tgtObjectAttributes":{},"runtimeParameterData":{"@type":"mtTaskRuntimeParameterData","isConnectionRuntimeParameter":true,"isObjectRuntimeParameter":false,"connectionParameterName":"DBConnection_TGT"},"overridableProperties":[],"overriddenFields":[]}],"sequences":[],"inOutParameters":[{"@type":"mtTaskInOutParameter","id":"-1","name":"m_strtdt","description":"","initialValue":"","datatype":"STRING","precision":"120","scale":"0","retentionPolicy":"NEVER","aggregationType":"MAX","currentValue":""},{"@type":"mtTaskInOutParameter","id":"-1","name":"m_Enddt","description":"","initialValue":"","datatype":"STRING","precision":"120","scale":"0","retentionPolicy":"NEVER","aggregationType":"MAX","currentValue":""}],"connRuntimeAttrs":[]}]