[{"@type":"mappingTemplate","id":"@1","name":"m_Master_Stat_Account_SQL_SERVER_TO_Redshift_Truncate_Load","description":"","autoExpireObject":false,"bundleVersion":"0","assetFrsGuid":"6iT3CXC8PYxgu2dXwbGF2u","templateId":"@3","deployTime":1720708095000,"hasParameters":true,"valid":true,"fixedConnection":false,"hasParametersDeployed":true,"fixedConnectionDeployed":false,"isSchemaValidationEnabled":false,"tasks":1,"mappingPreviewFileRecordId":"@2","documentType":"MAPPING","allowMaxFieldLength":false,"references":[]}]