[{"@type":"mappingTemplate","id":"@1","name":"cdi_map_contatc_bronze","description":"","autoExpireObject":false,"bundleVersion":"0","assetFrsGuid":"iHnvdlFBAENgQEchbdhfm7","templateId":"@3","hasParameters":true,"valid":true,"fixedConnection":true,"hasParametersDeployed":false,"fixedConnectionDeployed":false,"isSchemaValidationEnabled":false,"tasks":2,"mappingPreviewFileRecordId":"@2","documentType":"MAPPING","allowMaxFieldLength":false,"references":[{"@type":"reference","refObjectId":"@aYZ4ekzHgIPeKpiaoqDLKP","refType":"connection"}]}]