[{"@type":"mappingTemplate","id":"@1","name":"cdi_map_adm_transfer_log_guidewire_bronze_load","description":"","autoExpireObject":false,"bundleVersion":"0","assetFrsGuid":"3I2FD5rqVZUkMWr3HEMreC","templateId":"@3","hasParameters":true,"valid":true,"fixedConnection":false,"hasParametersDeployed":false,"fixedConnectionDeployed":false,"isSchemaValidationEnabled":false,"tasks":1,"mappingPreviewFileRecordId":"@2","documentType":"MAPPING","allowMaxFieldLength":false,"specialCharacterSupport":false,"references":[]}]