[{"@type":"mappingTemplate","id":"@1","name":"cdi_map_acx_ea_factors_metal_load","description":"","autoExpireObject":false,"bundleVersion":"0","assetFrsGuid":"52tgkLqzn4ffgC2xhJ0h2X","templateId":"@3","deployTime":1753466777000,"hasParameters":true,"valid":true,"fixedConnection":false,"hasParametersDeployed":true,"fixedConnectionDeployed":false,"isSchemaValidationEnabled":false,"tasks":1,"mappingPreviewFileRecordId":"@2","documentType":"MAPPING","allowMaxFieldLength":false,"specialCharacterSupport":false,"references":[]}]