[{"@type":"mtTask","id":"@1","name":"s_m_PL_Feed_GW_Direct","description":"Session pushed from PC to ICS : s_m_PL_Feed_GW_Direct","runtimeEnvironmentId":"@3pADNCV9u0PcgrXjM7rx0t","maxLogs":10,"verbose":false,"lastRunTime":1707301386000,"mappingId":"@5FP5J341rY7kRa7qPeuaUc","frsGuid":"95dxVoM2GIzfFdMXKRxHCg","shortDescription":"Session pushed from PC to ICS : s_m_PL_Feed_GW_Dir...","sessionPropertiesList":[{"name":"Allow Temporary Sequence for Pushdown","value":"NO","recommended":false},{"name":"Allow Temporary View for Pushdown","value":"NO","recommended":false},{"name":"Cache LOOKUP() function","value":"YES","recommended":false},{"name":"Data Column Delimiter","value":"|","recommended":false},{"name":"DateTime Format String","value":"MM/DD/YYYY HH24:MI:SS.US","recommended":false},{"name":"Error Log File Name","value":"PMError.log","recommended":false},{"name":"Pushdown Optimization","value":"None","recommended":false},{"name":"Pushdown Optimization Context","value":"None","recommended":false},{"name":"Pushdown Optimization Fallback Option","value":"Partial PDO","recommended":false}],"enableCrossSchemaPushdown":false,"enableParallelRun":false,"autoTunedApplied":false,"autoTunedAppliedType":"NONE","parameterFileName":"Andover_Parm_Feed.txt","parameterFileDir":"$PMRootDir/andover/parameters","paramFileType":"PARAM_FILE_LOCAL","schemaMode":"async","valid":true,"schemaValidationErrorCount":-1,"serverlessProperties":{},"taskProperties":[{"@type":"taskProperty","name":"parameterFileDir","currentValue":"$PMRootDir/andover/parameters","type":"STRING","label":"label.parameterFileDir","required":false},{"@type":"taskProperty","name":"parameterFileName","currentValue":"Andover_Parm_Feed.txt","type":"STRING","label":"label.parameterFileName","required":false}],"optimizationPlan":"NONE","parameters":[{"@type":"mtTaskParameter","id":76317805,"name":"$SQ_ProfitLoss_Monthly_Base$","type":"EXTENDED_SOURCE","label":"DBConnection_Src","description":"","uiProperties":{"cnxtype":"Amazon Redshift v2","connectionParameterized":"true","paramName":"DBConnection_Src","paramLabel":"","paramType-mapping":"Connection","logcnx":"DBConnection_Src","isSelectDistinct":"false","isMsrcFilterParameterized":"false","isMsrcSortParameterized":"false","objectParameterized":"false","visible":"false","originalPath":"SQ_ProfitLoss_Monthly_Base"},"sourceConnectionId":"@aYZ4ekzHgIPeKpiaoqDLKP","newFlatFile":false,"newObject":false,"showBusinessNames":true,"naturalOrder":true,"truncateTarget":false,"bulkApiDBTarget":false,"customFuncCfg":{"@type":"customFuncConfig","id":-1,"connections":[],"inputMap":[],"outputFields":[]},"targetRefsV2":{},"targetUpdateColumns":[],"extendedObject":{"@type":"extendedObject","object":{"@type":"mObject","name":"dbo/profitloss_monthly_base","label":"profitloss_monthly_base","metadataUpdated":false,"relations":[],"children":[]},"singleMode":true,"objects":[{"@type":"mObject","name":"dbo/profitloss_monthly_base","label":"profitloss_monthly_base","metadataUpdated":false,"relations":[],"children":[]}],"filters":[],"sortFields":[]},"runtimeAttrs":{"Unload Options":"","S3 Bucket Name":"nonproddatawarehouseredshiftclust-staging12d1754e-1w9c6risqayrf","Post-Sql":"","SQL Query":"select Source,CompanyDesc,LobDesc,RiskState,a.Annual_Statement_Line,StateLine,DirectWrittenPremium,CededWrittenPremium,DirectUnearnedPremium,CededUnearnedPremium\n     ,DirectLossPaid,DirectCaseReserve ,DirectLossIBNRReserve,CededLossPaid, CededCaseReserve,0 as CededLossIBNRReserve,DirectPaidDCC,DirectPaidAO,DirectLAECaseReserve\n\t,DirectLAEIBNRReserve,CededPaidDCC,CededPaidAO,CededLAECaseReserve, CededLAEIBNRReserve,DirectCommissionsIncurred,CededCommissionsIncurred, Account_Entered_Dt\n    ,ReinsuranceCompany\t\n  from  (\n     SELECT 'GW_Direct_Premiums' as Source,P.\"Company Desc\"  as CompanyDesc \n\t,case when Stat_Line_Cd='1' then 'Fire'\n        when Stat_Line_Cd='2' then 'Extended Coverage (EC)'\n        when Stat_Line_Cd in('A','4','6','7') then 'Homeowner (HO)'\n        when Stat_Line_Cd in('9')  then 'Inland Marine (IM)'\n        when Stat_Line_Cd in('X') and  P.\"Lob Desc\" = 'PersonalUmbrella'  then 'Personal Umbrella (PUMB)'\n        when Stat_Line_Cd in('X') and P.\"Lob Desc\" = 'CommercialUmbrella'  then 'Commercial Umbrella (CUMB)'\n        when Stat_Line_Cd in('81','82','D','C')  then 'Business Owners Policy (BOP)'\n        when Stat_Line_Cd in('E','5')  then 'Commercial Multi Peril (CMP)'\n        when Stat_Line_Cd='Y' then 'Dwelling Liability'    end as LobDesc\n\t \n\t ,ISNULL(P.\"Risk State\",'Not Applicable') AS RiskState\n      ,Annual_Statement_Line,Stat_Line_Cd as StateLine  ,SUM(Written_Premium) as DirectWrittenPremium,null as CededWrittenPremium,sum(Unearned_Premium) as DirectUnearnedPremium\n      ,null as CededUnearnedPremium,null as DirectLossPaid,null as DirectCaseReserve,sum(Unearned_Premium*ref.ibnr_factor) as DirectLossIBNRReserve\n      ,null as CededLossPaid, null as CededCaseReserve,null as DirectPaidDCC,null as DirectPaidAO,null as DirectLAECaseReserve\n\t  ,sum(Unearned_Premium*ref.IBNR_Factor*ref.LAE_IBNR_Factor ) as DirectLAEIBNRReserve  \n      ,null as CededPaidDCC,null as CededPaidAO ,0 as CededLAECaseReserve,0 as CededLAEIBNRReserve ,sum(F.Commission_Amount) as DirectCommissionsIncurred\n\t  ,null as CededCommissionsIncurred,F.Account_Entered_Dt,null as ReinsuranceCompany\n   FROM dbo.Fact_Agg_GW_Premiums F\n\t LEFT JOIN dbo.View_Policy P ON P.\"Policy Key\"  = F.Policy_Key\n     ---LEFT JOIN dbo.[View_RiskState] S ON S.[Risk State ID] = F.[Risk_State_ID]\n      LEFT Join dbo.ProfitLoss_Factors_Ref ref on  ref.State_Line_Code=F.Stat_Line_Cd \nand ref.year=case when date_part(year,Account_Entered_Dt)<=2019 then 2019 else date_part(year,Account_Entered_Dt) end\t  \n   GROUP BY P.\"Company Desc\",P.\"Risk State\"\n  ,case when Stat_Line_Cd='1' then 'Fire'\n        when Stat_Line_Cd='2' then 'Extended Coverage (EC)'\n        when Stat_Line_Cd in('A','4','6','7') then 'Homeowner (HO)'\n        when Stat_Line_Cd in('9')  then 'Inland Marine (IM)'\n        when Stat_Line_Cd in('X') and  P.\"Lob Desc\" = 'PersonalUmbrella'  then 'Personal Umbrella (PUMB)'\n        when Stat_Line_Cd in('X') and P.\"Lob Desc\" = 'CommercialUmbrella'  then 'Commercial Umbrella (CUMB)'\n        when Stat_Line_Cd in('81','82','D','C')  then 'Business Owners Policy (BOP)'\n        when Stat_Line_Cd in('E','5')  then 'Commercial Multi Peril (CMP)'\n        when Stat_Line_Cd='Y' then 'Dwelling Liability'    end\n\t\n\t,F.Account_Entered_Dt ,Annual_Statement_Line,Stat_Line_Cd\n  union \n ---Losses: direct\n   SELECT 'GW_Direct_Losses' as Source,P.\"Company Desc\" as CompanyDesc \n  ,case when F.\"State Line Cd\"='1' then 'Fire'\n        when F.\"State Line Cd\"='2' then 'Extended Coverage (EC)'\n        when F.\"State Line Cd\" in('A','4','6','7') then 'Homeowner (HO)'\n        when F.\"State Line Cd\" in('9')  then 'Inland Marine (IM)'\n        when F.\"State Line Cd\" in('X') and  P.\"Lob Desc\" = 'PersonalUmbrella'  then 'Personal Umbrella (PUMB)'\n        when F.\"State Line Cd\" in('X') and P.\"Lob Desc\" = 'CommercialUmbrella'  then 'Commercial Umbrella (CUMB)'\n        when F.\"State Line Cd\" in('81','82','D','C')  then 'Business Owners Policy (BOP)'\n        when F.\"State Line Cd\" in('E','5')  then 'Commercial Multi Peril (CMP)'\n        when F.\"State Line Cd\"='Y' then 'Dwelling Liability'    end as LobDesc\n   \n   ,ISNULL(P.\"Risk State\",'Not Applicable') AS RiskState\n   ,F.\"Annual Statement Line Cd\",F.\"State Line Cd\" as StateLine  ,null as DirectWrittenPrem,null as CededWrittenPremium,null as DirectUnearnedPremium ,null as CededUnearnedPremium\n   -- ,sum(case when F.[Reserve Cd]='Indemnity' then \n\t  ,sum(isnull(\"Loss Paid Recovery Amt\",0)+isnull(\"Loss Salvage Amt\",0)+isnull(\"Loss Subrogation Amt\",0)+isnull(\"Loss Paid Amt\",0)) as  DirectLossPaid \n\t,null as  DirectCaseReserve\n\t,null as  DirectLossIBNRReserve\t,null as CededLossPaid, null as CededCaseReserve\n\t,sum(case when F.\"Reserve Cd\"='Defense' then \"Loss ALAE Expense\"   else 0 end ) as  DirectPaidDCC\n    ,sum(case when F.\"Reserve Cd\"='Adjustment' then \"Loss ULAE Expense\"  else 0 end ) as  DirectPaidAO\n\t,null as DirectLAECaseReserve  \n\t,null as DirectLAEIBNRReserve \n    ,null as CededPaidDCC,null as CededPaidAO,0 as CededLAECaseReserve\n    ,0 as CededLAEIBNRReserve,null as DirectCommissionsIncurred,null as CededCommissionsIncurred\n    ,F.\"Account Entered Dt\"  as Account_Entered_Dt,null as ReinsuranceCompany\n FROM dbo.View_Loss_Fact F  \n LEFT JOIN dbo.View_Policy P ON P.\"Policy Key\"  = F.\"Policy Key\" \n  --LEFT JOIN dbo.[View_RiskState] S ON S.[Risk State ID] = F.[Risk State ID]\n LEFT Join dbo.ProfitLoss_Factors_Ref ref on ref.State_Line_Code=F.\"State Line Cd\"  \n and ref.year=case when date_part(year,F.\"Account Entered Dt\")<=2019 then 2019 else date_part(year,F.\"Account Entered Dt\") end\n GROUP BY P.\"Company Desc\",P.\"Risk State\"\n ,case when F.\"State Line Cd\"='1' then 'Fire'\n        when F.\"State Line Cd\"='2' then 'Extended Coverage (EC)'\n        when F.\"State Line Cd\" in('A','4','6','7') then 'Homeowner (HO)'\n        when F.\"State Line Cd\" in('9')  then 'Inland Marine (IM)'\n        when F.\"State Line Cd\" in('X') and  P.\"Lob Desc\" = 'PersonalUmbrella'  then 'Personal Umbrella (PUMB)'\n        when F.\"State Line Cd\" in('X') and P.\"Lob Desc\" = 'CommercialUmbrella'  then 'Commercial Umbrella (CUMB)'\n        when F.\"State Line Cd\" in('81','82','D','C')  then 'Business Owners Policy (BOP)'\n        when F.\"State Line Cd\" in('E','5')  then 'Commercial Multi Peril (CMP)'\n        when F.\"State Line Cd\"='Y' then 'Dwelling Liability'    end \n ,F.\"Account Entered Dt\",F.\"Annual Statement Line Cd\",F.\"State Line Cd\"\n \n union all\n\nSELECT 'GW_Direct_Losses' as Source,P.\"Company Desc\" as CompanyDesc \n  ,case when StatLineCd='1' then 'Fire'\n        when StatLineCd='2' then 'Extended Coverage (EC)'\n        when StatLineCd in('A','4','6','7') then 'Homeowner (HO)'\n        when StatLineCd in('9')  then 'Inland Marine (IM)'\n        when StatLineCd in('X') and  P.\"Lob Desc\" = 'PersonalUmbrella'  then 'Personal Umbrella (PUMB)'\n        when StatLineCd in('X') and P.\"Lob Desc\" = 'CommercialUmbrella'  then 'Commercial Umbrella (CUMB)'\n        when StatLineCd in('81','82','D','C')  then 'Business Owners Policy (BOP)'\n        when StatLineCd in('E','5')  then 'Commercial Multi Peril (CMP)'\n        when StatLineCd='Y' then 'Dwelling Liability'    end as LobDesc\n   \n   ,ISNULL(P.\"Risk State\",'Not Applicable') AS RiskState\n   ,F.AnnualStatementLineCd,StatLineCd as StateLine  ,null as DirectWrittenPrem,null as CededWrittenPremium,null as DirectUnearnedPremium ,null as CededUnearnedPremium\n   -- ,sum(case when F.[Reserve Cd]='Indemnity' then \n\t  ,null as  DirectLossPaid \n\t,sum(case when F.ReserveCd = 'Indemnity' then  F.LossOutStandingAmt else 0 end) as  DirectCaseReserve\n\t,null as  DirectLossIBNRReserve\t,null as CededLossPaid, null as CededCaseReserve\n\t,null as  DirectPaidDCC\n    ,null as  DirectPaidAO\n\t,sum(case when F.ReserveCd = 'Indemnity' then F.LossOutStandingAmt*ref.LAE_Case_Factor else 0 end) as DirectLAECaseReserve \n\t,null as DirectLAEIBNRReserve  \n    ,null as CededPaidDCC,null as CededPaidAO,0 as CededLAECaseReserve\n    ,0 as CededLAEIBNRReserve,null as DirectCommissionsIncurred,null as CededCommissionsIncurred\n    ,AccountEnteredDt as Account_Entered_Dt,null as ReinsuranceCompany\n FROM dbo.ClaimReserves F  \n LEFT JOIN dbo.View_Policy P ON P.\"Part Policy Key\" = F.PolicyKey\n  --LEFT JOIN dbo.[View_RiskState] S ON S.[Risk State ID] = F.[Risk State ID]\n \n LEFT Join dbo.ProfitLoss_Factors_Ref ref on ref.State_Line_Code=F.StatLineCd\n and ref.year=case when date_part(year,AccountEnteredDt)<=2019 then 2019 else date_part(year,AccountEnteredDt) end\n \n Where  F.AccountEnteredDt<=(select date_value from dbo.constant_values)\n\n GROUP BY P.\"Company Desc\",P.\"Risk State\"\n ,case when StatLineCd='1' then 'Fire'\n        when StatLineCd='2' then 'Extended Coverage (EC)'\n        when StatLineCd in('A','4','6','7') then 'Homeowner (HO)'\n        when StatLineCd in('9')  then 'Inland Marine (IM)'\n        when StatLineCd in('X') and  P.\"Lob Desc\" = 'PersonalUmbrella'  then 'Personal Umbrella (PUMB)'\n        when StatLineCd in('X') and P.\"Lob Desc\" = 'CommercialUmbrella'  then 'Commercial Umbrella (CUMB)'\n        when StatLineCd in('81','82','D','C')  then 'Business Owners Policy (BOP)'\n        when StatLineCd in('E','5')  then 'Commercial Multi Peril (CMP)'\n        when StatLineCd='Y' then 'Dwelling Liability'    end \n ,AccountEnteredDt,F.AnnualStatementLineCd,StatLineCd\n ) a","Enable Compression":"YES","Read Mode":"Direct","Multipart Download Threshold Size":"5242880","Staging Directory Location":"","Temporary Credential Duration":"900","Treat NULL Value as NULL":"NO","Fetch Size":"10000","Schema Name":"","Source Table Name":"","Encryption Type":"None","Select Distinct":"NO","Download S3 Files In Multiple Parts":"NO","Pre-SQL":""},"oprRuntimeAttrs":{"postSql":"","selectDistinct":"NO","EncryptionType":"None","EnableCompression":"YES","sqlQuery":"select Source,CompanyDesc,LobDesc,RiskState,a.Annual_Statement_Line,StateLine,DirectWrittenPremium,CededWrittenPremium,DirectUnearnedPremium,CededUnearnedPremium\n     ,DirectLossPaid,DirectCaseReserve ,DirectLossIBNRReserve,CededLossPaid, CededCaseReserve,0 as CededLossIBNRReserve,DirectPaidDCC,DirectPaidAO,DirectLAECaseReserve\n\t,DirectLAEIBNRReserve,CededPaidDCC,CededPaidAO,CededLAECaseReserve, CededLAEIBNRReserve,DirectCommissionsIncurred,CededCommissionsIncurred, Account_Entered_Dt\n    ,ReinsuranceCompany\t\n  from  (\n     SELECT 'GW_Direct_Premiums' as Source,P.\"Company Desc\"  as CompanyDesc \n\t,case when Stat_Line_Cd='1' then 'Fire'\n        when Stat_Line_Cd='2' then 'Extended Coverage (EC)'\n        when Stat_Line_Cd in('A','4','6','7') then 'Homeowner (HO)'\n        when Stat_Line_Cd in('9')  then 'Inland Marine (IM)'\n        when Stat_Line_Cd in('X') and  P.\"Lob Desc\" = 'PersonalUmbrella'  then 'Personal Umbrella (PUMB)'\n        when Stat_Line_Cd in('X') and P.\"Lob Desc\" = 'CommercialUmbrella'  then 'Commercial Umbrella (CUMB)'\n        when Stat_Line_Cd in('81','82','D','C')  then 'Business Owners Policy (BOP)'\n        when Stat_Line_Cd in('E','5')  then 'Commercial Multi Peril (CMP)'\n        when Stat_Line_Cd='Y' then 'Dwelling Liability'    end as LobDesc\n\t \n\t ,ISNULL(P.\"Risk State\",'Not Applicable') AS RiskState\n      ,Annual_Statement_Line,Stat_Line_Cd as StateLine  ,SUM(Written_Premium) as DirectWrittenPremium,null as CededWrittenPremium,sum(Unearned_Premium) as DirectUnearnedPremium\n      ,null as CededUnearnedPremium,null as DirectLossPaid,null as DirectCaseReserve,sum(Unearned_Premium*ref.ibnr_factor) as DirectLossIBNRReserve\n      ,null as CededLossPaid, null as CededCaseReserve,null as DirectPaidDCC,null as DirectPaidAO,null as DirectLAECaseReserve\n\t  ,sum(Unearned_Premium*ref.IBNR_Factor*ref.LAE_IBNR_Factor ) as DirectLAEIBNRReserve  \n      ,null as CededPaidDCC,null as CededPaidAO ,0 as CededLAECaseReserve,0 as CededLAEIBNRReserve ,sum(F.Commission_Amount) as DirectCommissionsIncurred\n\t  ,null as CededCommissionsIncurred,F.Account_Entered_Dt,null as ReinsuranceCompany\n   FROM dbo.Fact_Agg_GW_Premiums F\n\t LEFT JOIN dbo.View_Policy P ON P.\"Policy Key\"  = F.Policy_Key\n     ---LEFT JOIN dbo.[View_RiskState] S ON S.[Risk State ID] = F.[Risk_State_ID]\n      LEFT Join dbo.ProfitLoss_Factors_Ref ref on  ref.State_Line_Code=F.Stat_Line_Cd \nand ref.year=case when date_part(year,Account_Entered_Dt)<=2019 then 2019 else date_part(year,Account_Entered_Dt) end\t  \n   GROUP BY P.\"Company Desc\",P.\"Risk State\"\n  ,case when Stat_Line_Cd='1' then 'Fire'\n        when Stat_Line_Cd='2' then 'Extended Coverage (EC)'\n        when Stat_Line_Cd in('A','4','6','7') then 'Homeowner (HO)'\n        when Stat_Line_Cd in('9')  then 'Inland Marine (IM)'\n        when Stat_Line_Cd in('X') and  P.\"Lob Desc\" = 'PersonalUmbrella'  then 'Personal Umbrella (PUMB)'\n        when Stat_Line_Cd in('X') and P.\"Lob Desc\" = 'CommercialUmbrella'  then 'Commercial Umbrella (CUMB)'\n        when Stat_Line_Cd in('81','82','D','C')  then 'Business Owners Policy (BOP)'\n        when Stat_Line_Cd in('E','5')  then 'Commercial Multi Peril (CMP)'\n        when Stat_Line_Cd='Y' then 'Dwelling Liability'    end\n\t\n\t,F.Account_Entered_Dt ,Annual_Statement_Line,Stat_Line_Cd\n  union \n ---Losses: direct\n   SELECT 'GW_Direct_Losses' as Source,P.\"Company Desc\" as CompanyDesc \n  ,case when F.\"State Line Cd\"='1' then 'Fire'\n        when F.\"State Line Cd\"='2' then 'Extended Coverage (EC)'\n        when F.\"State Line Cd\" in('A','4','6','7') then 'Homeowner (HO)'\n        when F.\"State Line Cd\" in('9')  then 'Inland Marine (IM)'\n        when F.\"State Line Cd\" in('X') and  P.\"Lob Desc\" = 'PersonalUmbrella'  then 'Personal Umbrella (PUMB)'\n        when F.\"State Line Cd\" in('X') and P.\"Lob Desc\" = 'CommercialUmbrella'  then 'Commercial Umbrella (CUMB)'\n        when F.\"State Line Cd\" in('81','82','D','C')  then 'Business Owners Policy (BOP)'\n        when F.\"State Line Cd\" in('E','5')  then 'Commercial Multi Peril (CMP)'\n        when F.\"State Line Cd\"='Y' then 'Dwelling Liability'    end as LobDesc\n   \n   ,ISNULL(P.\"Risk State\",'Not Applicable') AS RiskState\n   ,F.\"Annual Statement Line Cd\",F.\"State Line Cd\" as StateLine  ,null as DirectWrittenPrem,null as CededWrittenPremium,null as DirectUnearnedPremium ,null as CededUnearnedPremium\n   -- ,sum(case when F.[Reserve Cd]='Indemnity' then \n\t  ,sum(isnull(\"Loss Paid Recovery Amt\",0)+isnull(\"Loss Salvage Amt\",0)+isnull(\"Loss Subrogation Amt\",0)+isnull(\"Loss Paid Amt\",0)) as  DirectLossPaid \n\t,null as  DirectCaseReserve\n\t,null as  DirectLossIBNRReserve\t,null as CededLossPaid, null as CededCaseReserve\n\t,sum(case when F.\"Reserve Cd\"='Defense' then \"Loss ALAE Expense\"   else 0 end ) as  DirectPaidDCC\n    ,sum(case when F.\"Reserve Cd\"='Adjustment' then \"Loss ULAE Expense\"  else 0 end ) as  DirectPaidAO\n\t,null as DirectLAECaseReserve  \n\t,null as DirectLAEIBNRReserve \n    ,null as CededPaidDCC,null as CededPaidAO,0 as CededLAECaseReserve\n    ,0 as CededLAEIBNRReserve,null as DirectCommissionsIncurred,null as CededCommissionsIncurred\n    ,F.\"Account Entered Dt\"  as Account_Entered_Dt,null as ReinsuranceCompany\n FROM dbo.View_Loss_Fact F  \n LEFT JOIN dbo.View_Policy P ON P.\"Policy Key\"  = F.\"Policy Key\" \n  --LEFT JOIN dbo.[View_RiskState] S ON S.[Risk State ID] = F.[Risk State ID]\n LEFT Join dbo.ProfitLoss_Factors_Ref ref on ref.State_Line_Code=F.\"State Line Cd\"  \n and ref.year=case when date_part(year,F.\"Account Entered Dt\")<=2019 then 2019 else date_part(year,F.\"Account Entered Dt\") end\n GROUP BY P.\"Company Desc\",P.\"Risk State\"\n ,case when F.\"State Line Cd\"='1' then 'Fire'\n        when F.\"State Line Cd\"='2' then 'Extended Coverage (EC)'\n        when F.\"State Line Cd\" in('A','4','6','7') then 'Homeowner (HO)'\n        when F.\"State Line Cd\" in('9')  then 'Inland Marine (IM)'\n        when F.\"State Line Cd\" in('X') and  P.\"Lob Desc\" = 'PersonalUmbrella'  then 'Personal Umbrella (PUMB)'\n        when F.\"State Line Cd\" in('X') and P.\"Lob Desc\" = 'CommercialUmbrella'  then 'Commercial Umbrella (CUMB)'\n        when F.\"State Line Cd\" in('81','82','D','C')  then 'Business Owners Policy (BOP)'\n        when F.\"State Line Cd\" in('E','5')  then 'Commercial Multi Peril (CMP)'\n        when F.\"State Line Cd\"='Y' then 'Dwelling Liability'    end \n ,F.\"Account Entered Dt\",F.\"Annual Statement Line Cd\",F.\"State Line Cd\"\n \n union all\n\nSELECT 'GW_Direct_Losses' as Source,P.\"Company Desc\" as CompanyDesc \n  ,case when StatLineCd='1' then 'Fire'\n        when StatLineCd='2' then 'Extended Coverage (EC)'\n        when StatLineCd in('A','4','6','7') then 'Homeowner (HO)'\n        when StatLineCd in('9')  then 'Inland Marine (IM)'\n        when StatLineCd in('X') and  P.\"Lob Desc\" = 'PersonalUmbrella'  then 'Personal Umbrella (PUMB)'\n        when StatLineCd in('X') and P.\"Lob Desc\" = 'CommercialUmbrella'  then 'Commercial Umbrella (CUMB)'\n        when StatLineCd in('81','82','D','C')  then 'Business Owners Policy (BOP)'\n        when StatLineCd in('E','5')  then 'Commercial Multi Peril (CMP)'\n        when StatLineCd='Y' then 'Dwelling Liability'    end as LobDesc\n   \n   ,ISNULL(P.\"Risk State\",'Not Applicable') AS RiskState\n   ,F.AnnualStatementLineCd,StatLineCd as StateLine  ,null as DirectWrittenPrem,null as CededWrittenPremium,null as DirectUnearnedPremium ,null as CededUnearnedPremium\n   -- ,sum(case when F.[Reserve Cd]='Indemnity' then \n\t  ,null as  DirectLossPaid \n\t,sum(case when F.ReserveCd = 'Indemnity' then  F.LossOutStandingAmt else 0 end) as  DirectCaseReserve\n\t,null as  DirectLossIBNRReserve\t,null as CededLossPaid, null as CededCaseReserve\n\t,null as  DirectPaidDCC\n    ,null as  DirectPaidAO\n\t,sum(case when F.ReserveCd = 'Indemnity' then F.LossOutStandingAmt*ref.LAE_Case_Factor else 0 end) as DirectLAECaseReserve \n\t,null as DirectLAEIBNRReserve  \n    ,null as CededPaidDCC,null as CededPaidAO,0 as CededLAECaseReserve\n    ,0 as CededLAEIBNRReserve,null as DirectCommissionsIncurred,null as CededCommissionsIncurred\n    ,AccountEnteredDt as Account_Entered_Dt,null as ReinsuranceCompany\n FROM dbo.ClaimReserves F  \n LEFT JOIN dbo.View_Policy P ON P.\"Part Policy Key\" = F.PolicyKey\n  --LEFT JOIN dbo.[View_RiskState] S ON S.[Risk State ID] = F.[Risk State ID]\n \n LEFT Join dbo.ProfitLoss_Factors_Ref ref on ref.State_Line_Code=F.StatLineCd\n and ref.year=case when date_part(year,AccountEnteredDt)<=2019 then 2019 else date_part(year,AccountEnteredDt) end\n \n Where  F.AccountEnteredDt<=(select date_value from dbo.constant_values)\n\n GROUP BY P.\"Company Desc\",P.\"Risk State\"\n ,case when StatLineCd='1' then 'Fire'\n        when StatLineCd='2' then 'Extended Coverage (EC)'\n        when StatLineCd in('A','4','6','7') then 'Homeowner (HO)'\n        when StatLineCd in('9')  then 'Inland Marine (IM)'\n        when StatLineCd in('X') and  P.\"Lob Desc\" = 'PersonalUmbrella'  then 'Personal Umbrella (PUMB)'\n        when StatLineCd in('X') and P.\"Lob Desc\" = 'CommercialUmbrella'  then 'Commercial Umbrella (CUMB)'\n        when StatLineCd in('81','82','D','C')  then 'Business Owners Policy (BOP)'\n        when StatLineCd in('E','5')  then 'Commercial Multi Peril (CMP)'\n        when StatLineCd='Y' then 'Dwelling Liability'    end \n ,AccountEnteredDt,F.AnnualStatementLineCd,StatLineCd\n ) a","fetchSize":"10000","multipartDownloadThreshold":"5242880","temporaryCredentialDuration":"900","StagingDirectoryLocation":"","schemaName":"","TreatNullValueAsNull":"NO","sourceTableName":"","UnloadOptionsPropertyFile":"","DownloadS3FilesInMultipleParts":"NO","S3BucketName":"nonproddatawarehouseredshiftclust-staging12d1754e-1w9c6risqayrf","readMode":"Direct","preSql":""},"isRESTModernSource":true,"isFileList":false,"handleSpecialChars":false,"handleDecimalRoundOff":false,"frsAsset":false,"dynamicFileName":false,"excludeDynamicFileNameField":false,"currentlyProcessedFileName":false,"retainFieldMetadata":false,"useExactSrcNames":false,"tgtObjectAttributes":{},"runtimeParameterData":{"@type":"mtTaskRuntimeParameterData","isConnectionRuntimeParameter":true,"isObjectRuntimeParameter":false,"connectionParameterName":"DBConnection_Src"},"overridableProperties":[],"overriddenFields":[]},{"@type":"mtTaskParameter","id":76317806,"name":"$ProfitLoss_Monthly_Base1$","type":"TARGET","label":"DBConnection_Tgt","description":"","uiProperties":{"cnxtype":"Amazon Redshift v2","connectionParameterized":"true","paramName":"DBConnection_Tgt","paramLabel":"","paramType-mapping":"Connection","logcnx":"DBConnection_Tgt","default":"dbo/profitloss_monthly_base","objectParameterized":"false","visible":"false","defaultTargetUpdateColumns":"","supportApplyDDLChanges":"false","originalPath":"ProfitLoss_Monthly_Base1"},"targetConnectionId":"@aYZ4ekzHgIPeKpiaoqDLKP","targetObject":"dbo/profitloss_monthly_base","targetObjectLabel":"profitloss_monthly_base","newFlatFile":false,"newObject":false,"showBusinessNames":true,"naturalOrder":true,"truncateTarget":false,"bulkApiDBTarget":false,"operationType":"Insert","customFuncCfg":{"@type":"customFuncConfig","id":-1,"connections":[],"inputMap":[],"outputFields":[]},"targetRefsV2":{},"targetUpdateColumns":[],"extendedObject":{"@type":"extendedObject","singleMode":true,"filters":[],"sortFields":[]},"runtimeAttrs":{"Recovery Schema Name":"","Transfer Manager Thread Pool Size":"10","Override Target Query":"","Post-Sql":"","Enable Compression":"YES","S3 Server Side Encryption":"NO","WaitTime In Seconds For S3 File Consistency":"0","Error File Directory":"","Preserve record order on write":"NO","Require Null Value For Char And Varchar":"","Temporary Credential Duration":"900","Schema Name":"","Analyze Target Table":"NO","Truncate Target Table Before Data Upload":"NO","S3 Client Side Encryption":"NO","Minimum Upload Part Size":"5242880","Number of files per batch":"0","Vacuum Target Table":"None","Prefix To Retain For Staging Files On S3":"","S3 Bucket Name":"nonproddatawarehouseredshiftclust-staging12d1754e-1w9c6risqayrf","Staging Directory Location":"","Max Errors Per Batch Upload Insert":"1","Copy Options":"","Batch Size":"2000000","Treat Source Rows As":"INSERT","Target Table Name":"","Pre-SQL":"","Success File Directory":""},"oprRuntimeAttrs":{"ErrorFileDirectory":"","numberOfFilesPerBatch":"0","S3ServerSideEncryption":"NO","CopyOptionsPropertyFile":"","SuccessFileDirectory":"","StagingDirectoryLocation":"","schemaName":"","AnalyzeTargetTable":"NO","dataIntegritySupport":"NO","PrefixToRetainForStagingFilesOnS3":"","minUploadPartSize":"5242880","targetTableName":"","postSql":"","BatchSize":"2000000","EnableCompression":"YES","TreatSourceRowsAs":"INSERT","RequireNullValueForCharAndVarchar":"","overrideTargetQuery":"","temporaryCredentialDuration":"900","TruncateTargetTableBeforeDataUpload":"NO","WaitTimeInSecondsForS3FileConsistency":"0","VacuumTargetTable":"None","MaxErrorsPerBatchUploadForInsert":"1","S3ClientSideEncryption":"NO","recoverySchemaName":"","S3BucketName":"nonproddatawarehouseredshiftclust-staging12d1754e-1w9c6risqayrf","txManagerThreadPoolSize":"10","preSql":""},"isRESTModernSource":true,"isFileList":false,"handleSpecialChars":false,"handleDecimalRoundOff":false,"frsAsset":false,"dynamicFileName":false,"excludeDynamicFileNameField":false,"currentlyProcessedFileName":false,"retainFieldMetadata":false,"objectName":"dbo/profitloss_monthly_base","objectLabel":"profitloss_monthly_base","useExactSrcNames":false,"tgtObjectAttributes":{},"runtimeParameterData":{"@type":"mtTaskRuntimeParameterData","isConnectionRuntimeParameter":true,"isObjectRuntimeParameter":false,"connectionParameterName":"DBConnection_Tgt"},"overridableProperties":[],"overriddenFields":[]}],"sequences":[],"inOutParameters":[],"connRuntimeAttrs":[]}]