[{"@type":"mappingTemplate","id":"@1","name":"m_load_dim_agency","description":"Fetches the most recent record from Master_Agency_Detail and master_agencyGroup_detail, ensuring that the Field_Representative is not Jim Ford for comment considerations.","bundleVersion":"0","templateId":"@3","deployTime":1703702971000,"hasParameters":true,"valid":true,"fixedConnection":false,"hasParametersDeployed":true,"fixedConnectionDeployed":false,"isSchemaValidationEnabled":false,"tasks":1,"mappingPreviewFileRecordId":"@2","documentType":"MAPPING","references":[]}]