[{"@type":"mappingTemplate","id":"@1","name":"m_PMS_Master_Premium_Form_SQL_SERVER_TO_Redshift","description":"","autoExpireObject":false,"bundleVersion":"0","assetFrsGuid":"0ZPqspR7QkMd9umdkbNz0u","templateId":"@3","deployTime":1720705282000,"hasParameters":true,"valid":true,"fixedConnection":false,"hasParametersDeployed":true,"fixedConnectionDeployed":false,"isSchemaValidationEnabled":false,"tasks":1,"mappingPreviewFileRecordId":"@2","documentType":"MAPPING","allowMaxFieldLength":false,"references":[]}]