[{"@type":"mappingTemplate","id":"@1","name":"cdi_map_batch_load_status_update_failure","description":"","autoExpireObject":false,"bundleVersion":"0","assetFrsGuid":"073UAldkHobiDCL0X7tgoW","templateId":"@3","deployTime":1749008351000,"hasParameters":false,"valid":true,"fixedConnection":true,"hasParametersDeployed":false,"fixedConnectionDeployed":true,"isSchemaValidationEnabled":false,"tasks":1,"mappingPreviewFileRecordId":"@2","documentType":"MAPPING","allowMaxFieldLength":false,"references":[{"@type":"reference","refObjectId":"@aYZ4ekzHgIPeKpiaoqDLKP","refType":"connection"}]}]