[{"@type":"mappingTemplate","id":"@1","name":"m_Load_Policystats_to_PolicyTransaction_Ld","description":"","autoExpireObject":false,"bundleVersion":"0","assetFrsGuid":"724RLUIvKUff369d2vxEWk","templateId":"@3","deployTime":1735925490000,"hasParameters":true,"valid":true,"fixedConnection":false,"hasParametersDeployed":true,"fixedConnectionDeployed":false,"isSchemaValidationEnabled":false,"tasks":1,"mappingPreviewFileRecordId":"@2","documentType":"MAPPING","allowMaxFieldLength":false,"specialCharacterSupport":false,"references":[]}]