[{"@type":"mappingTemplate","id":"@1","name":"cdi_map_adm_t_agency_bronze_load","description":"This job is responsible for reading data from the Metal staging layer and loading it into the Bronze SCD Type 2 tables. It ensures historical tracking of changes by identifying new, changed, and unchanged records, applying the appropriate logic to insert new versions or retire old ones with end dates as part of the SCD2 process.","autoExpireObject":false,"bundleVersion":"0","assetFrsGuid":"ag3RBfxkbssdOb7pyCOkEC","templateId":"@3","deployTime":1763740586000,"hasParameters":true,"valid":true,"fixedConnection":false,"hasParametersDeployed":true,"fixedConnectionDeployed":false,"isSchemaValidationEnabled":false,"tasks":1,"mappingPreviewFileRecordId":"@2","documentType":"MAPPING","allowMaxFieldLength":false,"specialCharacterSupport":false,"references":[]}]