[{"@type":"mappingTemplate","id":"@1","name":"m_Load_Coverage_stg_to_Master_Coverage_Ld","description":"Mapping to load Master coverage table from stage table","autoExpireObject":false,"bundleVersion":"0","assetFrsGuid":"4vCiHCE4X4dd7jWrFU0IC2","templateId":"@3","deployTime":1735655269000,"hasParameters":true,"valid":true,"fixedConnection":false,"hasParametersDeployed":true,"fixedConnectionDeployed":false,"isSchemaValidationEnabled":false,"tasks":1,"mappingPreviewFileRecordId":"@2","documentType":"","allowMaxFieldLength":false,"specialCharacterSupport":false,"references":[]}]