[{"@type":"mtTask","id":"@1","name":"s_m_loading_dim_risk","description":"","runtimeEnvironmentId":"@3pADNCV9u0PcgrXjM7rx0t","maxLogs":10,"verbose":false,"lastRunTime":1706280507000,"mappingId":"@80yPvVVBNwPkxlJ4hvRxAt","frsGuid":"55C7xfGqGIdigHmH0RtDCy","shortDescription":"","sessionPropertiesList":[{"name":"Allow Temporary Sequence for Pushdown","value":"NO","recommended":false},{"name":"Allow Temporary View for Pushdown","value":"NO","recommended":false},{"name":"Pushdown Optimization","value":"None","recommended":false},{"name":"Pushdown Optimization Context","value":"None","recommended":false},{"name":"Pushdown Optimization Fallback Option","value":"Partial PDO","recommended":false}],"enableCrossSchemaPushdown":true,"enableParallelRun":false,"autoTunedApplied":false,"autoTunedAppliedType":"NONE","parameterFileName":"Andover_Param_MSGR_Refactor.param","parameterFileDir":"$PMRootDir/andover/parameters","paramFileType":"PARAM_FILE_LOCAL","schemaMode":"async","valid":true,"schemaValidationErrorCount":-1,"parameterFileEncoding":"UTF-8","serverlessProperties":{},"taskProperties":[{"@type":"taskProperty","name":"parameterFileDir","currentValue":"$PMRootDir/andover/parameters","type":"STRING","label":"label.parameterFileDir","required":false},{"@type":"taskProperty","name":"parameterFileName","currentValue":"Andover_Param_MSGR_Refactor.param","type":"STRING","label":"label.parameterFileName","required":false}],"parameters":[{"@type":"mtTaskParameter","id":77565610,"name":"$SQ_gw_risk$","type":"SOURCE","label":"DBConnection_SRC","description":"","uiProperties":{"cnxtype":"Amazon Redshift v2","connectionParameterized":"true","paramName":"DBConnection_SRC","paramLabel":"","paramType-mapping":"Connection","logcnx":"DBConnection_SRC","isSelectDistinct":"false","objectParameterized":"false","visible":"false","originalPath":"SQ_gw_risk"},"sourceConnectionId":"@dqHTiQhJYWolYaNB9bUmKf","sourceObject":"DUMMY_SQ_gw_risk","sourceObjectLabel":"DUMMY_SQ_gw_risk","newFlatFile":false,"newObject":false,"showBusinessNames":true,"naturalOrder":true,"truncateTarget":false,"bulkApiDBTarget":false,"customFuncCfg":{"@type":"customFuncConfig","id":-1,"connections":[],"inputMap":[],"outputFields":[]},"targetRefsV2":{},"targetUpdateColumns":[],"runtimeAttrs":{},"isRESTModernSource":true,"customQuery":"with policyDetails as (select distinct rowinsdt as gw_policydetail_row_strt_dt, PolicyKey ,\nPolicyForm as form,\nCarrierCd,\nLineOfBusiness,\nCASE\n               WHEN \"LineOfBusiness\" IN ('Businessowners', 'CommercialUmbrella') THEN 26\n               ELSE 25\n           END AS policy_parent_dim_id,\nShellPolicyInd\nFrom int_msgr.PolicyDetail P where P.ShellPolicyInd IS NULL )\n\nSELECT \ndistinct\n'Guidewire' as datasource_name,\nriskid as risk_id,\nP.\"CarrierCd\" || P.\"PolicyKey\" || R.\"RiskID\" AS policy_key_code,\n'1' as policy_key_code_flag,\nR.BlanketBasisInd AS blanket_policy_ind,\n--COALESCE(P.form, 'Not Applicable') AS form,\nCOALESCE(R.RiskState, 'Not Applicable') AS risk_state,\nCASE\n    WHEN OccupancyCd IS NULL THEN 'Not Applicable'\n    WHEN OccupancyCd = 'Secondary Residence' THEN 'Secondary/Seasonal'\n    ELSE 'Primary/Non-seasonal'\nEND \nAS secondary_home_desc,\nR.CovAPremium AS cov_a_premium,\nR.CovCPremium AS cov_c_premium,\nCOALESCE(R.BuildingLimitDesc, 'Not Applicable') AS building_limits_group,\nCOALESCE(L.\"DisplayValue\", '0') AS building_limits,\n    CASE\n        WHEN R.buildingstatus <> 'Deleted' THEN CAST(R.\"BuildingLimit\" AS NUMERIC(8, 0))\n        ELSE 0 END AS building_limit_amt,\n    COALESCE(Band_1K,  'Not Applicable') AS building_limit_band_1k,\n    COALESCE(Band_100K, 'Not Applicable') AS building_limit_band_100k,\n    COALESCE(Band_500K, 'Not Applicable') AS building_limit_band_500k,\n    CASE\n        WHEN R.\"buildingstatus\" <> 'Deleted' THEN CAST(R.\"ContentsLimit\" AS NUMERIC(8, 0))\n        ELSE 0\n    END AS contents_limit,\n    CASE\n        WHEN R.\"buildingstatus\" <> 'Deleted' THEN R.\"TotalInsuredValue\"\n        ELSE 0\n    END  AS total_insured_value,\n    COALESCE(R.IndividualRiskPremiumMod, 'Not Applicable') AS individual_risk_premium_mod,\n    COALESCE(R.ExpenseMod, 'Not Applicable') AS expense_mod,\n    COALESCE(R.AgeCreditAmt, 'Not Applicable') AS age_credit_amt,\n    COALESCE(R.DUPCCreditAmt, 'Not Applicable') AS dupc_credit_amt,\n    'Not Applicable' AS prc_credit,\n    COALESCE(R.latitude, 'Not Applicable') AS latitude,\n    COALESCE(R.longitude, 'Not Applicable') AS longitude,\n    R.OptionalDedType AS wind_deductible_type,\n    R.OptionalDed AS wind_deductible_amt,\n    R.PerUnitDeductibleType AS per_unit_deductible_type,\n    R.PerUnitDeductibleAmt AS per_unit_deductible_amt,\n    CAST(LEFT(\"DistanceToShoreFeet\", LENGTH(\"DistanceToShoreFeet\") - 3) AS VARCHAR) AS distance_to_shore_feet,\n    R.DistanceToShoreMile AS distance_to_shore_mile,\n    CAST(LEFT(\"SIRCoastlineFeet\", LENGTH(\"SIRCoastlineFeet\") - 3) AS VARCHAR) AS sir_coastline_feet,\n    CAST(R.SIRCoastlineMile AS VARCHAR) AS sir_coastline_mile,\n    COALESCE(R.FloodZone, 'Not Applicable') AS flood_zone,\n    COALESCE(R.Elevation, 'Not Applicable') AS elevation,\n    COALESCE(R.BuildingClassCd, R.ContentsClassCd, 'Not Applicable') AS class_code,\n    COALESCE(R.BuildingClassCd, 'Not Applicable') AS building_class_code,\n    COALESCE(R.ContentsClassCd, 'Not Applicable') AS contents_class_code,\n    COALESCE(R.ConstructionCd, 'Unknown Construction Type') AS construction_type,\n    COALESCE(R.YearBuilt, 'Unknown Construction Year') AS construction_year,\n    COALESCE(Y.display_value, 'Unknown Construction Year') AS construction_year_band,\n    COALESCE(DL.\"DisplayValue\", 'Unknown Limit') AS contents_limits_group,\n    COALESCE(DL.\"DisplayValue\", 'Unknown Limit') AS contents_limits,\n\t--coverage_desc\n   \n   COALESCE(R.LiabilityLimit, 'Other') AS liability_limit,\n    COALESCE(R.CommercialLiabilityLimit, 'Other') AS commercial_liability_limit,\n    R.WaterBackupLimit AS water_backup_limit,\n    COALESCE(\n    LTRIM(REPEAT('0', 3 - LENGTH(R.\"NumberOfApartment\"))) || R.\"NumberOfApartment\",\n    \"NumberOfApartmentsCondo\",\n    'Not Applicable'\n) AS number_of_apartments,\n    CASE\n        WHEN R.\"NumberofFamilies\" IS NOT NULL THEN\n            LTRIM(REPEAT('0', 2 - LENGTH(R.\"NumberofFamilies\"))) || R.\"NumberofFamilies\"\n        ELSE 'Other'\t\tEND\tAS number_of_families,\n    COALESCE(O.\"Display_OccupancyDesc\", 'Not Applicable') AS occupancy,\n\tCOALESCE(\n    LTRIM(REPEAT('0', 2 - LENGTH(R.\"ProtectionClass\"))) || R.\"ProtectionClass\",\n    'Not Applicable'\n) AS protection_class,\n    COALESCE(R.SprinklerCd, 'Not Applicable') AS sprinkler,\n    COALESCE(R.RatingTerritory, 'Unknown Territory') AS rating_territory,\n    COALESCE(R.RatingTerritoryDesc, 'Unknown Territory') AS rating_territory_desc,\n    COALESCE(R.RiskAddress, 'Not Applicable') AS risk_address,\n    COALESCE(R.RiskCity, 'Not Applicable') AS risk_city,\n    COALESCE(R.RiskCounty, 'Not Applicable') AS risk_county,\n    COALESCE(R.RiskPostalCd, 'Not Applicable') AS risk_zip,\n    COALESCE(R.PersonalLiabilityLimit, 'Other') AS personal_umbrella_limit,\n    COALESCE(R.BulidingNumber, 'Not Applicable') AS building_num,\n    COALESCE(R.buildingstatus, 'Not Applicable') AS building_status,\n    COALESCE(R.NumberOfApartmentsBand, 'Not Applicable') AS number_of_apartments_band,\n    COALESCE(R.NumberOfApartmentsCondo, 'Not Applicable') AS total_num_of_units_in_complex,\n    COALESCE(R.NumberOfStories, 'Unknown') AS number_of_stories,\n    NULL AS number_of_stories_band,\n    COALESCE(R.SqFeetArea, 'Not Applicable') AS sq_feet_area,\n    COALESCE(R.SqFtAreaBand, 'Not Applicable') AS sq_feet_area_band,\n    COALESCE(REPLACE(LTRIM(REPLACE(R.StandardDeductible, '0', ' ')), ' ', '0'), 'Unknown Policy Deductible') AS deductible,\n    R.Num_Vehicles AS num_vehicles,\n    R.DistanceToShoreBand AS distancetoshore_band,\n    R.SIRCoastlineBand AS sircoastline_band,\n    R.NumOfBuildingsComplex AS num_buildings_complex,\n    R.BuildingClassDescription AS building_class_description,\n    R.ContentsClassDescription AS contents_class_description,\n\tR.FormattedRiskAddress AS formatted_risk_address,\n    R.FormattedRiskCity AS formatted_risk_city,\n    R.FormattedRiskZipCode AS formatted_risk_zip,\n    R.FormattedLatitude AS formatted_risk_latitude,\n    R.FormattedLongitude AS formatted_risk_longitude,\n\tR.ElitePackageInd AS elite_package_ind,\n\tR.FormattedStreet AS formatted_street,\n    R.FormattedCounty AS formatted_county,\n\tR.\"PremisesLiability\" AS premises_liability,\n\tR.\"BuildingWindHailDeductible\" AS wind_or_hail_deductible,\n\tR.\"DistanceToShore\" AS distance_to_shore,\n    \"SIRCoastline\" AS sir_coastline,\n    \"CyberLiabilityLimit\" AS cyber_liability_limit,\n    COALESCE(\"OnPremisesLimit\", 0) + COALESCE(\"OffPremisesLimit\", 0) AS money_and_securities,\n    \"ValuablePapersRecords\" AS valuable_papers,\n    \"FoodSpoilageLimit\" AS food_spoilage,\n    \"FungiProperty\" AS limited_fungi_or_bacteria_coverage,\n    COALESCE(\"DemolitionLimit\", 0) + COALESCE(\"IncreasedCostConstructionLimit\", 0) + COALESCE(\"CombDemolitionIncCostLimit\", 0) AS ordinance_or_law,\n    ExtBuildingBroadLimit AS extended_building_broad_form_water,\n    ExtBuildingEQLimit AS extended_building_earthquake,\n    ExtBuildingFloodLimit AS extended_building_flood,\n    ExteriorSignsLimit AS exterior_signs,\n    ISOEarthquakeLimit AS iso_earthquake,\n    FireDistrict AS fire_district,\n   COALESCE(P.form,'Not Applicable') AS form\n\nFROM int_msgr.risk R\ninner JOIN policyDetails P ON R.\"PolicyKey\" = P.\"PolicyKey\"\nLEFT JOIN int_msgr.dim_construction_year Y ON \"YearBuilt\" BETWEEN Y.\"lo\" AND Y.\"hi\"\nLEFT JOIN (select distinct GWOccupancyCd,Display_OccupancyDesc from int_msgr.occupancycd_ref) O ON O.\"GWOccupancyCd\" = R.\"OccupancyCd\"\n LEFT JOIN int_msgr.lkp_building_limit_band BL\nON CASE\n       WHEN R.\"buildingstatus\" <> 'Deleted' THEN CAST(R.BuildingLimit AS NUMERIC(8, 0))\n       ELSE 0\n   END >= BL.\"Limit_Value_Low\"\nAND CASE\n       WHEN R.\"buildingstatus\" <> 'Deleted' THEN CAST(R.\"BuildingLimit\" AS NUMERIC(8, 0))\n       ELSE 0\n   END <= BL.\"Limit_Value_High\"\nLEFT JOIN int_msgr.dim_limits_new L ON  P.policy_parent_dim_id = L.ParentDimID AND  (BuildingLimit::numeric BETWEEN L.Lo AND L.Hi )\nLEFT JOIN int_msgr.dim_limits_new DL ON P.policy_parent_dim_id = DL.ParentDimID  AND \"ContentsLimit\"::numeric BETWEEN DL.\"Lo\" AND DL.\"Hi\"\n AND P.policy_parent_dim_id = L.\"ParentDimID\"\n\nLEFT join (select policy_key_code,etl_updated_dt from cert_msgr.dim_risk where data_source_name='Guidewire') AS tg_dim_risk on (P.\"CarrierCd\" || P.\"PolicyKey\" || R.\"RiskID\" )=tg_dim_risk.policy_key_code\nwhere RowEffEndDt = '9999-12-31 00:00:00.000' \nAND (etl_updated_dt< P.gw_policydetail_row_strt_dt\nOR etl_updated_dt<R.roweffstrtdt\nOR tg_dim_risk.policy_key_code is null)","isFileList":false,"handleSpecialChars":false,"handleDecimalRoundOff":false,"frsAsset":false,"dynamicFileName":false,"excludeDynamicFileNameField":false,"currentlyProcessedFileName":false,"retainFieldMetadata":false,"objectName":"DUMMY_SQ_gw_risk","objectLabel":"DUMMY_SQ_gw_risk","useExactSrcNames":false,"tgtObjectAttributes":{},"runtimeParameterData":{"@type":"mtTaskRuntimeParameterData","isConnectionRuntimeParameter":false,"isObjectRuntimeParameter":false,"connectionParameterName":"DBConnection_SRC"},"overridableProperties":[],"overriddenFields":[]},{"@type":"mtTaskParameter","id":77565611,"name":"$SQ_pms_risk$","type":"SOURCE","label":"DBConnection_SRC","description":"","uiProperties":{"cnxtype":"Amazon Redshift v2","connectionParameterized":"true","paramName":"DBConnection_SRC","paramLabel":"","paramType-mapping":"Connection","logcnx":"DBConnection_SRC","isSelectDistinct":"false","objectParameterized":"false","visible":"false","originalPath":"SQ_pms_risk"},"sourceConnectionId":"@dqHTiQhJYWolYaNB9bUmKf","sourceObject":"DUMMY_SQ_pms_risk","sourceObjectLabel":"DUMMY_SQ_pms_risk","newFlatFile":false,"newObject":false,"showBusinessNames":true,"naturalOrder":true,"truncateTarget":false,"bulkApiDBTarget":false,"customFuncCfg":{"@type":"customFuncConfig","id":-1,"connections":[],"inputMap":[],"outputFields":[]},"targetRefsV2":{},"targetUpdateColumns":[],"runtimeAttrs":{},"oprRuntimeAttrs":{"postSql":"","selectDistinct":"NO","EncryptionType":"None","EnableCompression":"YES","sqlQuery":"","fetchSize":"10000","multipartDownloadThreshold":"5242880","temporaryCredentialDuration":"14400","StagingDirectoryLocation":"","schemaName":"","TreatNullValueAsNull":"NO","sourceTableName":"","UnloadOptionsPropertyFile":"DELIMITER=\\036 PARALLEL=ON ESCAPE=ON","DownloadS3FilesInMultipleParts":"YES","S3BucketName":"nonproddatawarehouseredshiftclust-staging12d1754e-1w9c6risqayrf","readMode":"Direct","preSql":""},"isRESTModernSource":true,"customQuery":"SELECT\ndistinct\n'PMS' as datasource_name,\nR.Risk_Id::VARCHAR(255) as risk_id,\nR.Policy_Key_Code as policy_key_code,\nCASE\n    WHEN SUBSTRING(R.Policy_Key_Code FROM LENGTH(R.Policy_Key_Code)-3) = '-999'\n        OR (\n            SUBSTRING(R.Policy_Key_Code FROM 1 FOR 3) = 'SBP'\n            AND SUBSTRING(R.Policy_Key_Code FROM LENGTH(R.Policy_Key_Code)-3) = '-000'\n            )\n    THEN 0\n    ELSE 1\nEND AS\npolicy_key_code_flag,\nP.blanket_policy_ind as blanket_policy_ind,\n--COALESCE(R.form, 'Not Applicable') AS form,\nCOALESCE(R.Risk_State, 'Not Applicable') AS risk_state,\nCOALESCE(P.Secondary_Home_Desc, 'Not Applicable') as secondary_home_desc,\n R.coverage_a_premium AS cov_a_premium,\n    R.coverage_c_premium AS cov_c_premium,\n    COALESCE(R.building_limits_group, 'Not Applicable') AS building_limits_group,\n    COALESCE(R.building_limits, 'Not Applicable') AS building_limits,\n    R.Building_Amount AS building_limit_amt,\n    COALESCE(R.building_limit_band_1k, 'Not Applicable') AS building_limit_band_1k,\n    COALESCE(R.building_limit_band_100k, 'Not Applicable') AS building_limit_band_100k,\n    COALESCE(R.building_limit_band_500k, 'Not Applicable') AS building_limit_band_500k,\n    CAST(R.contents_amount AS NUMERIC(8, 0)) AS contents_limit,\n    R.total_insured_value AS total_insured_value,\n    COALESCE(CAST(R.individual_risk_premium_mod AS VARCHAR(120)), 'Not Applicable') AS individual_risk_premium_mod,\n    COALESCE(CAST(R.expense_mod AS VARCHAR(120)), 'Not Applicable') AS expense_mod,\n    COALESCE(CAST(R.age_credit AS VARCHAR(120)), 'Not Applicable') AS age_credit_amt,\n    COALESCE(CAST(R.dupc AS VARCHAR(120)), 'Not Applicable') AS dupc_credit_amt,\n    COALESCE(CAST(R.prc AS VARCHAR(120)), 'Not Applicable') AS prc_credit,\n    R.latitude AS latitude\n    ,R.longitude AS longitude,\n    'Wind/Hail/Hurricane PMS' AS wind_deductible_type,\n    R.wind_site_deductible AS wind_deductible_amt,\n    R.per_unit_deductible_type AS per_unit_deductible_type,\n    R.per_unit_deductible_amt AS per_unit_deductible_amt,\n    R.distance_to_coast_feet AS distance_to_shore_feet,\n    R.distance_to_coast_mile AS distance_to_shore_mile,\n    R.sir_result_feet AS sir_coastline_feet,\n    R.sir_mile::VARCHAR(100) AS sir_coastline_mile,\nCOALESCE(R.flood, 'Not Applicable') AS flood_zone,\nCOALESCE( R.elevation, 'Not Applicable') AS elevation,\n    COALESCE(R.Building_Class_Code,R.Contents_Class_Code,  'Not Applicable') AS class_code,\n    CASE\n        WHEN R.Building_Class_Code IS NULL OR R.Building_Class_Code = 'Not Applicable' THEN  R.Contents_Class_Code\n        ELSE R.Building_Class_Code\n    END AS building_class_code,\n    CASE\n        WHEN R.Contents_Class_Code IS NULL OR R.Contents_Class_Code = 'Not Applicable' THEN '65121'\n        ELSE R.Contents_Class_Code\n    END AS contents_class_code,\n    COALESCE(R.construction_type, 'Unknown Construction Type') AS construction_type,\n    COALESCE(NULLIF(R.construction_year, ''), 'Unknown Construction Year') AS construction_year,\n    COALESCE(R.construction_year_band, 'Unknown Construction Year') AS construction_year_band,\n    COALESCE(R.contents_limits, 'Unknown Limit') AS contents_limits_group,\n    COALESCE(R.contents_limits, 'Unknown Limit') AS contents_limits,\n--    'Other' AS coverage_desc,\n   COALESCE(R.liability_limit, 'Other') AS liability_limit,\n    CAST(\n    (COALESCE(R.commercial_umbrella_liability_limit, 0)\n    + COALESCE(R.commercial_excess_liability_limit, 0))\nAS VARCHAR) AS commercial_liability_limit,\n    R.water_backup_limit AS water_backup_limit,\n    CASE\n    WHEN LEN(R.number_of_apartments) <= 2 THEN RIGHT('000' + R.number_of_apartments, 3)\n    WHEN R.number_of_apartments IS NULL OR R.number_of_apartments = '' THEN 'Unknown Number of Apartments'\n    ELSE R.number_of_apartments\nEND AS number_of_apartments,\n    COALESCE(R.number_of_families, 'Other') AS number_of_families,\n    COALESCE(R.Display_OccupancyDesc, 'Not Applicable') AS occupancy,\n    COALESCE(R.protection_class, 'Not Applicable') AS protection_class,\n    CASE\n    WHEN R.sprinkler_indicator = 'No' THEN 'None'\n    WHEN R.sprinkler_indicator is NULL THEN 'Not Applicable'\n    ELSE R.sprinkler_indicator\nEND AS sprinkler,\n    COALESCE(R.rating_territory, 'Unknown Territory') AS rating_territory,\n    COALESCE(R.rating_territory_desc, 'Unknown Territory') AS rating_territory_desc,\nCOALESCE(\n    NULLIF(\n        TRIM(\n            COALESCE(R.Risk_Address_Line_1, '')\n            || ' '\n            || COALESCE(R.Risk_Address_Line_2, '')\n            || ' '\n            || COALESCE(R.Risk_Address_Line_3, '')\n        ),\n    ''),\n    'Not Applicable'\n) AS risk_address,\n    COALESCE(R.risk_city, 'Not Applicable') AS risk_city,\n    COALESCE(RS.dim_desc, 'Not Applicable') AS risk_county,\n    COALESCE(R.Risk_Postal_Cd, 'Not Applicable') AS risk_zip,\n    COALESCE(R.personal_umbrella_limit, 'Other') AS personal_umbrella_limit,\n    RIGHT(R.policy_key_code, 3) AS building_num,\n    'Not Applicable' AS building_status,\n    COALESCE(R.number_of_apartments_band, 'Not Applicable') AS number_of_apartments_band,\n    'Not Applicable' AS total_num_of_units_in_complex,\n    COALESCE(NULLIF(R.number_of_stories, ''), 'Unknown') AS number_of_stories,\n    COALESCE(NULLIF(R.number_of_stories_band, ''), 'Unknown') AS number_of_stories_band,\n    COALESCE(R.sq_feet_area, 'Not Applicable') AS sq_feet_area,\n    COALESCE(R.sqft_area_band, 'Not Applicable') AS sq_feet_area_band,\n    CASE\n        WHEN R.deductible <> 'Unknown Policy Deductible' THEN LTRIM(RTRIM(REPLACE(R.deductible, '0', ' ')))\n        ELSE R.deductible\n    END AS deductible,\n    R.num_vehicles,\n    R.Distance_To_ShoreBand AS distance_to_shore_band,\n    R.sir_coastline_band AS sir_coastline_band,\n    R.risk_count::integer as num_buildings_complex,\n    CASE\n        WHEN LEFT(R.policy_key_code, 3) = 'SBP' AND (R.Building_Class_Code IS NULL OR R.Building_Class_Code = 'Not Applicable') THEN 'None - Contents Coverage Only'\n        ELSE R.building_class_description\n    END AS building_class_description,\n    CASE\n        WHEN LEFT(R.policy_key_code, 3) = 'SBP' AND (R.Contents_Class_Code IS NULL OR R.Contents_Class_Code = 'Not Applicable') THEN 'None - Building Owner Only'\n        ELSE R.contents_class_description\n    END AS contents_class_description,\n         R.FormattedRiskAddress as formatted_risk_address,\n             R.FormattedRiskCity as formatted_risk_city,\n    R.FormattedRiskZipCode as formatted_risk_zip,\n    R.FormattedLatitude as formatted_risk_latitude,\n    R.FormattedLongitude as formatted_risk_longitude,\n    'Not Applicable' AS elite_package_ind,\n    R.FormattedStreet as formatted_street,\n    R.FormattedCounty as formatted_county,\n\tnull as premises_liability,\n\tnull as wind_or_hail_deductible,\n\tR.distance_To_Coast AS distance_to_shore,\n\tSir_Coastline_Band as sir_coastline,\n\tR.Cyber_Liability_Limit ::VARCHAR(255) AS cyber_liability_limit,\n\tCOALESCE(R.OnPremises_Limit, 0) + COALESCE(R.OffPremises_Limit, 0) AS money_and_securities,\n\tR.Valuable_Papers_Limit::VARCHAR(255) AS valuable_papers,\n\tR.Food_Spoilage_Limit as food_spoilage,\n\tR.Fungi_Property_Limit::VARCHAR(255) AS limited_fungi_or_bacteria_coverage,\n\tCOALESCE(R.\"Demolition_Limit\", 0) + COALESCE(R.\"Increased_Cost_Construction_Limit\", 0) + COALESCE(R.\"Combined_Demolition_Increased_Cost_Limit\", 0) AS ordinance_or_law,\n\tR.Ext_Building_Broad_Limit AS extended_building_broad_form_water,\n    R.Ext_Building_EQ_Limit AS extended_building_earthquake,\n    R.\"Ext_Building_Flood_Limit\" AS extended_building_flood,\n    R.\"Exterior_Signs_Limit\" AS exterior_signs,\n    R.\"ISO_EQ_Limit\" AS iso_earthquake,\n    R.\"Fire_District\" AS fire_district,\nCOALESCE(R.Form,'Not Applicable') AS form\nFROM int_msgr.pms_master_risk_hist R\nleft join (select distinct row_start_dt ,policy_key, blanket_policy_ind  ,Secondary_Home_Desc,Risk_State\nfrom int_msgr.pms_master_policy_hist P where  P.Row_End_Dt = '9999-12-31') P on P.policy_key=R.policy_key\nleft join int_msgr.HIER_dim_RiskState RS on RS.dim_id=P.Risk_State\nLEFT join (select risk_id,etl_updated_dt from cert_msgr.dim_risk where data_source_name='PMS') AS tg_dim_risk on R.risk_id=tg_dim_risk.risk_id\nwhere R. Row_eff_End_Dt = '9999-12-31'\nAND (etl_updated_dt< P.row_start_dt \nOR etl_updated_dt<R.row_eff_start_dt \nOR tg_dim_risk.risk_id is null)","isFileList":false,"handleSpecialChars":false,"handleDecimalRoundOff":false,"frsAsset":false,"dynamicFileName":false,"excludeDynamicFileNameField":false,"currentlyProcessedFileName":false,"retainFieldMetadata":false,"objectName":"DUMMY_SQ_pms_risk","objectLabel":"DUMMY_SQ_pms_risk","useExactSrcNames":false,"tgtObjectAttributes":{},"runtimeParameterData":{"@type":"mtTaskRuntimeParameterData","isConnectionRuntimeParameter":false,"isObjectRuntimeParameter":false,"connectionParameterName":"DBConnection_SRC"},"overridableProperties":[],"overriddenFields":[]},{"@type":"mtTaskParameter","id":77565612,"name":"$tg_dim_risk_upsert$","type":"TARGET","label":"DBConnection_TGT","description":"","uiProperties":{"cnxtype":"Amazon Redshift v2","connectionParameterized":"true","paramName":"DBConnection_TGT","paramLabel":"","paramType-mapping":"Connection","logcnx":"DBConnection_TGT","default":"cert_msgr/dim_risk","objectParameterized":"false","visible":"false","defaultTargetUpdateColumns":"policy_key_code,risk_id,data_source_name","supportApplyDDLChanges":"false","originalPath":"tg_dim_risk_upsert"},"targetConnectionId":"@dqHTiQhJYWolYaNB9bUmKf","targetObject":"cert_msgr/dim_risk","targetObjectLabel":"dim_risk","newFlatFile":false,"newObject":false,"showBusinessNames":true,"naturalOrder":true,"truncateTarget":false,"bulkApiDBTarget":false,"operationType":"Upsert","customFuncCfg":{"@type":"customFuncConfig","id":-1,"connections":[],"inputMap":[],"outputFields":[]},"targetRefsV2":{},"targetUpdateColumns":["policy_key_code","risk_id","data_source_name"],"extendedObject":{"@type":"extendedObject","singleMode":true,"filters":[],"sortFields":[]},"runtimeAttrs":{},"isRESTModernSource":true,"isFileList":false,"handleSpecialChars":false,"handleDecimalRoundOff":false,"frsAsset":false,"dynamicFileName":false,"excludeDynamicFileNameField":false,"currentlyProcessedFileName":false,"retainFieldMetadata":false,"objectName":"cert_msgr/dim_risk","objectLabel":"dim_risk","useExactSrcNames":false,"tgtObjectAttributes":{},"runtimeParameterData":{"@type":"mtTaskRuntimeParameterData","isConnectionRuntimeParameter":false,"isObjectRuntimeParameter":false,"connectionParameterName":"DBConnection_TGT"},"overridableProperties":[],"overriddenFields":[]}],"sequences":[],"inOutParameters":[],"connRuntimeAttrs":[]}]