[{"@type":"mtTask","id":"@1","name":"s_m_update_src_file","description":"","runtimeEnvironmentId":"@3pADNCV9u0PcgrXjM7rx0t","maxLogs":10,"verbose":false,"lastRunTime":1709899453000,"mappingId":"@bsTXjJLizqhg3h4zdzdhOv","frsGuid":"8mUu5OeR5q8gr0V1Wup7Ox","shortDescription":"","sessionPropertiesList":[{"name":"Allow Temporary Sequence for Pushdown","value":"NO","recommended":false},{"name":"Allow Temporary View for Pushdown","value":"NO","recommended":false},{"name":"DateTime Format String","value":"MM/DD/YYYY HH24:MI:SS.US","recommended":false},{"name":"Pushdown Optimization","value":"None","recommended":false},{"name":"Pushdown Optimization Context","value":"None","recommended":false},{"name":"Pushdown Optimization Fallback Option","value":"Partial PDO","recommended":false}],"enableCrossSchemaPushdown":false,"enableParallelRun":false,"autoTunedApplied":false,"autoTunedAppliedType":"NONE","parameterFileName":"Andover_Param_GW.param","parameterFileDir":"$PMRootDir/andover/parameters","paramFileType":"PARAM_FILE_LOCAL","schemaMode":"async","valid":true,"schemaValidationErrorCount":-1,"parameterFileEncoding":"UTF-8","serverlessProperties":{},"taskProperties":[{"@type":"taskProperty","name":"parameterFileDir","currentValue":"$PMRootDir/andover/parameters","type":"STRING","label":"label.parameterFileDir","required":false},{"@type":"taskProperty","name":"parameterFileName","currentValue":"Andover_Param_GW.param","type":"STRING","label":"label.parameterFileName","required":false}],"parameters":[{"@type":"mtTaskParameter","id":76219487,"name":"$src_dummy$","type":"SOURCE","label":"DBConnection_SRC","description":"","uiProperties":{"cnxtype":"Amazon Redshift v2","connectionParameterized":"true","paramName":"DBConnection_SRC","paramLabel":"","paramType-mapping":"Connection","logcnx":"DBConnection_SRC","isSelectDistinct":"false","objectParameterized":"false","visible":"false","originalPath":"src_dummy"},"sourceConnectionId":"@aYZ4ekzHgIPeKpiaoqDLKP","sourceObject":"DUMMY_src_dummy","newFlatFile":false,"newObject":false,"showBusinessNames":true,"naturalOrder":true,"truncateTarget":false,"bulkApiDBTarget":false,"customFuncCfg":{"@type":"customFuncConfig","id":-1,"connections":[],"inputMap":[],"outputFields":[]},"targetRefsV2":{},"targetUpdateColumns":[],"runtimeAttrs":{"Download S3 Files In Multiple Parts":"NO","S3 Bucket Name":"nonproddatawarehouseredshiftclust-staging12d1754e-1w9c6risqayrf","Select Distinct":"NO","Treat NULL Value as NULL":"NO","Read Mode":"Direct"},"oprRuntimeAttrs":{"selectDistinct":"NO","TreatNullValueAsNull":"NO","DownloadS3FilesInMultipleParts":"NO","S3BucketName":"nonproddatawarehouseredshiftclust-staging12d1754e-1w9c6risqayrf","readMode":"Direct"},"isRESTModernSource":true,"customQuery":"select Operator from dbo.Policydetail limit 1","isFileList":false,"handleSpecialChars":false,"handleDecimalRoundOff":false,"frsAsset":false,"dynamicFileName":false,"excludeDynamicFileNameField":false,"currentlyProcessedFileName":false,"retainFieldMetadata":false,"objectName":"DUMMY_src_dummy","useExactSrcNames":false,"tgtObjectAttributes":{},"runtimeParameterData":{"@type":"mtTaskRuntimeParameterData","isConnectionRuntimeParameter":true,"isObjectRuntimeParameter":false,"connectionParameterName":"DBConnection_SRC"},"overridableProperties":[],"overriddenFields":[]},{"@type":"mtTaskParameter","id":76219488,"name":"$tgt_rm_src$","type":"TARGET","label":"FF_Conn","description":"","uiProperties":{"cnxtype":"Amazon S3 v2","connectionParameterized":"true","paramName":"FF_Conn","paramLabel":"","paramType-mapping":"Connection","logcnx":"FF_Conn","objlabel":"FileName","origobjlabel":"","objectParameterized":"true","objDesc":"","objectParamName":"FileName","objectParamType-mapping":"DataObject","defaultTargetUpdateColumns":"","supportApplyDDLChanges":"true","originalPath":"tgt_rm_src"},"targetConnectionId":"@4PR5UG8LgQbgjcPh0nvIgA","targetObject":"Users.csv","targetObjectLabel":"Users.csv","newFlatFile":false,"newObject":true,"showBusinessNames":true,"naturalOrder":true,"newObjectName":"Users.csv","truncateTarget":false,"bulkApiDBTarget":false,"operationType":"Insert","customFuncCfg":{"@type":"customFuncConfig","id":-1,"connections":[],"inputMap":[],"outputFields":[]},"targetRefsV2":{},"targetUpdateColumns":[],"extendedObject":{"@type":"extendedObject","singleMode":true,"filters":[],"sortFields":[]},"runtimeAttrs":{},"isRESTModernSource":true,"isFileList":false,"handleSpecialChars":false,"handleDecimalRoundOff":false,"frsAsset":false,"dynamicFileName":false,"excludeDynamicFileNameField":false,"currentlyProcessedFileName":false,"retainFieldMetadata":false,"objectName":"Users.csv","objectLabel":"Users.csv","useExactSrcNames":false,"tgtObjectAttributes":{"parent":""},"targetSchemaMode":"DONT_APPLY_CHANGES","dataFormat":{"@type":"dataFormat","formatId":"Flat","schema":"","dataFormatAttributes":{"escapeChar":"","rowDelimiter":"","importColumnFromFirstLine":"true","headerLineNumber":"1","maxRowsToPreview":"0","distributionColumn":"","qualifierMode":"MINIMAL","firstDataRow":"2","generateHeader":"true","delimiter":",","qualifier":"\"","targetHeader":"With Header","disableEscapeChar":"true","codePage":"UTF-8","fixedWidthMode":"false"}},"runtimeParameterData":{"@type":"mtTaskRuntimeParameterData","isConnectionRuntimeParameter":true,"isObjectRuntimeParameter":false,"connectionParameterName":"FF_Conn","objectParameterName":"FileName"},"overridableProperties":[],"overriddenFields":[]}],"sequences":[],"inOutParameters":[],"connRuntimeAttrs":[]}]