[{"@type":"mtTask","id":"@1","name":"s_m_Load_subrogation_To_subrogation_Stg_load","description":"Session pushed from PC to ICS : s_m_Load_subrogation_To_subrogation_Stg_load","runtimeEnvironmentId":"@3pADNCV9u0PcgrXjM7rx0t","maxLogs":10,"verbose":false,"lastRunTime":1712603446000,"mappingId":"@7qw7HWzo9t8czTjtXb4nmz","frsGuid":"6WeA67XbG6YiYwFmlZiPwT","shortDescription":"Session pushed from PC to ICS : s_m_Load_subrogati...","sessionPropertiesList":[{"name":"Allow Temporary Sequence for Pushdown","value":"NO","recommended":false},{"name":"Allow Temporary View for Pushdown","value":"NO","recommended":false},{"name":"Data Column Delimiter","value":"|","recommended":false},{"name":"Error Log File Name","value":"PMError.log","recommended":false},{"name":"Pushdown Optimization","value":"None","recommended":false},{"name":"Pushdown Optimization Context","value":"None","recommended":false},{"name":"Pushdown Optimization Fallback Option","value":"Partial PDO","recommended":false}],"hidden":false,"enableCrossSchemaPushdown":false,"enableParallelRun":false,"autoTunedApplied":false,"autoTunedAppliedType":"NONE","parameterFileName":"Andover_Param_GW.param","parameterFileDir":"$PMRootDir/andover/parameters","paramFileType":"PARAM_FILE_LOCAL","schemaMode":"async","valid":true,"schemaValidationErrorCount":-1,"serverlessProperties":{},"taskProperties":[{"@type":"taskProperty","name":"parameterFileDir","currentValue":"$PMRootDir/andover/parameters","type":"STRING","label":"label.parameterFileDir","required":false},{"@type":"taskProperty","name":"parameterFileName","currentValue":"Andover_Param_GW.param","type":"STRING","label":"label.parameterFileName","required":false}],"jobPriority":"MEDIUM","optimizationPlan":"NONE","isMidstreamPreview":false,"parameters":[{"@type":"mtTaskParameter","id":78789247,"name":"$SQ_subrogation$","type":"SOURCE","label":"DBConnection_SRCM","description":"","uiProperties":{"cnxtype":"MySQL","connectionParameterized":"true","paramName":"DBConnection_SRCM","paramLabel":"","paramType-mapping":"Connection","logcnx":"DBConnection_SRCM","isSelectDistinct":"false","objectParameterized":"false","visible":"false","originalPath":"SQ_subrogation"},"sourceConnectionId":"@jPo49nVatmzbSnPefVZwCV","sourceObject":"DUMMY_SQ_subrogation","sourceObjectLabel":"DUMMY_SQ_subrogation","newFlatFile":false,"newObject":false,"showBusinessNames":true,"naturalOrder":true,"truncateTarget":false,"bulkApiDBTarget":false,"customFuncCfg":{"@type":"customFuncConfig","id":-1,"connections":[],"inputMap":[],"outputFields":[]},"targetRefsV2":{},"targetUpdateColumns":[],"runtimeAttrs":{"Sql Override":"SELECT distinct subrogation.SystemId, \nsubrogation.ParentId, \nsubrogation.CMMContainer, \nsubrogation.Id, \nsubrogation.StatusCd, \nsubrogation.Description, \nsubrogation.SubrogationStatusCd, \nsubrogation.StatuteDt, \nsubrogation.OpenedDt, \nsubrogation.ClosedDt,\n subrogation.DeductibleWaivedInd,\n subrogation.SubrogationProviderRef,\n subrogation.InstallmentPaymentInd,\n subrogation.ResponsiblePartyLiabilityPct,\n subrogation.RespPartyPreferDeliveryMethod, \n subrogation.RespOwnerPreferDeliveryMethod,\n subrogation.InstallmentAmount,\n subrogation.TotalRecoveryAmt,\n subrogation.FirstDueDate,\n subrogation.SubrogationProviderNo,\n subrogation.ResponsiblePartyIntlInd,\n subrogation.ResponsibleOwnerIntlInd,\n subrogation.AdverseCarrierInternationalInd,\n subrogation.Demand,\n subrogation.RowId,\n subrogation.SubrogationProviderName,\n subrogation.SubrogationAmountPaid,\n subrogation.NetRecovery,\n subrogation.SubrogationAmountCollected,\n subrogation.SubrogationNetPaid\nfrom subrogation \nwhere CMMContainer='Claim'"},"isRESTModernSource":true,"customQuery":"SELECT distinct subrogation.SystemId, \nsubrogation.ParentId, \nsubrogation.CMMContainer, \nsubrogation.Id, \nsubrogation.StatusCd, \nsubrogation.Description, \nsubrogation.SubrogationStatusCd, \nsubrogation.StatuteDt, \nsubrogation.OpenedDt, \nsubrogation.ClosedDt,\n subrogation.DeductibleWaivedInd,\n subrogation.SubrogationProviderRef,\n subrogation.InstallmentPaymentInd,\n subrogation.ResponsiblePartyLiabilityPct,\n subrogation.RespPartyPreferDeliveryMethod, \n subrogation.RespOwnerPreferDeliveryMethod,\n subrogation.InstallmentAmount,\n subrogation.TotalRecoveryAmt,\n subrogation.FirstDueDate,\n subrogation.SubrogationProviderNo,\n subrogation.ResponsiblePartyIntlInd,\n subrogation.ResponsibleOwnerIntlInd,\n subrogation.AdverseCarrierInternationalInd,\n subrogation.Demand,\n subrogation.RowId,\n subrogation.SubrogationProviderName,\n subrogation.SubrogationAmountPaid,\n subrogation.NetRecovery,\n subrogation.SubrogationAmountCollected,\n subrogation.SubrogationNetPaid\nfrom subrogation \nwhere CMMContainer='Claim'","isFileList":false,"handleSpecialChars":false,"handleDecimalRoundOff":false,"frsAsset":false,"dynamicFileName":false,"excludeDynamicFileNameField":false,"currentlyProcessedFileName":false,"retainFieldMetadata":false,"objectName":"DUMMY_SQ_subrogation","objectLabel":"DUMMY_SQ_subrogation","useExactSrcNames":false,"tgtObjectAttributes":{},"runtimeParameterData":{"@type":"mtTaskRuntimeParameterData","isConnectionRuntimeParameter":true,"isObjectRuntimeParameter":false,"connectionParameterName":"DBConnection_SRCM"},"overridableProperties":[],"overriddenFields":[]},{"@type":"mtTaskParameter","id":78789248,"name":"$subrogation_stg$","type":"TARGET","label":"DBConnection_TGT","description":"","uiProperties":{"cnxtype":"Amazon Redshift v2","connectionParameterized":"true","paramName":"DBConnection_TGT","paramLabel":"","paramType-mapping":"Connection","logcnx":"DBConnection_TGT","default":"dbo/subrogation_stg","objectParameterized":"false","visible":"false","defaultTargetUpdateColumns":"","supportApplyDDLChanges":"true","originalPath":"subrogation_stg"},"targetConnectionId":"@aYZ4ekzHgIPeKpiaoqDLKP","targetObject":"dbo/subrogation_stg","targetObjectLabel":"subrogation_stg","newFlatFile":false,"newObject":false,"showBusinessNames":true,"naturalOrder":true,"truncateTarget":false,"bulkApiDBTarget":false,"operationType":"Insert","customFuncCfg":{"@type":"customFuncConfig","id":-1,"connections":[],"inputMap":[],"outputFields":[]},"targetRefsV2":{},"targetUpdateColumns":[],"extendedObject":{"@type":"extendedObject","singleMode":true,"filters":[],"sortFields":[]},"runtimeAttrs":{},"isRESTModernSource":true,"isFileList":false,"handleSpecialChars":false,"handleDecimalRoundOff":false,"frsAsset":false,"dynamicFileName":false,"excludeDynamicFileNameField":false,"currentlyProcessedFileName":false,"retainFieldMetadata":false,"objectName":"dbo/subrogation_stg","objectLabel":"subrogation_stg","useExactSrcNames":false,"tgtObjectAttributes":{},"targetSchemaMode":"DONT_APPLY_CHANGES","runtimeParameterData":{"@type":"mtTaskRuntimeParameterData","isConnectionRuntimeParameter":true,"isObjectRuntimeParameter":false,"connectionParameterName":"DBConnection_TGT"},"overridableProperties":[],"overriddenFields":[]}],"sequences":[],"inOutParameters":[],"connRuntimeAttrs":[]}]