[{"@type":"mappingTemplate","id":"@1","name":"cdi_map_s3_subsidiary_generic_fields_data_metal_load","description":"This mapping is used to ingest the source JSON file from S3 bucket to AWS Redshift tables - parsing only the Generic fileds information.","autoExpireObject":false,"bundleVersion":"0","assetFrsGuid":"gp5Jqw4wImxj9ySoAiMAov","templateId":"@3","hasParameters":true,"valid":true,"fixedConnection":false,"hasParametersDeployed":false,"fixedConnectionDeployed":false,"isSchemaValidationEnabled":false,"tasks":1,"mappingPreviewFileRecordId":"@2","documentType":"MAPPING","allowMaxFieldLength":false,"specialCharacterSupport":false,"references":[{"@type":"reference","refObjectId":"@jHNGNneTPODkaNxInlboEG","refType":"structureDefinition"}]}]