[{"@type":"mappingTemplate","id":"@1","name":"cdi_map_s3_subsidiary_generic_fields_data_metal_load","description":"This mapping is used to ingest the source JSON file from S3 bucket to AWS Redshift tables - parsing only the Generic fileds information.","autoExpireObject":false,"bundleVersion":"0","assetFrsGuid":"fOGdavwFHQEeve0VPklPKs","templateId":"@3","deployTime":1752253694000,"hasParameters":true,"valid":true,"fixedConnection":true,"hasParametersDeployed":true,"fixedConnectionDeployed":true,"isSchemaValidationEnabled":false,"tasks":1,"mappingPreviewFileRecordId":"@2","documentType":"MAPPING","allowMaxFieldLength":false,"specialCharacterSupport":false,"references":[{"@type":"reference","refObjectId":"@jHNGNneTPODkaNxInlboEG","refType":"structureDefinition"}]}]