[{"@type":"mappingTemplate","id":"@1","name":"m_Update_Batch_Table","description":"","autoExpireObject":false,"bundleVersion":"0","assetFrsGuid":"6ytVKshixnOkqpadoFBQKX","templateId":"@3","deployTime":1767814952000,"hasParameters":false,"valid":true,"fixedConnection":true,"hasParametersDeployed":false,"fixedConnectionDeployed":true,"isSchemaValidationEnabled":false,"tasks":1,"mappingPreviewFileRecordId":"@2","documentType":"MAPPING","allowMaxFieldLength":false,"specialCharacterSupport":false,"references":[{"@type":"reference","refObjectId":"@aYZ4ekzHgIPeKpiaoqDLKP","refType":"connection"}]}]