[{"@type":"mappingTemplate","id":"@1","name":"cdi_map_adm_super_group_bronze_load","description":"","autoExpireObject":false,"bundleVersion":"0","assetFrsGuid":"aWXhgWMRJCwja9HUOkk2eb","templateId":"@3","hasParameters":true,"valid":true,"fixedConnection":false,"hasParametersDeployed":false,"fixedConnectionDeployed":false,"isSchemaValidationEnabled":false,"tasks":1,"mappingPreviewFileRecordId":"@2","documentType":"MAPPING","allowMaxFieldLength":false,"specialCharacterSupport":false,"references":[]}]