[{"@type":"mappingTemplate","id":"@1","name":"cdi_mps_map_uw_cat_cost_bronze_catastrophe_costs_ld_backup","description":"","autoExpireObject":false,"bundleVersion":"0","assetFrsGuid":"7LeSP8E3FFvh6OdewyW8gJ","templateId":"@3","hasParameters":true,"valid":true,"fixedConnection":false,"hasParametersDeployed":false,"fixedConnectionDeployed":false,"isSchemaValidationEnabled":false,"tasks":0,"mappingPreviewFileRecordId":"@2","documentType":"","allowMaxFieldLength":false,"specialCharacterSupport":false,"references":[]}]