[{"@type":"mappingTemplate","id":"@1","name":"cdi_map_shell_policy_major_peril_reference_file_ld","description":"Mapping to load for PMS related Recycled Claims and Late Reported claims from flat file to Redshift table","autoExpireObject":false,"bundleVersion":"0","assetFrsGuid":"6oHrUTtkCyjjVWUy69wwcx","templateId":"@3","deployTime":1748959679000,"hasParameters":true,"valid":true,"fixedConnection":false,"hasParametersDeployed":true,"fixedConnectionDeployed":false,"isSchemaValidationEnabled":false,"tasks":1,"mappingPreviewFileRecordId":"@2","documentType":"MAPPING","allowMaxFieldLength":false,"references":[]}]