[{"@type":"mappingTemplate","id":"@1","name":"cdi_map_adm_termination_guidewire_bronze_load","description":"","autoExpireObject":false,"bundleVersion":"0","assetFrsGuid":"alMo7li7m4flyykNpKvWex","templateId":"@3","deployTime":1764303005000,"hasParameters":false,"valid":true,"fixedConnection":true,"hasParametersDeployed":false,"fixedConnectionDeployed":true,"isSchemaValidationEnabled":false,"tasks":1,"mappingPreviewFileRecordId":"@2","documentType":"MAPPING","allowMaxFieldLength":false,"specialCharacterSupport":false,"references":[{"@type":"reference","refObjectId":"@aYZ4ekzHgIPeKpiaoqDLKP","refType":"connection"}]}]