[{"@type":"mappletTemplate","id":"@1","name":"mplt_Remove_Control_Characters","description":"Identifies and removes non-printable characters in an input field.","autoExpireObject":false,"documentType":"DMAPPLET","valid":true,"validForEngines":["CDI","CDI_E"],"active":false,"hasFixedReferences":false,"templateId":"@2","templateImageId":"@3","references":[{"@type":"reference","refObjectId":"@aSIsCE24E8bgXkVEjEKSOG","refType":"frsDocument"},{"@type":"reference","refObjectId":"@hcIVLpas9khj06YE8Vj5Ia","refType":"frsDocument"}]}]