[{"@type":"mappingTemplate","id":"@1","name":"cdi_map_s3_sub_client_data_metal_load_union","description":"","autoExpireObject":false,"bundleVersion":"0","assetFrsGuid":"1uRDXcmj7YNbbjsbpzDbU3","templateId":"@3","deployTime":1754506679000,"hasParameters":true,"valid":true,"fixedConnection":true,"hasParametersDeployed":true,"fixedConnectionDeployed":true,"isSchemaValidationEnabled":false,"tasks":1,"mappingPreviewFileRecordId":"@2","documentType":"MAPPING","allowMaxFieldLength":false,"specialCharacterSupport":false,"references":[{"@type":"reference","refObjectId":"@jHNGNneTPODkaNxInlboEG","refType":"structureDefinition"},{"@type":"reference","refObjectId":"@aYZ4ekzHgIPeKpiaoqDLKP","refType":"connection"}]}]