[{"@type":"mappingTemplate","id":"@1","name":"ccoverage_details_ld","description":"","autoExpireObject":false,"bundleVersion":"0","assetFrsGuid":"9zCvA807KQjg47MyC9Cwun","templateId":"@3","deployTime":1743308037000,"hasParameters":true,"valid":true,"fixedConnection":false,"hasParametersDeployed":true,"fixedConnectionDeployed":false,"isSchemaValidationEnabled":false,"tasks":0,"mappingPreviewFileRecordId":"@2","documentType":"MAPPING","allowMaxFieldLength":false,"specialCharacterSupport":false,"references":[]}]