[{"@type":"mtTask","id":"@1","name":"s_m_Load_capeanalytics","description":"","runtimeEnvironmentId":"@l5ReTxe0L4Udpq0dXr0vIZ","maxLogs":10,"verbose":false,"mappingId":"@eqWRgRqghYUlD0Tk4pjeWW","frsGuid":"fD6WjtO8BONehHfTwrMXgM","shortDescription":"","sessionPropertiesList":[{"name":"Allow Temporary Sequence for Pushdown","value":"NO","recommended":false},{"name":"Allow Temporary View for Pushdown","value":"NO","recommended":false},{"name":"DateTime Format String","value":"MM/DD/YYYY HH24:MI:SS.US","recommended":false},{"name":"Pushdown Optimization","value":"None","recommended":false},{"name":"Pushdown Optimization Context","value":"None","recommended":false},{"name":"Pushdown Optimization Fallback Option","value":"Partial PDO","recommended":false}],"hidden":false,"enableCrossSchemaPushdown":false,"enableParallelRun":false,"autoTunedApplied":false,"autoTunedAppliedType":"NONE","parameterFileName":"Andover_Param_GW.param","parameterFileDir":"$PMRootDir/andover/parameters","paramFileType":"PARAM_FILE_LOCAL","schemaMode":"async","valid":true,"schemaValidationErrorCount":-1,"parameterFileEncoding":"UTF-8","serverlessProperties":{},"taskProperties":[{"@type":"taskProperty","name":"parameterFileDir","currentValue":"$PMRootDir/andover/parameters","type":"STRING","label":"label.parameterFileDir","required":false},{"@type":"taskProperty","name":"parameterFileName","currentValue":"Andover_Param_GW.param","type":"STRING","label":"label.parameterFileName","required":false},{"@type":"taskProperty","name":"outboundMessageUrlQueueTime","currentValue":"","type":"NUMBER","label":"label.outboundMessageUrlQueueTime","required":false},{"@type":"taskProperty","name":"outboundMessageUrlToken","currentValue":"","type":"STRING","label":"label.outboundMessageUrlToken","required":false}],"optimizationPlan":"NONE","isMidstreamPreview":false,"parameters":[{"@type":"mtTaskParameter","id":91903704,"name":"$Source$","type":"EXTENDED_SOURCE","label":"FF_Conn_Inbound","description":"","uiProperties":{"cnxtype":"Amazon S3 v2","connectionParameterized":"true","paramName":"FF_Conn_Inbound","paramLabel":"","paramType-mapping":"Connection","logcnx":"FF_Conn_Inbound","isSelectDistinct":"false","isMsrcFilterParameterized":"false","isMsrcSortParameterized":"false","objlabel":"SrcFile","origobjlabel":"","objectParameterized":"true","objDesc":"","objectParamName":"SrcFile","objectParamType-mapping":"DataObject","originalPath":"Source"},"sourceConnectionId":"@1HkuyaocnticPSrzfryama","newFlatFile":false,"newObject":false,"showBusinessNames":true,"naturalOrder":true,"truncateTarget":false,"bulkApiDBTarget":false,"customFuncCfg":{"@type":"customFuncConfig","id":-1,"connections":[],"inputMap":[],"outputFields":[]},"targetRefsV2":{},"targetUpdateColumns":[],"extendedObject":{"@type":"extendedObject","object":{"@type":"mObject","name":"advr-np-inbound-data/thirdparty%2F/cape-analytics%2F/capeanalytics_20230425.csv","label":"capeanalytics_20230425.csv","metadataUpdated":false,"relations":[],"children":[]},"singleMode":true,"objects":[{"@type":"mObject","name":"advr-np-inbound-data/thirdparty%2F/cape-analytics%2F/capeanalytics_20230425.csv","label":"capeanalytics_20230425.csv","metadataUpdated":false,"relations":[],"children":[]}],"filters":[],"sortFields":[]},"runtimeAttrs":{"Folder Path":"/thirdparty/cape-analytics","Enable Recursive Read":"NO","Allow Wildcard Characters":"NO","Temporary Credential Duration":"7200","Incremental File Load":"NO"},"oprRuntimeAttrs":{"enableIncrementalLoad":"NO","temporaryCredentialDuration":"7200","enableRecursiveRead":"NO","enableWildChar":"NO","S3FolderPath":"/thirdparty/cape-analytics"},"isRESTModernSource":true,"isFileList":false,"handleSpecialChars":false,"handleDecimalRoundOff":false,"frsAsset":false,"dynamicFileName":false,"excludeDynamicFileNameField":false,"currentlyProcessedFileName":false,"retainFieldMetadata":false,"useExactSrcNames":false,"fetchMode":"ORIGINAL","tgtObjectAttributes":{},"dataFormat":{"@type":"dataFormat","formatId":"Flat","schema":"","dataFormatAttributes":{"escapeChar":"","rowDelimiter":"","importColumnFromFirstLine":"true","headerLineNumber":"1","maxRowsToPreview":"0","distributionColumn":"","qualifierMode":"MINIMAL","firstDataRow":"2","generateHeader":"true","delimiter":",","qualifier":"\"","targetHeader":"With Header","disableEscapeChar":"true","codePage":"UTF-8","fixedWidthMode":"false"}},"runtimeParameterData":{"@type":"mtTaskRuntimeParameterData","isConnectionRuntimeParameter":true,"isObjectRuntimeParameter":true,"connectionParameterName":"FF_Conn_Inbound","objectParameterName":"SrcFile","objectDefaultValue":"capeanalytics_20230425.csv"},"overridableProperties":[{"@type":"overridableProperty","id":"defaultPrecision","labelKey":"Source_defaultPrecision","type":"integer","hidden":false,"required":false,"defaultValue":"","renderingHints":{}},{"@type":"overridableProperty","id":"dataFormat","labelKey":"Source_dataFormat","type":"string","hidden":false,"required":false,"defaultValue":"{\n  \"@type\" : \"dataFormat\",\n  \"formatId\" : \"Flat\",\n  \"schema\" : \"\",\n  \"dataFormatAttributes\" : {\n    \"escapeChar\" : \"\",\n    \"rowDelimiter\" : \"\",\n    \"importColumnFromFirstLine\" : \"true\",\n    \"headerLineNumber\" : \"1\",\n    \"maxRowsToPreview\" : \"0\",\n    \"distributionColumn\" : \"\",\n    \"qualifierMode\" : \"MINIMAL\",\n    \"firstDataRow\" : \"2\",\n    \"generateHeader\" : \"true\",\n    \"delimiter\" : \",\",\n    \"qualifier\" : \"\\\"\",\n    \"targetHeader\" : \"With Header\",\n    \"disableEscapeChar\" : \"true\",\n    \"codePage\" : \"UTF-8\",\n    \"fixedWidthMode\" : \"false\"\n  }\n}","renderingHints":{"renderingType":"json"}}],"overriddenFields":[{"@type":"mtTaskOverriddenField","id":120227973,"name":"cape_primary_structure_latitude","type":"flat_string","precision":11,"scale":0,"platformType":"decimal"},{"@type":"mtTaskOverriddenField","id":120227974,"name":"cape_primary_structure_longitude","type":"flat_string","precision":12,"scale":0,"platformType":"decimal"},{"@type":"mtTaskOverriddenField","id":120227975,"name":"attribute_geometry_id","type":"flat_string","precision":10,"scale":0,"platformType":"decimal"},{"@type":"mtTaskOverriddenField","id":120227976,"name":"cape_parcel_id","type":"flat_string","precision":9,"scale":0,"platformType":"decimal"},{"@type":"mtTaskOverriddenField","id":120227977,"name":"cape_structure_footprint_sqft","type":"flat_string","precision":6,"scale":0,"platformType":"decimal"},{"@type":"mtTaskOverriddenField","id":120227978,"name":"cape_parcel_area_sqft","type":"flat_string","precision":6,"scale":0,"platformType":"decimal"},{"@type":"mtTaskOverriddenField","id":120227979,"name":"BuildingNumber","type":"flat_string","precision":1,"scale":0,"platformType":"decimal"},{"@type":"mtTaskOverriddenField","id":120227980,"name":"EffectiveDt","type":"flat_string","precision":10,"scale":0,"platformType":"string"},{"@type":"mtTaskOverriddenField","id":120227981,"name":"Latitude","type":"flat_string","precision":9,"scale":0,"platformType":"decimal"},{"@type":"mtTaskOverriddenField","id":120227982,"name":"Longitude","type":"flat_string","precision":10,"scale":0,"platformType":"decimal"},{"@type":"mtTaskOverriddenField","id":120227983,"name":"NB_Txn_Date","type":"flat_string","precision":10,"scale":0,"platformType":"string"},{"@type":"mtTaskOverriddenField","id":120227984,"name":"cape_accessory_structure_count","type":"flat_string","precision":2,"scale":0,"platformType":"decimal"},{"@type":"mtTaskOverriddenField","id":120227985,"name":"cape_accessory_structure_count_date","type":"flat_string","precision":10,"scale":0,"platformType":"string"},{"@type":"mtTaskOverriddenField","id":120227986,"name":"cape_pool_enclosure_confidence","type":"flat_string","precision":6,"scale":0,"platformType":"decimal"},{"@type":"mtTaskOverriddenField","id":120227987,"name":"cape_pool_enclosure_date","type":"flat_string","precision":10,"scale":0,"platformType":"string"},{"@type":"mtTaskOverriddenField","id":120227988,"name":"cape_roof_condition_rating_confidence","type":"flat_string","precision":6,"scale":0,"platformType":"decimal"},{"@type":"mtTaskOverriddenField","id":120227989,"name":"cape_roof_condition_rating_date","type":"flat_string","precision":10,"scale":0,"platformType":"string"},{"@type":"mtTaskOverriddenField","id":120227990,"name":"cape_roof_condition_reasons_date","type":"flat_string","precision":10,"scale":0,"platformType":"string"},{"@type":"mtTaskOverriddenField","id":120227991,"name":"cape_roof_covering_confidence","type":"flat_string","precision":6,"scale":0,"platformType":"decimal"},{"@type":"mtTaskOverriddenField","id":120227992,"name":"cape_roof_covering_date","type":"flat_string","precision":10,"scale":0,"platformType":"string"},{"@type":"mtTaskOverriddenField","id":120227993,"name":"cape_roof_extension_confidence","type":"flat_string","precision":6,"scale":0,"platformType":"decimal"},{"@type":"mtTaskOverriddenField","id":120227994,"name":"cape_roof_extension_date","type":"flat_string","precision":10,"scale":0,"platformType":"string"},{"@type":"mtTaskOverriddenField","id":120227995,"name":"cape_roof_facet_count","type":"flat_string","precision":2,"scale":0,"platformType":"decimal"},{"@type":"mtTaskOverriddenField","id":120227996,"name":"cape_roof_facet_count_confidence","type":"flat_string","precision":6,"scale":0,"platformType":"decimal"},{"@type":"mtTaskOverriddenField","id":120227997,"name":"cape_roof_facet_count_date","type":"flat_string","precision":10,"scale":0,"platformType":"string"},{"@type":"mtTaskOverriddenField","id":120227998,"name":"cape_roof_geometry_confidence","type":"flat_string","precision":6,"scale":0,"platformType":"decimal"},{"@type":"mtTaskOverriddenField","id":120227999,"name":"cape_roof_geometry_date","type":"flat_string","precision":10,"scale":0,"platformType":"string"},{"@type":"mtTaskOverriddenField","id":120228000,"name":"cape_roof_loose_organic_matter_confidence","type":"flat_string","precision":6,"scale":0,"platformType":"decimal"},{"@type":"mtTaskOverriddenField","id":120228001,"name":"cape_roof_loose_organic_matter_date","type":"flat_string","precision":10,"scale":0,"platformType":"string"},{"@type":"mtTaskOverriddenField","id":120228002,"name":"cape_roof_material_degradation_confidence","type":"flat_string","precision":6,"scale":0,"platformType":"decimal"},{"@type":"mtTaskOverriddenField","id":120228003,"name":"cape_roof_material_degradation_date","type":"flat_string","precision":10,"scale":0,"platformType":"string"},{"@type":"mtTaskOverriddenField","id":120228004,"name":"cape_roof_material_degradation_reason_confidence","type":"flat_string","precision":6,"scale":0,"platformType":"decimal"},{"@type":"mtTaskOverriddenField","id":120228005,"name":"cape_roof_material_degradation_reason_date","type":"flat_string","precision":10,"scale":0,"platformType":"string"},{"@type":"mtTaskOverriddenField","id":120228006,"name":"cape_roof_natural_discoloration_confidence","type":"flat_string","precision":6,"scale":0,"platformType":"decimal"},{"@type":"mtTaskOverriddenField","id":120228007,"name":"cape_roof_natural_discoloration_date","type":"flat_string","precision":10,"scale":0,"platformType":"string"},{"@type":"mtTaskOverriddenField","id":120228008,"name":"cape_roof_occlusion_confidence","type":"flat_string","precision":6,"scale":0,"platformType":"decimal"},{"@type":"mtTaskOverriddenField","id":120228009,"name":"cape_roof_occlusion_date","type":"flat_string","precision":10,"scale":0,"platformType":"string"},{"@type":"mtTaskOverriddenField","id":120228010,"name":"cape_roof_patching_confidence","type":"flat_string","precision":6,"scale":0,"platformType":"decimal"},{"@type":"mtTaskOverriddenField","id":120228011,"name":"cape_roof_patching_date","type":"flat_string","precision":10,"scale":0,"platformType":"string"},{"@type":"mtTaskOverriddenField","id":120228012,"name":"cape_roof_ponding_confidence","type":"flat_string","precision":6,"scale":0,"platformType":"decimal"},{"@type":"mtTaskOverriddenField","id":120228013,"name":"cape_roof_ponding_date","type":"flat_string","precision":10,"scale":0,"platformType":"string"},{"@type":"mtTaskOverriddenField","id":120228014,"name":"cape_roof_solar_panel_confidence","type":"flat_string","precision":6,"scale":0,"platformType":"decimal"},{"@type":"mtTaskOverriddenField","id":120228015,"name":"cape_roof_solar_panel_date","type":"flat_string","precision":10,"scale":0,"platformType":"string"},{"@type":"mtTaskOverriddenField","id":120228016,"name":"cape_roof_streaking_confidence","type":"flat_string","precision":6,"scale":0,"platformType":"decimal"},{"@type":"mtTaskOverriddenField","id":120228017,"name":"cape_roof_streaking_date","type":"flat_string","precision":10,"scale":0,"platformType":"string"},{"@type":"mtTaskOverriddenField","id":120228018,"name":"cape_roof_tarp_confidence","type":"flat_string","precision":6,"scale":0,"platformType":"decimal"},{"@type":"mtTaskOverriddenField","id":120228019,"name":"cape_roof_tarp_date","type":"flat_string","precision":10,"scale":0,"platformType":"string"},{"@type":"mtTaskOverriddenField","id":120228020,"name":"cape_tree_overhang_confidence","type":"flat_string","precision":6,"scale":0,"platformType":"decimal"},{"@type":"mtTaskOverriddenField","id":120228021,"name":"cape_tree_overhang_date","type":"flat_string","precision":10,"scale":0,"platformType":"string"}]},{"@type":"mtTaskParameter","id":91903705,"name":"$capeanalytics1$","type":"TARGET","label":"DBConnection_TGT","description":"","uiProperties":{"cnxtype":"Amazon Redshift v2","connectionParameterized":"true","paramName":"DBConnection_TGT","paramLabel":"","paramType-mapping":"Connection","logcnx":"DBConnection_TGT","default":"dbo/capeanalytics","objectParameterized":"false","visible":"false","defaultTargetUpdateColumns":"","supportApplyDDLChanges":"false","originalPath":"capeanalytics1"},"targetConnectionId":"@kz9Es8IGoicjZNLnrhio0E","targetObject":"dbo/capeanalytics","targetObjectLabel":"capeanalytics","newFlatFile":false,"newObject":false,"showBusinessNames":true,"naturalOrder":true,"truncateTarget":false,"bulkApiDBTarget":false,"operationType":"Insert","customFuncCfg":{"@type":"customFuncConfig","id":-1,"connections":[],"inputMap":[],"outputFields":[]},"targetRefsV2":{},"targetUpdateColumns":[],"extendedObject":{"@type":"extendedObject","singleMode":true,"filters":[],"sortFields":[]},"runtimeAttrs":{},"isRESTModernSource":true,"isFileList":false,"handleSpecialChars":false,"handleDecimalRoundOff":false,"frsAsset":false,"dynamicFileName":false,"excludeDynamicFileNameField":false,"currentlyProcessedFileName":false,"retainFieldMetadata":false,"objectName":"dbo/capeanalytics","objectLabel":"capeanalytics","useExactSrcNames":false,"fetchMode":"ORIGINAL","tgtObjectAttributes":{},"runtimeParameterData":{"@type":"mtTaskRuntimeParameterData","isConnectionRuntimeParameter":true,"isObjectRuntimeParameter":false,"connectionParameterName":"DBConnection_TGT"},"overridableProperties":[],"overriddenFields":[]}],"sequences":[],"inOutParameters":[],"connRuntimeAttrs":[]}]