[{"@type":"mtTask","id":"@1","name":"s_m_Loas_PolicyReinsuranceTransaction","description":"Session pushed from PC to ICS : s_m_Loas_PolicyReinsuranceTransaction","runtimeEnvironmentId":"@3pADNCV9u0PcgrXjM7rx0t","maxLogs":10,"verbose":false,"lastRunTime":1714347076000,"mappingId":"@7BkUb6Fe5UqeCZaB2QEgwy","frsGuid":"cDqVPDkdKksjNrugQ22Aeu","shortDescription":"Session pushed from PC to ICS : s_m_Loas_PolicyRei...","sessionPropertiesList":[{"name":"Allow Temporary Sequence for Pushdown","value":"NO","recommended":false},{"name":"Allow Temporary View for Pushdown","value":"NO","recommended":false},{"name":"Data Column Delimiter","value":"|","recommended":false},{"name":"Error Log File Name","value":"PMError.log","recommended":false},{"name":"Pushdown Optimization","value":"None","recommended":false},{"name":"Pushdown Optimization Context","value":"None","recommended":false},{"name":"Pushdown Optimization Fallback Option","value":"Partial PDO","recommended":false},{"name":"Treat source rows as","value":"Data driven","recommended":false}],"hidden":false,"enableCrossSchemaPushdown":false,"enableParallelRun":false,"autoTunedApplied":false,"autoTunedAppliedType":"NONE","parameterFileName":"Andover_Param_GW.param","parameterFileDir":"$PMRootDir/andover/parameters","paramFileType":"PARAM_FILE_LOCAL","schemaMode":"async","valid":true,"schemaValidationErrorCount":-1,"serverlessProperties":{},"taskProperties":[{"@type":"taskProperty","name":"parameterFileDir","currentValue":"$PMRootDir/andover/parameters","type":"STRING","label":"label.parameterFileDir","required":false},{"@type":"taskProperty","name":"parameterFileName","currentValue":"Andover_Param_GW.param","type":"STRING","label":"label.parameterFileName","required":false}],"jobPriority":"MEDIUM","optimizationPlan":"NONE","isMidstreamPreview":false,"parameters":[{"@type":"mtTaskParameter","id":85439055,"name":"$SRC_PolicyReinsuranceStats_Stg$","type":"SOURCE","label":"DBConnection_TGT","description":"","uiProperties":{"cnxtype":"Amazon Redshift v2","connectionParameterized":"true","paramName":"DBConnection_TGT","paramLabel":"","paramType-mapping":"Connection","logcnx":"DBConnection_TGT","isSelectDistinct":"false","objectParameterized":"false","visible":"false","originalPath":"SRC_PolicyReinsuranceStats_Stg"},"sourceConnectionId":"@aYZ4ekzHgIPeKpiaoqDLKP","sourceObject":"DUMMY_SRC_PolicyReinsuranceStats_Stg","newFlatFile":false,"newObject":false,"showBusinessNames":true,"naturalOrder":true,"truncateTarget":false,"bulkApiDBTarget":false,"customFuncCfg":{"@type":"customFuncConfig","id":-1,"connections":[],"inputMap":[],"outputFields":[]},"targetRefsV2":{},"targetUpdateColumns":[],"runtimeAttrs":{},"oprRuntimeAttrs":{"selectDistinct":"NO","TreatNullValueAsNull":"NO","DownloadS3FilesInMultipleParts":"NO","temporaryCredentialDuration":"10800","readMode":"Direct"},"isRESTModernSource":true,"customQuery":"SELECT dbo.policyreinsurancestats_stg.StatSequence as StatSequence, dbo.policyreinsurancestats_stg.PolicyNumber as PolicyNumber,\n       dbo.policyreinsurancestats_stg.PolicyVersion as PolicyVersion, dbo.policyreinsurancestats_stg.TransactionNumber as TransactionNumber,\n       dbo.policyreinsurancestats_stg.CombinedKey as CombinedKey, dbo.policyreinsurancestats_stg.AddDt as AddDt,\n       dbo.policyreinsurancestats_stg.BookDt as BookDt, dbo.policyreinsurancestats_stg.TransactionEffectiveDt as TransactionEffectiveDt,\n       dbo.policyreinsurancestats_stg.AccountingDt as AccountingDt, dbo.policyreinsurancestats_stg.WrittenPremiumAmt as WrittenPremiumAmt,\n       dbo.policyreinsurancestats_stg.WrittenCommissionAmt as WrittenCommissionAmt, dbo.policyreinsurancestats_stg.AnnualStatementLineCd as AnnualStatementLineCd,\n       dbo.policyreinsurancestats_stg.ReinsuranceName as ReinsuranceName, dbo.policyreinsurancestats_stg.ReinsuranceItemName as ReinsuranceItemName,\n       dbo.policyreinsurancestats_stg.StateCd as StateCd, dbo.policyreinsurancestats_stg.ProductName as ProductName,\n       dbo.policyreinsurancestats_stg.ReinsuranceCoverageGroupCd as ReinsuranceCoverageGroupCd, dbo.policyreinsurancestats_stg.ReinsurerCode as ReinsurerCode,\n       dbo.policyreinsurancestats_stg.MajorPerilCd as MajorPerilCd, dbo.policyreinsurancestats_stg.StateLineCd as StateLineCd\nFROM\n dbo.policyreinsurancestats_stg","isFileList":false,"handleSpecialChars":false,"handleDecimalRoundOff":false,"frsAsset":false,"dynamicFileName":false,"excludeDynamicFileNameField":false,"currentlyProcessedFileName":false,"retainFieldMetadata":false,"objectName":"DUMMY_SRC_PolicyReinsuranceStats_Stg","useExactSrcNames":false,"fetchMode":"ORIGINAL","tgtObjectAttributes":{},"runtimeParameterData":{"@type":"mtTaskRuntimeParameterData","isConnectionRuntimeParameter":true,"isObjectRuntimeParameter":false,"connectionParameterName":"DBConnection_TGT"},"overridableProperties":[],"overriddenFields":[]},{"@type":"mtTaskParameter","id":85439056,"name":"$PolicyReinsuranceTransaction_INS$","type":"TARGET","label":"DBConnection_TGT","description":"","uiProperties":{"cnxtype":"Amazon Redshift v2","connectionParameterized":"true","paramName":"DBConnection_TGT","paramLabel":"","paramType-mapping":"Connection","logcnx":"DBConnection_TGT","default":"dbo/policyreinsurancetransaction","objectParameterized":"false","visible":"false","defaultTargetUpdateColumns":"","supportApplyDDLChanges":"false","originalPath":"PolicyReinsuranceTransaction_INS"},"targetConnectionId":"@aYZ4ekzHgIPeKpiaoqDLKP","targetObject":"dbo/policyreinsurancetransaction","targetObjectLabel":"policyreinsurancetransaction","newFlatFile":false,"newObject":false,"showBusinessNames":true,"naturalOrder":true,"truncateTarget":false,"bulkApiDBTarget":false,"operationType":"Rowbased","customFuncCfg":{"@type":"customFuncConfig","id":-1,"connections":[],"inputMap":[],"outputFields":[]},"targetRefsV2":{},"targetUpdateColumns":[],"extendedObject":{"@type":"extendedObject","singleMode":true,"filters":[],"sortFields":[]},"runtimeAttrs":{},"isRESTModernSource":true,"isFileList":false,"handleSpecialChars":false,"handleDecimalRoundOff":false,"frsAsset":false,"dynamicFileName":false,"excludeDynamicFileNameField":false,"currentlyProcessedFileName":false,"retainFieldMetadata":false,"objectName":"dbo/policyreinsurancetransaction","objectLabel":"policyreinsurancetransaction","useExactSrcNames":false,"fetchMode":"ORIGINAL","tgtObjectAttributes":{},"runtimeParameterData":{"@type":"mtTaskRuntimeParameterData","isConnectionRuntimeParameter":true,"isObjectRuntimeParameter":false,"connectionParameterName":"DBConnection_TGT"},"overridableProperties":[],"overriddenFields":[]},{"@type":"mtTaskParameter","id":85439057,"name":"$PolicyReinsuranceTransaction_UPD$","type":"TARGET","label":"DBConnection_TGT","description":"","uiProperties":{"cnxtype":"Amazon Redshift v2","connectionParameterized":"true","paramName":"DBConnection_TGT","paramLabel":"","paramType-mapping":"Connection","logcnx":"DBConnection_TGT","default":"dbo/policyreinsurancetransaction","objectParameterized":"false","visible":"false","defaultTargetUpdateColumns":"policyreinsuranceid","supportApplyDDLChanges":"false","originalPath":"PolicyReinsuranceTransaction_UPD"},"targetConnectionId":"@aYZ4ekzHgIPeKpiaoqDLKP","targetObject":"dbo/policyreinsurancetransaction","targetObjectLabel":"policyreinsurancetransaction","newFlatFile":false,"newObject":false,"showBusinessNames":true,"naturalOrder":true,"truncateTarget":false,"bulkApiDBTarget":false,"operationType":"Rowbased","customFuncCfg":{"@type":"customFuncConfig","id":-1,"connections":[],"inputMap":[],"outputFields":[]},"targetRefsV2":{},"targetUpdateColumns":["policyreinsuranceid"],"extendedObject":{"@type":"extendedObject","singleMode":true,"filters":[],"sortFields":[]},"runtimeAttrs":{},"isRESTModernSource":true,"isFileList":false,"handleSpecialChars":false,"handleDecimalRoundOff":false,"frsAsset":false,"dynamicFileName":false,"excludeDynamicFileNameField":false,"currentlyProcessedFileName":false,"retainFieldMetadata":false,"objectName":"dbo/policyreinsurancetransaction","objectLabel":"policyreinsurancetransaction","useExactSrcNames":false,"fetchMode":"ORIGINAL","tgtObjectAttributes":{},"runtimeParameterData":{"@type":"mtTaskRuntimeParameterData","isConnectionRuntimeParameter":true,"isObjectRuntimeParameter":false,"connectionParameterName":"DBConnection_TGT"},"overridableProperties":[],"overriddenFields":[]},{"@type":"mtTaskParameter","id":85439058,"name":"$PolicyReinsuranceTransaction_UPD_INS$","type":"TARGET","label":"DBConnection_TGT","description":"","uiProperties":{"cnxtype":"Amazon Redshift v2","connectionParameterized":"true","paramName":"DBConnection_TGT","paramLabel":"","paramType-mapping":"Connection","logcnx":"DBConnection_TGT","default":"dbo/policyreinsurancetransaction","objectParameterized":"false","visible":"false","defaultTargetUpdateColumns":"","supportApplyDDLChanges":"false","originalPath":"PolicyReinsuranceTransaction_UPD_INS"},"targetConnectionId":"@aYZ4ekzHgIPeKpiaoqDLKP","targetObject":"dbo/policyreinsurancetransaction","targetObjectLabel":"policyreinsurancetransaction","newFlatFile":false,"newObject":false,"showBusinessNames":true,"naturalOrder":true,"truncateTarget":false,"bulkApiDBTarget":false,"operationType":"Rowbased","customFuncCfg":{"@type":"customFuncConfig","id":-1,"connections":[],"inputMap":[],"outputFields":[]},"targetRefsV2":{},"targetUpdateColumns":[],"extendedObject":{"@type":"extendedObject","singleMode":true,"filters":[],"sortFields":[]},"runtimeAttrs":{},"isRESTModernSource":true,"isFileList":false,"handleSpecialChars":false,"handleDecimalRoundOff":false,"frsAsset":false,"dynamicFileName":false,"excludeDynamicFileNameField":false,"currentlyProcessedFileName":false,"retainFieldMetadata":false,"objectName":"dbo/policyreinsurancetransaction","objectLabel":"policyreinsurancetransaction","useExactSrcNames":false,"fetchMode":"ORIGINAL","tgtObjectAttributes":{},"runtimeParameterData":{"@type":"mtTaskRuntimeParameterData","isConnectionRuntimeParameter":true,"isObjectRuntimeParameter":false,"connectionParameterName":"DBConnection_TGT"},"overridableProperties":[],"overriddenFields":[]},{"@type":"mtTaskParameter","id":85439059,"name":"$lkp_Coverage_Homeowners1$","type":"LOOKUP","label":"DBConnection_SRC","description":"","uiProperties":{"cnxtype":"Amazon Redshift v2","connectionParameterized":"true","paramName":"DBConnection_SRC","paramLabel":"","paramType-mapping":"Connection","logcnx":"DBConnection_SRC","isCachedLookup":"true","multipleMatchPolicy":"Use Any Value","objectParameterized":"false","visible":"false","originalPath":"lkp_Coverage_Homeowners1"},"lookupConnectionId":"@aYZ4ekzHgIPeKpiaoqDLKP","lookupObject":"DUMMY_lkp_Coverage_Homeowners1","newFlatFile":false,"newObject":false,"showBusinessNames":true,"naturalOrder":true,"truncateTarget":false,"bulkApiDBTarget":false,"customFuncCfg":{"@type":"customFuncConfig","id":-1,"connections":[],"inputMap":[],"outputFields":[]},"targetRefsV2":{},"targetUpdateColumns":[],"runtimeAttrs":{"Lookup source is static":"false","Case Sensitive String Comparison":"false","Use Lookup Field Default Value":"false","Lookup Data Cache Size":"379584512","Output Old Value On Update":"false","Lookup Source Filter":"","Pre-build lookup cache":"AUTO","Synchronize dynamic cache":"false","Null ordering":"Null Is Highest Value","Thousand Separator":"None","Cache File Name Prefix":"","Lookup Index Cache Size":"379584512","Optional":"true","Lookup cache persistent":"false","Update Dynamic Cache Condition":"TRUE","Decimal Separator":".","Re-cache from lookup source":"false","Insert Else Update":"false","Lookup caching enabled":"true","Tracing Level":"Normal","Datetime Format":"","Subsecond Precision":"6","Sorted Input":"false","Lookup cache directory name":"$PMCacheDir","Dynamic Lookup Cache":"false"},"isRESTModernSource":true,"customQuery":"SELECT dbo.Coverage.CoverageId as CoverageId, dbo.Coverage.PolicyKey as PolicyKey, dbo.Coverage.RiskId as RiskId,\n       dbo.Coverage.CoverageCd as CoverageCd FROM dbo.Coverage\nwhere RowEffEndDt = '9999-12-31' order by CoveragePremiumAmt desc--","isFileList":false,"handleSpecialChars":false,"handleDecimalRoundOff":false,"frsAsset":false,"dynamicFileName":false,"excludeDynamicFileNameField":false,"currentlyProcessedFileName":false,"retainFieldMetadata":false,"objectName":"DUMMY_lkp_Coverage_Homeowners1","useExactSrcNames":false,"fetchMode":"ORIGINAL","tgtObjectAttributes":{},"runtimeParameterData":{"@type":"mtTaskRuntimeParameterData","isConnectionRuntimeParameter":true,"isObjectRuntimeParameter":false,"connectionParameterName":"DBConnection_SRC"},"overridableProperties":[],"overriddenFields":[]},{"@type":"mtTaskParameter","id":85439060,"name":"$lkp_Coverage_cd$","type":"LOOKUP","label":"DBConnection_SRC","description":"","uiProperties":{"cnxtype":"Amazon Redshift v2","connectionParameterized":"true","paramName":"DBConnection_SRC","paramLabel":"","paramType-mapping":"Connection","logcnx":"DBConnection_SRC","isCachedLookup":"true","multipleMatchPolicy":"Use Any Value","default":"dbo/lkp_gw_reinsurancecoveragecd_ref","objectParameterized":"false","visible":"false","originalPath":"lkp_Coverage_cd"},"lookupConnectionId":"@aYZ4ekzHgIPeKpiaoqDLKP","lookupObject":"dbo/lkp_gw_reinsurancecoveragecd_ref","lookupObjectLabel":"lkp_gw_reinsurancecoveragecd_ref","newFlatFile":false,"newObject":false,"showBusinessNames":true,"naturalOrder":true,"truncateTarget":false,"bulkApiDBTarget":false,"customFuncCfg":{"@type":"customFuncConfig","id":-1,"connections":[],"inputMap":[],"outputFields":[]},"targetRefsV2":{},"targetUpdateColumns":[],"runtimeAttrs":{"Cache File Name Prefix":"","Lookup Index Cache Size":"379584512","Lookup Data Filter":"","Optional":"true","Lookup cache persistent":"false","Lookup source is static":"false","Update Dynamic Cache Condition":"TRUE","Case Sensitive String Comparison":"false","Use Lookup Field Default Value":"false","Re-cache from lookup source":"false","Insert Else Update":"false","Lookup caching enabled":"true","Lookup Data Cache Size":"379584512","Tracing Level":"Normal","Sorted Input":"false","Lookup cache directory name":"$PMCacheDir","Output Old Value On Update":"false","Dynamic Lookup Cache":"false","Pre-build lookup cache":"AUTO","Null ordering":""},"isRESTModernSource":true,"isFileList":false,"handleSpecialChars":false,"handleDecimalRoundOff":false,"frsAsset":false,"dynamicFileName":false,"excludeDynamicFileNameField":false,"currentlyProcessedFileName":false,"retainFieldMetadata":false,"objectName":"dbo/lkp_gw_reinsurancecoveragecd_ref","objectLabel":"lkp_gw_reinsurancecoveragecd_ref","useExactSrcNames":false,"fetchMode":"ORIGINAL","tgtObjectAttributes":{},"runtimeParameterData":{"@type":"mtTaskRuntimeParameterData","isConnectionRuntimeParameter":true,"isObjectRuntimeParameter":false,"connectionParameterName":"DBConnection_SRC"},"overridableProperties":[],"overriddenFields":[]},{"@type":"mtTaskParameter","id":85439061,"name":"$lkp_Coverage_nonHomeowners$","type":"LOOKUP","label":"DBConnection_SRC","description":"","uiProperties":{"cnxtype":"Amazon Redshift v2","connectionParameterized":"true","paramName":"DBConnection_SRC","paramLabel":"","paramType-mapping":"Connection","logcnx":"DBConnection_SRC","isCachedLookup":"true","multipleMatchPolicy":"Use Any Value","objectParameterized":"false","visible":"false","originalPath":"lkp_Coverage_nonHomeowners"},"lookupConnectionId":"@aYZ4ekzHgIPeKpiaoqDLKP","lookupObject":"DUMMY_lkp_Coverage_nonHomeowners","newFlatFile":false,"newObject":false,"showBusinessNames":true,"naturalOrder":true,"truncateTarget":false,"bulkApiDBTarget":false,"customFuncCfg":{"@type":"customFuncConfig","id":-1,"connections":[],"inputMap":[],"outputFields":[]},"targetRefsV2":{},"targetUpdateColumns":[],"runtimeAttrs":{"Lookup source is static":"false","Case Sensitive String Comparison":"false","Use Lookup Field Default Value":"false","Lookup Data Cache Size":"379584512","Output Old Value On Update":"false","Lookup Source Filter":"","Pre-build lookup cache":"AUTO","Synchronize dynamic cache":"false","Null ordering":"Null Is Highest Value","Thousand Separator":"None","Cache File Name Prefix":"","Lookup Index Cache Size":"379584512","Optional":"true","Lookup cache persistent":"false","Update Dynamic Cache Condition":"TRUE","Decimal Separator":".","Re-cache from lookup source":"false","Insert Else Update":"false","Lookup caching enabled":"true","Tracing Level":"Normal","Datetime Format":"","Subsecond Precision":"6","Sorted Input":"false","Lookup cache directory name":"$PMCacheDir","Dynamic Lookup Cache":"false"},"isRESTModernSource":true,"customQuery":"SELECT dbo.Coverage.CoverageId as CoverageId, dbo.Coverage.PolicyKey as PolicyKey, dbo.Coverage.RiskId as RiskId,\n       dbo.Coverage.CoverageCd as CoverageCd FROM dbo.Coverage\nwhere RowEffEndDt = '9999-12-31' order by CoveragePremiumAmt desc--","isFileList":false,"handleSpecialChars":false,"handleDecimalRoundOff":false,"frsAsset":false,"dynamicFileName":false,"excludeDynamicFileNameField":false,"currentlyProcessedFileName":false,"retainFieldMetadata":false,"objectName":"DUMMY_lkp_Coverage_nonHomeowners","useExactSrcNames":false,"fetchMode":"ORIGINAL","tgtObjectAttributes":{},"runtimeParameterData":{"@type":"mtTaskRuntimeParameterData","isConnectionRuntimeParameter":true,"isObjectRuntimeParameter":false,"connectionParameterName":"DBConnection_SRC"},"overridableProperties":[],"overriddenFields":[]},{"@type":"mtTaskParameter","id":85439062,"name":"$lkp_risk$","type":"LOOKUP","label":"DBConnection_SRC","description":"","uiProperties":{"cnxtype":"Amazon Redshift v2","connectionParameterized":"true","paramName":"DBConnection_SRC","paramLabel":"","paramType-mapping":"Connection","logcnx":"DBConnection_SRC","isCachedLookup":"true","multipleMatchPolicy":"Use Any Value","objectParameterized":"false","visible":"false","originalPath":"lkp_risk"},"lookupConnectionId":"@aYZ4ekzHgIPeKpiaoqDLKP","lookupObject":"DUMMY_lkp_risk","newFlatFile":false,"newObject":false,"showBusinessNames":true,"naturalOrder":true,"truncateTarget":false,"bulkApiDBTarget":false,"customFuncCfg":{"@type":"customFuncConfig","id":-1,"connections":[],"inputMap":[],"outputFields":[]},"targetRefsV2":{},"targetUpdateColumns":[],"runtimeAttrs":{"Thousand Separator":"None","Cache File Name Prefix":"","Lookup Index Cache Size":"AUTO","Optional":"true","Lookup cache persistent":"false","Lookup source is static":"false","Case Sensitive String Comparison":"false","Decimal Separator":".","Re-cache from lookup source":"false","Insert Else Update":"false","Lookup caching enabled":"true","Lookup Data Cache Size":"AUTO","Tracing Level":"Normal","Datetime Format":"","Subsecond Precision":"6","Sorted Input":"false","Lookup cache directory name":"$PMCacheDir","Output Old Value On Update":"false","Lookup Source Filter":"","Dynamic Lookup Cache":"false","Pre-build lookup cache":"AUTO","Synchronize dynamic cache":"false","Null ordering":"Null Is Highest Value"},"isRESTModernSource":true,"customQuery":"SELECT dbo.risk.riskId as RiskId, dbo.risk.PolicyKey as PolicyKey, dbo.risk.LocationId as LocationId FROM dbo.risk\nwhere RowEffEndDt = '9999-12-31'","isFileList":false,"handleSpecialChars":false,"handleDecimalRoundOff":false,"frsAsset":false,"dynamicFileName":false,"excludeDynamicFileNameField":false,"currentlyProcessedFileName":false,"retainFieldMetadata":false,"objectName":"DUMMY_lkp_risk","useExactSrcNames":false,"fetchMode":"ORIGINAL","tgtObjectAttributes":{},"runtimeParameterData":{"@type":"mtTaskRuntimeParameterData","isConnectionRuntimeParameter":true,"isObjectRuntimeParameter":false,"connectionParameterName":"DBConnection_SRC"},"overridableProperties":[],"overriddenFields":[]},{"@type":"mtTaskParameter","id":85439063,"name":"$lkp_target_hash$","type":"LOOKUP","label":"DBConnection_SRC","description":"","uiProperties":{"cnxtype":"Amazon Redshift v2","connectionParameterized":"true","paramName":"DBConnection_SRC","paramLabel":"","paramType-mapping":"Connection","logcnx":"DBConnection_SRC","isCachedLookup":"true","multipleMatchPolicy":"Use Any Value","objectParameterized":"false","visible":"false","originalPath":"lkp_target_hash"},"lookupConnectionId":"@aYZ4ekzHgIPeKpiaoqDLKP","lookupObject":"DUMMY_lkp_target_hash","newFlatFile":false,"newObject":false,"showBusinessNames":true,"naturalOrder":true,"truncateTarget":false,"bulkApiDBTarget":false,"customFuncCfg":{"@type":"customFuncConfig","id":-1,"connections":[],"inputMap":[],"outputFields":[]},"targetRefsV2":{},"targetUpdateColumns":[],"runtimeAttrs":{"Thousand Separator":"None","Cache File Name Prefix":"","Lookup Index Cache Size":"AUTO","Optional":"true","Lookup cache persistent":"false","Lookup source is static":"false","Case Sensitive String Comparison":"false","Decimal Separator":".","Re-cache from lookup source":"false","Insert Else Update":"false","Lookup caching enabled":"true","Lookup Data Cache Size":"AUTO","Tracing Level":"Normal","Datetime Format":"","Subsecond Precision":"6","Sorted Input":"false","Lookup cache directory name":"$PMCacheDir","Output Old Value On Update":"false","Lookup Source Filter":"","Dynamic Lookup Cache":"false","Pre-build lookup cache":"AUTO","Synchronize dynamic cache":"false","Null ordering":"Null Is Highest Value"},"isRESTModernSource":true,"customQuery":"SELECT dbo.policyreinsurancetransaction.PolicyreinsuranceId as PolicyreinsuranceId, dbo.policyreinsurancetransaction.HashValue as HashValue, dbo.policyreinsurancetransaction.RowInsDt as RowInsDt, dbo.policyreinsurancetransaction.StatSequence as StatSequence, dbo.policyreinsurancetransaction.PolicyKey as PolicyKey FROM dbo.policyreinsurancetransaction\nWhere RowEffEndDt = '9999-12-31'","isFileList":false,"handleSpecialChars":false,"handleDecimalRoundOff":false,"frsAsset":false,"dynamicFileName":false,"excludeDynamicFileNameField":false,"currentlyProcessedFileName":false,"retainFieldMetadata":false,"objectName":"DUMMY_lkp_target_hash","useExactSrcNames":false,"fetchMode":"ORIGINAL","tgtObjectAttributes":{},"runtimeParameterData":{"@type":"mtTaskRuntimeParameterData","isConnectionRuntimeParameter":true,"isObjectRuntimeParameter":false,"connectionParameterName":"DBConnection_SRC"},"overridableProperties":[],"overriddenFields":[]}],"sequences":[],"inOutParameters":[],"connRuntimeAttrs":[]}]