[{"@type":"mappingTemplate","id":"@1","name":"cdi_map_adm_commission_plans_bronze_load","description":"","autoExpireObject":false,"bundleVersion":"0","assetFrsGuid":"93ng83iZmT2fwZmFMIZnC1","templateId":"@3","hasParameters":true,"valid":true,"fixedConnection":false,"hasParametersDeployed":false,"fixedConnectionDeployed":false,"isSchemaValidationEnabled":false,"tasks":1,"mappingPreviewFileRecordId":"@2","documentType":"MAPPING","allowMaxFieldLength":false,"specialCharacterSupport":false,"references":[]}]