[{"@type":"mappingTemplate","id":"@1","name":"cdi_map_msgr_batch_load_summary","description":"The framework must log each batch execution with a unique batch ID and for each target table.","autoExpireObject":false,"bundleVersion":"0","assetFrsGuid":"9My2XCuoSqxelhcLQOCRs4","templateId":"@3","deployTime":1746754305000,"hasParameters":true,"valid":true,"fixedConnection":false,"hasParametersDeployed":true,"fixedConnectionDeployed":false,"isSchemaValidationEnabled":false,"tasks":1,"mappingPreviewFileRecordId":"@2","documentType":"MAPPING","allowMaxFieldLength":false,"specialCharacterSupport":false,"references":[]}]