[{"@type":"mappingTemplate","id":"@1","name":"m_Load_nameinfo_Stg_from_nameinfo","description":"This mapping is created to load data from Mysql server to SQL server for the nameinfo table","autoExpireObject":false,"bundleVersion":"0","assetFrsGuid":"6sFlBZuXvcljwUPTof2OkG","templateId":"@3","deployTime":1701436623000,"hasParameters":true,"valid":true,"fixedConnection":false,"hasParametersDeployed":true,"fixedConnectionDeployed":false,"isSchemaValidationEnabled":false,"tasks":0,"mappingPreviewFileRecordId":"@2","documentType":"","allowMaxFieldLength":false,"specialCharacterSupport":false,"references":[]}]