[{"@type":"mtTask","id":"@1","name":"cdi_tsk_map_acx_silver_policy_risk_key_reference_ld","autoExpireObject":false,"runtimeEnvironmentId":"@3pADNCV9u0PcgrXjM7rx0t","maxLogs":10,"verbose":false,"lastRunTime":1741792081000,"mappingId":"@bgvHCVtd5ANhpg9rjhc2wN","frsGuid":"dJi2RKgy8C3e6gtA6Rc1Sk","sessionPropertiesList":[{"name":"Pushdown Optimization","value":"None","recommended":false},{"name":"Pushdown Optimization Context","value":"None","recommended":false},{"name":"Pushdown Optimization Fallback Option","value":"Partial PDO","recommended":false}],"hidden":false,"enableCrossSchemaPushdown":true,"enableParallelRun":false,"autoTunedApplied":false,"autoTunedAppliedType":"NONE","parameterFileName":"Andover_Param_GW.param","parameterFileDir":"$PMRootDir/andover/parameters","paramFileType":"PARAM_FILE_LOCAL","schemaMode":"async","valid":true,"schemaValidationErrorCount":-1,"serverlessProperties":{},"taskProperties":[{"@type":"taskProperty","name":"parameterFileDir","currentValue":"$PMRootDir/andover/parameters","type":"STRING","label":"label.parameterFileDir","required":false},{"@type":"taskProperty","name":"parameterFileName","currentValue":"Andover_Param_GW.param","type":"STRING","label":"label.parameterFileName","required":false},{"@type":"taskProperty","name":"outboundMessageUrlQueueTime","currentValue":"","type":"NUMBER","label":"label.outboundMessageUrlQueueTime","required":false},{"@type":"taskProperty","name":"outboundMessageUrlToken","currentValue":"","type":"STRING","label":"label.outboundMessageUrlToken","required":false}],"optimizationPlan":"NONE","isMidstreamPreview":false,"parameters":[{"@type":"mtTaskParameter","id":112905040,"name":"$src_query$","type":"SOURCE","label":"DBConnection_SRC","description":"","uiProperties":{"cnxtype":"Amazon Redshift v2","connectionParameterized":"true","paramName":"DBConnection_SRC","paramLabel":"","paramType-mapping":"Connection","logcnx":"DBConnection_SRC","isSelectDistinct":"false","objectParameterized":"false","visible":"false","originalPath":"src_query"},"sourceConnectionId":"@aYZ4ekzHgIPeKpiaoqDLKP","sourceObject":"DUMMY_src_query","newFlatFile":false,"newObject":false,"showBusinessNames":true,"naturalOrder":true,"truncateTarget":false,"bulkApiDBTarget":false,"customFuncCfg":{"@type":"customFuncConfig","id":-1,"connections":[],"inputMap":[],"outputFields":[]},"targetRefsV2":{},"targetUpdateColumns":[],"runtimeAttrs":{},"isRESTModernSource":true,"customQuery":"SELECT DISTINCT \nbp.systemid as policy_system_id,\nbp.cmmcontainer as policy_cmm_container,\nbp.id as policy_reference_id,\nbp.shellpolicyind,\nbp.carriercd as policy_carriercd,\ncs.carriercd as claimstat_carriercd,\nps.carriercd as policystat_carriercd,\nbp.policynumber,\nbp.policyversion,\nr.systemid as risk_system_id,\nr.id as risk_reference_id,\nl.systemid as line_system_id,\nl.id as line_reference_id,\nl.linecd,\nprkr.policy_risk_key_reference_row_id,\nprkr.policy_risk_key_reference_md5_hash_value \nFROM dbo.risk_stg r\nLEFT JOIN dbo.basicpolicy_stg bp\nON r.systemid = bp.systemid\nAND r.cmmcontainer = bp.cmmcontainer\nLEFT JOIN \n(select \npolicyref, \ncarriercd,\nrank() over (partition by policyref order by statsequence desc) as rnk\nfrom dbo.claimstats_stg) cs \nON bp.systemid = cs.policyref\nand cs.rnk = 1\nLEFT JOIN \n(select \npolicyref, \ncarriercd,\nrank() over (partition by policyref order by statsequence desc) as rnk\nfrom dbo.policystats_stg) ps\nON ps.policyref = bp.systemid\nand ps.rnk = 1\nLEFT JOIN dbo.line_stg l\nON bp.systemid = l.systemid\nAND bp.cmmcontainer = l.cmmcontainer\nleft join dbo.policy_risk_key_reference prkr \non prkr.policy_system_id = bp.systemid \nand prkr.policy_reference_id = bp.id \nand prkr.policy_cmm_container = bp.cmmcontainer \nand prkr.risk_system_id = r.systemid \nand prkr.risk_id = r.id\nand prkr.policy_risk_key_reference_row_effective_end_date = '9999-12-31'\nUNION\nSELECT distinct\nbp.systemid as policy_system_id,\nbp.cmmcontainer as policy_cmm_container,\nbp.id as policy_reference_id,\nbp.shellpolicyind,\nbp.carriercd as policy_carriercd,\nnull as claimstat_carriercd,\nnull as policystat_carriercd,\nbp.policynumber,\nbp.policyversion,\nr.risk_application_system_id as risk_system_id,\nr.risk_application_id as risk_reference_id,\nl.systemid as line_system_id,\nl.id as line_reference_id,\nl.linecd,\nprkr.policy_risk_key_reference_row_id,\nprkr.policy_risk_key_reference_md5_hash_value \nFROM dbo.risk_application_stg r\nLEFT JOIN dbo.basicpolicyapp_stg bp\nON r.risk_application_system_id = bp.systemid\nAND r.risk_application_cmm_container = bp.cmmcontainer\nLEFT JOIN dbo.line_stg l\nON bp.systemid = l.systemid\nAND bp.cmmcontainer = l.cmmcontainer\nleft join dbo.policy_risk_key_reference prkr \non prkr.policy_system_id = bp.systemid \nand prkr.policy_reference_id = bp.id \nand prkr.policy_cmm_container = bp.cmmcontainer \nand prkr.risk_system_id = r.risk_application_system_id\nand prkr.risk_id = r.risk_application_id\nand prkr.policy_risk_key_reference_row_effective_end_date = '9999-12-31'","isFileList":false,"handleSpecialChars":false,"handleDecimalRoundOff":false,"frsAsset":false,"dynamicFileName":false,"excludeDynamicFileNameField":false,"currentlyProcessedFileName":false,"retainFieldMetadata":false,"objectName":"DUMMY_src_query","useExactSrcNames":false,"userUpdated":true,"tgtObjectAttributes":{},"runtimeParameterData":{"@type":"mtTaskRuntimeParameterData","isConnectionRuntimeParameter":false,"isObjectRuntimeParameter":false,"connectionParameterName":"DBConnection_SRC"},"overridableProperties":[],"overriddenFields":[]},{"@type":"mtTaskParameter","id":112905041,"name":"$tgt_policy_risk_key_reference_close$","type":"TARGET","label":"DBConnection_TGT","description":"","uiProperties":{"cnxtype":"Amazon Redshift v2","connectionParameterized":"true","paramName":"DBConnection_TGT","paramLabel":"","paramType-mapping":"Connection","logcnx":"DBConnection_TGT","default":"dbo/policy_risk_key_reference","objectParameterized":"false","visible":"false","defaultTargetUpdateColumns":"policy_risk_key_reference_row_id","supportApplyDDLChanges":"false","originalPath":"tgt_policy_risk_key_reference_close"},"targetConnectionId":"@aYZ4ekzHgIPeKpiaoqDLKP","targetObject":"dbo/policy_risk_key_reference","targetObjectLabel":"dbo/policy_risk_key_reference","newFlatFile":false,"newObject":false,"showBusinessNames":true,"naturalOrder":true,"truncateTarget":false,"bulkApiDBTarget":false,"operationType":"Update","customFuncCfg":{"@type":"customFuncConfig","id":-1,"connections":[],"inputMap":[],"outputFields":[]},"targetRefsV2":{},"targetUpdateColumns":["policy_risk_key_reference_row_id"],"extendedObject":{"@type":"extendedObject","singleMode":true,"filters":[],"sortFields":[]},"runtimeAttrs":{},"isRESTModernSource":true,"isFileList":false,"handleSpecialChars":false,"handleDecimalRoundOff":false,"frsAsset":false,"dynamicFileName":false,"excludeDynamicFileNameField":false,"currentlyProcessedFileName":false,"retainFieldMetadata":false,"objectName":"dbo/policy_risk_key_reference","objectLabel":"dbo/policy_risk_key_reference","useExactSrcNames":false,"userUpdated":true,"tgtObjectAttributes":{},"runtimeParameterData":{"@type":"mtTaskRuntimeParameterData","isConnectionRuntimeParameter":false,"isObjectRuntimeParameter":false,"connectionParameterName":"DBConnection_TGT"},"overridableProperties":[],"overriddenFields":[]},{"@type":"mtTaskParameter","id":112905042,"name":"$tgt_policy_risk_key_reference_insert$","type":"TARGET","label":"DBConnection_TGT","description":"","uiProperties":{"cnxtype":"Amazon Redshift v2","connectionParameterized":"true","paramName":"DBConnection_TGT","paramLabel":"","paramType-mapping":"Connection","logcnx":"DBConnection_TGT","default":"dbo/policy_risk_key_reference","objectParameterized":"false","visible":"false","defaultTargetUpdateColumns":"","supportApplyDDLChanges":"false","originalPath":"tgt_policy_risk_key_reference_insert"},"targetConnectionId":"@aYZ4ekzHgIPeKpiaoqDLKP","targetObject":"dbo/policy_risk_key_reference","targetObjectLabel":"dbo/policy_risk_key_reference","newFlatFile":false,"newObject":false,"showBusinessNames":true,"naturalOrder":true,"truncateTarget":false,"bulkApiDBTarget":false,"operationType":"Insert","customFuncCfg":{"@type":"customFuncConfig","id":-1,"connections":[],"inputMap":[],"outputFields":[]},"targetRefsV2":{},"targetUpdateColumns":[],"extendedObject":{"@type":"extendedObject","singleMode":true,"filters":[],"sortFields":[]},"runtimeAttrs":{},"isRESTModernSource":true,"isFileList":false,"handleSpecialChars":false,"handleDecimalRoundOff":false,"frsAsset":false,"dynamicFileName":false,"excludeDynamicFileNameField":false,"currentlyProcessedFileName":false,"retainFieldMetadata":false,"objectName":"dbo/policy_risk_key_reference","objectLabel":"dbo/policy_risk_key_reference","useExactSrcNames":false,"userUpdated":true,"tgtObjectAttributes":{},"runtimeParameterData":{"@type":"mtTaskRuntimeParameterData","isConnectionRuntimeParameter":false,"isObjectRuntimeParameter":false,"connectionParameterName":"DBConnection_TGT"},"overridableProperties":[],"overriddenFields":[]},{"@type":"mtTaskParameter","id":112905043,"name":"$tgt_policy_risk_key_reference_update$","type":"TARGET","label":"DBConnection_TGT","description":"","uiProperties":{"cnxtype":"Amazon Redshift v2","connectionParameterized":"true","paramName":"DBConnection_TGT","paramLabel":"","paramType-mapping":"Connection","logcnx":"DBConnection_TGT","default":"dbo/policy_risk_key_reference","objectParameterized":"false","visible":"false","defaultTargetUpdateColumns":"","supportApplyDDLChanges":"false","originalPath":"tgt_policy_risk_key_reference_update"},"targetConnectionId":"@aYZ4ekzHgIPeKpiaoqDLKP","targetObject":"dbo/policy_risk_key_reference","targetObjectLabel":"dbo/policy_risk_key_reference","newFlatFile":false,"newObject":false,"showBusinessNames":true,"naturalOrder":true,"truncateTarget":false,"bulkApiDBTarget":false,"operationType":"Insert","customFuncCfg":{"@type":"customFuncConfig","id":-1,"connections":[],"inputMap":[],"outputFields":[]},"targetRefsV2":{},"targetUpdateColumns":[],"extendedObject":{"@type":"extendedObject","singleMode":true,"filters":[],"sortFields":[]},"runtimeAttrs":{},"isRESTModernSource":true,"isFileList":false,"handleSpecialChars":false,"handleDecimalRoundOff":false,"frsAsset":false,"dynamicFileName":false,"excludeDynamicFileNameField":false,"currentlyProcessedFileName":false,"retainFieldMetadata":false,"objectName":"dbo/policy_risk_key_reference","objectLabel":"dbo/policy_risk_key_reference","useExactSrcNames":false,"userUpdated":true,"tgtObjectAttributes":{},"runtimeParameterData":{"@type":"mtTaskRuntimeParameterData","isConnectionRuntimeParameter":false,"isObjectRuntimeParameter":false,"connectionParameterName":"DBConnection_TGT"},"overridableProperties":[],"overriddenFields":[]}],"sequences":[],"inOutParameters":[],"connRuntimeAttrs":[]}]