[{"@type":"mappingTemplate","id":"@1","name":"m_load_cc_base_factor","description":"","autoExpireObject":false,"bundleVersion":"0","assetFrsGuid":"hf8O6MjlvWghsihiQ3qSk0","templateId":"@3","deployTime":1703081739000,"hasParameters":false,"valid":true,"fixedConnection":true,"hasParametersDeployed":false,"fixedConnectionDeployed":true,"isSchemaValidationEnabled":false,"tasks":1,"mappingPreviewFileRecordId":"@2","documentType":"","allowMaxFieldLength":false,"specialCharacterSupport":false,"references":[{"@type":"reference","refObjectId":"@4PR5UG8LgQbgjcPh0nvIgA","refType":"connection"},{"@type":"reference","refObjectId":"@aYZ4ekzHgIPeKpiaoqDLKP","refType":"connection"}]}]