[{"@type":"mappingTemplate","id":"@1","name":"m_Load_t_groups_to_Groups_stg","description":"","autoExpireObject":false,"bundleVersion":"0","assetFrsGuid":"eACz6JtABkpjc0kU4WXBg0","templateId":"@3","deployTime":1767815054000,"hasParameters":true,"valid":true,"fixedConnection":false,"hasParametersDeployed":true,"fixedConnectionDeployed":false,"isSchemaValidationEnabled":false,"tasks":1,"mappingPreviewFileRecordId":"@2","documentType":"","allowMaxFieldLength":false,"specialCharacterSupport":false,"references":[]}]