[{"@type":"mtTask","id":"@1","name":"cdi_tsk_map_underwriting_questions_and_answers_silver_load","autoExpireObject":false,"runtimeEnvironmentId":"@3pADNCV9u0PcgrXjM7rx0t","maxLogs":10,"verbose":false,"lastRunTime":1755884375000,"mappingId":"@0TUvz2nEnqTffdynWASpea","frsGuid":"0xKmxDomEJTbUaBHcx2BeB","sessionPropertiesList":[{"name":"Pushdown Optimization","value":"None","recommended":false},{"name":"Pushdown Optimization Context","value":"None","recommended":false},{"name":"Pushdown Optimization Fallback Option","value":"Partial PDO","recommended":false}],"hidden":false,"enableCrossSchemaPushdown":true,"enableParallelRun":false,"autoTunedApplied":false,"autoTunedAppliedType":"NONE","parameterFileName":"Andover_Param_ACX.param","parameterFileDir":"$PMRootDir/andover/parameters","paramFileType":"PARAM_FILE_LOCAL","schemaMode":"async","valid":true,"schemaValidationErrorCount":-1,"serverlessProperties":{},"taskProperties":[{"@type":"taskProperty","name":"parameterFileDir","currentValue":"$PMRootDir/andover/parameters","type":"STRING","label":"label.parameterFileDir","required":false},{"@type":"taskProperty","name":"parameterFileName","currentValue":"Andover_Param_ACX.param","type":"STRING","label":"label.parameterFileName","required":false},{"@type":"taskProperty","name":"outboundMessageUrlQueueTime","currentValue":"","type":"NUMBER","label":"label.outboundMessageUrlQueueTime","required":false},{"@type":"taskProperty","name":"outboundMessageUrlToken","currentValue":"","type":"STRING","label":"label.outboundMessageUrlToken","required":false}],"optimizationPlan":"NONE","isMidstreamPreview":false,"allowMaxFieldLength":false,"specialCharacterSupport":false,"useUserDefinedOrder":false,"parameters":[{"@type":"mtTaskParameter","id":131171673,"name":"$source_query$","type":"SOURCE","label":"DBConnection_SRC","description":"","uiProperties":{"cnxtype":"Amazon Redshift v2","connectionParameterized":"true","paramName":"DBConnection_SRC","paramLabel":"","paramType-mapping":"Connection","logcnx":"DBConnection_SRC","isSelectDistinct":"false","objectParameterized":"false","visible":"false","originalPath":"source_query"},"sourceConnectionId":"@aYZ4ekzHgIPeKpiaoqDLKP","sourceObject":"DUMMY_source_query","newFlatFile":false,"newObject":false,"showBusinessNames":true,"naturalOrder":true,"truncateTarget":false,"bulkApiDBTarget":false,"customFuncCfg":{"@type":"customFuncConfig","id":-1,"connections":[],"inputMap":[],"outputFields":[]},"targetRefsV2":{},"targetUpdateColumns":[],"fieldOrderList":[],"runtimeAttrs":{},"isRESTModernSource":true,"customQuery":"select\n\tdistinct \nq.cmm_container as underwriting_question_and_answer_type,\n\tq.id as underwriting_question_and_answer_row_source_system_key,\n\tq.system_id as source_system_system_id,\n\tq.id as source_system_id,\n\tq.parent_id as source_system_parent_id,\n\tq.name as underwriting_question_code,\n\tq.value as underwriting_answer,\n\tq.visible_ind as question_visible_on_acx_ui_indicator ,\n\tq.text as text,\n\tq.display_desc as display_description,\n\tq.row_id as source_system_row_id,\n\tprkr.line_of_business,\n\tcase\n\t\twhen prkr.line_of_business = 'Homeowners' then qrpcr.parent_child_indicator\n\t\telse null \n\tend as parent_or_child_indicator,\n\tcase\n\t\twhen prkr.line_of_business = 'Homeowners' then pq.question\n\t\telse NULL\n\tend as parent_question_code_of_child_question,\n\t\tcase\n\t\twhen prkr.line_of_business = 'Homeowners' then pr.value\n\t\telse NULL\n\tend as parent_answer_of_child_question,\n\t\tcase\n\t\twhen prkr.line_of_business = 'Homeowners' then qrpcr.priority_order\n\t\telse NULL\n\tend as question_and_answer_hierarchy,\n\t\tcase\n\t\twhen prkr.line_of_business = 'Homeowners' then qrpcr.display_when_reply_is_no_or_null\n\t\telse NULL\n\tend as display_when_reply_is_no_or_null,\n\t\tcase\n\t\twhen prkr.line_of_business = 'Homeowners' then qrpcr.display_when_reply_is_yes_or_not_null\n\t\telse NULL\n\tend as display_when_reply_is_yes_or_not_null,\n\t\tcase\n\t\twhen prkr.line_of_business = 'Homeowners' then qrpcr.display_when_parent_reply_is_yes_or_not_null\n\t\telse NULL\n\tend as display_when_parent_reply_is_yes_or_not_null,\n\t\tcase\n\t\twhen prkr.line_of_business = 'Homeowners' then qrpcr.display_when_parent_reply_is_no_or_null\n\t\telse NULL\n\tend as display_when_parent_reply_is_no_or_null,\n\ttgt.underwriting_question_and_answer_id,\n\ttgt.underwriting_question_and_answer_row_md5checksum \nfrom\n\tbronze.acx_question_reply q\nleft join dbo.policy_risk_key_reference prkr\non\n\tq.system_id = prkr.policy_system_id\n\tand q.cmm_container = prkr.policy_cmm_container\nleft join bronze.question_reply_parent_child_reference_for_homeowners qrpcr\non\n\tq.name = qrpcr.question\nleft join bronze.question_reply_parent_child_reference_for_homeowners pq\non qrpcr.parent_question_id_of_child = pq.question_id\nleft join bronze.acx_question_reply pr\non q.system_id = pr.system_id \nand q.cmm_container = pr.cmm_container \nand pq.question = pr.name\nleft join silver.underwriting_questions_and_answers tgt \non q.system_id = tgt.source_system_system_id \nand q.cmm_container = tgt.underwriting_question_and_answer_type \nand q.id = tgt.underwriting_question_and_answer_row_source_system_key \nand tgt.underwriting_question_and_answer_row_effective_end_datetime = '9999-12-31'\nwhere\n\t prkr.policy_risk_key_reference_row_effective_end_date = '9999-12-31'\n\tand qrpcr.question_reply_parent_child_reference_ho_row_effective_end_datetime = '9999-12-31'\n    and q.acx_question_reply_row_effective_end_datetime = '9999-12-31';","commandType":0,"isFileList":false,"handleSpecialChars":false,"handleDecimalRoundOff":false,"frsAsset":false,"dynamicFileName":false,"excludeDynamicFileNameField":false,"currentlyProcessedFileName":false,"retainFieldMetadata":false,"objectName":"DUMMY_source_query","useExactSrcNames":false,"userUpdated":true,"fetchMode":"ORIGINAL","tgtObjectAttributes":{},"runtimeParameterData":{"@type":"mtTaskRuntimeParameterData","isConnectionRuntimeParameter":false,"isObjectRuntimeParameter":false,"connectionParameterName":"DBConnection_SRC"},"overridableProperties":[],"overriddenFields":[]},{"@type":"mtTaskParameter","id":131171674,"name":"$tgt_underwriting_questions_and_answers_closeout$","type":"TARGET","label":"DBConnection_TGT","description":"","uiProperties":{"cnxtype":"Amazon Redshift v2","connectionParameterized":"true","paramName":"DBConnection_TGT","paramLabel":"","paramType-mapping":"Connection","logcnx":"DBConnection_TGT","default":"silver/underwriting_questions_and_answers","objectParameterized":"false","visible":"false","defaultTargetUpdateColumns":"underwriting_question_and_answer_id","supportApplyDDLChanges":"false","originalPath":"tgt_underwriting_questions_and_answers_closeout"},"targetConnectionId":"@aYZ4ekzHgIPeKpiaoqDLKP","targetObject":"silver/underwriting_questions_and_answers","targetObjectLabel":"silver/underwriting_questions_and_answers","newFlatFile":false,"newObject":false,"showBusinessNames":true,"naturalOrder":true,"truncateTarget":false,"bulkApiDBTarget":false,"operationType":"Update","customFuncCfg":{"@type":"customFuncConfig","id":-1,"connections":[],"inputMap":[],"outputFields":[]},"targetRefsV2":{},"targetUpdateColumns":["underwriting_question_and_answer_id"],"fieldOrderList":[],"extendedObject":{"@type":"extendedObject","singleMode":true,"filters":[],"sortFields":[]},"runtimeAttrs":{},"isRESTModernSource":true,"commandType":0,"isFileList":false,"handleSpecialChars":false,"handleDecimalRoundOff":false,"frsAsset":false,"dynamicFileName":false,"excludeDynamicFileNameField":false,"currentlyProcessedFileName":false,"retainFieldMetadata":false,"objectName":"silver/underwriting_questions_and_answers","objectLabel":"silver/underwriting_questions_and_answers","useExactSrcNames":false,"userUpdated":true,"fetchMode":"ORIGINAL","tgtObjectAttributes":{},"runtimeParameterData":{"@type":"mtTaskRuntimeParameterData","isConnectionRuntimeParameter":false,"isObjectRuntimeParameter":false,"connectionParameterName":"DBConnection_TGT"},"overridableProperties":[],"targetSchemaProviderType":"SELECTED_OBJECT","dbSchema":"","overriddenFields":[]},{"@type":"mtTaskParameter","id":131171675,"name":"$tgt_underwriting_questions_and_answers_insert$","type":"TARGET","label":"DBConnection_TGT","description":"","uiProperties":{"cnxtype":"Amazon Redshift v2","connectionParameterized":"true","paramName":"DBConnection_TGT","paramLabel":"","paramType-mapping":"Connection","logcnx":"DBConnection_TGT","default":"silver/underwriting_questions_and_answers","objectParameterized":"false","visible":"false","defaultTargetUpdateColumns":"","supportApplyDDLChanges":"false","originalPath":"tgt_underwriting_questions_and_answers_insert"},"targetConnectionId":"@aYZ4ekzHgIPeKpiaoqDLKP","targetObject":"silver/underwriting_questions_and_answers","targetObjectLabel":"silver/underwriting_questions_and_answers","newFlatFile":false,"newObject":false,"showBusinessNames":true,"naturalOrder":true,"truncateTarget":false,"bulkApiDBTarget":false,"operationType":"Insert","customFuncCfg":{"@type":"customFuncConfig","id":-1,"connections":[],"inputMap":[],"outputFields":[]},"targetRefsV2":{},"targetUpdateColumns":[],"fieldOrderList":[],"extendedObject":{"@type":"extendedObject","singleMode":true,"filters":[],"sortFields":[]},"runtimeAttrs":{},"isRESTModernSource":true,"commandType":0,"isFileList":false,"handleSpecialChars":false,"handleDecimalRoundOff":false,"frsAsset":false,"dynamicFileName":false,"excludeDynamicFileNameField":false,"currentlyProcessedFileName":false,"retainFieldMetadata":false,"objectName":"silver/underwriting_questions_and_answers","objectLabel":"silver/underwriting_questions_and_answers","useExactSrcNames":false,"userUpdated":true,"fetchMode":"ORIGINAL","tgtObjectAttributes":{},"runtimeParameterData":{"@type":"mtTaskRuntimeParameterData","isConnectionRuntimeParameter":false,"isObjectRuntimeParameter":false,"connectionParameterName":"DBConnection_TGT"},"overridableProperties":[],"targetSchemaProviderType":"SELECTED_OBJECT","dbSchema":"","overriddenFields":[]},{"@type":"mtTaskParameter","id":131171676,"name":"$tgt_underwriting_questions_and_answers_update$","type":"TARGET","label":"DBConnection_TGT","description":"","uiProperties":{"cnxtype":"Amazon Redshift v2","connectionParameterized":"true","paramName":"DBConnection_TGT","paramLabel":"","paramType-mapping":"Connection","logcnx":"DBConnection_TGT","default":"silver/underwriting_questions_and_answers","objectParameterized":"false","visible":"false","defaultTargetUpdateColumns":"","supportApplyDDLChanges":"false","originalPath":"tgt_underwriting_questions_and_answers_update"},"targetConnectionId":"@aYZ4ekzHgIPeKpiaoqDLKP","targetObject":"silver/underwriting_questions_and_answers","targetObjectLabel":"silver/underwriting_questions_and_answers","newFlatFile":false,"newObject":false,"showBusinessNames":true,"naturalOrder":true,"truncateTarget":false,"bulkApiDBTarget":false,"operationType":"Insert","customFuncCfg":{"@type":"customFuncConfig","id":-1,"connections":[],"inputMap":[],"outputFields":[]},"targetRefsV2":{},"targetUpdateColumns":[],"fieldOrderList":[],"extendedObject":{"@type":"extendedObject","singleMode":true,"filters":[],"sortFields":[]},"runtimeAttrs":{},"isRESTModernSource":true,"commandType":0,"isFileList":false,"handleSpecialChars":false,"handleDecimalRoundOff":false,"frsAsset":false,"dynamicFileName":false,"excludeDynamicFileNameField":false,"currentlyProcessedFileName":false,"retainFieldMetadata":false,"objectName":"silver/underwriting_questions_and_answers","objectLabel":"silver/underwriting_questions_and_answers","useExactSrcNames":false,"userUpdated":true,"fetchMode":"ORIGINAL","tgtObjectAttributes":{},"runtimeParameterData":{"@type":"mtTaskRuntimeParameterData","isConnectionRuntimeParameter":false,"isObjectRuntimeParameter":false,"connectionParameterName":"DBConnection_TGT"},"overridableProperties":[],"targetSchemaProviderType":"SELECTED_OBJECT","dbSchema":"","overriddenFields":[]}],"sequences":[{"@type":"sequenceDefinition","id":"1659688","txName":"Sequence","initialValue":"1","currentValue":"81251479"}],"inOutParameters":[],"connRuntimeAttrs":[]}]