[{"@type":"mappingTemplate","id":"@1","name":"cdi_map_batch_load","description":"","autoExpireObject":false,"bundleVersion":"0","assetFrsGuid":"7WU6qzFiNMaellySto1Ikb","templateId":"@3","deployTime":1760641725000,"hasParameters":true,"valid":true,"fixedConnection":false,"hasParametersDeployed":true,"fixedConnectionDeployed":false,"isSchemaValidationEnabled":false,"tasks":3,"mappingPreviewFileRecordId":"@2","documentType":"MAPPING","allowMaxFieldLength":false,"specialCharacterSupport":false,"references":[]}]