[{"@type":"mtTask","id":"@1","name":"s_m_Load_Ceded_Policy_transaction_From_Flat_File","description":"Session pushed from PC to ICS : s_m_Load_Ceded_Policy_transaction_From_Flat_File","runtimeEnvironmentId":"@3pADNCV9u0PcgrXjM7rx0t","maxLogs":10,"verbose":false,"lastRunTime":1709043057000,"mappingId":"@0senVvot12RgWjHS5bohcz","frsGuid":"jn2C3i34lIBgpQNkUd3zme","shortDescription":"Session pushed from PC to ICS : s_m_Load_Ceded_Pol...","sessionPropertiesList":[{"name":"Allow Temporary Sequence for Pushdown","value":"NO","recommended":false},{"name":"Allow Temporary View for Pushdown","value":"NO","recommended":false},{"name":"Data Column Delimiter","value":"|","recommended":false},{"name":"DateTime Format String","value":"MM/DD/YYYY HH24:MI:SS.US","recommended":false},{"name":"Error Log File Name","value":"PMError.log","recommended":false},{"name":"Pushdown Optimization","value":"None","recommended":false},{"name":"Pushdown Optimization Context","value":"None","recommended":false},{"name":"Pushdown Optimization Fallback Option","value":"Partial PDO","recommended":false}],"enableCrossSchemaPushdown":false,"enableParallelRun":false,"autoTunedApplied":false,"autoTunedAppliedType":"NONE","parameterFileName":"Andover_Param_GW.param","parameterFileDir":"$PMRootDir/andover/parameters","paramFileType":"PARAM_FILE_LOCAL","schemaMode":"async","valid":true,"schemaValidationErrorCount":-1,"serverlessProperties":{},"taskProperties":[{"@type":"taskProperty","name":"parameterFileDir","currentValue":"$PMRootDir/andover/parameters","type":"STRING","label":"label.parameterFileDir","required":false},{"@type":"taskProperty","name":"parameterFileName","currentValue":"Andover_Param_GW.param","type":"STRING","label":"label.parameterFileName","required":false}],"optimizationPlan":"NONE","parameters":[{"@type":"mtTaskParameter","id":79854959,"name":"$SQ_Ceded_Pms_reinsurance$","type":"EXTENDED_SOURCE","label":"FF_Conn_Inbound","description":"","uiProperties":{"cnxtype":"Amazon S3 v2","connectionParameterized":"true","paramName":"FF_Conn_Inbound","paramLabel":"","paramType-mapping":"Connection","logcnx":"FF_Conn_Inbound","isSelectDistinct":"false","isMsrcFilterParameterized":"false","isMsrcSortParameterized":"false","objlabel":"SrcFile_Ceded_Prem","origobjlabel":"","objectParameterized":"true","objDesc":"","objectParamName":"SrcFile_Ceded_Prem","objectParamType-mapping":"DataObject","originalPath":"SQ_Ceded_Pms_reinsurance"},"sourceConnectionId":"@4PR5UG8LgQbgjcPh0nvIgA","newFlatFile":false,"newObject":false,"showBusinessNames":true,"naturalOrder":true,"truncateTarget":false,"bulkApiDBTarget":false,"customFuncCfg":{"@type":"customFuncConfig","id":-1,"connections":[],"inputMap":[],"outputFields":[]},"targetRefsV2":{},"targetUpdateColumns":[],"extendedObject":{"@type":"extendedObject","object":{"@type":"mObject","name":"advr-np-inbound-data/internal%2F/cededpremium%2F/Ceded_Prem.txt","label":"Ceded_Prem.txt","metadataUpdated":false,"relations":[],"children":[]},"singleMode":true,"objects":[{"@type":"mObject","name":"advr-np-inbound-data/internal%2F/cededpremium%2F/Ceded_Prem.txt","label":"Ceded_Prem.txt","metadataUpdated":false,"relations":[],"children":[]}],"filters":[],"sortFields":[]},"runtimeAttrs":{"Multipart Download Threshold":"10485760","Hadoop Performance Tuning Options":"","Source Type":"File","Staging Directory":"","Folder Path":"/internal/cededpremium","Temporary Credential Duration":"3600","Incremental File Load":"NO","Enable Recursive Read":"NO","Encryption Type":"None","Allow Wildcard Characters":"NO","Compression Format":"None","File Name":"","Download Part Size":"5242880"},"oprRuntimeAttrs":{"S3EncryptionType":"None","targetName":"","enableWildChar":"NO","downloadPartSize":"5242880","multipartDownloadThreshold":"10485760","enableIncrementalLoad":"NO","compressionFormat":"None","temporaryCredentialDuration":"3600","S3FolderPath":"/internal/cededpremium","tempFolderPath":"","additionalDistCpOptions":"","sourceType":"File","enableRecursiveRead":"NO"},"isRESTModernSource":true,"isFileList":false,"handleSpecialChars":false,"handleDecimalRoundOff":false,"frsAsset":false,"dynamicFileName":false,"excludeDynamicFileNameField":false,"currentlyProcessedFileName":false,"retainFieldMetadata":false,"useExactSrcNames":false,"tgtObjectAttributes":{},"dataFormat":{"@type":"dataFormat","formatId":"Flat","dataFormatAttributes":{"escapeChar":"\\","rowDelimiter":"","importColumnFromFirstLine":"true","headerLineNumber":"0","maxRowsToPreview":"0","distributionColumn":"","qualifierMode":"MINIMAL","firstDataRow":"1","generateHeader":"true","delimiter":"\t","qualifier":"\"","targetHeader":"Without Header","disableEscapeChar":"true","codePage":"UTF-8","fixedWidthMode":"false"}},"runtimeParameterData":{"@type":"mtTaskRuntimeParameterData","isConnectionRuntimeParameter":true,"isObjectRuntimeParameter":true,"connectionParameterName":"FF_Conn_Inbound","objectParameterName":"SrcFile_Ceded_Prem","objectDefaultValue":"Ceded_Prem.txt"},"overridableProperties":[{"@type":"overridableProperty","id":"defaultPrecision","labelKey":"SQ_Ceded_Pms_reinsurance_defaultPrecision","type":"integer","hidden":false,"required":false,"defaultValue":"","renderingHints":{}},{"@type":"overridableProperty","id":"dataFormat","labelKey":"SQ_Ceded_Pms_reinsurance_dataFormat","type":"string","hidden":false,"required":false,"defaultValue":"{\n  \"@type\" : \"dataFormat\",\n  \"formatId\" : \"Flat\",\n  \"dataFormatAttributes\" : {\n    \"escapeChar\" : \"\\\\\",\n    \"rowDelimiter\" : \"\",\n    \"importColumnFromFirstLine\" : \"true\",\n    \"headerLineNumber\" : \"0\",\n    \"maxRowsToPreview\" : \"0\",\n    \"distributionColumn\" : \"\",\n    \"qualifierMode\" : \"MINIMAL\",\n    \"firstDataRow\" : \"1\",\n    \"generateHeader\" : \"true\",\n    \"delimiter\" : \"\\t\",\n    \"qualifier\" : \"\\\"\",\n    \"targetHeader\" : \"Without Header\",\n    \"disableEscapeChar\" : \"true\",\n    \"codePage\" : \"UTF-8\",\n    \"fixedWidthMode\" : \"false\"\n  }\n}","renderingHints":{"renderingType":"json"}}],"overriddenFields":[]},{"@type":"mtTaskParameter","id":79854960,"name":"$Ceded_PolicyReinsurance_Stg$","type":"TARGET","label":"DBConnection_TGT","description":"","uiProperties":{"cnxtype":"Amazon Redshift v2","connectionParameterized":"true","paramName":"DBConnection_TGT","paramLabel":"","paramType-mapping":"Connection","logcnx":"DBConnection_TGT","default":"dbo/ceded_policyreinsurance_stg","objectParameterized":"false","visible":"false","defaultTargetUpdateColumns":"","supportApplyDDLChanges":"false","originalPath":"Ceded_PolicyReinsurance_Stg"},"targetConnectionId":"@aYZ4ekzHgIPeKpiaoqDLKP","targetObject":"dbo/ceded_policyreinsurance_stg","targetObjectLabel":"ceded_policyreinsurance_stg","newFlatFile":false,"newObject":false,"showBusinessNames":true,"naturalOrder":true,"truncateTarget":true,"bulkApiDBTarget":false,"operationType":"Insert","customFuncCfg":{"@type":"customFuncConfig","id":-1,"connections":[],"inputMap":[],"outputFields":[]},"targetRefsV2":{},"targetUpdateColumns":[],"extendedObject":{"@type":"extendedObject","singleMode":true,"filters":[],"sortFields":[]},"runtimeAttrs":{"Recovery Schema Name":"","Transfer Manager Thread Pool Size":"10","Override Target Query":"","Post-Sql":"","Enable Compression":"YES","S3 Server Side Encryption":"NO","WaitTime In Seconds For S3 File Consistency":"0","Error File Directory":"","Preserve record order on write":"NO","Require Null Value For Char And Varchar":"","Temporary Credential Duration":"7200","Schema Name":"","Analyze Target Table":"NO","Truncate Target Table Before Data Upload":"YES","S3 Client Side Encryption":"NO","Minimum Upload Part Size":"5242880","Number of files per batch":"0","Vacuum Target Table":"None","Prefix To Retain For Staging Files On S3":"","S3 Bucket Name":"nonproddatawarehouseredshiftclust-staging12d1754e-1w9c6risqayrf","Staging Directory Location":"","Max Errors Per Batch Upload Insert":"1","Copy Options":"","Batch Size":"2000000","Treat Source Rows As":"INSERT","Target Table Name":"","Pre-SQL":"","Success File Directory":""},"oprRuntimeAttrs":{"ErrorFileDirectory":"","numberOfFilesPerBatch":"0","S3ServerSideEncryption":"NO","CopyOptionsPropertyFile":"","SuccessFileDirectory":"","StagingDirectoryLocation":"","schemaName":"","AnalyzeTargetTable":"NO","dataIntegritySupport":"NO","PrefixToRetainForStagingFilesOnS3":"","minUploadPartSize":"5242880","targetTableName":"","postSql":"","BatchSize":"2000000","EnableCompression":"YES","TreatSourceRowsAs":"INSERT","RequireNullValueForCharAndVarchar":"","overrideTargetQuery":"","temporaryCredentialDuration":"7200","TruncateTargetTableBeforeDataUpload":"YES","WaitTimeInSecondsForS3FileConsistency":"0","VacuumTargetTable":"None","MaxErrorsPerBatchUploadForInsert":"1","S3ClientSideEncryption":"NO","recoverySchemaName":"","S3BucketName":"nonproddatawarehouseredshiftclust-staging12d1754e-1w9c6risqayrf","txManagerThreadPoolSize":"10","preSql":""},"isRESTModernSource":true,"isFileList":false,"handleSpecialChars":false,"handleDecimalRoundOff":false,"frsAsset":false,"dynamicFileName":false,"excludeDynamicFileNameField":false,"currentlyProcessedFileName":false,"retainFieldMetadata":false,"objectName":"dbo/ceded_policyreinsurance_stg","objectLabel":"ceded_policyreinsurance_stg","useExactSrcNames":false,"tgtObjectAttributes":{},"runtimeParameterData":{"@type":"mtTaskRuntimeParameterData","isConnectionRuntimeParameter":true,"isObjectRuntimeParameter":false,"connectionParameterName":"DBConnection_TGT"},"overridableProperties":[],"overriddenFields":[]}],"sequences":[],"inOutParameters":[],"connRuntimeAttrs":[]}]