[{"@type":"mappingTemplate","id":"@1","name":"m_load_AddressDetail_from_lkp_address_key_Finalv1","description":"","autoExpireObject":false,"bundleVersion":"0","assetFrsGuid":"li8LP8nv9KVgiV7YzPAcYr","templateId":"@3","hasParameters":true,"valid":true,"fixedConnection":false,"hasParametersDeployed":false,"fixedConnectionDeployed":false,"isSchemaValidationEnabled":false,"tasks":1,"mappingPreviewFileRecordId":"@2","documentType":"MAPPING","allowMaxFieldLength":false,"specialCharacterSupport":false,"references":[{"@type":"reference","refObjectId":"@8djberNZyW5fvMwoPSpYm3","refType":"frsDocument"}]}]