[{"@type":"mappingTemplate","id":"@1","name":"cdi_map_adm_contact_guidewire_metal_stg_load","description":"This job reads data from MariaDB and loads it into the Metal staging tables. It follows a one-to-one mapping with no transformations.","autoExpireObject":false,"bundleVersion":"0","assetFrsGuid":"akScdA5I1zzhNp3et4wcec","templateId":"@3","deployTime":1749498214000,"hasParameters":true,"valid":true,"fixedConnection":false,"hasParametersDeployed":true,"fixedConnectionDeployed":false,"isSchemaValidationEnabled":false,"tasks":1,"mappingPreviewFileRecordId":"@2","documentType":"MAPPING","allowMaxFieldLength":false,"references":[]}]