[{"@type":"mappingTemplate","id":"@1","name":"cdi_map_acx_coverage_item_bronze_load","description":"","autoExpireObject":false,"bundleVersion":"0","assetFrsGuid":"4C62jxUEEJ6hWGjSp3aPCx","templateId":"@3","deployTime":1769452214000,"hasParameters":true,"valid":true,"fixedConnection":false,"hasParametersDeployed":true,"fixedConnectionDeployed":false,"isSchemaValidationEnabled":false,"tasks":1,"mappingPreviewFileRecordId":"@2","documentType":"MAPPING","allowMaxFieldLength":false,"specialCharacterSupport":false,"references":[]}]