[{"@type":"mappingTemplate","id":"@1","name":"Mapping1","description":"","autoExpireObject":false,"bundleVersion":"0","assetFrsGuid":"1yE2ebk7fPNdH6dajnEm8Q","templateId":"@3","deployTime":1710437826000,"hasParameters":false,"valid":true,"fixedConnection":true,"hasParametersDeployed":false,"fixedConnectionDeployed":true,"isSchemaValidationEnabled":false,"tasks":0,"mappingPreviewFileRecordId":"@2","documentType":"MAPPING","allowMaxFieldLength":false,"specialCharacterSupport":false,"references":[{"@type":"reference","refObjectId":"@azEva6zs2GVd8TkGbhUF48","refType":"connection"},{"@type":"reference","refObjectId":"@aYZ4ekzHgIPeKpiaoqDLKP","refType":"connection"}]}]