[{"@type":"mappingTemplate","id":"@1","name":"m_Load_LocationDetail_from_Location_Stg","description":"This mapping will load the latest data into LocationDetail from the staging layer table Location_Stg.","bundleVersion":"0","templateId":"@3","deployTime":1701865893000,"hasParameters":true,"valid":true,"fixedConnection":false,"hasParametersDeployed":true,"fixedConnectionDeployed":false,"isSchemaValidationEnabled":false,"tasks":1,"mappingPreviewFileRecordId":"@2","documentType":"","references":[]}]