[{"@type":"fileRecord","id":"@3","name":"fault","type":"XSD","size":6413,"attachTime":1745679525000},{"@type":"fileRecord","id":"@2","name":"extension","type":"XML","size":36721,"attachTime":1745679525000},{"@type":"fileRecord","id":"@5","name":"request","type":"XSD","size":7014,"attachTime":1745679525000},{"@type":"fileRecord","id":"@6","name":"response","type":"XSD","size":16714,"attachTime":1745679525000},{"@type":"fileRecord","id":"@4","name":"metadata","type":"JSON","size":9487,"attachTime":1745679525000}]