[{"@type":"mappingTemplate","id":"@1","name":"cdi_map_adm_agency_email_metal_stg_load","description":"","autoExpireObject":false,"bundleVersion":"0","assetFrsGuid":"04NnNJgcatOc9toOtRm4ad","templateId":"@3","hasParameters":true,"valid":true,"fixedConnection":false,"hasParametersDeployed":false,"fixedConnectionDeployed":false,"isSchemaValidationEnabled":false,"tasks":1,"mappingPreviewFileRecordId":"@2","documentType":"MAPPING","allowMaxFieldLength":false,"specialCharacterSupport":false,"references":[]}]