[{"@type":"fwConfig","id":"@1","name":"FW_m_load_import_NonPremTrans_from_fileSQ_NonPremTrans","description":"","lineSequential":true,"padBytes":2,"skipRows":0,"nullChar":"*","nullCharType":"ASCII","repeatNullChar":true,"stripTrailingBlank":false,"dateFormat":"","columns":[{"@type":"fwColumn","name":"FIELD1","nativeType":"string","precision":20,"physicalLength":0,"scale":0},{"@type":"fwColumn","name":"FIELD2","nativeType":"string","precision":20,"physicalLength":0,"scale":0},{"@type":"fwColumn","name":"FIELD3","nativeType":"string","precision":2,"physicalLength":0,"scale":0},{"@type":"fwColumn","name":"FIELD4","nativeType":"string","precision":10,"physicalLength":0,"scale":0},{"@type":"fwColumn","name":"FIELD5","nativeType":"string","precision":3,"physicalLength":0,"scale":0},{"@type":"fwColumn","name":"FIELD6","nativeType":"string","precision":7,"physicalLength":0,"scale":0},{"@type":"fwColumn","name":"FIELD7","nativeType":"string","precision":7,"physicalLength":0,"scale":0},{"@type":"fwColumn","name":"FIELD8","nativeType":"string","precision":2,"physicalLength":0,"scale":0},{"@type":"fwColumn","name":"FIELD9","nativeType":"string","precision":2,"physicalLength":0,"scale":0},{"@type":"fwColumn","name":"FIELD10","nativeType":"string","precision":10,"physicalLength":0,"scale":0},{"@type":"fwColumn","name":"FIELD11","nativeType":"string","precision":17,"physicalLength":0,"scale":0},{"@type":"fwColumn","name":"FIELD12","nativeType":"string","precision":35,"physicalLength":0,"scale":0},{"@type":"fwColumn","name":"FIELD13","nativeType":"string","precision":16,"physicalLength":0,"scale":0},{"@type":"fwColumn","name":"FIELD14","nativeType":"string","precision":10,"physicalLength":0,"scale":0},{"@type":"fwColumn","name":"FIELD15","nativeType":"string","precision":2,"physicalLength":0,"scale":0},{"@type":"fwColumn","name":"FIELD16","nativeType":"string","precision":2,"physicalLength":0,"scale":0},{"@type":"fwColumn","name":"FIELD17","nativeType":"string","precision":30,"physicalLength":0,"scale":0},{"@type":"fwColumn","name":"FIELD18","nativeType":"string","precision":30,"physicalLength":0,"scale":0},{"@type":"fwColumn","name":"FIELD19","nativeType":"string","precision":90,"physicalLength":0,"scale":0},{"@type":"fwColumn","name":"FIELD20","nativeType":"string","precision":10,"physicalLength":0,"scale":0},{"@type":"fwColumn","name":"FIELD21","nativeType":"string","precision":30,"physicalLength":0,"scale":0},{"@type":"fwColumn","name":"FIELD22","nativeType":"string","precision":30,"physicalLength":0,"scale":0},{"@type":"fwColumn","name":"FIELD23","nativeType":"string","precision":30,"physicalLength":0,"scale":0},{"@type":"fwColumn","name":"FIELD24","nativeType":"string","precision":30,"physicalLength":0,"scale":0},{"@type":"fwColumn","name":"FIELD25","nativeType":"string","precision":42,"physicalLength":0,"scale":0},{"@type":"fwColumn","name":"FIELD26","nativeType":"string","precision":42,"physicalLength":0,"scale":0},{"@type":"fwColumn","name":"FIELD27","nativeType":"string","precision":30,"physicalLength":0,"scale":0},{"@type":"fwColumn","name":"FIELD28","nativeType":"string","precision":90,"physicalLength":0,"scale":0},{"@type":"fwColumn","name":"FIELD29","nativeType":"string","precision":10,"physicalLength":0,"scale":0},{"@type":"fwColumn","name":"FIELD30","nativeType":"string","precision":30,"physicalLength":0,"scale":0},{"@type":"fwColumn","name":"FIELD31","nativeType":"string","precision":10,"physicalLength":0,"scale":0},{"@type":"fwColumn","name":"FIELD32","nativeType":"string","precision":11,"physicalLength":0,"scale":0},{"@type":"fwColumn","name":"FIELD33","nativeType":"string","precision":1,"physicalLength":0,"scale":0},{"@type":"fwColumn","name":"FIELD34","nativeType":"string","precision":5,"physicalLength":0,"scale":0},{"@type":"fwColumn","name":"FIELD35","nativeType":"string","precision":3,"physicalLength":0,"scale":0},{"@type":"fwColumn","name":"FIELD36","nativeType":"string","precision":19,"physicalLength":0,"scale":0},{"@type":"fwColumn","name":"FIELD37","nativeType":"string","precision":19,"physicalLength":0,"scale":0},{"@type":"fwColumn","name":"FIELD38","nativeType":"string","precision":5,"physicalLength":0,"scale":0},{"@type":"fwColumn","name":"FIELD39","nativeType":"string","precision":5,"physicalLength":0,"scale":0},{"@type":"fwColumn","name":"FIELD40","nativeType":"string","precision":6,"physicalLength":0,"scale":0},{"@type":"fwColumn","name":"FIELD41","nativeType":"string","precision":1,"physicalLength":0,"scale":0},{"@type":"fwColumn","name":"FIELD42","nativeType":"string","precision":3,"physicalLength":0,"scale":0},{"@type":"fwColumn","name":"FIELD43","nativeType":"string","precision":7,"physicalLength":0,"scale":0},{"@type":"fwColumn","name":"FIELD44","nativeType":"string","precision":2,"physicalLength":0,"scale":0},{"@type":"fwColumn","name":"FIELD45","nativeType":"string","precision":1,"physicalLength":0,"scale":0},{"@type":"fwColumn","name":"FIELD46","nativeType":"string","precision":5,"physicalLength":0,"scale":0},{"@type":"fwColumn","name":"FIELD47","nativeType":"string","precision":2,"physicalLength":0,"scale":0},{"@type":"fwColumn","name":"FIELD48","nativeType":"string","precision":1,"physicalLength":0,"scale":0},{"@type":"fwColumn","name":"FIELD49","nativeType":"string","precision":1,"physicalLength":0,"scale":0},{"@type":"fwColumn","name":"FIELD50","nativeType":"string","precision":1,"physicalLength":0,"scale":0},{"@type":"fwColumn","name":"FIELD51","nativeType":"string","precision":1,"physicalLength":0,"scale":0},{"@type":"fwColumn","name":"FIELD52","nativeType":"string","precision":10,"physicalLength":0,"scale":0},{"@type":"fwColumn","name":"FIELD53","nativeType":"string","precision":10,"physicalLength":0,"scale":0},{"@type":"fwColumn","name":"FIELD54","nativeType":"string","precision":17,"physicalLength":0,"scale":0},{"@type":"fwColumn","name":"FIELD55","nativeType":"string","precision":19,"physicalLength":0,"scale":0},{"@type":"fwColumn","name":"FIELD56","nativeType":"string","precision":2,"physicalLength":0,"scale":0}]}]