[{"@type":"mappingTemplate","id":"@1","name":"cdi_map_acx_ea_factors_metal_load","description":"","autoExpireObject":false,"bundleVersion":"0","assetFrsGuid":"hi9v1STqgoYbRCFJklU4kM","templateId":"@3","deployTime":1753465484000,"hasParameters":true,"valid":true,"fixedConnection":false,"hasParametersDeployed":true,"fixedConnectionDeployed":false,"isSchemaValidationEnabled":false,"tasks":1,"mappingPreviewFileRecordId":"@2","documentType":"MAPPING","allowMaxFieldLength":false,"specialCharacterSupport":false,"references":[]}]