[{"@type":"mappingTemplate","id":"@1","name":"cdi_map_acx_risk_bronze_risk_application_stg_ld","description":"","autoExpireObject":false,"bundleVersion":"0","assetFrsGuid":"6ZKPEScbs9ageHqWFdjQMy","templateId":"@3","hasParameters":true,"valid":true,"fixedConnection":false,"hasParametersDeployed":false,"fixedConnectionDeployed":false,"isSchemaValidationEnabled":false,"tasks":1,"mappingPreviewFileRecordId":"@2","documentType":"","allowMaxFieldLength":false,"specialCharacterSupport":false,"references":[]}]