[{"@type":"mappingTemplate","id":"@1","name":"cdi_map_adm_agency_guidewire_metal_stg_load","description":"Maria DB and load to metal staging tables. incremental data_one to one mapping.","autoExpireObject":false,"bundleVersion":"0","assetFrsGuid":"ag4li5BvQq5g8XV88TDOOU","templateId":"@3","hasParameters":true,"valid":true,"fixedConnection":false,"hasParametersDeployed":false,"fixedConnectionDeployed":false,"isSchemaValidationEnabled":false,"tasks":1,"mappingPreviewFileRecordId":"@2","documentType":"MAPPING","allowMaxFieldLength":false,"specialCharacterSupport":false,"references":[]}]