[{"@type":"mappingTemplate","id":"@1","name":"m_load_agencylicense_to_AgencyLicense","description":"agency license has all the valid agencies and would be used as status column in master agency detail","autoExpireObject":false,"bundleVersion":"0","assetFrsGuid":"65Yj9pW030ZjWvW7r8dkY8","templateId":"@3","deployTime":1726171219000,"hasParameters":true,"valid":true,"fixedConnection":false,"hasParametersDeployed":true,"fixedConnectionDeployed":false,"isSchemaValidationEnabled":false,"tasks":1,"mappingPreviewFileRecordId":"@2","documentType":"","allowMaxFieldLength":false,"specialCharacterSupport":false,"references":[]}]