[{"@type":"mappingTemplate","id":"@1","name":"cdi_map_straight_through_processing_rules_post_api_task","description":"This mapping implements the Straight-Through Processing API integration to create and validate tasks in Guidewire.","autoExpireObject":false,"bundleVersion":"0","assetFrsGuid":"1JtOKxbUth7gc9gB2KeLQM","templateId":"@3","deployTime":1761161785000,"hasParameters":true,"valid":true,"fixedConnection":true,"hasParametersDeployed":true,"fixedConnectionDeployed":true,"isSchemaValidationEnabled":false,"tasks":1,"mappingPreviewFileRecordId":"@2","documentType":"MAPPING","allowMaxFieldLength":false,"specialCharacterSupport":false,"references":[{"@type":"reference","refObjectId":"@j3qh6AtmZUDfDLPHQirAsn","refType":"businessService"},{"@type":"reference","refObjectId":"@j3qh6AtmZUDfDLPHQirAsn@stpposttask","refType":"businessOperation"},{"@type":"reference","refObjectId":"@kZzFuvIshsSfi3Jwv5AEg2","refType":"businessService"},{"@type":"reference","refObjectId":"@kZzFuvIshsSfi3Jwv5AEg2@gettaskapi","refType":"businessOperation"}]}]