[{"@type":"mappingTemplate","id":"@1","name":"m_Audit_Load_Balancing_Source_to_Master_Ld_Weekly","description":"","autoExpireObject":false,"bundleVersion":"0","assetFrsGuid":"lPXwfWNyD06cNCmHOO614J","templateId":"@3","hasParameters":true,"valid":true,"fixedConnection":false,"hasParametersDeployed":false,"fixedConnectionDeployed":false,"isSchemaValidationEnabled":false,"tasks":0,"mappingPreviewFileRecordId":"@2","documentType":"MAPPING","allowMaxFieldLength":false,"specialCharacterSupport":false,"references":[]}]