[{"@type":"mtTask","id":"@1","name":"s_m_load_claimreinsurancesummarystats_stg_from_claimreinsurancesummarystats","description":"Session pushed from PC to ICS : s_m_load_claimreinsurancesummarystats_stg_from_claimreinsurancesummarystats","runtimeEnvironmentId":"@3pADNCV9u0PcgrXjM7rx0t","maxLogs":10,"verbose":false,"lastRunTime":1711975285000,"mappingId":"@5Tzn9YnltoNcRNSHvbwcga","frsGuid":"6sPAFladuAnjShjXeo25Wn","shortDescription":"Session pushed from PC to ICS : s_m_load_claimrein...","sessionPropertiesList":[{"name":"Allow Temporary Sequence for Pushdown","value":"NO","recommended":false},{"name":"Allow Temporary View for Pushdown","value":"NO","recommended":false},{"name":"Commit Interval","value":"10000","recommended":false},{"name":"Commit On End Of File","value":"YES","recommended":false},{"name":"Commit Type","value":"Target","recommended":false},{"name":"Data Column Delimiter","value":"|","recommended":false},{"name":"Error Log File Name","value":"PMError.log","recommended":false},{"name":"Pushdown Optimization","value":"None","recommended":false},{"name":"Pushdown Optimization Context","value":"None","recommended":false},{"name":"Pushdown Optimization Fallback Option","value":"Partial PDO","recommended":false},{"name":"Treat source rows as","value":"Insert","recommended":false}],"enableCrossSchemaPushdown":false,"enableParallelRun":false,"autoTunedApplied":false,"autoTunedAppliedType":"NONE","parameterFileName":"Andover_Param_GW.param","parameterFileDir":"$PMRootDir/andover/parameters","paramFileType":"PARAM_FILE_LOCAL","schemaMode":"async","valid":true,"schemaValidationErrorCount":-1,"serverlessProperties":{},"taskProperties":[{"@type":"taskProperty","name":"parameterFileDir","currentValue":"$PMRootDir/andover/parameters","type":"STRING","label":"label.parameterFileDir","required":false},{"@type":"taskProperty","name":"parameterFileName","currentValue":"Andover_Param_GW.param","type":"STRING","label":"label.parameterFileName","required":false}],"parameters":[{"@type":"mtTaskParameter","id":82037151,"name":"$SQ_claimreinsurancesummarystats$","type":"SOURCE","label":"DBConnection_SRCM","description":"","uiProperties":{"cnxtype":"MySQL","connectionParameterized":"true","paramName":"DBConnection_SRCM","paramLabel":"","paramType-mapping":"Connection","logcnx":"DBConnection_SRCM","isSelectDistinct":"false","objectParameterized":"false","visible":"false","originalPath":"SQ_claimreinsurancesummarystats"},"sourceConnectionId":"@jPo49nVatmzbSnPefVZwCV","sourceObject":"DUMMY_SQ_claimreinsurancesummarystats","newFlatFile":false,"newObject":false,"showBusinessNames":true,"naturalOrder":true,"truncateTarget":false,"bulkApiDBTarget":false,"customFuncCfg":{"@type":"customFuncConfig","id":-1,"connections":[],"inputMap":[],"outputFields":[]},"targetRefsV2":{},"targetUpdateColumns":[],"runtimeAttrs":{},"isRESTModernSource":true,"customQuery":"SELECT claimreinsurancesummarystats.SystemId, claimreinsurancesummarystats.id, claimreinsurancesummarystats.ReportPeriod, claimreinsurancesummarystats.UpdateDt, claimreinsurancesummarystats.PolicyRef, claimreinsurancesummarystats.PolicyNumber, claimreinsurancesummarystats.PolicyVersion, claimreinsurancesummarystats.TransactionNumber, claimreinsurancesummarystats.EffectiveDt, claimreinsurancesummarystats.ExpirationDt, claimreinsurancesummarystats.SummaryKey, claimreinsurancesummarystats.PolicyYear, claimreinsurancesummarystats.StatusCd, claimreinsurancesummarystats.ReinsuranceName, claimreinsurancesummarystats.ReinsuranceItemName, claimreinsurancesummarystats.ReserveCd, claimreinsurancesummarystats.ReserveTypeCd, claimreinsurancesummarystats.MasterSubInd, claimreinsurancesummarystats.TransactionCd, claimreinsurancesummarystats.AnnualStatementLineCd, claimreinsurancesummarystats.StateCd, claimreinsurancesummarystats.ClaimNumber, claimreinsurancesummarystats.ClaimRef, claimreinsurancesummarystats.CarrierCd, claimreinsurancesummarystats.CarrierGroupCd, claimreinsurancesummarystats.LossYear, claimreinsurancesummarystats.OutstandingAmt, claimreinsurancesummarystats.MTDReserveChangeAmt, claimreinsurancesummarystats.YTDReserveChangeAmt, claimreinsurancesummarystats.OutstandingExpectedRecoveryAmt, claimreinsurancesummarystats.MTDExpectedRecoveryChangeAmt, claimreinsurancesummarystats.YTDExpectedRecoveryChangeAmt, claimreinsurancesummarystats.ITDPaidAmt, claimreinsurancesummarystats.MTDPaidAmt, claimreinsurancesummarystats.YTDPaidAmt, claimreinsurancesummarystats.ITDPostedRecoveryAmt, claimreinsurancesummarystats.MTDPostedRecoveryAmt, claimreinsurancesummarystats.YTDPostedRecoveryAmt, claimreinsurancesummarystats.ProductVersionIdRef, claimreinsurancesummarystats.LossDt, claimreinsurancesummarystats.ReportDt, claimreinsurancesummarystats.LossCauseCd, claimreinsurancesummarystats.SubLossCauseCd, claimreinsurancesummarystats.ClaimStatusCd, claimreinsurancesummarystats.ProductName, claimreinsurancesummarystats.PolicyProductVersionIdRef, claimreinsurancesummarystats.PolicyProductName, claimreinsurancesummarystats.PolicyTypeCd, claimreinsurancesummarystats.PolicyGroupCd, claimreinsurancesummarystats.MTDIncurredAmt, claimreinsurancesummarystats.YTDIncurredAmt, claimreinsurancesummarystats.ITDIncurredAmt, claimreinsurancesummarystats.MTDIncurredNetRecoveryAmt, claimreinsurancesummarystats.YTDIncurredNetRecoveryAmt, claimreinsurancesummarystats.ITDIncurredNetRecoveryAmt, claimreinsurancesummarystats.CustomerRef, claimreinsurancesummarystats.CatastropheRef, claimreinsurancesummarystats.CatastropheNumber, claimreinsurancesummarystats.HistoricPaidAmt, claimreinsurancesummarystats.ReinsuranceCoverageGroupCd, claimreinsurancesummarystats.ReinsuranceReserveCd, claimreinsurancesummarystats.GroupIdRef, claimreinsurancesummarystats.GroupIdName, claimreinsurancesummarystats.CoverageTriggerCd, claimreinsurancesummarystats.AwarenessDt, claimreinsurancesummarystats.ProducerProviderCd, claimreinsurancesummarystats.ISO_COL, claimreinsurancesummarystats.MajorPerilCd, claimreinsurancesummarystats.UpdateTimestamp \nFROM\n claimreinsurancesummarystats\n where UpdateTimestamp  >= '$$m_strtdt' and UpdateTimestamp < '$$m_Enddt'","isFileList":false,"handleSpecialChars":false,"handleDecimalRoundOff":false,"frsAsset":false,"dynamicFileName":false,"excludeDynamicFileNameField":false,"currentlyProcessedFileName":false,"retainFieldMetadata":false,"objectName":"DUMMY_SQ_claimreinsurancesummarystats","useExactSrcNames":false,"tgtObjectAttributes":{},"runtimeParameterData":{"@type":"mtTaskRuntimeParameterData","isConnectionRuntimeParameter":true,"isObjectRuntimeParameter":false,"connectionParameterName":"DBConnection_SRCM"},"overridableProperties":[],"overriddenFields":[]},{"@type":"mtTaskParameter","id":82037152,"name":"$claimreinsurancesummarystats_stg$","type":"TARGET","label":"DBConnection_TGT","description":"","uiProperties":{"cnxtype":"Amazon Redshift v2","connectionParameterized":"true","paramName":"DBConnection_TGT","paramLabel":"","paramType-mapping":"Connection","logcnx":"DBConnection_TGT","default":"dbo/claimreinsurancesummarystats_stg","objectParameterized":"false","visible":"false","defaultTargetUpdateColumns":"","supportApplyDDLChanges":"true","originalPath":"claimreinsurancesummarystats_stg"},"targetConnectionId":"@aYZ4ekzHgIPeKpiaoqDLKP","targetObject":"dbo/claimreinsurancesummarystats_stg","targetObjectLabel":"claimreinsurancesummarystats_stg","newFlatFile":false,"newObject":false,"showBusinessNames":true,"naturalOrder":true,"truncateTarget":false,"bulkApiDBTarget":false,"operationType":"Insert","customFuncCfg":{"@type":"customFuncConfig","id":-1,"connections":[],"inputMap":[],"outputFields":[]},"targetRefsV2":{},"targetUpdateColumns":[],"extendedObject":{"@type":"extendedObject","singleMode":true,"filters":[],"sortFields":[]},"runtimeAttrs":{},"isRESTModernSource":true,"isFileList":false,"handleSpecialChars":false,"handleDecimalRoundOff":false,"frsAsset":false,"dynamicFileName":false,"excludeDynamicFileNameField":false,"currentlyProcessedFileName":false,"retainFieldMetadata":false,"objectName":"dbo/claimreinsurancesummarystats_stg","objectLabel":"claimreinsurancesummarystats_stg","useExactSrcNames":false,"tgtObjectAttributes":{},"runtimeParameterData":{"@type":"mtTaskRuntimeParameterData","isConnectionRuntimeParameter":true,"isObjectRuntimeParameter":false,"connectionParameterName":"DBConnection_TGT"},"overridableProperties":[],"overriddenFields":[]}],"sequences":[],"inOutParameters":[{"@type":"mtTaskInOutParameter","id":"-1","name":"m_strtdt","description":"","initialValue":"","datatype":"STRING","precision":"120","scale":"0","retentionPolicy":"NEVER","aggregationType":"MAX","currentValue":""},{"@type":"mtTaskInOutParameter","id":"-1","name":"m_Enddt","description":"","initialValue":"","datatype":"STRING","precision":"120","scale":"0","retentionPolicy":"NEVER","aggregationType":"MAX","currentValue":""}],"connRuntimeAttrs":[]}]