[{"@type":"mtTask","id":"@1","name":"s_m_load_claimreinsurancesummarystats_stg_from_claimreinsurancesummarystats","description":"Session pushed from PC to ICS : s_m_load_claimreinsurancesummarystats_stg_from_claimreinsurancesummarystats","runtimeEnvironmentId":"@94yEUbQ8g09k6LZ0ShdXQQ","maxLogs":10,"verbose":false,"lastRunTime":1712335950000,"mappingId":"@eugyg6SWo4sh1uog9TeaUH","frsGuid":"l6isHPVcjqKcTfnWhtkn6w","shortDescription":"Session pushed from PC to ICS : s_m_load_claimrein...","sessionPropertiesList":[{"name":"Allow Temporary Sequence for Pushdown","value":"NO","recommended":false},{"name":"Allow Temporary View for Pushdown","value":"NO","recommended":false},{"name":"Commit Interval","value":"10000","recommended":false},{"name":"Commit On End Of File","value":"YES","recommended":false},{"name":"Commit Type","value":"Target","recommended":false},{"name":"Data Column Delimiter","value":"|","recommended":false},{"name":"Error Log File Name","value":"PMError.log","recommended":false},{"name":"Pushdown Optimization","value":"None","recommended":false},{"name":"Pushdown Optimization Context","value":"None","recommended":false},{"name":"Pushdown Optimization Fallback Option","value":"Partial PDO","recommended":false},{"name":"Treat source rows as","value":"Insert","recommended":false}],"hidden":false,"enableCrossSchemaPushdown":false,"enableParallelRun":false,"autoTunedApplied":false,"autoTunedAppliedType":"NONE","parameterFileName":"Andover_Param_GW.param","parameterFileDir":"$PMRootDir/andover/parameters","paramFileType":"PARAM_FILE_LOCAL","schemaMode":"async","valid":true,"schemaValidationErrorCount":-1,"serverlessProperties":{},"taskProperties":[{"@type":"taskProperty","name":"parameterFileDir","currentValue":"$PMRootDir/andover/parameters","type":"STRING","label":"label.parameterFileDir","required":false},{"@type":"taskProperty","name":"parameterFileName","currentValue":"Andover_Param_GW.param","type":"STRING","label":"label.parameterFileName","required":false},{"@type":"taskProperty","name":"outboundMessageUrlQueueTime","currentValue":"","type":"NUMBER","label":"label.outboundMessageUrlQueueTime","required":false},{"@type":"taskProperty","name":"outboundMessageUrlToken","currentValue":"","type":"STRING","label":"label.outboundMessageUrlToken","required":false}],"optimizationPlan":"NONE","isMidstreamPreview":false,"parameters":[{"@type":"mtTaskParameter","id":88617890,"name":"$SQ_claimreinsurancesummarystats$","type":"SOURCE","label":"DBConnection_SRCM","description":"","uiProperties":{"cnxtype":"MySQL","connectionParameterized":"true","paramName":"DBConnection_SRCM","paramLabel":"","paramType-mapping":"Connection","logcnx":"DBConnection_SRCM","isSelectDistinct":"false","objectParameterized":"false","visible":"false","originalPath":"SQ_claimreinsurancesummarystats"},"sourceConnectionId":"@lclFT82DAAyjTBYcXwsTI3","sourceObject":"DUMMY_SQ_claimreinsurancesummarystats","newFlatFile":false,"newObject":false,"showBusinessNames":true,"naturalOrder":true,"truncateTarget":false,"bulkApiDBTarget":false,"customFuncCfg":{"@type":"customFuncConfig","id":-1,"connections":[],"inputMap":[],"outputFields":[]},"targetRefsV2":{},"targetUpdateColumns":[],"runtimeAttrs":{},"isRESTModernSource":true,"customQuery":"SELECT claimreinsurancesummarystats.SystemId, claimreinsurancesummarystats.id, claimreinsurancesummarystats.ReportPeriod, claimreinsurancesummarystats.UpdateDt, claimreinsurancesummarystats.PolicyRef, claimreinsurancesummarystats.PolicyNumber, claimreinsurancesummarystats.PolicyVersion, claimreinsurancesummarystats.TransactionNumber, claimreinsurancesummarystats.EffectiveDt, claimreinsurancesummarystats.ExpirationDt, claimreinsurancesummarystats.SummaryKey, claimreinsurancesummarystats.PolicyYear, claimreinsurancesummarystats.StatusCd, claimreinsurancesummarystats.ReinsuranceName, claimreinsurancesummarystats.ReinsuranceItemName, claimreinsurancesummarystats.ReserveCd, claimreinsurancesummarystats.ReserveTypeCd, claimreinsurancesummarystats.MasterSubInd, claimreinsurancesummarystats.TransactionCd, claimreinsurancesummarystats.AnnualStatementLineCd, claimreinsurancesummarystats.StateCd, claimreinsurancesummarystats.ClaimNumber, claimreinsurancesummarystats.ClaimRef, claimreinsurancesummarystats.CarrierCd, claimreinsurancesummarystats.CarrierGroupCd, claimreinsurancesummarystats.LossYear, claimreinsurancesummarystats.OutstandingAmt, claimreinsurancesummarystats.MTDReserveChangeAmt, claimreinsurancesummarystats.YTDReserveChangeAmt, claimreinsurancesummarystats.OutstandingExpectedRecoveryAmt, claimreinsurancesummarystats.MTDExpectedRecoveryChangeAmt, claimreinsurancesummarystats.YTDExpectedRecoveryChangeAmt, claimreinsurancesummarystats.ITDPaidAmt, claimreinsurancesummarystats.MTDPaidAmt, claimreinsurancesummarystats.YTDPaidAmt, claimreinsurancesummarystats.ITDPostedRecoveryAmt, claimreinsurancesummarystats.MTDPostedRecoveryAmt, claimreinsurancesummarystats.YTDPostedRecoveryAmt, claimreinsurancesummarystats.ProductVersionIdRef, claimreinsurancesummarystats.LossDt, claimreinsurancesummarystats.ReportDt, claimreinsurancesummarystats.LossCauseCd, claimreinsurancesummarystats.SubLossCauseCd, claimreinsurancesummarystats.ClaimStatusCd, claimreinsurancesummarystats.ProductName, claimreinsurancesummarystats.PolicyProductVersionIdRef, claimreinsurancesummarystats.PolicyProductName, claimreinsurancesummarystats.PolicyTypeCd, claimreinsurancesummarystats.PolicyGroupCd, claimreinsurancesummarystats.MTDIncurredAmt, claimreinsurancesummarystats.YTDIncurredAmt, claimreinsurancesummarystats.ITDIncurredAmt, claimreinsurancesummarystats.MTDIncurredNetRecoveryAmt, claimreinsurancesummarystats.YTDIncurredNetRecoveryAmt, claimreinsurancesummarystats.ITDIncurredNetRecoveryAmt, claimreinsurancesummarystats.CustomerRef, claimreinsurancesummarystats.CatastropheRef, claimreinsurancesummarystats.CatastropheNumber, claimreinsurancesummarystats.HistoricPaidAmt, claimreinsurancesummarystats.ReinsuranceCoverageGroupCd, claimreinsurancesummarystats.ReinsuranceReserveCd, claimreinsurancesummarystats.GroupIdRef, claimreinsurancesummarystats.GroupIdName, claimreinsurancesummarystats.CoverageTriggerCd, claimreinsurancesummarystats.AwarenessDt, claimreinsurancesummarystats.ProducerProviderCd, claimreinsurancesummarystats.ISO_COL, claimreinsurancesummarystats.MajorPerilCd, claimreinsurancesummarystats.UpdateTimestamp \nFROM\n claimreinsurancesummarystats\n where UpdateTimestamp  >= '$$m_strtdt' and UpdateTimestamp < '$$m_Enddt'","isFileList":false,"handleSpecialChars":false,"handleDecimalRoundOff":false,"frsAsset":false,"dynamicFileName":false,"excludeDynamicFileNameField":false,"currentlyProcessedFileName":false,"retainFieldMetadata":false,"objectName":"DUMMY_SQ_claimreinsurancesummarystats","useExactSrcNames":false,"fetchMode":"ORIGINAL","tgtObjectAttributes":{},"runtimeParameterData":{"@type":"mtTaskRuntimeParameterData","isConnectionRuntimeParameter":true,"isObjectRuntimeParameter":false,"connectionParameterName":"DBConnection_SRCM"},"overridableProperties":[],"overriddenFields":[]},{"@type":"mtTaskParameter","id":88617891,"name":"$claimreinsurancesummarystats_stg$","type":"TARGET","label":"DBConnection_TGT","description":"","uiProperties":{"cnxtype":"Amazon Redshift v2","connectionParameterized":"true","paramName":"DBConnection_TGT","paramLabel":"","paramType-mapping":"Connection","logcnx":"DBConnection_TGT","default":"dbo/claimreinsurancesummarystats_stg","objectParameterized":"false","visible":"false","defaultTargetUpdateColumns":"","supportApplyDDLChanges":"true","originalPath":"claimreinsurancesummarystats_stg"},"targetConnectionId":"@5Zcq1VmIGjxlaDWgHTaKA5","targetObject":"dbo/claimreinsurancesummarystats_stg","targetObjectLabel":"claimreinsurancesummarystats_stg","newFlatFile":false,"newObject":false,"showBusinessNames":true,"naturalOrder":true,"truncateTarget":false,"bulkApiDBTarget":false,"operationType":"Insert","customFuncCfg":{"@type":"customFuncConfig","id":-1,"connections":[],"inputMap":[],"outputFields":[]},"targetRefsV2":{},"targetUpdateColumns":[],"extendedObject":{"@type":"extendedObject","singleMode":true,"filters":[],"sortFields":[]},"runtimeAttrs":{"Recovery Schema Name":"","Transfer Manager Thread Pool Size":"10","Override Target Query":"","Post-Sql":"","Enable Compression":"YES","S3 Server Side Encryption":"NO","WaitTime In Seconds For S3 File Consistency":"0","Error File Directory":"","Preserve record order on write":"NO","Require Null Value For Char And Varchar":"","Temporary Credential Duration":"7200","Schema Name":"","Analyze Target Table":"NO","Truncate Target Table Before Data Upload":"YES","S3 Client Side Encryption":"NO","Minimum Upload Part Size":"5242880","Number of files per batch":"0","Vacuum Target Table":"None","Prefix To Retain For Staging Files On S3":"","S3 Bucket Name":"nonproddatawarehouseredshiftclust-staging12d1754e-1w9c6risqayrf","Staging Directory Location":"","Max Errors Per Batch Upload Insert":"1","Copy Options":"","Batch Size":"2000000","Treat Source Rows As":"INSERT","Target Table Name":"","Pre-SQL":"","Success File Directory":""},"oprRuntimeAttrs":{"ErrorFileDirectory":"","numberOfFilesPerBatch":"0","S3ServerSideEncryption":"NO","CopyOptionsPropertyFile":"","SuccessFileDirectory":"","StagingDirectoryLocation":"","schemaName":"","AnalyzeTargetTable":"NO","dataIntegritySupport":"NO","PrefixToRetainForStagingFilesOnS3":"","minUploadPartSize":"5242880","targetTableName":"","postSql":"","BatchSize":"2000000","EnableCompression":"YES","TreatSourceRowsAs":"INSERT","RequireNullValueForCharAndVarchar":"","overrideTargetQuery":"","temporaryCredentialDuration":"7200","TruncateTargetTableBeforeDataUpload":"YES","WaitTimeInSecondsForS3FileConsistency":"0","VacuumTargetTable":"None","MaxErrorsPerBatchUploadForInsert":"1","S3ClientSideEncryption":"NO","recoverySchemaName":"","S3BucketName":"nonproddatawarehouseredshiftclust-staging12d1754e-1w9c6risqayrf","txManagerThreadPoolSize":"10","preSql":""},"isRESTModernSource":true,"isFileList":false,"handleSpecialChars":false,"handleDecimalRoundOff":false,"frsAsset":false,"dynamicFileName":false,"excludeDynamicFileNameField":false,"currentlyProcessedFileName":false,"retainFieldMetadata":false,"objectName":"dbo/claimreinsurancesummarystats_stg","objectLabel":"claimreinsurancesummarystats_stg","useExactSrcNames":false,"fetchMode":"ORIGINAL","tgtObjectAttributes":{},"runtimeParameterData":{"@type":"mtTaskRuntimeParameterData","isConnectionRuntimeParameter":true,"isObjectRuntimeParameter":false,"connectionParameterName":"DBConnection_TGT"},"overridableProperties":[],"targetSchemaProviderType":"SELECTED_OBJECT","overriddenFields":[]}],"sequences":[],"inOutParameters":[{"@type":"mtTaskInOutParameter","id":"-1","name":"m_strtdt","description":"","initialValue":"","datatype":"STRING","precision":"120","scale":"0","retentionPolicy":"NEVER","aggregationType":"MAX","currentValue":"2023-12-09 00:00:00.000"},{"@type":"mtTaskInOutParameter","id":"-1","name":"m_Enddt","description":"","initialValue":"","datatype":"STRING","precision":"120","scale":"0","retentionPolicy":"NEVER","aggregationType":"MAX","currentValue":"2023-12-14 00:00:00.000"}],"connRuntimeAttrs":[]}]