[{"@type":"mappingTemplate","id":"@1","name":"cdi_map_adm_producer_bronze_load","description":"Loads from Metal staging layer to the Bronze tables. SCD2(maintains history of the records, active records are open ended and old ones have closed date)","autoExpireObject":false,"bundleVersion":"0","assetFrsGuid":"3wQm8XXKbC1e3ufArbEImF","templateId":"@3","deployTime":1763842916000,"hasParameters":true,"valid":true,"fixedConnection":false,"hasParametersDeployed":true,"fixedConnectionDeployed":false,"isSchemaValidationEnabled":false,"tasks":3,"mappingPreviewFileRecordId":"@2","documentType":"MAPPING","allowMaxFieldLength":false,"specialCharacterSupport":false,"references":[]}]