[{"@type":"mappingTemplate","id":"@1","name":"cdi_map_batch_load_summary","description":"The framework must log each batch execution with a unique batch ID and for each target table.","autoExpireObject":false,"bundleVersion":"0","assetFrsGuid":"8uLfu5AgoCqhhEaOpr3kuv","templateId":"@3","hasParameters":true,"valid":true,"fixedConnection":false,"hasParametersDeployed":false,"fixedConnectionDeployed":false,"isSchemaValidationEnabled":false,"tasks":1,"mappingPreviewFileRecordId":"@2","documentType":"MAPPING","allowMaxFieldLength":false,"specialCharacterSupport":false,"references":[]}]