[{"@type":"mtTask","id":"@1","name":"s_m_loading_dim_coverage","description":"","runtimeEnvironmentId":"@3pADNCV9u0PcgrXjM7rx0t","maxLogs":10,"verbose":false,"mappingId":"@3pFl4jCXtTMglKfYDz9qkr","frsGuid":"66GU3wSaZ2CkaySlNGVl2y","shortDescription":"","sessionPropertiesList":[{"name":"Allow Temporary Sequence for Pushdown","value":"NO","recommended":false},{"name":"Allow Temporary View for Pushdown","value":"YES","recommended":false},{"name":"Pushdown Optimization","value":"None","recommended":false},{"name":"Pushdown Optimization Context","value":"None","recommended":false},{"name":"Pushdown Optimization Fallback Option","value":"Partial PDO","recommended":false}],"enableCrossSchemaPushdown":true,"enableParallelRun":true,"autoTunedApplied":false,"autoTunedAppliedType":"NONE","parameterFileName":"devidmcsecureagent-secureagent72579156-j5tnwr2hd1yi/parameters/Andover_Param_MSGR_Refactor.param","paramFileType":"PARAM_FILE_CLOUD","schemaMode":"async","valid":true,"schemaValidationErrorCount":-1,"paramFileConnectionId":"@azEva6zs2GVd8TkGbhUF48","parameterFileEncoding":"UTF-8","serverlessProperties":{},"taskProperties":[{"@type":"taskProperty","name":"parameterFileObject","currentValue":"devidmcsecureagent-secureagent72579156-j5tnwr2hd1yi/parameters/Andover_Param_MSGR_Refactor.param","type":"STRING","label":"label.parameterFileObject","required":false},{"@type":"taskProperty","name":"paramFileConnectionId","currentValue":"01COEW0B00000000000S","type":"CONNECTION","label":"label.paramFileConnection","required":false}],"optimizationPlan":"NONE","parameters":[{"@type":"mtTaskParameter","id":75308828,"name":"$SRC_Coverage$","type":"SOURCE","label":"DBConnection_SRC","description":"","uiProperties":{"cnxtype":"Amazon Redshift v2","connectionParameterized":"true","paramName":"DBConnection_SRC","paramLabel":"","paramType-mapping":"Connection","logcnx":"DBConnection_SRC","isSelectDistinct":"false","objectParameterized":"false","visible":"false","originalPath":"SRC_Coverage"},"sourceConnectionId":"@dqHTiQhJYWolYaNB9bUmKf","sourceObject":"DUMMY_SRC_Coverage","newFlatFile":false,"newObject":false,"showBusinessNames":true,"naturalOrder":true,"truncateTarget":false,"bulkApiDBTarget":false,"customFuncCfg":{"@type":"customFuncConfig","id":-1,"connections":[],"inputMap":[],"outputFields":[]},"targetRefsV2":{},"targetUpdateColumns":[],"runtimeAttrs":{},"isRESTModernSource":true,"customQuery":"select distinct C.coveragesystemid as coverage_system_id,\n       C.policykey+coalesce(c.riskid,'')+c.coverageid as policy_coverage_code,\n       C.coverageCd as coverage_cd,\n       C.policykey,\n       C.coverageid,\n       c.riskid,\n       c.coveragedesc,\n       c.coveragestatus,\n      coalesce(c.coveragedeductible,'Not Applicable')  as coverage_deductible,\n       coalesce(c.CoverageLimit1,'Not Applicable') as coverage_limit1,\n       coalesce(c.coveragelimit2,'Not Applicable') as coverage_limit2,\n       coalesce(c.coveragelimit3,'Not Applicable') as coverage_limit3,\n       coalesce(c.coveragelimit4,'Not Applicable') as coverage_limit4\n       FROM  int_msgr.coverage C\n       left join cert_msgr.dim_coverage cov on cov.policy_coverage_code= C.policykey+coalesce(C.riskid,'')+C.coverageid\nWHERE C.RowEffEndDt = '9999-12-31 00:00:00.000' and C.coveragestatus='Active'\n\t\tAND c.PolicyKey is not null\n        AND (Cov.policy_coverage_code is null OR c.roweffstrtdt>cov.etl_updated_dt)","isFileList":false,"handleSpecialChars":false,"handleDecimalRoundOff":false,"frsAsset":false,"dynamicFileName":false,"excludeDynamicFileNameField":false,"currentlyProcessedFileName":false,"retainFieldMetadata":false,"objectName":"DUMMY_SRC_Coverage","useExactSrcNames":false,"fetchMode":"ORIGINAL","tgtObjectAttributes":{},"runtimeParameterData":{"@type":"mtTaskRuntimeParameterData","isConnectionRuntimeParameter":false,"isObjectRuntimeParameter":false,"connectionParameterName":"DBConnection_SRC"},"overridableProperties":[],"overriddenFields":[]},{"@type":"mtTaskParameter","id":75308829,"name":"$tg_dim_coverage_upsert$","type":"TARGET","label":"DBConnection_TGT","description":"","uiProperties":{"cnxtype":"Amazon Redshift v2","connectionParameterized":"true","paramName":"DBConnection_TGT","paramLabel":"","paramType-mapping":"Connection","logcnx":"DBConnection_TGT","default":"cert_msgr/dim_coverage","objectParameterized":"false","visible":"false","defaultTargetUpdateColumns":"policy_coverage_code,coveragesystemid","supportApplyDDLChanges":"false","originalPath":"tg_dim_coverage_upsert"},"targetConnectionId":"@dqHTiQhJYWolYaNB9bUmKf","targetObject":"cert_msgr/dim_coverage","targetObjectLabel":"dim_coverage","newFlatFile":false,"newObject":false,"showBusinessNames":true,"naturalOrder":true,"truncateTarget":false,"bulkApiDBTarget":false,"operationType":"Upsert","customFuncCfg":{"@type":"customFuncConfig","id":-1,"connections":[],"inputMap":[],"outputFields":[]},"targetRefsV2":{},"targetUpdateColumns":["policy_coverage_code","coveragesystemid"],"extendedObject":{"@type":"extendedObject","singleMode":true,"filters":[],"sortFields":[]},"runtimeAttrs":{},"isRESTModernSource":true,"isFileList":false,"handleSpecialChars":false,"handleDecimalRoundOff":false,"frsAsset":false,"dynamicFileName":false,"excludeDynamicFileNameField":false,"currentlyProcessedFileName":false,"retainFieldMetadata":false,"objectName":"cert_msgr/dim_coverage","objectLabel":"dim_coverage","useExactSrcNames":false,"fetchMode":"ORIGINAL","tgtObjectAttributes":{},"runtimeParameterData":{"@type":"mtTaskRuntimeParameterData","isConnectionRuntimeParameter":false,"isObjectRuntimeParameter":false,"connectionParameterName":"DBConnection_TGT"},"overridableProperties":[],"overriddenFields":[]}],"sequences":[],"inOutParameters":[],"connRuntimeAttrs":[]}]