[{"@type":"mappingTemplate","id":"@1","name":"m_AccountTransaction_Soft_Delete","description":"","autoExpireObject":false,"bundleVersion":"0","assetFrsGuid":"dTLkqbbKHKebufuZczZCEG","templateId":"@3","deployTime":1755548372000,"hasParameters":true,"valid":true,"fixedConnection":false,"hasParametersDeployed":true,"fixedConnectionDeployed":false,"isSchemaValidationEnabled":false,"tasks":1,"mappingPreviewFileRecordId":"@2","documentType":"","allowMaxFieldLength":false,"specialCharacterSupport":false,"references":[]}]