[{"@type":"mtTask","id":"@1","name":"s_m_Tab_Ref_Daily","description":"","runtimeEnvironmentId":"@3pADNCV9u0PcgrXjM7rx0t","maxLogs":10,"verbose":false,"mappingId":"@4nEoXB0T2NAcocSUVZaRWm","frsGuid":"1ISVyAhoN0rdgpugf82Huv","shortDescription":"","sessionPropertiesList":[{"name":"Allow Temporary Sequence for Pushdown","value":"NO","recommended":false},{"name":"Allow Temporary View for Pushdown","value":"NO","recommended":false},{"name":"DateTime Format String","value":"MM/DD/YYYY HH24:MI:SS.US","recommended":false},{"name":"Pushdown Optimization","value":"None","recommended":false},{"name":"Pushdown Optimization Context","value":"None","recommended":false},{"name":"Pushdown Optimization Fallback Option","value":"Partial PDO","recommended":false}],"enableCrossSchemaPushdown":false,"enableParallelRun":false,"autoTunedApplied":false,"autoTunedAppliedType":"NONE","parameterFileName":"Andover_Parm_Daily.param","parameterFileDir":"$PMRootDir/andover/parameters","paramFileType":"PARAM_FILE_LOCAL","schemaMode":"async","valid":true,"schemaValidationErrorCount":-1,"parameterFileEncoding":"UTF-8","serverlessProperties":{},"taskProperties":[{"@type":"taskProperty","name":"parameterFileDir","currentValue":"$PMRootDir/andover/parameters","type":"STRING","label":"label.parameterFileDir","required":false},{"@type":"taskProperty","name":"parameterFileName","currentValue":"Andover_Parm_Daily.param","type":"STRING","label":"label.parameterFileName","required":false}],"parameters":[{"@type":"mtTaskParameter","id":79842258,"name":"$src_dummy$","type":"SOURCE","label":"DBConnection_SRC","description":"","uiProperties":{"cnxtype":"Amazon Redshift v2","connectionParameterized":"true","paramName":"DBConnection_SRC","paramLabel":"","paramType-mapping":"Connection","logcnx":"DBConnection_SRC","isSelectDistinct":"false","objectParameterized":"false","visible":"false","originalPath":"src_dummy"},"sourceConnectionId":"@aYZ4ekzHgIPeKpiaoqDLKP","sourceObject":"DUMMY_src_dummy","newFlatFile":false,"newObject":false,"showBusinessNames":true,"naturalOrder":true,"truncateTarget":false,"bulkApiDBTarget":false,"customFuncCfg":{"@type":"customFuncConfig","id":-1,"connections":[],"inputMap":[],"outputFields":[]},"targetRefsV2":{},"targetUpdateColumns":[],"runtimeAttrs":{"Unload Options":"","S3 Bucket Name":"","Post-Sql":"","SQL Query":"","Enable Compression":"YES","Read Mode":"Direct","Multipart Download Threshold Size":"5242880","Staging Directory Location":"","Temporary Credential Duration":"7200","Treat NULL Value as NULL":"NO","Fetch Size":"10000","Schema Name":"","Source Table Name":"","Encryption Type":"None","Select Distinct":"NO","Download S3 Files In Multiple Parts":"NO","Pre-SQL":""},"oprRuntimeAttrs":{"postSql":"","selectDistinct":"NO","EncryptionType":"None","EnableCompression":"YES","sqlQuery":"","fetchSize":"10000","multipartDownloadThreshold":"5242880","temporaryCredentialDuration":"7200","StagingDirectoryLocation":"","schemaName":"","TreatNullValueAsNull":"NO","sourceTableName":"","UnloadOptionsPropertyFile":"","DownloadS3FilesInMultipleParts":"NO","S3BucketName":"","readMode":"Direct","preSql":""},"isRESTModernSource":true,"customQuery":"select 1 as input","isFileList":false,"handleSpecialChars":false,"handleDecimalRoundOff":false,"frsAsset":false,"dynamicFileName":false,"excludeDynamicFileNameField":false,"currentlyProcessedFileName":false,"retainFieldMetadata":false,"objectName":"DUMMY_src_dummy","useExactSrcNames":false,"tgtObjectAttributes":{},"runtimeParameterData":{"@type":"mtTaskRuntimeParameterData","isConnectionRuntimeParameter":true,"isObjectRuntimeParameter":false,"connectionParameterName":"DBConnection_SRC"},"overridableProperties":[],"overriddenFields":[]},{"@type":"mtTaskParameter","id":79842259,"name":"$tgt_TouchETLoverTableaustart$","type":"TARGET","label":"FF_Conn_Infa_Prd","description":"","uiProperties":{"cnxtype":"Amazon S3 v2","connectionParameterized":"true","paramName":"FF_Conn_Infa_Prd","paramLabel":"","paramType-mapping":"Connection","logcnx":"FF_Conn_Infa_Prd","default":"/IDMC-FLAGS/TouchStartTabRef.txt","objectParameterized":"false","visible":"false","defaultTargetUpdateColumns":"","supportApplyDDLChanges":"true","originalPath":"tgt_TouchETLoverTableaustart"},"targetConnectionId":"@lzGitsBEzMYkuwgmXAbBSg","targetObject":"/IDMC-FLAGS/TouchStartTabRef.txt","targetObjectLabel":"/IDMC-FLAGS/TouchStartTabRef.txt","newFlatFile":false,"newObject":true,"showBusinessNames":true,"naturalOrder":true,"newObjectName":"/IDMC-FLAGS/TouchStartTabRef.txt","truncateTarget":false,"bulkApiDBTarget":false,"operationType":"Insert","customFuncCfg":{"@type":"customFuncConfig","id":-1,"connections":[],"inputMap":[],"outputFields":[]},"targetRefsV2":{},"targetUpdateColumns":[],"extendedObject":{"@type":"extendedObject","singleMode":true,"filters":[],"sortFields":[]},"runtimeAttrs":{"Temporary Credential Duration":"7200"},"oprRuntimeAttrs":{"temporaryCredentialDuration":"7200"},"isRESTModernSource":true,"isFileList":false,"handleSpecialChars":false,"handleDecimalRoundOff":false,"frsAsset":false,"dynamicFileName":false,"excludeDynamicFileNameField":false,"currentlyProcessedFileName":false,"retainFieldMetadata":false,"objectName":"/IDMC-FLAGS/TouchStartTabRef.txt","objectLabel":"/IDMC-FLAGS/TouchStartTabRef.txt","useExactSrcNames":false,"tgtObjectAttributes":{"parent":"/IDMC-FLAGS"},"dataFormat":{"@type":"dataFormat","formatId":"Flat","schema":"","dataFormatAttributes":{"escapeChar":"\\","rowDelimiter":"","importColumnFromFirstLine":"true","headerLineNumber":"1","maxRowsToPreview":"0","distributionColumn":"","qualifierMode":"MINIMAL","firstDataRow":"2","generateHeader":"true","delimiter":",","qualifier":"\"","targetHeader":"With Header","disableEscapeChar":"true","codePage":"UTF-8","fixedWidthMode":"false"}},"runtimeParameterData":{"@type":"mtTaskRuntimeParameterData","isConnectionRuntimeParameter":true,"isObjectRuntimeParameter":false,"connectionParameterName":"FF_Conn_Infa_Prd"},"overridableProperties":[],"overriddenFields":[]}],"sequences":[],"inOutParameters":[],"connRuntimeAttrs":[]}]