[{"@type":"mappingTemplate","id":"@1","name":"cdi_map_adm_field_reps_bronze_load","description":"Loads from Metal staging layer to the Bronze tables. SCD2(maintains history of the records, active records are open ended and old ones have closed date).","autoExpireObject":false,"bundleVersion":"0","assetFrsGuid":"2Uld38UEjHeiVLZ1GtiMUh","templateId":"@3","deployTime":1760636300000,"hasParameters":true,"valid":true,"fixedConnection":false,"hasParametersDeployed":true,"fixedConnectionDeployed":false,"isSchemaValidationEnabled":false,"tasks":1,"mappingPreviewFileRecordId":"@2","documentType":"MAPPING","allowMaxFieldLength":false,"specialCharacterSupport":false,"references":[]}]