[{"@type":"mappingTemplate","id":"@1","name":"m_Load_Coverage_stg_to_Master_Coverage_Ld_Unused","description":"Mapping to load Master coverage table from stage table","autoExpireObject":false,"bundleVersion":"0","assetFrsGuid":"7QteI3znDrIjwn1b6Va4aT","templateId":"@3","hasParameters":true,"valid":true,"fixedConnection":false,"hasParametersDeployed":false,"fixedConnectionDeployed":false,"isSchemaValidationEnabled":false,"tasks":0,"mappingPreviewFileRecordId":"@2","documentType":"","allowMaxFieldLength":false,"specialCharacterSupport":false,"references":[]}]