[{"@type":"fileRecord","id":"@4","name":"metadata","type":"JSON","size":13335,"attachTime":1759856401000},{"@type":"fileRecord","id":"@3","name":"fault","type":"XSD","size":6413,"attachTime":1759856401000},{"@type":"fileRecord","id":"@2","name":"extension","type":"XML","size":41908,"attachTime":1759856401000},{"@type":"fileRecord","id":"@5","name":"request","type":"XSD","size":6475,"attachTime":1759856401000},{"@type":"fileRecord","id":"@6","name":"response","type":"XSD","size":22438,"attachTime":1759856401000}]