[{"@type":"mtTask","id":"@1","name":"s_m_Load_PolicySummaryStats_to_PolicySummaryStats_Stg_Ld","description":"Session pushed from PC to ICS : s_m_Load_PolicySummaryStats_to_PolicySummaryStats_Stg_Ld","runtimeEnvironmentId":"@3pADNCV9u0PcgrXjM7rx0t","maxLogs":10,"verbose":false,"lastRunTime":1712148242000,"mappingId":"@3FXtwwMmWs2boFNOf5abUG","frsGuid":"0ATl9c5i2uAcXVErhjmmQM","shortDescription":"Session pushed from PC to ICS : s_m_Load_PolicySum...","sessionPropertiesList":[{"name":"Allow Temporary Sequence for Pushdown","value":"NO","recommended":false},{"name":"Allow Temporary View for Pushdown","value":"NO","recommended":false},{"name":"Cache LOOKUP() function","value":"YES","recommended":false},{"name":"Commit On End Of File","value":"YES","recommended":false},{"name":"Data Column Delimiter","value":"|","recommended":false},{"name":"Error Log File Name","value":"PMError.log","recommended":false},{"name":"Log Row Data","value":"YES","recommended":false},{"name":"Pushdown Optimization","value":"None","recommended":false},{"name":"Pushdown Optimization Context","value":"None","recommended":false},{"name":"Pushdown Optimization Fallback Option","value":"Partial PDO","recommended":false}],"enableCrossSchemaPushdown":false,"enableParallelRun":false,"autoTunedApplied":false,"autoTunedAppliedType":"NONE","parameterFileName":"Andover_Param_GW.param","parameterFileDir":"$PMRootDir/andover/parameters","paramFileType":"PARAM_FILE_LOCAL","schemaMode":"async","valid":true,"schemaValidationErrorCount":-1,"serverlessProperties":{},"taskProperties":[{"@type":"taskProperty","name":"parameterFileDir","currentValue":"$PMRootDir/andover/parameters","type":"STRING","label":"label.parameterFileDir","required":false},{"@type":"taskProperty","name":"parameterFileName","currentValue":"Andover_Param_GW.param","type":"STRING","label":"label.parameterFileName","required":false}],"parameters":[{"@type":"mtTaskParameter","id":82856121,"name":"$Src_policysummarystats$","type":"SOURCE","label":"DBConnection_SRCM","description":"","uiProperties":{"cnxtype":"MySQL","connectionParameterized":"true","paramName":"DBConnection_SRCM","paramLabel":"","paramType-mapping":"Connection","logcnx":"DBConnection_SRCM","isSelectDistinct":"false","objectParameterized":"false","visible":"false","originalPath":"Src_policysummarystats"},"sourceConnectionId":"@jPo49nVatmzbSnPefVZwCV","sourceObject":"DUMMY_Src_policysummarystats","sourceObjectLabel":"DUMMY_Src_policysummarystats","newFlatFile":false,"newObject":false,"showBusinessNames":true,"naturalOrder":true,"truncateTarget":false,"bulkApiDBTarget":false,"customFuncCfg":{"@type":"customFuncConfig","id":-1,"connections":[],"inputMap":[],"outputFields":[]},"targetRefsV2":{},"targetUpdateColumns":[],"runtimeAttrs":{},"isRESTModernSource":true,"customQuery":"SELECT ReportPeriod, UpdateDt, PolicyRef, ProductVersionIdRef, PolicyNumber, PolicyVersion, TransactionNumber, LineCd, RiskCd, \nRiskTypeCd, SubTypeCd, CoverageCd, FeeCd, EffectiveDt, ExpirationDt,\n  InsuranceTypeCd, NewRenewalCd, Limit1, Limit2, Deductible1, Deductible2, AnnualStatementLineCd, MTDWrittenPremiumAmt, \n  TTDWrittenPremiumAmt, YTDWrittenPremiumAmt, MTDWrittenCommissionAmt, \n  YTDWrittenCommissionAmt, TTDWrittenCommissionAmt, MTDWrittenPremiumFeeAmt, YTDWrittenPremiumFeeAmt, TTDWrittenPremiumFeeAmt, \n  MTDWrittenCommissionFeeAmt, YTDWrittenCommissionFeeAmt, \n  TTDWrittenCommissionFeeAmt\n  ,case when combinedkey like '%healthyhomes%' then 0 else InforceAmt end  as  InforceAmt\n  ,case when combinedkey like '%healthyhomes%' then 0 else LastInforceAmt end  as  LastInforceAmt\n  ,case when combinedkey like '%healthyhomes%' then 0 else MonthEarnedPremiumAmt end  as  MonthEarnedPremiumAmt\n  ,case when combinedkey like '%healthyhomes%' then 0 else MTDEarnedPremiumAmt end  as  MTDEarnedPremiumAmt\n  ,case when combinedkey like '%healthyhomes%' then 0 else YTDEarnedPremiumAmt end  as  YTDEarnedPremiumAmt\n  ,case when combinedkey like '%healthyhomes%' then 0 else TTDEarnedPremiumAmt end  as   TTDEarnedPremiumAmt\n  ,case when combinedkey like '%healthyhomes%' then 0 else MonthUnearnedAmt end  as  MonthUnearnedAmt\n  ,case when combinedkey like '%healthyhomes%' then 0 else UnearnedAmt end  as  UnearnedAmt, RateAreaName,\n  CustomerRef,   StateCd, ProducerCd, OccupancyCd, TerritoryCd, TransactionCd, AgencyNumber, StatLineCd, MajorPerilCd, ClassCd, LocationZip, NumOfFamilies, PolicyTerm\n  FROM\n policysummarystats \nwhere reportperiod = date_format(date_add(current_date() , INTERVAL -1 DAY), '%Y%m')","isFileList":false,"handleSpecialChars":false,"handleDecimalRoundOff":false,"frsAsset":false,"dynamicFileName":false,"excludeDynamicFileNameField":false,"currentlyProcessedFileName":false,"retainFieldMetadata":false,"objectName":"DUMMY_Src_policysummarystats","objectLabel":"DUMMY_Src_policysummarystats","useExactSrcNames":false,"tgtObjectAttributes":{},"runtimeParameterData":{"@type":"mtTaskRuntimeParameterData","isConnectionRuntimeParameter":true,"isObjectRuntimeParameter":false,"connectionParameterName":"DBConnection_SRCM"},"overridableProperties":[],"overriddenFields":[]},{"@type":"mtTaskParameter","id":82856122,"name":"$Tgt_PolicySummaryStats_Stg$","type":"TARGET","label":"DBConnection_TGT","description":"","uiProperties":{"cnxtype":"Amazon Redshift v2","connectionParameterized":"true","paramName":"DBConnection_TGT","paramLabel":"","paramType-mapping":"Connection","logcnx":"DBConnection_TGT","default":"dbo/policysummarystats_stg","objectParameterized":"false","visible":"false","defaultTargetUpdateColumns":"","supportApplyDDLChanges":"true","originalPath":"Tgt_PolicySummaryStats_Stg"},"targetConnectionId":"@aYZ4ekzHgIPeKpiaoqDLKP","targetObject":"dbo/policysummarystats_stg","targetObjectLabel":"policysummarystats_stg","newFlatFile":false,"newObject":false,"showBusinessNames":true,"naturalOrder":true,"truncateTarget":false,"bulkApiDBTarget":false,"operationType":"Insert","customFuncCfg":{"@type":"customFuncConfig","id":-1,"connections":[],"inputMap":[],"outputFields":[]},"targetRefsV2":{},"targetUpdateColumns":[],"extendedObject":{"@type":"extendedObject","singleMode":true,"filters":[],"sortFields":[]},"runtimeAttrs":{"Recovery Schema Name":"","Transfer Manager Thread Pool Size":"10","Override Target Query":"","Post-Sql":"","Enable Compression":"YES","S3 Server Side Encryption":"NO","WaitTime In Seconds For S3 File Consistency":"0","Error File Directory":"","Preserve record order on write":"NO","Require Null Value For Char And Varchar":"","Temporary Credential Duration":"7200","Schema Name":"","Analyze Target Table":"NO","Truncate Target Table Before Data Upload":"YES","S3 Client Side Encryption":"NO","Minimum Upload Part Size":"5242880","Number of files per batch":"0","Vacuum Target Table":"None","Prefix To Retain For Staging Files On S3":"","S3 Bucket Name":"nonproddatawarehouseredshiftclust-staging12d1754e-1w9c6risqayrf","Staging Directory Location":"","Max Errors Per Batch Upload Insert":"1","Copy Options":"","Batch Size":"2000000","Treat Source Rows As":"INSERT","Target Table Name":"","Pre-SQL":"","Success File Directory":""},"oprRuntimeAttrs":{"ErrorFileDirectory":"","numberOfFilesPerBatch":"0","S3ServerSideEncryption":"NO","CopyOptionsPropertyFile":"","SuccessFileDirectory":"","StagingDirectoryLocation":"","schemaName":"","AnalyzeTargetTable":"NO","dataIntegritySupport":"NO","PrefixToRetainForStagingFilesOnS3":"","minUploadPartSize":"5242880","targetTableName":"","postSql":"","BatchSize":"2000000","EnableCompression":"YES","TreatSourceRowsAs":"INSERT","RequireNullValueForCharAndVarchar":"","overrideTargetQuery":"","temporaryCredentialDuration":"7200","TruncateTargetTableBeforeDataUpload":"YES","WaitTimeInSecondsForS3FileConsistency":"0","VacuumTargetTable":"None","MaxErrorsPerBatchUploadForInsert":"1","S3ClientSideEncryption":"NO","recoverySchemaName":"","S3BucketName":"nonproddatawarehouseredshiftclust-staging12d1754e-1w9c6risqayrf","txManagerThreadPoolSize":"10","preSql":""},"isRESTModernSource":true,"isFileList":false,"handleSpecialChars":false,"handleDecimalRoundOff":false,"frsAsset":false,"dynamicFileName":false,"excludeDynamicFileNameField":false,"currentlyProcessedFileName":false,"retainFieldMetadata":false,"objectName":"dbo/policysummarystats_stg","objectLabel":"policysummarystats_stg","useExactSrcNames":false,"tgtObjectAttributes":{},"targetSchemaMode":"DONT_APPLY_CHANGES","runtimeParameterData":{"@type":"mtTaskRuntimeParameterData","isConnectionRuntimeParameter":true,"isObjectRuntimeParameter":false,"connectionParameterName":"DBConnection_TGT"},"overridableProperties":[],"overriddenFields":[]}],"sequences":[],"inOutParameters":[],"connRuntimeAttrs":[]}]