[{"@type":"mappingTemplate","id":"@1","name":"cdi_map_file_adm_t_agency_hist_stg_load","description":"","autoExpireObject":false,"bundleVersion":"0","assetFrsGuid":"0Jvl0oG4yqIbgGsw6xUaSo","templateId":"@3","deployTime":1746817605000,"hasParameters":true,"valid":true,"fixedConnection":false,"hasParametersDeployed":true,"fixedConnectionDeployed":false,"isSchemaValidationEnabled":false,"tasks":1,"mappingPreviewFileRecordId":"@2","documentType":"MAPPING","allowMaxFieldLength":false,"specialCharacterSupport":false,"references":[]}]