[{"@type":"mappingTemplate","id":"@1","name":"cdi_mps_map_lc_group1","description":"Parses the LC360 definitions file into a relational dataset for storage on S3.","autoExpireObject":false,"bundleVersion":"0","assetFrsGuid":"6V7LhvnO0HacXFCtPhqrQe","templateId":"@3","deployTime":1741638457000,"hasParameters":true,"valid":true,"fixedConnection":true,"hasParametersDeployed":true,"fixedConnectionDeployed":true,"isSchemaValidationEnabled":false,"tasks":1,"mappingPreviewFileRecordId":"@2","documentType":"MAPPING","allowMaxFieldLength":false,"specialCharacterSupport":false,"references":[{"@type":"reference","refObjectId":"@4KaWvbJxatsd2WILQK62iL","refType":"structureDefinition"}]}]