[{"@type":"mappingTemplate","id":"@1","name":"cdi_mps_map_lc_generic_field_one","description":"Parses the LC360 definitions file into a relational dataset for storage on S3","autoExpireObject":false,"bundleVersion":"0","assetFrsGuid":"i1dknylwICVbDkmgsHS1kC","templateId":"@3","deployTime":1733169823000,"hasParameters":true,"valid":true,"fixedConnection":true,"hasParametersDeployed":true,"fixedConnectionDeployed":true,"isSchemaValidationEnabled":false,"tasks":1,"mappingPreviewFileRecordId":"@2","documentType":"MAPPING","allowMaxFieldLength":false,"specialCharacterSupport":false,"references":[{"@type":"reference","refObjectId":"@4M6vNv8Z3E1cOc6M7HgrO9","refType":"structureDefinition"}]}]