[{"@type":"mappingTemplate","id":"@1","name":"m_PMS_Load_Reinsurance_Trans_From_Ceded_Stg","description":"","autoExpireObject":false,"bundleVersion":"0","assetFrsGuid":"8jkZAwTxWAwegKgNP4v60U","templateId":"@3","hasParameters":true,"valid":true,"fixedConnection":false,"hasParametersDeployed":false,"fixedConnectionDeployed":false,"isSchemaValidationEnabled":false,"tasks":1,"mappingPreviewFileRecordId":"@2","documentType":"","allowMaxFieldLength":false,"specialCharacterSupport":false,"references":[{"@type":"reference","refObjectId":"@jWgcwDJ8r0XlyysdLJAU6M","refType":"mappletTemplate"}]}]