[{"@type":"mappingTemplate","id":"@1","name":"cdi_mps_map_lc_form_answer_four","description":"Parses the LC360 definitions file into a relational dataset for storage on Redshift.","autoExpireObject":false,"bundleVersion":"0","assetFrsGuid":"2P0Ix1hbgGGc1EDZbraeIN","templateId":"@3","deployTime":1733433082000,"hasParameters":true,"valid":true,"fixedConnection":true,"hasParametersDeployed":true,"fixedConnectionDeployed":true,"isSchemaValidationEnabled":false,"tasks":1,"mappingPreviewFileRecordId":"@2","documentType":"MAPPING","allowMaxFieldLength":false,"specialCharacterSupport":false,"references":[{"@type":"reference","refObjectId":"@1IvJk72vnGXd4irDaHsiM6","refType":"structureDefinition"}]}]