[{"@type":"mappingTemplate","id":"@1","name":"m_Load_Policystats_to_PolicyStats_Stg_Ld","description":"","autoExpireObject":false,"bundleVersion":"0","assetFrsGuid":"epyQslUonGfj0HyiGw4DSP","templateId":"@3","deployTime":1751384782000,"hasParameters":true,"valid":true,"fixedConnection":true,"hasParametersDeployed":true,"fixedConnectionDeployed":true,"isSchemaValidationEnabled":false,"tasks":1,"mappingPreviewFileRecordId":"@2","documentType":"","allowMaxFieldLength":false,"specialCharacterSupport":false,"references":[{"@type":"reference","refObjectId":"@jPo49nVatmzbSnPefVZwCV","refType":"connection"}]}]