[{"@type":"mappingTemplate","id":"@1","name":"m_Load_assignedprovider_Stg_From_AssignedProvider","description":"","autoExpireObject":false,"bundleVersion":"0","assetFrsGuid":"1BZU1VlNW7xdM0NJtyyFqm","templateId":"@3","deployTime":1767814942000,"hasParameters":true,"valid":true,"fixedConnection":false,"hasParametersDeployed":true,"fixedConnectionDeployed":false,"isSchemaValidationEnabled":false,"tasks":1,"mappingPreviewFileRecordId":"@2","documentType":"","allowMaxFieldLength":false,"specialCharacterSupport":false,"references":[]}]