[{"@type":"mtTask","id":"@1","name":"s_m_Load_PolicyTransactionHistory_From_TransactionHistory","description":"This session is used to load the PolicyTransactionHistory table.","runtimeEnvironmentId":"@3pADNCV9u0PcgrXjM7rx0t","maxLogs":10,"verbose":false,"lastRunTime":1702378259000,"mappingId":"@dsiGSXCkQiajL4TpdWjLeP","frsGuid":"1GQfiGzWRa6ekfMzYbwhWE","shortDescription":"This session is used to load the PolicyTransaction...","sessionPropertiesList":[{"name":"Allow Temporary Sequence for Pushdown","value":"NO","recommended":false},{"name":"Allow Temporary View for Pushdown","value":"NO","recommended":false},{"name":"Commit On End Of File","value":"YES","recommended":false},{"name":"Commit Type","value":"Target","recommended":false},{"name":"Data Column Delimiter","value":"|","recommended":false},{"name":"Error Log File Directory","value":"$PMBadFileDir\\","recommended":false},{"name":"Error Log File Name","value":"PMError.log","recommended":false},{"name":"Log Row Data","value":"YES","recommended":false},{"name":"Override tracing","value":"Normal","recommended":false},{"name":"Pushdown Optimization","value":"None","recommended":false},{"name":"Pushdown Optimization Context","value":"None","recommended":false},{"name":"Pushdown Optimization Fallback Option","value":"Partial PDO","recommended":false},{"name":"Stop on errors","value":"1","recommended":false},{"name":"Treat source rows as","value":"Insert","recommended":false}],"enableCrossSchemaPushdown":false,"enableParallelRun":false,"autoTunedApplied":false,"autoTunedAppliedType":"NONE","parameterFileName":"Andover_Param_GW.param","parameterFileDir":"$PMRootDir/andover/parameters","paramFileType":"PARAM_FILE_LOCAL","schemaMode":"async","valid":true,"schemaValidationErrorCount":-1,"serverlessProperties":{},"taskProperties":[{"@type":"taskProperty","name":"parameterFileDir","currentValue":"$PMRootDir/andover/parameters","type":"STRING","label":"label.parameterFileDir","required":false},{"@type":"taskProperty","name":"parameterFileName","currentValue":"Andover_Param_GW.param","type":"STRING","label":"label.parameterFileName","required":false}],"parameters":[{"@type":"mtTaskParameter","id":80781274,"name":"$SQ_transactionhistory_stg$","type":"SOURCE","label":"DBConnection_SRC","description":"","uiProperties":{"cnxtype":"Amazon Redshift v2","connectionParameterized":"true","paramName":"DBConnection_SRC","paramLabel":"","paramType-mapping":"Connection","logcnx":"DBConnection_SRC","isSelectDistinct":"false","objectParameterized":"false","visible":"false","originalPath":"SQ_transactionhistory_stg"},"sourceConnectionId":"@aYZ4ekzHgIPeKpiaoqDLKP","sourceObject":"DUMMY_SQ_transactionhistory_stg","newFlatFile":false,"newObject":false,"showBusinessNames":true,"naturalOrder":true,"truncateTarget":false,"bulkApiDBTarget":false,"customFuncCfg":{"@type":"customFuncConfig","id":-1,"connections":[],"inputMap":[],"outputFields":[]},"targetRefsV2":{},"targetUpdateColumns":[],"runtimeAttrs":{"SQL Query":""},"oprRuntimeAttrs":{"sqlQuery":""},"isRESTModernSource":true,"customQuery":"SELECT distinct transactionhistory_stg.SystemId, transactionhistory_stg.Id, transactionhistory_stg.TransactionCd, transactionhistory_stg.TransactionEffectiveDt, transactionhistory_stg.TransactionEffectiveTm, transactionhistory_stg.TransactionUser, transactionhistory_stg.TransactionDt, transactionhistory_stg.TransactionTm, transactionhistory_stg.TransactionLongDescription, transactionhistory_stg.TransactionShortDescription, transactionhistory_stg.TransactionNumber, transactionhistory_stg.InforcePremiumAmt, transactionhistory_stg.WrittenPremiumAmt, transactionhistory_stg.CancelTypeCd, transactionhistory_stg.CancelRequestedByCd, transactionhistory_stg.RewriteToProductVersion, transactionhistory_stg.BookDt, transactionhistory_stg.StatProcessedInd, transactionhistory_stg.ApplicationRef, \ntransactionhistory_stg.SourceCd,\ntransactionhistory_stg.WrittenFeeAmt, transactionhistory_stg.WrittenCommissionFeeAmt, PolicyDetail.PolicyKey\nFROM\n dbo.transactionhistory_stg (nolock)INNER JOIN dbo.PolicyDetail (nolock)\nON  PolicyDetail.PolicySystemId=transactionhistory_stg.SystemId\nLEFT JOIN dbo.PolicyTransactionHistory(nolock) \non  transactionhistory_stg .Id=PolicyTransactionHistory .TransactionId and transactionhistory_stg.SystemId=PolicyTransactionHistory.[SystemID]\nWHERE\nPolicyTransactionHistory .TransactionId IS NULL\nAND  (\nCASE WHEN  transactionhistory_stg.TransactionCd = 'New Business' and ConversionTemplateIDRef ='ShellPolicy' THEN 1 ELSE 0 END)=0\nand  transactionhistory_stg.CmmContainer='Policy'","isFileList":false,"handleSpecialChars":false,"handleDecimalRoundOff":false,"frsAsset":false,"dynamicFileName":false,"excludeDynamicFileNameField":false,"currentlyProcessedFileName":false,"retainFieldMetadata":false,"objectName":"DUMMY_SQ_transactionhistory_stg","useExactSrcNames":false,"tgtObjectAttributes":{},"runtimeParameterData":{"@type":"mtTaskRuntimeParameterData","isConnectionRuntimeParameter":true,"isObjectRuntimeParameter":false,"connectionParameterName":"DBConnection_SRC"},"overridableProperties":[],"overriddenFields":[]},{"@type":"mtTaskParameter","id":80781275,"name":"$PolicyTransactionHistory$","type":"TARGET","label":"DBConnection_TGT","description":"","uiProperties":{"cnxtype":"Amazon Redshift v2","connectionParameterized":"true","paramName":"DBConnection_TGT","paramLabel":"","paramType-mapping":"Connection","logcnx":"DBConnection_TGT","default":"dbo/policytransactionhistory","objectParameterized":"false","visible":"false","defaultTargetUpdateColumns":"","supportApplyDDLChanges":"false","originalPath":"PolicyTransactionHistory"},"targetConnectionId":"@aYZ4ekzHgIPeKpiaoqDLKP","targetObject":"dbo/policytransactionhistory","targetObjectLabel":"policytransactionhistory","newFlatFile":false,"newObject":false,"showBusinessNames":true,"naturalOrder":true,"truncateTarget":false,"bulkApiDBTarget":false,"operationType":"Insert","customFuncCfg":{"@type":"customFuncConfig","id":-1,"connections":[],"inputMap":[],"outputFields":[]},"targetRefsV2":{},"targetUpdateColumns":[],"extendedObject":{"@type":"extendedObject","singleMode":true,"filters":[],"sortFields":[]},"runtimeAttrs":{},"isRESTModernSource":true,"isFileList":false,"handleSpecialChars":false,"handleDecimalRoundOff":false,"frsAsset":false,"dynamicFileName":false,"excludeDynamicFileNameField":false,"currentlyProcessedFileName":false,"retainFieldMetadata":false,"objectName":"dbo/policytransactionhistory","objectLabel":"policytransactionhistory","useExactSrcNames":false,"tgtObjectAttributes":{},"runtimeParameterData":{"@type":"mtTaskRuntimeParameterData","isConnectionRuntimeParameter":true,"isObjectRuntimeParameter":false,"connectionParameterName":"DBConnection_TGT"},"overridableProperties":[],"overriddenFields":[]},{"@type":"mtTaskParameter","id":80781276,"name":"$lkp_Generic_Transction$","type":"LOOKUP","label":"DBConnection_SRC","description":"","uiProperties":{"cnxtype":"Amazon Redshift v2","connectionParameterized":"true","paramName":"DBConnection_SRC","paramLabel":"","paramType-mapping":"Connection","logcnx":"DBConnection_SRC","isCachedLookup":"true","multipleMatchPolicy":"Use Any Value","default":"dbo/lkp_gw_transaction_ref","objectParameterized":"false","visible":"false","originalPath":"lkp_Generic_Transction"},"lookupConnectionId":"@aYZ4ekzHgIPeKpiaoqDLKP","lookupObject":"dbo/lkp_gw_transaction_ref","lookupObjectLabel":"lkp_gw_transaction_ref","newFlatFile":false,"newObject":false,"showBusinessNames":true,"naturalOrder":true,"truncateTarget":false,"bulkApiDBTarget":false,"customFuncCfg":{"@type":"customFuncConfig","id":-1,"connections":[],"inputMap":[],"outputFields":[]},"targetRefsV2":{},"targetUpdateColumns":[],"runtimeAttrs":{},"isRESTModernSource":true,"isFileList":false,"handleSpecialChars":false,"handleDecimalRoundOff":false,"frsAsset":false,"dynamicFileName":false,"excludeDynamicFileNameField":false,"currentlyProcessedFileName":false,"retainFieldMetadata":false,"objectName":"dbo/lkp_gw_transaction_ref","objectLabel":"lkp_gw_transaction_ref","useExactSrcNames":false,"tgtObjectAttributes":{},"runtimeParameterData":{"@type":"mtTaskRuntimeParameterData","isConnectionRuntimeParameter":true,"isObjectRuntimeParameter":false,"connectionParameterName":"DBConnection_SRC"},"overridableProperties":[],"overriddenFields":[]},{"@type":"mtTaskParameter","id":80781277,"name":"$lkp_transactionreason$","type":"LOOKUP","label":"DBConnection_TGT","description":"","uiProperties":{"cnxtype":"Amazon Redshift v2","connectionParameterized":"true","paramName":"DBConnection_TGT","paramLabel":"","paramType-mapping":"Connection","logcnx":"DBConnection_TGT","isCachedLookup":"true","multipleMatchPolicy":"Use Any Value","default":"dbo/transactionreason_stg","objectParameterized":"false","visible":"false","originalPath":"lkp_transactionreason"},"lookupConnectionId":"@aYZ4ekzHgIPeKpiaoqDLKP","lookupObject":"dbo/transactionreason_stg","lookupObjectLabel":"transactionreason_stg","newFlatFile":false,"newObject":false,"showBusinessNames":true,"naturalOrder":true,"truncateTarget":false,"bulkApiDBTarget":false,"customFuncCfg":{"@type":"customFuncConfig","id":-1,"connections":[],"inputMap":[],"outputFields":[]},"targetRefsV2":{},"targetUpdateColumns":[],"runtimeAttrs":{},"isRESTModernSource":true,"isFileList":false,"handleSpecialChars":false,"handleDecimalRoundOff":false,"frsAsset":false,"dynamicFileName":false,"excludeDynamicFileNameField":false,"currentlyProcessedFileName":false,"retainFieldMetadata":false,"objectName":"dbo/transactionreason_stg","objectLabel":"transactionreason_stg","useExactSrcNames":false,"tgtObjectAttributes":{},"runtimeParameterData":{"@type":"mtTaskRuntimeParameterData","isConnectionRuntimeParameter":true,"isObjectRuntimeParameter":false,"connectionParameterName":"DBConnection_TGT"},"overridableProperties":[],"overriddenFields":[]}],"sequences":[],"inOutParameters":[],"connRuntimeAttrs":[]}]