[{"@type":"mtTask","id":"@1","name":"s_m_PL_Feed_Final","description":"Session pushed from PC to ICS : s_m_PL_Feed_Final","runtimeEnvironmentId":"@3pADNCV9u0PcgrXjM7rx0t","maxLogs":10,"verbose":false,"lastRunTime":1718132045000,"mappingId":"@ebGG4Lw0SC1ciz9zuw9hIm","frsGuid":"5QqppthBq2HgasgbLBUaQA","shortDescription":"Session pushed from PC to ICS : s_m_PL_Feed_Final","sessionPropertiesList":[{"name":"Allow Temporary Sequence for Pushdown","value":"NO","recommended":false},{"name":"Allow Temporary View for Pushdown","value":"NO","recommended":false},{"name":"Cache LOOKUP() function","value":"YES","recommended":false},{"name":"Data Column Delimiter","value":"|","recommended":false},{"name":"DateTime Format String","value":"MM/DD/YYYY HH24:MI:SS.US","recommended":false},{"name":"Error Log File Name","value":"PMError.log","recommended":false},{"name":"Pushdown Optimization","value":"None","recommended":false},{"name":"Pushdown Optimization Context","value":"None","recommended":false},{"name":"Pushdown Optimization Fallback Option","value":"Partial PDO","recommended":false}],"hidden":false,"enableCrossSchemaPushdown":false,"enableParallelRun":false,"autoTunedApplied":false,"autoTunedAppliedType":"NONE","parameterFileName":"Andover_Parm_Feed.txt","parameterFileDir":"$PMRootDir/andover/parameters","paramFileType":"PARAM_FILE_LOCAL","schemaMode":"async","valid":true,"schemaValidationErrorCount":-1,"serverlessProperties":{},"taskProperties":[{"@type":"taskProperty","name":"parameterFileDir","currentValue":"$PMRootDir/andover/parameters","type":"STRING","label":"label.parameterFileDir","required":false},{"@type":"taskProperty","name":"parameterFileName","currentValue":"Andover_Parm_Feed.txt","type":"STRING","label":"label.parameterFileName","required":false},{"@type":"taskProperty","name":"outboundMessageUrlQueueTime","currentValue":"","type":"NUMBER","label":"label.outboundMessageUrlQueueTime","required":false},{"@type":"taskProperty","name":"outboundMessageUrlToken","currentValue":"","type":"STRING","label":"label.outboundMessageUrlToken","required":false}],"optimizationPlan":"NONE","isMidstreamPreview":false,"parameters":[{"@type":"mtTaskParameter","id":89245892,"name":"$SQ_ProfitLoss_Monthly_Feed$","type":"EXTENDED_SOURCE","label":"DBConnection_Src","description":"","uiProperties":{"cnxtype":"Amazon Redshift v2","connectionParameterized":"true","paramName":"DBConnection_Src","paramLabel":"","paramType-mapping":"Connection","logcnx":"DBConnection_Src","isSelectDistinct":"false","isMsrcFilterParameterized":"false","isMsrcSortParameterized":"false","objectParameterized":"false","visible":"false","originalPath":"SQ_ProfitLoss_Monthly_Feed"},"sourceConnectionId":"@aYZ4ekzHgIPeKpiaoqDLKP","newFlatFile":false,"newObject":false,"showBusinessNames":true,"naturalOrder":true,"truncateTarget":false,"bulkApiDBTarget":false,"customFuncCfg":{"@type":"customFuncConfig","id":-1,"connections":[],"inputMap":[],"outputFields":[]},"targetRefsV2":{},"targetUpdateColumns":[],"extendedObject":{"@type":"extendedObject","object":{"@type":"mObject","name":"dbo/profitloss_monthly_feed","label":"profitloss_monthly_feed","metadataUpdated":false,"relations":[],"children":[]},"singleMode":true,"objects":[{"@type":"mObject","name":"dbo/profitloss_monthly_feed","label":"profitloss_monthly_feed","metadataUpdated":false,"relations":[],"children":[]}],"filters":[],"sortFields":[]},"runtimeAttrs":{"SQL Query":"SELECT \n    a.source, \n    a.company, \n    a.lineofbusiness, \n    a.riskstate, \n    a.annual_statement_line, \n    a.stateline, \n    a.directwrittenpremium, \n    a.cededwrittenpremium, \n    a.directytdwrittenpremium, \n    a.cededytdwrittenpremium, \n    a.directunearnedpremium, \n    a.cededunearnedpremium, \n    a.directlosspaid, \n    a.directcasereserve, \n    a.directlossibnrreserve, \n    a.cededlosspaid, \n    a.cededcasereserve, \n    a.cededlossibnrreserve, \n    a.directpaiddcc, \n    a.directpaidao, \n    a.directlaecasereserve, \n    a.\"directlae ibnr reserve\", \n    a.cededpaiddcc, \n    a.cededpaidao, \n    a.cededlaecasereserve, \n    a.cededlaeibnrreserve, \n    a.directcommissionsincurred, \n    a.cededcommissionsincurred, \n    a.account_entered_dt, \n    a.reinsurancecompany, \n    (a.directytdwrittenpremium * dm5.value_of_measure) AS directcontingentcommissionincurred, \n    (a.directytdwrittenpremium * dm2.value_of_measure) AS directpaidofficeexpense, \n    ((a.directytdwrittenpremium * dm3.value_of_measure)) AS directotheruwexpenseincurred, \n    CASE \n        WHEN tx4.spremium IN (0, 0.00, 0.0000) THEN dm4.value_of_measure \n        ELSE ((a.directwrittenpremium / tx4.spremium) * dm4.value_of_measure) \n    END AS directcatastrophecharge, \n    (a.cededytdwrittenpremium * dm1.value_of_measure) AS cededcontingentcommissionincurred, \n    ((a.cededytdwrittenpremium * dm3.value_of_measure)) AS cededotheruwexpenseincurred \nFROM ( \n    SELECT DISTINCT \n        a.source, \n        a.company, \n        a.lineofbusiness, \n        a.riskstate, \n        a.annual_statement_line, \n        a.stateline, \n        CASE \n            WHEN a.directwrittenpremium IS NOT NULL THEN a.directwrittenpremium \n            ELSE 0 \n        END AS directwrittenpremium, \n        CASE \n            WHEN a.directwrittenpremium IS NOT NULL OR (a.directwrittenpremium IS NULL AND a.directcommissionsincurred IS NULL) THEN \n                SUM(a.directwrittenpremium) OVER ( \n                    PARTITION BY DATE_PART('year', a.account_entered_dt), a.source, a.company, a.lineofbusiness, a.riskstate, a.annual_statement_line, a.stateline \n                    ORDER BY DATE_PART('year', a.account_entered_dt), DATE_PART('month', a.account_entered_dt) ROWS BETWEEN UNBOUNDED PRECEDING AND CURRENT ROW \n                ) \n            ELSE 0 \n        END AS directytdwrittenpremium, \n        CASE \n            WHEN a.source LIKE '%_ceded_premiums%' AND a.cededwrittenpremium IS NOT NULL THEN \n                SUM(a.cededwrittenpremium) OVER ( \n                    PARTITION BY DATE_PART('year', a.account_entered_dt), a.source, a.company, a.lineofbusiness, a.riskstate, a.annual_statement_line, a.stateline, a.reinsurancecompany \n                    ORDER BY DATE_PART('month', a.account_entered_dt) ROWS BETWEEN UNBOUNDED PRECEDING AND CURRENT ROW \n                ) \n            WHEN a.cededwrittenpremium IS NOT NULL THEN \n                SUM(a.cededwrittenpremium) OVER ( \n                    PARTITION BY DATE_PART('year', a.account_entered_dt), a.source, a.company, a.lineofbusiness, a.riskstate, a.annual_statement_line, a.stateline \n                    ORDER BY DATE_PART('month', a.account_entered_dt) ROWS BETWEEN UNBOUNDED PRECEDING AND CURRENT ROW \n                ) \n            ELSE 0 \n        END AS cededytdwrittenpremium, \n        a.cededwrittenpremium, \n        a.directunearnedpremium, \n        a.cededunearnedpremium, \n        a.directlosspaid, \n        a.directcasereserve, \n        a.directlossibnrreserve, \n        a.cededlosspaid, \n        a.cededcasereserve, \n        a.cededlossibnrreserve, \n        a.directpaiddcc, \n        a.directpaidao, \n        a.directlaecasereserve, \n        a.\"directlae ibnr reserve\", \n        a.cededpaiddcc, \n        a.cededpaidao, \n        a.cededlaecasereserve, \n        a.cededlaeibnrreserve, \n        a.directcommissionsincurred, \n        a.cededcommissionsincurred, \n        a.account_entered_dt, \n        a.reinsurancecompany \n    FROM dbo.profitloss_monthly_base a \n) a \nLEFT JOIN dbo.profitloss_manual_feed dm1 ON \n    dm1.data_element = 'Ceded Contingent Commission Incurred Factor' \n    AND dm1.feedtype = 'Ceded' \n    AND dm1.asl = CASE WHEN dm1.asl = 'All' THEN dm1.asl ELSE a.annual_statement_line END \n    AND dm1.year = DATE_PART('year', a.account_entered_dt) \n    AND dm1.company = CASE WHEN dm1.company = 'All' THEN dm1.company ELSE a.company END \n    AND dm1.state = CASE WHEN dm1.state = 'All' THEN dm1.state ELSE a.riskstate END \n    AND CAST(a.reinsurancecompany AS INTEGER) = CAST(dm1.reinsurance_company AS INTEGER) \nLEFT JOIN dbo.profitloss_manual_feed dm5 ON \n    dm5.data_element = 'Direct Contingent Commission Incurred Factor' \n    AND dm5.feedtype = 'Direct' \n    AND dm5.asl = CASE WHEN dm5.asl = 'All' THEN dm5.asl ELSE a.annual_statement_line END \n    AND dm5.year = DATE_PART('year', a.account_entered_dt) \n    AND a.account_entered_dt >= dm5.valid_from_dt \n    AND a.account_entered_dt < dm5.valid_to_dt \n    AND dm5.company = CASE WHEN dm5.company = 'All' THEN dm5.company ELSE a.company END \n    AND dm5.state = CASE WHEN dm5.state = 'All' THEN dm5.state ELSE a.riskstate END \nLEFT JOIN dbo.profitloss_manual_feed dm2 ON \n    dm2.data_element = 'Direct Paid Home Office Loss Expense (Line Amount)' \n    AND dm2.feedtype = 'Direct' \n    AND (CASE \n            WHEN LENGTH(dm2.asl) = 1 THEN CONCAT('00', dm2.asl) \n            WHEN LENGTH(dm2.asl) = 2 THEN CONCAT('0', dm2.asl) \n            ELSE dm2.asl \n        END) = CASE WHEN dm2.asl = 'All' THEN dm2.asl ELSE a.annual_statement_line END \n    AND dm2.year = DATE_PART('year', a.account_entered_dt) \n    AND a.account_entered_dt >= dm2.valid_from_dt \n    AND a.account_entered_dt < dm2.valid_to_dt \n    AND UPPER(dm2.company) = CASE WHEN dm2.company = 'All' THEN dm2.company ELSE UPPER(a.company) END \n    AND UPPER(dm2.state) = CASE WHEN dm2.state = 'All' THEN dm2.state ELSE UPPER(LEFT(a.riskstate, 2)) END \nLEFT JOIN ( \n    SELECT \n        SUM(directwrittenpremium) AS spremium, \n        annual_statement_line, \n        account_entered_dt, \n        riskstate \n    FROM dbo.profitloss_monthly_base \n    GROUP BY annual_statement_line, account_entered_dt, riskstate \n) tx4 ON \n    tx4.annual_statement_line = a.annual_statement_line \n    AND tx4.account_entered_dt = a.account_entered_dt \n    AND a.riskstate = tx4.riskstate \nLEFT JOIN dbo.profitloss_manual_feed dm3 ON \n    dm3.data_element = 'Direct Other U/W Expense Incurred Factor' \n    AND dm3.feedtype = 'Direct' \n    AND (CASE \n            WHEN LENGTH(dm3.asl) = 1 THEN CONCAT('00', dm3.asl) \n            WHEN LENGTH(dm3.asl) = 2 THEN CONCAT('0', dm3.asl) \n            ELSE dm3.asl \n        END) = a.annual_statement_line \n    AND dm3.year = DATE_PART('year', a.account_entered_dt) \n    AND a.account_entered_dt >= dm3.valid_from_dt \n    AND a.account_entered_dt < dm3.valid_to_dt \n    AND dm3.company = CASE WHEN dm3.company = 'All' THEN dm3.company ELSE a.company END \n    AND dm3.state = UPPER(LEFT(a.riskstate, 2)) \nLEFT JOIN ( \n    SELECT \n        DISTINCT SUM(value_of_measure) OVER (PARTITION BY year, month, asl, state) AS value_of_measure, \n        year, \n        month, \n        asl, \n        state \n    FROM dbo.profitloss_manual_feed \n    WHERE data_element = 'Direct Catastrophe Charge' \n) dm4 ON \n    (CASE \n        WHEN dm4.asl = 'All' THEN dm4.asl \n        WHEN LENGTH(dm4.asl) = 1 THEN CONCAT('00', dm4.asl) \n        WHEN LENGTH(dm4.asl) = 2 THEN CONCAT('0', dm4.asl) \n        ELSE dm4.asl \n    END) = (CASE \n        WHEN dm4.asl = 'All' THEN dm4.asl \n        WHEN LENGTH(a.annual_statement_line) = 1 THEN CONCAT('00', a.annual_statement_line) \n        WHEN LENGTH(a.annual_statement_line) = 2 THEN CONCAT('0', a.annual_statement_line) \n        ELSE a.annual_statement_line \n    END) \n    AND dm4.state = UPPER(LEFT(a.riskstate, 2)) \n    AND dm4.year = DATE_PART('year', a.account_entered_dt) \n    AND (CASE \n        WHEN dm4.month = 'All' THEN dm4.month \n        ELSE dm4.month \n    END) = (CASE \n        WHEN dm4.month = 'All' THEN dm4.month \n        ELSE TO_CHAR(a.account_entered_dt, 'Month') \n    END) \nWHERE a.stateline IS NOT NULL \n    AND a.account_entered_dt >= '2020-01-01' \nORDER BY \n    a.account_entered_dt, \n    a.source \n \n\n "},"oprRuntimeAttrs":{"sqlQuery":"SELECT \n    a.source, \n    a.company, \n    a.lineofbusiness, \n    a.riskstate, \n    a.annual_statement_line, \n    a.stateline, \n    a.directwrittenpremium, \n    a.cededwrittenpremium, \n    a.directytdwrittenpremium, \n    a.cededytdwrittenpremium, \n    a.directunearnedpremium, \n    a.cededunearnedpremium, \n    a.directlosspaid, \n    a.directcasereserve, \n    a.directlossibnrreserve, \n    a.cededlosspaid, \n    a.cededcasereserve, \n    a.cededlossibnrreserve, \n    a.directpaiddcc, \n    a.directpaidao, \n    a.directlaecasereserve, \n    a.\"directlae ibnr reserve\", \n    a.cededpaiddcc, \n    a.cededpaidao, \n    a.cededlaecasereserve, \n    a.cededlaeibnrreserve, \n    a.directcommissionsincurred, \n    a.cededcommissionsincurred, \n    a.account_entered_dt, \n    a.reinsurancecompany, \n    (a.directytdwrittenpremium * dm5.value_of_measure) AS directcontingentcommissionincurred, \n    (a.directytdwrittenpremium * dm2.value_of_measure) AS directpaidofficeexpense, \n    ((a.directytdwrittenpremium * dm3.value_of_measure)) AS directotheruwexpenseincurred, \n    CASE \n        WHEN tx4.spremium IN (0, 0.00, 0.0000) THEN dm4.value_of_measure \n        ELSE ((a.directwrittenpremium / tx4.spremium) * dm4.value_of_measure) \n    END AS directcatastrophecharge, \n    (a.cededytdwrittenpremium * dm1.value_of_measure) AS cededcontingentcommissionincurred, \n    ((a.cededytdwrittenpremium * dm3.value_of_measure)) AS cededotheruwexpenseincurred \nFROM ( \n    SELECT DISTINCT \n        a.source, \n        a.company, \n        a.lineofbusiness, \n        a.riskstate, \n        a.annual_statement_line, \n        a.stateline, \n        CASE \n            WHEN a.directwrittenpremium IS NOT NULL THEN a.directwrittenpremium \n            ELSE 0 \n        END AS directwrittenpremium, \n        CASE \n            WHEN a.directwrittenpremium IS NOT NULL OR (a.directwrittenpremium IS NULL AND a.directcommissionsincurred IS NULL) THEN \n                SUM(a.directwrittenpremium) OVER ( \n                    PARTITION BY DATE_PART('year', a.account_entered_dt), a.source, a.company, a.lineofbusiness, a.riskstate, a.annual_statement_line, a.stateline \n                    ORDER BY DATE_PART('year', a.account_entered_dt), DATE_PART('month', a.account_entered_dt) ROWS BETWEEN UNBOUNDED PRECEDING AND CURRENT ROW \n                ) \n            ELSE 0 \n        END AS directytdwrittenpremium, \n        CASE \n            WHEN a.source LIKE '%_ceded_premiums%' AND a.cededwrittenpremium IS NOT NULL THEN \n                SUM(a.cededwrittenpremium) OVER ( \n                    PARTITION BY DATE_PART('year', a.account_entered_dt), a.source, a.company, a.lineofbusiness, a.riskstate, a.annual_statement_line, a.stateline, a.reinsurancecompany \n                    ORDER BY DATE_PART('month', a.account_entered_dt) ROWS BETWEEN UNBOUNDED PRECEDING AND CURRENT ROW \n                ) \n            WHEN a.cededwrittenpremium IS NOT NULL THEN \n                SUM(a.cededwrittenpremium) OVER ( \n                    PARTITION BY DATE_PART('year', a.account_entered_dt), a.source, a.company, a.lineofbusiness, a.riskstate, a.annual_statement_line, a.stateline \n                    ORDER BY DATE_PART('month', a.account_entered_dt) ROWS BETWEEN UNBOUNDED PRECEDING AND CURRENT ROW \n                ) \n            ELSE 0 \n        END AS cededytdwrittenpremium, \n        a.cededwrittenpremium, \n        a.directunearnedpremium, \n        a.cededunearnedpremium, \n        a.directlosspaid, \n        a.directcasereserve, \n        a.directlossibnrreserve, \n        a.cededlosspaid, \n        a.cededcasereserve, \n        a.cededlossibnrreserve, \n        a.directpaiddcc, \n        a.directpaidao, \n        a.directlaecasereserve, \n        a.\"directlae ibnr reserve\", \n        a.cededpaiddcc, \n        a.cededpaidao, \n        a.cededlaecasereserve, \n        a.cededlaeibnrreserve, \n        a.directcommissionsincurred, \n        a.cededcommissionsincurred, \n        a.account_entered_dt, \n        a.reinsurancecompany \n    FROM dbo.profitloss_monthly_base a \n) a \nLEFT JOIN dbo.profitloss_manual_feed dm1 ON \n    dm1.data_element = 'Ceded Contingent Commission Incurred Factor' \n    AND dm1.feedtype = 'Ceded' \n    AND dm1.asl = CASE WHEN dm1.asl = 'All' THEN dm1.asl ELSE a.annual_statement_line END \n    AND dm1.year = DATE_PART('year', a.account_entered_dt) \n    AND dm1.company = CASE WHEN dm1.company = 'All' THEN dm1.company ELSE a.company END \n    AND dm1.state = CASE WHEN dm1.state = 'All' THEN dm1.state ELSE a.riskstate END \n    AND CAST(a.reinsurancecompany AS INTEGER) = CAST(dm1.reinsurance_company AS INTEGER) \nLEFT JOIN dbo.profitloss_manual_feed dm5 ON \n    dm5.data_element = 'Direct Contingent Commission Incurred Factor' \n    AND dm5.feedtype = 'Direct' \n    AND dm5.asl = CASE WHEN dm5.asl = 'All' THEN dm5.asl ELSE a.annual_statement_line END \n    AND dm5.year = DATE_PART('year', a.account_entered_dt) \n    AND a.account_entered_dt >= dm5.valid_from_dt \n    AND a.account_entered_dt < dm5.valid_to_dt \n    AND dm5.company = CASE WHEN dm5.company = 'All' THEN dm5.company ELSE a.company END \n    AND dm5.state = CASE WHEN dm5.state = 'All' THEN dm5.state ELSE a.riskstate END \nLEFT JOIN dbo.profitloss_manual_feed dm2 ON \n    dm2.data_element = 'Direct Paid Home Office Loss Expense (Line Amount)' \n    AND dm2.feedtype = 'Direct' \n    AND (CASE \n            WHEN LENGTH(dm2.asl) = 1 THEN CONCAT('00', dm2.asl) \n            WHEN LENGTH(dm2.asl) = 2 THEN CONCAT('0', dm2.asl) \n            ELSE dm2.asl \n        END) = CASE WHEN dm2.asl = 'All' THEN dm2.asl ELSE a.annual_statement_line END \n    AND dm2.year = DATE_PART('year', a.account_entered_dt) \n    AND a.account_entered_dt >= dm2.valid_from_dt \n    AND a.account_entered_dt < dm2.valid_to_dt \n    AND UPPER(dm2.company) = CASE WHEN dm2.company = 'All' THEN dm2.company ELSE UPPER(a.company) END \n    AND UPPER(dm2.state) = CASE WHEN dm2.state = 'All' THEN dm2.state ELSE UPPER(LEFT(a.riskstate, 2)) END \nLEFT JOIN ( \n    SELECT \n        SUM(directwrittenpremium) AS spremium, \n        annual_statement_line, \n        account_entered_dt, \n        riskstate \n    FROM dbo.profitloss_monthly_base \n    GROUP BY annual_statement_line, account_entered_dt, riskstate \n) tx4 ON \n    tx4.annual_statement_line = a.annual_statement_line \n    AND tx4.account_entered_dt = a.account_entered_dt \n    AND a.riskstate = tx4.riskstate \nLEFT JOIN dbo.profitloss_manual_feed dm3 ON \n    dm3.data_element = 'Direct Other U/W Expense Incurred Factor' \n    AND dm3.feedtype = 'Direct' \n    AND (CASE \n            WHEN LENGTH(dm3.asl) = 1 THEN CONCAT('00', dm3.asl) \n            WHEN LENGTH(dm3.asl) = 2 THEN CONCAT('0', dm3.asl) \n            ELSE dm3.asl \n        END) = a.annual_statement_line \n    AND dm3.year = DATE_PART('year', a.account_entered_dt) \n    AND a.account_entered_dt >= dm3.valid_from_dt \n    AND a.account_entered_dt < dm3.valid_to_dt \n    AND dm3.company = CASE WHEN dm3.company = 'All' THEN dm3.company ELSE a.company END \n    AND dm3.state = UPPER(LEFT(a.riskstate, 2)) \nLEFT JOIN ( \n    SELECT \n        DISTINCT SUM(value_of_measure) OVER (PARTITION BY year, month, asl, state) AS value_of_measure, \n        year, \n        month, \n        asl, \n        state \n    FROM dbo.profitloss_manual_feed \n    WHERE data_element = 'Direct Catastrophe Charge' \n) dm4 ON \n    (CASE \n        WHEN dm4.asl = 'All' THEN dm4.asl \n        WHEN LENGTH(dm4.asl) = 1 THEN CONCAT('00', dm4.asl) \n        WHEN LENGTH(dm4.asl) = 2 THEN CONCAT('0', dm4.asl) \n        ELSE dm4.asl \n    END) = (CASE \n        WHEN dm4.asl = 'All' THEN dm4.asl \n        WHEN LENGTH(a.annual_statement_line) = 1 THEN CONCAT('00', a.annual_statement_line) \n        WHEN LENGTH(a.annual_statement_line) = 2 THEN CONCAT('0', a.annual_statement_line) \n        ELSE a.annual_statement_line \n    END) \n    AND dm4.state = UPPER(LEFT(a.riskstate, 2)) \n    AND dm4.year = DATE_PART('year', a.account_entered_dt) \n    AND (CASE \n        WHEN dm4.month = 'All' THEN dm4.month \n        ELSE dm4.month \n    END) = (CASE \n        WHEN dm4.month = 'All' THEN dm4.month \n        ELSE TO_CHAR(a.account_entered_dt, 'Month') \n    END) \nWHERE a.stateline IS NOT NULL \n    AND a.account_entered_dt >= '2020-01-01' \nORDER BY \n    a.account_entered_dt, \n    a.source \n \n\n "},"isRESTModernSource":true,"isFileList":false,"handleSpecialChars":false,"handleDecimalRoundOff":false,"frsAsset":false,"dynamicFileName":false,"excludeDynamicFileNameField":false,"currentlyProcessedFileName":false,"retainFieldMetadata":false,"useExactSrcNames":false,"fetchMode":"ORIGINAL","tgtObjectAttributes":{},"runtimeParameterData":{"@type":"mtTaskRuntimeParameterData","isConnectionRuntimeParameter":true,"isObjectRuntimeParameter":false,"connectionParameterName":"DBConnection_Src"},"overridableProperties":[],"overriddenFields":[]},{"@type":"mtTaskParameter","id":89245893,"name":"$ProfitLoss_Monthly_Feed1$","type":"TARGET","label":"DBConnection_Tgt","description":"","uiProperties":{"cnxtype":"Amazon Redshift v2","connectionParameterized":"true","paramName":"DBConnection_Tgt","paramLabel":"","paramType-mapping":"Connection","logcnx":"DBConnection_Tgt","default":"dbo/profitloss_monthly_feed","objectParameterized":"false","visible":"false","defaultTargetUpdateColumns":"","supportApplyDDLChanges":"false","originalPath":"ProfitLoss_Monthly_Feed1"},"targetConnectionId":"@aYZ4ekzHgIPeKpiaoqDLKP","targetObject":"dbo/profitloss_monthly_feed","targetObjectLabel":"profitloss_monthly_feed","newFlatFile":false,"newObject":false,"showBusinessNames":true,"naturalOrder":true,"truncateTarget":false,"bulkApiDBTarget":false,"operationType":"Insert","customFuncCfg":{"@type":"customFuncConfig","id":-1,"connections":[],"inputMap":[],"outputFields":[]},"targetRefsV2":{},"targetUpdateColumns":[],"extendedObject":{"@type":"extendedObject","singleMode":true,"filters":[],"sortFields":[]},"runtimeAttrs":{"Truncate Target Table Before Data Upload":"YES"},"oprRuntimeAttrs":{"TruncateTargetTableBeforeDataUpload":"YES"},"isRESTModernSource":true,"isFileList":false,"handleSpecialChars":false,"handleDecimalRoundOff":false,"frsAsset":false,"dynamicFileName":false,"excludeDynamicFileNameField":false,"currentlyProcessedFileName":false,"retainFieldMetadata":false,"objectName":"dbo/profitloss_monthly_feed","objectLabel":"profitloss_monthly_feed","useExactSrcNames":false,"fetchMode":"ORIGINAL","tgtObjectAttributes":{},"runtimeParameterData":{"@type":"mtTaskRuntimeParameterData","isConnectionRuntimeParameter":true,"isObjectRuntimeParameter":false,"connectionParameterName":"DBConnection_Tgt"},"overridableProperties":[],"targetSchemaProviderType":"SELECTED_OBJECT","overriddenFields":[]},{"@type":"mtTaskParameter","id":89245894,"name":"$LKP_Manual_Feed$","type":"LOOKUP","label":"DBConnection_Tgt","description":"","uiProperties":{"cnxtype":"Amazon Redshift v2","connectionParameterized":"true","paramName":"DBConnection_Tgt","paramLabel":"","paramType-mapping":"Connection","logcnx":"DBConnection_Tgt","isCachedLookup":"true","multipleMatchPolicy":"Use Any Value","default":"dbo/profitloss_manual_feed","objectParameterized":"false","visible":"false","originalPath":"LKP_Manual_Feed"},"lookupConnectionId":"@aYZ4ekzHgIPeKpiaoqDLKP","lookupObject":"dbo/profitloss_manual_feed","lookupObjectLabel":"profitloss_manual_feed","newFlatFile":false,"newObject":false,"showBusinessNames":true,"naturalOrder":true,"truncateTarget":false,"bulkApiDBTarget":false,"customFuncCfg":{"@type":"customFuncConfig","id":-1,"connections":[],"inputMap":[],"outputFields":[]},"targetRefsV2":{},"targetUpdateColumns":[],"runtimeAttrs":{"Cache File Name Prefix":"","Lookup Index Cache Size":"AUTO","Lookup Data Filter":"","Optional":"true","Lookup cache persistent":"false","Lookup source is static":"false","Read Mode":"Direct","Update Dynamic Cache Condition":"TRUE","Case Sensitive String Comparison":"false","Re-cache from lookup source":"false","Treat NULL Value as NULL":"NO","Insert Else Update":"false","Lookup caching enabled":"true","Lookup Data Cache Size":"AUTO","Tracing Level":"Normal","Sorted Input":"false","Lookup cache directory name":"$PMCacheDir","Output Old Value On Update":"false","Select Distinct":"NO","Download S3 Files In Multiple Parts":"NO","Dynamic Lookup Cache":"false","Pre-build lookup cache":"AUTO","Null ordering":""},"oprRuntimeAttrs":{"selectDistinct":"NO","TreatNullValueAsNull":"NO","DownloadS3FilesInMultipleParts":"NO","readMode":"Direct"},"isRESTModernSource":true,"isFileList":false,"handleSpecialChars":false,"handleDecimalRoundOff":false,"frsAsset":false,"dynamicFileName":false,"excludeDynamicFileNameField":false,"currentlyProcessedFileName":false,"retainFieldMetadata":false,"objectName":"dbo/profitloss_manual_feed","objectLabel":"profitloss_manual_feed","useExactSrcNames":false,"fetchMode":"ORIGINAL","tgtObjectAttributes":{},"runtimeParameterData":{"@type":"mtTaskRuntimeParameterData","isConnectionRuntimeParameter":true,"isObjectRuntimeParameter":false,"connectionParameterName":"DBConnection_Tgt"},"overridableProperties":[],"overriddenFields":[]}],"sequences":[],"inOutParameters":[],"connRuntimeAttrs":[]}]