[{"@type":"mtTask","id":"@1","name":"s_m_PL_Feed_Final","description":"Session pushed from PC to ICS : s_m_PL_Feed_Final","runtimeEnvironmentId":"@3pADNCV9u0PcgrXjM7rx0t","maxLogs":10,"verbose":false,"lastRunTime":1711767166000,"mappingId":"@ebGG4Lw0SC1ciz9zuw9hIm","frsGuid":"5QqppthBq2HgasgbLBUaQA","shortDescription":"Session pushed from PC to ICS : s_m_PL_Feed_Final","sessionPropertiesList":[{"name":"Allow Temporary Sequence for Pushdown","value":"NO","recommended":false},{"name":"Allow Temporary View for Pushdown","value":"NO","recommended":false},{"name":"Cache LOOKUP() function","value":"YES","recommended":false},{"name":"Data Column Delimiter","value":"|","recommended":false},{"name":"DateTime Format String","value":"MM/DD/YYYY HH24:MI:SS.US","recommended":false},{"name":"Error Log File Name","value":"PMError.log","recommended":false},{"name":"Pushdown Optimization","value":"None","recommended":false},{"name":"Pushdown Optimization Context","value":"None","recommended":false},{"name":"Pushdown Optimization Fallback Option","value":"Partial PDO","recommended":false}],"enableCrossSchemaPushdown":false,"enableParallelRun":false,"autoTunedApplied":false,"autoTunedAppliedType":"NONE","parameterFileName":"Andover_Parm_Feed.txt","parameterFileDir":"$PMRootDir/andover/parameters","paramFileType":"PARAM_FILE_LOCAL","schemaMode":"async","valid":true,"schemaValidationErrorCount":-1,"serverlessProperties":{},"taskProperties":[{"@type":"taskProperty","name":"parameterFileDir","currentValue":"$PMRootDir/andover/parameters","type":"STRING","label":"label.parameterFileDir","required":false},{"@type":"taskProperty","name":"parameterFileName","currentValue":"Andover_Parm_Feed.txt","type":"STRING","label":"label.parameterFileName","required":false}],"optimizationPlan":"NONE","parameters":[{"@type":"mtTaskParameter","id":82502940,"name":"$SQ_ProfitLoss_Monthly_Feed$","type":"EXTENDED_SOURCE","label":"DBConnection_Src","description":"","uiProperties":{"cnxtype":"Amazon Redshift v2","connectionParameterized":"true","paramName":"DBConnection_Src","paramLabel":"","paramType-mapping":"Connection","logcnx":"DBConnection_Src","isSelectDistinct":"false","isMsrcFilterParameterized":"false","isMsrcSortParameterized":"false","objectParameterized":"false","visible":"false","originalPath":"SQ_ProfitLoss_Monthly_Feed"},"sourceConnectionId":"@aYZ4ekzHgIPeKpiaoqDLKP","newFlatFile":false,"newObject":false,"showBusinessNames":true,"naturalOrder":true,"truncateTarget":false,"bulkApiDBTarget":false,"customFuncCfg":{"@type":"customFuncConfig","id":-1,"connections":[],"inputMap":[],"outputFields":[]},"targetRefsV2":{},"targetUpdateColumns":[],"extendedObject":{"@type":"extendedObject","object":{"@type":"mObject","name":"dbo/profitloss_monthly_feed","label":"profitloss_monthly_feed","metadataUpdated":false,"relations":[],"children":[]},"singleMode":true,"objects":[{"@type":"mObject","name":"dbo/profitloss_monthly_feed","label":"profitloss_monthly_feed","metadataUpdated":false,"relations":[],"children":[]}],"filters":[],"sortFields":[]},"runtimeAttrs":{"Unload Options":"","S3 Bucket Name":"","Post-Sql":"","SQL Query":"SELECT\n    a.Source,\n    a.Company,\n    a.LineOfBusiness,\n    a.RiskState,\n    a.Annual_Statement_Line,\n    a.Stateline,\n    a.DirectWrittenPremium,\n    a.CededWrittenPremium,\n    a.DirectYTDWrittenPremium,\n    a.CededYTDWrittenPremium,\n    a.DirectUnearnedPremium,\n    a.CededUnearnedPremium,\n    a.DirectLossPaid,\n    a.DirectCaseReserve,\n    a.DirectLossIBNRReserve,\n    a.CededLossPaid,\n    a.CededCaseReserve,\n    a.CededLossIBNRReserve,\n    a.DirectPaidDCC,\n    a.DirectPaidAO,\n    a.DirectLAECaseReserve,\n    a.\"DirectLAE IBNR Reserve\",\n    a.CededPaidDCC,\n    a.CededPaidAO,\n    a.CededLAECaseReserve,\n    a.CededLAEIBNRReserve,\n    a.DirectCommissionsIncurred,\n    a.CededCommissionsIncurred,\n    a.Account_Entered_Dt,\n    a.ReinsuranceCompany,\n    (a.DirectYTDWrittenPremium * dm5.Value_of_Measure) AS DirectContingentCommissionIncurred,\n    (a.DirectYTDWrittenPremium * dm2.Value_of_Measure) AS DirectPaidHomeOfficeLossExpense,\n    ((a.DirectYTDWrittenPremium * dm3.Value_of_Measure)) AS DirectOtherUWExpenseIncurred,\n    CASE\n        WHEN tx4.SPremium IN (0, 0.00, 0.0000) THEN dm4.Value_of_Measure\n        ELSE (((a.DirectWrittenPremium) / (tx4.SPremium)) * dm4.Value_of_Measure)\n    END AS DirectCatastropheCharge,\n    (a.CededYTDWrittenPremium * dm1.Value_of_Measure) AS CededContingentCommissionIncurred,\n    ((a.CededYTDWrittenPremium * dm3.Value_of_Measure)) AS CededOtherUWExpenseIncurred\nFROM (\n    SELECT DISTINCT\n        a.Source,\n        a.Company,\n        a.LineOfBusiness,\n        a.RiskState,\n        a.Annual_Statement_Line,\n        a.Stateline,\n        CASE WHEN a.DirectWrittenPremium IS NOT NULL THEN a.DirectWrittenPremium ELSE 0 END AS DirectWrittenPremium,\n        CASE\n            WHEN DirectWrittenPremium IS NOT NULL OR (DirectWrittenPremium IS NULL AND DirectCommissionsIncurred IS NULL) THEN SUM(DirectWrittenPremium) OVER (PARTITION BY DATE_PART('year', a.Account_Entered_Dt), Source, a.Company, a.LineOfBusiness, a.RiskState, a.Annual_Statement_Line, a.Stateline ORDER BY DATE_PART('year', a.Account_Entered_Dt), DATE_PART('month', a.Account_Entered_Dt) ROWS BETWEEN UNBOUNDED PRECEDING AND CURRENT ROW)\n            ELSE 0\n        END AS DirectYTDWrittenPremium,\n        CASE\n            WHEN a.Source LIKE '%_Ceded_Premiums%' AND a.CededWrittenPremium IS NOT NULL THEN SUM(a.CededWrittenPremium) OVER (PARTITION BY DATE_PART('year', a.Account_Entered_Dt), Source, a.Company, a.LineOfBusiness, a.RiskState, a.Annual_Statement_Line, a.Stateline, a.ReinsuranceCompany ORDER BY DATE_PART('month', a.Account_Entered_Dt) ROWS BETWEEN UNBOUNDED PRECEDING AND CURRENT ROW)\n            WHEN a.CededWrittenPremium IS NOT NULL THEN SUM(a.CededWrittenPremium) OVER (PARTITION BY DATE_PART('year', a.Account_Entered_Dt), Source, a.Company, a.LineOfBusiness, a.RiskState, a.Annual_Statement_Line, a.Stateline ORDER BY DATE_PART('month', a.Account_Entered_Dt) ROWS BETWEEN UNBOUNDED PRECEDING AND CURRENT ROW)\n            ELSE 0\n        END AS CededYTDWrittenPremium,\n        a.CededWrittenPremium,\n        a.DirectUnearnedPremium,\n        a.CededUnearnedPremium,\n        a.DirectLossPaid,\n        a.DirectCaseReserve,\n        a.DirectLossIBNRReserve,\n        a.CededLossPaid,\n        a.CededCaseReserve,\n        a.CededLossIBNRReserve,\n        a.DirectPaidDCC,\n        a.DirectPaidAO,\n        a.DirectLAECaseReserve,\n        a.\"DirectLAE IBNR Reserve\",\n        a.CededPaidDCC,\n        a.CededPaidAO,\n        a.CededLAECaseReserve,\n        a.CededLAEIBNRReserve,\n        a.DirectCommissionsIncurred,\n        a.CededCommissionsIncurred,\n        a.Account_Entered_Dt,\n        a.ReinsuranceCompany\n    FROM\n         dbo.ProfitLoss_Monthly_Base a\n) a\nLEFT JOIN (\n    SELECT *\n    FROM  dbo.ProfitLoss_Manual_Feed\n    WHERE Data_Element = 'Ceded Contingent Commission Incurred Factor' AND FeedType = 'Ceded'\n) dm1 ON dm1.ASL = CASE WHEN dm1.ASL = 'All' THEN dm1.ASL ELSE a.Annual_Statement_Line END\n    AND dm1.year = DATE_PART('year', a.Account_Entered_Dt)\n    AND dm1.Company = CASE WHEN dm1.company = 'All' THEN dm1.company ELSE a.Company END\n    AND dm1.state = CASE WHEN dm1.state = 'All' THEN dm1.state ELSE a.RiskState END\n    AND CAST(a.ReinsuranceCompany AS INTEGER) = CAST(dm1.Reinsurance_Company AS INTEGER)\nLEFT JOIN (\n    SELECT *\n    FROM  dbo.ProfitLoss_Manual_Feed\n    WHERE Data_Element = 'Direct Contingent Commission Incurred Factor' AND FeedType = 'Direct'\n) dm5 ON dm5.ASL = CASE WHEN dm5.ASL = 'All' THEN dm5.ASL ELSE a.Annual_Statement_Line END\n    AND dm5.year = DATE_PART('year', a.Account_Entered_Dt)\n    AND dm5.Company = CASE WHEN dm5.company = 'All' THEN dm5.company ELSE a.Company END\n    AND dm5.state = CASE WHEN dm5.state = 'All' THEN dm5.state ELSE a.RiskState END\nLEFT JOIN (\n    SELECT *\n    FROM  dbo.ProfitLoss_Manual_Feed\n    WHERE Data_Element = 'Direct Paid Home Office Loss Expense (Line Amount)' AND FeedType = 'Direct'\n) dm2 ON CASE WHEN LENGTH(dm2.asl) = 1 THEN CONCAT('00', dm2.asl) WHEN LENGTH(dm2.asl) = 2 THEN CONCAT('0', dm2.asl) ELSE dm2.asl END = CASE WHEN dm2.ASL = 'All' THEN dm2.ASL ELSE a.Annual_Statement_Line END\n    AND dm2.year = DATE_PART('year', a.Account_Entered_Dt)\n    AND a.Account_Entered_Dt >= dm2.Valid_From_Dt\n    AND a.Account_Entered_Dt < dm2.Valid_To_Dt\n    AND UPPER(dm2.Company) = CASE WHEN dm2.company = 'All' THEN dm2.company ELSE UPPER(a.Company) END\n    AND UPPER(dm2.state) = CASE WHEN dm2.state = 'All' THEN dm2.state ELSE UPPER(LEFT(a.RiskState, 2)) END\nLEFT JOIN (\n    SELECT\n        SUM(DirectWrittenPremium) AS SPremium,\n        Annual_statement_line,\n        Account_Entered_Dt,\n        RiskState\n    FROM\n        dbo.ProfitLoss_Monthly_Base\n    GROUP BY\n        Annual_statement_line,\n        Account_Entered_Dt,\n        RiskState\n) tx4 ON tx4.Annual_statement_line = a.annual_statement_line\n    AND tx4.Account_Entered_Dt = a.Account_Entered_Dt\n    AND a.RiskState = tx4.RiskState\nLEFT JOIN (\n    SELECT *\n    FROM  dbo.ProfitLoss_Manual_Feed\n    WHERE Data_Element = 'Direct Other U/W Expense Incurred Factor' AND FeedType = 'Direct'\n) dm3 ON CASE WHEN LENGTH(dm3.asl) = 1 THEN CONCAT('00', dm3.asl) WHEN LENGTH(dm3.asl) = 2 THEN CONCAT('0', dm3.asl) ELSE dm3.asl END = a.annual_statement_line\n    AND dm3.year = DATE_PART('year', a.Account_Entered_Dt)\n    AND a.Account_Entered_Dt >= dm3.Valid_From_Dt\n    AND a.Account_Entered_Dt < dm3.Valid_To_Dt\n    AND dm3.company = CASE WHEN dm3.company = 'All' THEN dm3.company ELSE a.Company END\n    AND dm3.state = UPPER(LEFT(a.RiskState, 2))\nLEFT JOIN (\n    SELECT DISTINCT\n        SUM(Value_of_Measure) OVER (PARTITION BY Year, Month, ASL, State) AS Value_of_Measure,\n        Year,\n        Month,\n        ASL,\n        State\n    FROM\n         dbo.ProfitLoss_Manual_Feed dm (nolock)\n    WHERE\n        Data_Element = 'Direct Catastrophe Charge'\n) dm4 ON (CASE WHEN dm4.ASL = 'All' THEN dm4.ASL WHEN LENGTH(dm4.ASL) = 1 THEN CONCAT('00', dm4.ASL) WHEN LENGTH(dm4.ASL) = 2 THEN CONCAT('0', dm4.ASL) ELSE dm4.ASL END) = (CASE WHEN dm4.ASL = 'All' THEN dm4.ASL WHEN LENGTH(a.Annual_Statement_Line) = 1 THEN CONCAT('00', a.Annual_Statement_Line) WHEN LENGTH(a.Annual_Statement_Line) = 2 THEN CONCAT('0', a.Annual_Statement_Line) ELSE a.Annual_Statement_Line END)\n    AND dm4.State = UPPER(LEFT(a.RiskState, 2))\n    AND dm4.year = DATE_PART('year', a.Account_Entered_Dt)\n    AND (CASE WHEN dm4.month = 'All' THEN dm4.month ELSE dm4.month END) = (CASE WHEN dm4.month = 'All' THEN dm4.month ELSE TO_CHAR(a.Account_Entered_Dt, 'Month') END)\nWHERE\n    a.Stateline IS NOT NULL\n    AND a.Account_Entered_Dt >= '2020-01-01'\nORDER BY\n    a.Account_Entered_Dt,\n    a.Source;\n","Enable Compression":"YES","Read Mode":"Direct","Multipart Download Threshold Size":"5242880","Staging Directory Location":"","Temporary Credential Duration":"900","Treat NULL Value as NULL":"NO","Fetch Size":"10000","Schema Name":"","Source Table Name":"","Encryption Type":"None","Select Distinct":"NO","Download S3 Files In Multiple Parts":"NO","Pre-SQL":""},"oprRuntimeAttrs":{"postSql":"","selectDistinct":"NO","EncryptionType":"None","EnableCompression":"YES","sqlQuery":"SELECT\n    a.Source,\n    a.Company,\n    a.LineOfBusiness,\n    a.RiskState,\n    a.Annual_Statement_Line,\n    a.Stateline,\n    a.DirectWrittenPremium,\n    a.CededWrittenPremium,\n    a.DirectYTDWrittenPremium,\n    a.CededYTDWrittenPremium,\n    a.DirectUnearnedPremium,\n    a.CededUnearnedPremium,\n    a.DirectLossPaid,\n    a.DirectCaseReserve,\n    a.DirectLossIBNRReserve,\n    a.CededLossPaid,\n    a.CededCaseReserve,\n    a.CededLossIBNRReserve,\n    a.DirectPaidDCC,\n    a.DirectPaidAO,\n    a.DirectLAECaseReserve,\n    a.\"DirectLAE IBNR Reserve\",\n    a.CededPaidDCC,\n    a.CededPaidAO,\n    a.CededLAECaseReserve,\n    a.CededLAEIBNRReserve,\n    a.DirectCommissionsIncurred,\n    a.CededCommissionsIncurred,\n    a.Account_Entered_Dt,\n    a.ReinsuranceCompany,\n    (a.DirectYTDWrittenPremium * dm5.Value_of_Measure) AS DirectContingentCommissionIncurred,\n    (a.DirectYTDWrittenPremium * dm2.Value_of_Measure) AS DirectPaidHomeOfficeLossExpense,\n    ((a.DirectYTDWrittenPremium * dm3.Value_of_Measure)) AS DirectOtherUWExpenseIncurred,\n    CASE\n        WHEN tx4.SPremium IN (0, 0.00, 0.0000) THEN dm4.Value_of_Measure\n        ELSE (((a.DirectWrittenPremium) / (tx4.SPremium)) * dm4.Value_of_Measure)\n    END AS DirectCatastropheCharge,\n    (a.CededYTDWrittenPremium * dm1.Value_of_Measure) AS CededContingentCommissionIncurred,\n    ((a.CededYTDWrittenPremium * dm3.Value_of_Measure)) AS CededOtherUWExpenseIncurred\nFROM (\n    SELECT DISTINCT\n        a.Source,\n        a.Company,\n        a.LineOfBusiness,\n        a.RiskState,\n        a.Annual_Statement_Line,\n        a.Stateline,\n        CASE WHEN a.DirectWrittenPremium IS NOT NULL THEN a.DirectWrittenPremium ELSE 0 END AS DirectWrittenPremium,\n        CASE\n            WHEN DirectWrittenPremium IS NOT NULL OR (DirectWrittenPremium IS NULL AND DirectCommissionsIncurred IS NULL) THEN SUM(DirectWrittenPremium) OVER (PARTITION BY DATE_PART('year', a.Account_Entered_Dt), Source, a.Company, a.LineOfBusiness, a.RiskState, a.Annual_Statement_Line, a.Stateline ORDER BY DATE_PART('year', a.Account_Entered_Dt), DATE_PART('month', a.Account_Entered_Dt) ROWS BETWEEN UNBOUNDED PRECEDING AND CURRENT ROW)\n            ELSE 0\n        END AS DirectYTDWrittenPremium,\n        CASE\n            WHEN a.Source LIKE '%_Ceded_Premiums%' AND a.CededWrittenPremium IS NOT NULL THEN SUM(a.CededWrittenPremium) OVER (PARTITION BY DATE_PART('year', a.Account_Entered_Dt), Source, a.Company, a.LineOfBusiness, a.RiskState, a.Annual_Statement_Line, a.Stateline, a.ReinsuranceCompany ORDER BY DATE_PART('month', a.Account_Entered_Dt) ROWS BETWEEN UNBOUNDED PRECEDING AND CURRENT ROW)\n            WHEN a.CededWrittenPremium IS NOT NULL THEN SUM(a.CededWrittenPremium) OVER (PARTITION BY DATE_PART('year', a.Account_Entered_Dt), Source, a.Company, a.LineOfBusiness, a.RiskState, a.Annual_Statement_Line, a.Stateline ORDER BY DATE_PART('month', a.Account_Entered_Dt) ROWS BETWEEN UNBOUNDED PRECEDING AND CURRENT ROW)\n            ELSE 0\n        END AS CededYTDWrittenPremium,\n        a.CededWrittenPremium,\n        a.DirectUnearnedPremium,\n        a.CededUnearnedPremium,\n        a.DirectLossPaid,\n        a.DirectCaseReserve,\n        a.DirectLossIBNRReserve,\n        a.CededLossPaid,\n        a.CededCaseReserve,\n        a.CededLossIBNRReserve,\n        a.DirectPaidDCC,\n        a.DirectPaidAO,\n        a.DirectLAECaseReserve,\n        a.\"DirectLAE IBNR Reserve\",\n        a.CededPaidDCC,\n        a.CededPaidAO,\n        a.CededLAECaseReserve,\n        a.CededLAEIBNRReserve,\n        a.DirectCommissionsIncurred,\n        a.CededCommissionsIncurred,\n        a.Account_Entered_Dt,\n        a.ReinsuranceCompany\n    FROM\n         dbo.ProfitLoss_Monthly_Base a\n) a\nLEFT JOIN (\n    SELECT *\n    FROM  dbo.ProfitLoss_Manual_Feed\n    WHERE Data_Element = 'Ceded Contingent Commission Incurred Factor' AND FeedType = 'Ceded'\n) dm1 ON dm1.ASL = CASE WHEN dm1.ASL = 'All' THEN dm1.ASL ELSE a.Annual_Statement_Line END\n    AND dm1.year = DATE_PART('year', a.Account_Entered_Dt)\n    AND dm1.Company = CASE WHEN dm1.company = 'All' THEN dm1.company ELSE a.Company END\n    AND dm1.state = CASE WHEN dm1.state = 'All' THEN dm1.state ELSE a.RiskState END\n    AND CAST(a.ReinsuranceCompany AS INTEGER) = CAST(dm1.Reinsurance_Company AS INTEGER)\nLEFT JOIN (\n    SELECT *\n    FROM  dbo.ProfitLoss_Manual_Feed\n    WHERE Data_Element = 'Direct Contingent Commission Incurred Factor' AND FeedType = 'Direct'\n) dm5 ON dm5.ASL = CASE WHEN dm5.ASL = 'All' THEN dm5.ASL ELSE a.Annual_Statement_Line END\n    AND dm5.year = DATE_PART('year', a.Account_Entered_Dt)\n    AND dm5.Company = CASE WHEN dm5.company = 'All' THEN dm5.company ELSE a.Company END\n    AND dm5.state = CASE WHEN dm5.state = 'All' THEN dm5.state ELSE a.RiskState END\nLEFT JOIN (\n    SELECT *\n    FROM  dbo.ProfitLoss_Manual_Feed\n    WHERE Data_Element = 'Direct Paid Home Office Loss Expense (Line Amount)' AND FeedType = 'Direct'\n) dm2 ON CASE WHEN LENGTH(dm2.asl) = 1 THEN CONCAT('00', dm2.asl) WHEN LENGTH(dm2.asl) = 2 THEN CONCAT('0', dm2.asl) ELSE dm2.asl END = CASE WHEN dm2.ASL = 'All' THEN dm2.ASL ELSE a.Annual_Statement_Line END\n    AND dm2.year = DATE_PART('year', a.Account_Entered_Dt)\n    AND a.Account_Entered_Dt >= dm2.Valid_From_Dt\n    AND a.Account_Entered_Dt < dm2.Valid_To_Dt\n    AND UPPER(dm2.Company) = CASE WHEN dm2.company = 'All' THEN dm2.company ELSE UPPER(a.Company) END\n    AND UPPER(dm2.state) = CASE WHEN dm2.state = 'All' THEN dm2.state ELSE UPPER(LEFT(a.RiskState, 2)) END\nLEFT JOIN (\n    SELECT\n        SUM(DirectWrittenPremium) AS SPremium,\n        Annual_statement_line,\n        Account_Entered_Dt,\n        RiskState\n    FROM\n        dbo.ProfitLoss_Monthly_Base\n    GROUP BY\n        Annual_statement_line,\n        Account_Entered_Dt,\n        RiskState\n) tx4 ON tx4.Annual_statement_line = a.annual_statement_line\n    AND tx4.Account_Entered_Dt = a.Account_Entered_Dt\n    AND a.RiskState = tx4.RiskState\nLEFT JOIN (\n    SELECT *\n    FROM  dbo.ProfitLoss_Manual_Feed\n    WHERE Data_Element = 'Direct Other U/W Expense Incurred Factor' AND FeedType = 'Direct'\n) dm3 ON CASE WHEN LENGTH(dm3.asl) = 1 THEN CONCAT('00', dm3.asl) WHEN LENGTH(dm3.asl) = 2 THEN CONCAT('0', dm3.asl) ELSE dm3.asl END = a.annual_statement_line\n    AND dm3.year = DATE_PART('year', a.Account_Entered_Dt)\n    AND a.Account_Entered_Dt >= dm3.Valid_From_Dt\n    AND a.Account_Entered_Dt < dm3.Valid_To_Dt\n    AND dm3.company = CASE WHEN dm3.company = 'All' THEN dm3.company ELSE a.Company END\n    AND dm3.state = UPPER(LEFT(a.RiskState, 2))\nLEFT JOIN (\n    SELECT DISTINCT\n        SUM(Value_of_Measure) OVER (PARTITION BY Year, Month, ASL, State) AS Value_of_Measure,\n        Year,\n        Month,\n        ASL,\n        State\n    FROM\n         dbo.ProfitLoss_Manual_Feed dm (nolock)\n    WHERE\n        Data_Element = 'Direct Catastrophe Charge'\n) dm4 ON (CASE WHEN dm4.ASL = 'All' THEN dm4.ASL WHEN LENGTH(dm4.ASL) = 1 THEN CONCAT('00', dm4.ASL) WHEN LENGTH(dm4.ASL) = 2 THEN CONCAT('0', dm4.ASL) ELSE dm4.ASL END) = (CASE WHEN dm4.ASL = 'All' THEN dm4.ASL WHEN LENGTH(a.Annual_Statement_Line) = 1 THEN CONCAT('00', a.Annual_Statement_Line) WHEN LENGTH(a.Annual_Statement_Line) = 2 THEN CONCAT('0', a.Annual_Statement_Line) ELSE a.Annual_Statement_Line END)\n    AND dm4.State = UPPER(LEFT(a.RiskState, 2))\n    AND dm4.year = DATE_PART('year', a.Account_Entered_Dt)\n    AND (CASE WHEN dm4.month = 'All' THEN dm4.month ELSE dm4.month END) = (CASE WHEN dm4.month = 'All' THEN dm4.month ELSE TO_CHAR(a.Account_Entered_Dt, 'Month') END)\nWHERE\n    a.Stateline IS NOT NULL\n    AND a.Account_Entered_Dt >= '2020-01-01'\nORDER BY\n    a.Account_Entered_Dt,\n    a.Source;\n","fetchSize":"10000","multipartDownloadThreshold":"5242880","temporaryCredentialDuration":"900","StagingDirectoryLocation":"","schemaName":"","TreatNullValueAsNull":"NO","sourceTableName":"","UnloadOptionsPropertyFile":"","DownloadS3FilesInMultipleParts":"NO","S3BucketName":"","readMode":"Direct","preSql":""},"isRESTModernSource":true,"isFileList":false,"handleSpecialChars":false,"handleDecimalRoundOff":false,"frsAsset":false,"dynamicFileName":false,"excludeDynamicFileNameField":false,"currentlyProcessedFileName":false,"retainFieldMetadata":false,"useExactSrcNames":false,"tgtObjectAttributes":{},"runtimeParameterData":{"@type":"mtTaskRuntimeParameterData","isConnectionRuntimeParameter":true,"isObjectRuntimeParameter":false,"connectionParameterName":"DBConnection_Src"},"overridableProperties":[],"overriddenFields":[]},{"@type":"mtTaskParameter","id":82502941,"name":"$ProfitLoss_Monthly_Feed1$","type":"TARGET","label":"DBConnection_Tgt","description":"","uiProperties":{"cnxtype":"Amazon Redshift v2","connectionParameterized":"true","paramName":"DBConnection_Tgt","paramLabel":"","paramType-mapping":"Connection","logcnx":"DBConnection_Tgt","default":"dbo/profitloss_monthly_feed","objectParameterized":"false","visible":"false","defaultTargetUpdateColumns":"","supportApplyDDLChanges":"false","originalPath":"ProfitLoss_Monthly_Feed1"},"targetConnectionId":"@aYZ4ekzHgIPeKpiaoqDLKP","targetObject":"dbo/profitloss_monthly_feed","targetObjectLabel":"profitloss_monthly_feed","newFlatFile":false,"newObject":false,"showBusinessNames":true,"naturalOrder":true,"truncateTarget":true,"bulkApiDBTarget":false,"operationType":"Insert","customFuncCfg":{"@type":"customFuncConfig","id":-1,"connections":[],"inputMap":[],"outputFields":[]},"targetRefsV2":{},"targetUpdateColumns":[],"extendedObject":{"@type":"extendedObject","singleMode":true,"filters":[],"sortFields":[]},"runtimeAttrs":{"Truncate Target Table Before Data Upload":"YES"},"oprRuntimeAttrs":{"TruncateTargetTableBeforeDataUpload":"YES"},"isRESTModernSource":true,"isFileList":false,"handleSpecialChars":false,"handleDecimalRoundOff":false,"frsAsset":false,"dynamicFileName":false,"excludeDynamicFileNameField":false,"currentlyProcessedFileName":false,"retainFieldMetadata":false,"objectName":"dbo/profitloss_monthly_feed","objectLabel":"profitloss_monthly_feed","useExactSrcNames":false,"tgtObjectAttributes":{},"runtimeParameterData":{"@type":"mtTaskRuntimeParameterData","isConnectionRuntimeParameter":true,"isObjectRuntimeParameter":false,"connectionParameterName":"DBConnection_Tgt"},"overridableProperties":[],"overriddenFields":[]},{"@type":"mtTaskParameter","id":82502942,"name":"$LKP_Manual_Feed$","type":"LOOKUP","label":"DBConnection_Tgt","description":"","uiProperties":{"cnxtype":"Amazon Redshift v2","connectionParameterized":"true","paramName":"DBConnection_Tgt","paramLabel":"","paramType-mapping":"Connection","logcnx":"DBConnection_Tgt","isCachedLookup":"true","multipleMatchPolicy":"Use Any Value","default":"dbo/profitloss_manual_feed","objectParameterized":"false","visible":"false","originalPath":"LKP_Manual_Feed"},"lookupConnectionId":"@aYZ4ekzHgIPeKpiaoqDLKP","lookupObject":"dbo/profitloss_manual_feed","lookupObjectLabel":"profitloss_manual_feed","newFlatFile":false,"newObject":false,"showBusinessNames":true,"naturalOrder":true,"truncateTarget":false,"bulkApiDBTarget":false,"customFuncCfg":{"@type":"customFuncConfig","id":-1,"connections":[],"inputMap":[],"outputFields":[]},"targetRefsV2":{},"targetUpdateColumns":[],"runtimeAttrs":{"Download S3 Files In Multiple Parts":"NO","Select Distinct":"NO","Treat NULL Value as NULL":"NO","Read Mode":"Direct"},"oprRuntimeAttrs":{"selectDistinct":"NO","TreatNullValueAsNull":"NO","DownloadS3FilesInMultipleParts":"NO","readMode":"Direct"},"isRESTModernSource":true,"isFileList":false,"handleSpecialChars":false,"handleDecimalRoundOff":false,"frsAsset":false,"dynamicFileName":false,"excludeDynamicFileNameField":false,"currentlyProcessedFileName":false,"retainFieldMetadata":false,"objectName":"dbo/profitloss_manual_feed","objectLabel":"profitloss_manual_feed","useExactSrcNames":false,"tgtObjectAttributes":{},"runtimeParameterData":{"@type":"mtTaskRuntimeParameterData","isConnectionRuntimeParameter":true,"isObjectRuntimeParameter":false,"connectionParameterName":"DBConnection_Tgt"},"overridableProperties":[],"overriddenFields":[]}],"sequences":[],"inOutParameters":[],"connRuntimeAttrs":[]}]