[{"@type":"mtTask","id":"@1","name":"cdi_tsk_map_s3_subsidiary_generic_fields_data_metal_load","description":"This is the mapping task to run the mapping to load LC360 Generic Fileds table from Json File","autoExpireObject":false,"runtimeEnvironmentId":"@3pADNCV9u0PcgrXjM7rx0t","preProcessingCmd":"","maxLogs":10,"verbose":false,"lastRunTime":1752253748000,"mappingId":"@fOGdavwFHQEeve0VPklPKs","frsGuid":"bpdNlluzLImdO3ugm9HToR","shortDescription":"This is the mapping task to run the mapping to loa...","sessionPropertiesList":[{"name":"Pushdown Optimization","value":"None","recommended":false},{"name":"Pushdown Optimization Context","value":"None","recommended":false},{"name":"Pushdown Optimization Fallback Option","value":"Partial PDO","recommended":false}],"hidden":false,"enableCrossSchemaPushdown":true,"enableParallelRun":true,"autoTunedApplied":false,"autoTunedAppliedType":"NONE","parameterFileName":"Andover_Param_LC360.param","parameterFileDir":"$PMRootDir/andover/parameters","paramFileType":"PARAM_FILE_LOCAL","schemaMode":"async","valid":true,"schemaValidationErrorCount":-1,"serverlessProperties":{},"taskProperties":[{"@type":"taskProperty","name":"parameterFileDir","currentValue":"$PMRootDir/andover/parameters","type":"STRING","label":"label.parameterFileDir","required":false},{"@type":"taskProperty","name":"parameterFileName","currentValue":"Andover_Param_LC360.param","type":"STRING","label":"label.parameterFileName","required":false},{"@type":"taskProperty","name":"outboundMessageUrlQueueTime","currentValue":"","type":"NUMBER","label":"label.outboundMessageUrlQueueTime","required":false},{"@type":"taskProperty","name":"outboundMessageUrlToken","currentValue":"","type":"STRING","label":"label.outboundMessageUrlToken","required":false}],"optimizationPlan":"NONE","isMidstreamPreview":false,"allowMaxFieldLength":false,"specialCharacterSupport":false,"useUserDefinedOrder":false,"parameters":[{"@type":"mtTaskParameter","id":123236628,"name":"$LC360_src_JSON$","type":"EXTENDED_SOURCE","label":"S3Connection_LC360_SRC","description":"Source connection for LC360 JSON files located in S3 Bucket","uiProperties":{"cnxtype":"Amazon S3 v2","connectionParameterized":"true","paramName":"S3Connection_LC360_SRC","paramLabel":"","paramType-mapping":"Connection","logcnx":"S3Connection_LC360_SRC","isSelectDistinct":"false","isMsrcFilterParameterized":"false","isMsrcSortParameterized":"false","objectParameterized":"false","visible":"false","originalPath":"LC360_src_JSON"},"sourceConnectionId":"@6poLdu1mSUher3f4LPDk6Y","newFlatFile":false,"newObject":false,"showBusinessNames":true,"naturalOrder":true,"truncateTarget":false,"bulkApiDBTarget":false,"customFuncCfg":{"@type":"customFuncConfig","id":-1,"connections":[],"inputMap":[],"outputFields":[]},"targetRefsV2":{},"targetUpdateColumns":[],"fieldOrderList":[],"extendedObject":{"@type":"extendedObject","object":{"@type":"mObject","name":"advr-dev-inbound-data/metal%2F/tgt-cdl-lc360.metal%2F/raw.inbox%2F/0013bc82-7f62-4652-a350-29289bb6fdec_2_24_2025_15_29_25_646.json","label":"advr-dev-inbound-data/metal%2F/tgt-cdl-lc360.metal%2F/raw.inbox%2F/0013bc82-7f62-4652-a350-29289bb6fdec_2_24_2025_15_29_25_646.json","metadataUpdated":false,"dbSchema":"","relations":[],"children":[]},"singleMode":true,"objects":[{"@type":"mObject","name":"advr-dev-inbound-data/metal%2F/tgt-cdl-lc360.metal%2F/raw.inbox%2F/0013bc82-7f62-4652-a350-29289bb6fdec_2_24_2025_15_29_25_646.json","label":"advr-dev-inbound-data/metal%2F/tgt-cdl-lc360.metal%2F/raw.inbox%2F/0013bc82-7f62-4652-a350-29289bb6fdec_2_24_2025_15_29_25_646.json","metadataUpdated":false,"dbSchema":"","relations":[],"children":[]}],"filters":[],"sortFields":[]},"runtimeAttrs":{},"oprRuntimeAttrs":{"enableIncrementalLoad":"NO"},"isRESTModernSource":true,"commandType":0,"isFileList":false,"handleSpecialChars":false,"handleDecimalRoundOff":false,"frsAsset":false,"dynamicFileName":false,"excludeDynamicFileNameField":false,"currentlyProcessedFileName":false,"retainFieldMetadata":false,"useExactSrcNames":false,"userUpdated":true,"fetchMode":"ORIGINAL","tgtObjectAttributes":{},"runtimeParameterData":{"@type":"mtTaskRuntimeParameterData","isConnectionRuntimeParameter":true,"isObjectRuntimeParameter":false,"connectionParameterName":"S3Connection_LC360_SRC"},"overridableProperties":[],"overriddenFields":[]},{"@type":"mtTaskParameter","id":123236629,"name":"$LC360_tgt_metal$","type":"TARGET","label":"DBConnection_TGT","description":"Parameter for LC360 AWS Redshift Target tables","uiProperties":{"cnxtype":"Amazon Redshift v2","connectionParameterized":"true","paramName":"DBConnection_TGT","paramLabel":"","paramType-mapping":"Connection","logcnx":"DBConnection_TGT","default":"metal/lc360_generic_fields_stg","objectParameterized":"false","visible":"false","defaultTargetUpdateColumns":"","supportApplyDDLChanges":"false","originalPath":"LC360_tgt_metal"},"targetConnectionId":"@aYZ4ekzHgIPeKpiaoqDLKP","targetObject":"metal/lc360_generic_fields_stg","targetObjectLabel":"metal/lc360_generic_fields_stg","newFlatFile":false,"newObject":false,"showBusinessNames":true,"naturalOrder":true,"truncateTarget":false,"bulkApiDBTarget":false,"operationType":"Insert","customFuncCfg":{"@type":"customFuncConfig","id":-1,"connections":[],"inputMap":[],"outputFields":[]},"targetRefsV2":{},"targetUpdateColumns":[],"fieldOrderList":[],"extendedObject":{"@type":"extendedObject","singleMode":true,"filters":[],"sortFields":[]},"runtimeAttrs":{},"isRESTModernSource":true,"commandType":0,"isFileList":false,"handleSpecialChars":false,"handleDecimalRoundOff":false,"frsAsset":false,"dynamicFileName":false,"excludeDynamicFileNameField":false,"currentlyProcessedFileName":false,"retainFieldMetadata":false,"objectName":"metal/lc360_generic_fields_stg","objectLabel":"metal/lc360_generic_fields_stg","useExactSrcNames":false,"userUpdated":true,"fetchMode":"ORIGINAL","tgtObjectAttributes":{"parent":""},"runtimeParameterData":{"@type":"mtTaskRuntimeParameterData","isConnectionRuntimeParameter":true,"isObjectRuntimeParameter":false,"connectionParameterName":"DBConnection_TGT"},"overridableProperties":[],"targetSchemaProviderType":"SELECTED_OBJECT","dbSchema":"","overriddenFields":[]}],"sequences":[],"inOutParameters":[],"connRuntimeAttrs":[]}]