[{"@type":"mtTask","id":"@1","name":"cdi_tsk_map_uw_silver_uw_dashboard_coverage_details_ld","autoExpireObject":false,"runtimeEnvironmentId":"@3pADNCV9u0PcgrXjM7rx0t","maxLogs":10,"verbose":false,"lastRunTime":1743015604000,"mappingId":"@9vigp7KTRpgg1252C4vIcz","frsGuid":"7lms2U8ISMOk1Bgg3ci7Ga","sessionPropertiesList":[{"name":"Pushdown Optimization","value":"None","recommended":false},{"name":"Pushdown Optimization Context","value":"None","recommended":false},{"name":"Pushdown Optimization Fallback Option","value":"Partial PDO","recommended":false}],"hidden":false,"enableCrossSchemaPushdown":true,"enableParallelRun":false,"autoTunedApplied":false,"autoTunedAppliedType":"NONE","parameterFileName":"Andover_Param_GW.param","parameterFileDir":"$PMRootDir/andover/parameters","paramFileType":"PARAM_FILE_LOCAL","schemaMode":"async","valid":true,"schemaValidationErrorCount":-1,"serverlessProperties":{},"taskProperties":[{"@type":"taskProperty","name":"parameterFileDir","currentValue":"$PMRootDir/andover/parameters","type":"STRING","label":"label.parameterFileDir","required":false},{"@type":"taskProperty","name":"parameterFileName","currentValue":"Andover_Param_GW.param","type":"STRING","label":"label.parameterFileName","required":false},{"@type":"taskProperty","name":"outboundMessageUrlQueueTime","currentValue":"","type":"NUMBER","label":"label.outboundMessageUrlQueueTime","required":false},{"@type":"taskProperty","name":"outboundMessageUrlToken","currentValue":"","type":"STRING","label":"label.outboundMessageUrlToken","required":false}],"optimizationPlan":"NONE","isMidstreamPreview":false,"parameters":[{"@type":"mtTaskParameter","id":114092840,"name":"$Source$","type":"SOURCE","label":"DBConnection_TGT","description":"","uiProperties":{"cnxtype":"Amazon Redshift v2","connectionParameterized":"true","paramName":"DBConnection_TGT","paramLabel":"","paramType-mapping":"Connection","logcnx":"DBConnection_TGT","isSelectDistinct":"false","objectParameterized":"false","visible":"false","originalPath":"Source"},"sourceConnectionId":"@aYZ4ekzHgIPeKpiaoqDLKP","sourceObject":"DUMMY_Source","newFlatFile":false,"newObject":false,"showBusinessNames":true,"naturalOrder":true,"truncateTarget":false,"bulkApiDBTarget":false,"customFuncCfg":{"@type":"customFuncConfig","id":-1,"connections":[],"inputMap":[],"outputFields":[]},"targetRefsV2":{},"targetUpdateColumns":[],"runtimeAttrs":{},"isRESTModernSource":true,"customQuery":"SELECT \n  DISTINCT \n  prkr.policy_system_id, \n  prkr.policy_number, \n  prkr.policy_module_number, \n  prkr.policy_key,\n  prkr.policy_key_code,\n  prkr.risk_system_id, \n  prkr.risk_id, \n  b.systemid AS building_system_id, \n  b.id AS building_id, \n  LPAD(b.bldgnumber, 3, '0') AS building_number, \n  c.systemid AS coverage_system_id, \n  c.cmmcontainer AS coverage_cmm_container, \n  c.status AS coverage_status, \n  c.description AS coverage_description,\n  c.finalpremiumamt AS coverage_premium_amount, \n  l.systemid AS limit_system_id, \n  l.parentid AS limit_parent_id, \n  l.coverage_limit1 AS limit_coverage_limit1, \n  l.coverage_limit2 AS limit_coverage_limit2,  \n  l.coverage_limit3 AS limit_coverage_limit3, \n  l.coverage_limit4 AS limit_coverage_limit4,\n  a.systemid AS application_system_id, \n  a.applicationnumber AS application_number,\n  tgt.uw_dashboard_coverage_details_row_id,\n  tgt.uw_dashboard_coverage_details_md5_hash_value\n  FROM \n  dbo.coverage_stg c \n  LEFT JOIN dbo.building_stg b ON c.systemid = b.systemid \n  AND c.cmmcontainer = b.cmmcontainer\n  AND c.parentid = b.parentid\n  LEFT JOIN dbo.basicpolicy_stg bp on\n    bp.systemid = c.systemid\n    AND bp.cmmcontainer = c.cmmcontainer\n  LEFT JOIN dbo.application_stg a ON \n  bp.originalapplicationref = a.systemid \n  LEFT JOIN dbo.policy_risk_key_reference prkr ON \n  c.systemid = prkr.policy_system_id \n  AND c.cmmcontainer = prkr.policy_cmm_container \n  AND prkr.risk_id = b.parentid\n  LEFT JOIN (\n    SELECT \n      DISTINCT systemid, \n      parentid, \n      cmmcontainer, \n      MAX(\n        CASE WHEN limitcd = 'Limit1' THEN value END\n      ) AS \"coverage_limit1\", \n      MAX(\n        CASE WHEN limitcd = 'Limit2' THEN value END\n      ) AS \"coverage_limit2\", \n      MAX(\n        CASE WHEN limitcd = 'Limit3' THEN value END\n      ) AS \"coverage_limit3\", \n      MAX(\n        CASE WHEN limitcd = 'Limit4' THEN value END\n      ) AS \"coverage_limit4\" \n    FROM \n      dbo.limit_stg \n    GROUP BY \n      systemid, \n      parentid, \n      cmmcontainer\n  ) l ON c.systemid = l.systemid \n  AND c.id = l.parentid \n  left join dbo.uw_dashboard_coverage_details tgt\n  on tgt.risk_id = prkr.risk_id\n  and tgt.coverage_system_id = c.systemid\n  and tgt.coverage_cmm_container = c.cmmcontainer\n  and tgt.coverage_description = c.description\n  and tgt.uw_dashboard_coverage_details_row_effective_end_date = '9999-12-31'\nWHERE c.status = 'Active' \n  AND prkr.policy_risk_key_reference_row_effective_end_date = '9999-12-31' \nUNION\nSELECT\n  DISTINCT \n  prkr.policy_system_id, \n  prkr.policy_number, \n  prkr.policy_module_number, \n  prkr.policy_key,\n  prkr.policy_key_code,\n  prkr.risk_system_id, \n  prkr.risk_id, \n  b.building_application_system_id AS building_system_id, \n  b.building_application_id AS building_id, \n  LPAD(\n    b.building_application_building_number, \n    3, '0'\n  ) AS building_number, \n  c.coverage_application_system_id AS coverage_system_id, \n  c.coverage_application_cmm_container AS coverage_cmm_container, \n  c.coverage_application_status AS coverage_status, \n  c.coverage_application_description AS coverage_description,\n  c.coverage_application_final_premium_amount AS coverage_premium_amount, \n  l.systemid AS limit_system_id, \n  l.parentid AS limit_parent_id, \n  l.coverage_limit1 AS limit_coverage_limit1, \n  l.coverage_limit2 AS limit_coverage_limit2,  \n  l.coverage_limit3 AS limit_coverage_limit3, \n  l.coverage_limit4 AS limit_coverage_limit4,\n  a.systemid AS application_system_id, \n  a.applicationnumber AS application_number,\n  tgt.uw_dashboard_coverage_details_row_id,\n  tgt.uw_dashboard_coverage_details_md5_hash_value\n  FROM dbo.coverage_application_stg c \n  LEFT JOIN dbo.building_application_stg b ON c.coverage_application_system_id = b.building_application_system_id \n  AND c.coverage_application_cmm_container = b.building_application_cmm_container \n  and c.coverage_application_parent_id = b.building_application_parent_id\n  LEFT JOIN dbo.application_stg a ON c.coverage_application_system_id = a.systemid \n  AND c.coverage_application_cmm_container = a.cmmcontainer \n  LEFT JOIN dbo.policy_risk_key_reference prkr ON c.coverage_application_system_id = prkr.policy_system_id \n  AND c.coverage_application_cmm_container = prkr.policy_cmm_container \n  AND prkr.risk_id = b.building_application_parent_id \n  LEFT JOIN (\n    SELECT \n      DISTINCT systemid, \n      parentid, \n      cmmcontainer, \n      MAX(\n        CASE WHEN limitcd = 'Limit1' THEN value END\n      ) AS \"coverage_limit1\", \n      MAX(\n        CASE WHEN limitcd = 'Limit2' THEN value END\n      ) AS \"coverage_limit2\", \n      MAX(\n        CASE WHEN limitcd = 'Limit3' THEN value END\n      ) AS \"coverage_limit3\", \n      MAX(\n        CASE WHEN limitcd = 'Limit4' THEN value END\n      ) AS \"coverage_limit4\" \n    FROM \n      dbo.limit_stg \n    GROUP BY \n      systemid, \n      parentid, \n      cmmcontainer\n  ) l ON c.coverage_application_system_id = l.systemid \n  AND c.coverage_application_id = l.parentid \n  left join dbo.uw_dashboard_coverage_details tgt\n  on tgt.risk_id = prkr.risk_id\n  and tgt.coverage_system_id = c.coverage_application_system_id\n  and tgt.coverage_cmm_container = c.coverage_application_cmm_container\n  and tgt.coverage_description = c.coverage_application_description\n  and tgt.uw_dashboard_coverage_details_row_effective_end_date = '9999-12-31'\n  WHERE c.coverage_application_status = 'Active' \n  AND prkr.policy_risk_key_reference_row_effective_end_date = '9999-12-31';","isFileList":false,"handleSpecialChars":false,"handleDecimalRoundOff":false,"frsAsset":false,"dynamicFileName":false,"excludeDynamicFileNameField":false,"currentlyProcessedFileName":false,"retainFieldMetadata":false,"objectName":"DUMMY_Source","useExactSrcNames":false,"userUpdated":true,"tgtObjectAttributes":{},"runtimeParameterData":{"@type":"mtTaskRuntimeParameterData","isConnectionRuntimeParameter":false,"isObjectRuntimeParameter":false,"connectionParameterName":"DBConnection_TGT"},"overridableProperties":[],"overriddenFields":[]},{"@type":"mtTaskParameter","id":114092841,"name":"$uw_dashboard_coverage_details_close$","type":"TARGET","label":"DBConnection_TGT","description":"","uiProperties":{"cnxtype":"Amazon Redshift v2","connectionParameterized":"true","paramName":"DBConnection_TGT","paramLabel":"","paramType-mapping":"Connection","logcnx":"DBConnection_TGT","default":"dbo/uw_dashboard_coverage_details","objectParameterized":"false","visible":"false","defaultTargetUpdateColumns":"uw_dashboard_coverage_details_row_id","supportApplyDDLChanges":"false","originalPath":"uw_dashboard_coverage_details_close"},"targetConnectionId":"@aYZ4ekzHgIPeKpiaoqDLKP","targetObject":"dbo/uw_dashboard_coverage_details","targetObjectLabel":"dbo/uw_dashboard_coverage_details","newFlatFile":false,"newObject":false,"showBusinessNames":true,"naturalOrder":true,"truncateTarget":false,"bulkApiDBTarget":false,"operationType":"Update","customFuncCfg":{"@type":"customFuncConfig","id":-1,"connections":[],"inputMap":[],"outputFields":[]},"targetRefsV2":{},"targetUpdateColumns":["uw_dashboard_coverage_details_row_id"],"extendedObject":{"@type":"extendedObject","singleMode":true,"filters":[],"sortFields":[]},"runtimeAttrs":{},"isRESTModernSource":true,"isFileList":false,"handleSpecialChars":false,"handleDecimalRoundOff":false,"frsAsset":false,"dynamicFileName":false,"excludeDynamicFileNameField":false,"currentlyProcessedFileName":false,"retainFieldMetadata":false,"objectName":"dbo/uw_dashboard_coverage_details","objectLabel":"dbo/uw_dashboard_coverage_details","useExactSrcNames":false,"userUpdated":true,"tgtObjectAttributes":{},"runtimeParameterData":{"@type":"mtTaskRuntimeParameterData","isConnectionRuntimeParameter":false,"isObjectRuntimeParameter":false,"connectionParameterName":"DBConnection_TGT"},"overridableProperties":[],"overriddenFields":[]},{"@type":"mtTaskParameter","id":114092842,"name":"$uw_dashboard_coverage_details_insert$","type":"TARGET","label":"DBConnection_TGT","description":"","uiProperties":{"cnxtype":"Amazon Redshift v2","connectionParameterized":"true","paramName":"DBConnection_TGT","paramLabel":"","paramType-mapping":"Connection","logcnx":"DBConnection_TGT","default":"dbo/uw_dashboard_coverage_details","objectParameterized":"false","visible":"false","defaultTargetUpdateColumns":"","supportApplyDDLChanges":"false","originalPath":"uw_dashboard_coverage_details_insert"},"targetConnectionId":"@aYZ4ekzHgIPeKpiaoqDLKP","targetObject":"dbo/uw_dashboard_coverage_details","targetObjectLabel":"dbo/uw_dashboard_coverage_details","newFlatFile":false,"newObject":false,"showBusinessNames":true,"naturalOrder":true,"truncateTarget":false,"bulkApiDBTarget":false,"operationType":"Insert","customFuncCfg":{"@type":"customFuncConfig","id":-1,"connections":[],"inputMap":[],"outputFields":[]},"targetRefsV2":{},"targetUpdateColumns":[],"extendedObject":{"@type":"extendedObject","singleMode":true,"filters":[],"sortFields":[]},"runtimeAttrs":{},"isRESTModernSource":true,"isFileList":false,"handleSpecialChars":false,"handleDecimalRoundOff":false,"frsAsset":false,"dynamicFileName":false,"excludeDynamicFileNameField":false,"currentlyProcessedFileName":false,"retainFieldMetadata":false,"objectName":"dbo/uw_dashboard_coverage_details","objectLabel":"dbo/uw_dashboard_coverage_details","useExactSrcNames":false,"userUpdated":true,"tgtObjectAttributes":{},"runtimeParameterData":{"@type":"mtTaskRuntimeParameterData","isConnectionRuntimeParameter":false,"isObjectRuntimeParameter":false,"connectionParameterName":"DBConnection_TGT"},"overridableProperties":[],"overriddenFields":[]},{"@type":"mtTaskParameter","id":114092843,"name":"$uw_dashboard_coverage_details_update$","type":"TARGET","label":"DBConnection_TGT","description":"","uiProperties":{"cnxtype":"Amazon Redshift v2","connectionParameterized":"true","paramName":"DBConnection_TGT","paramLabel":"","paramType-mapping":"Connection","logcnx":"DBConnection_TGT","default":"dbo/uw_dashboard_coverage_details","objectParameterized":"false","visible":"false","defaultTargetUpdateColumns":"","supportApplyDDLChanges":"false","originalPath":"uw_dashboard_coverage_details_update"},"targetConnectionId":"@aYZ4ekzHgIPeKpiaoqDLKP","targetObject":"dbo/uw_dashboard_coverage_details","targetObjectLabel":"dbo/uw_dashboard_coverage_details","newFlatFile":false,"newObject":false,"showBusinessNames":true,"naturalOrder":true,"truncateTarget":false,"bulkApiDBTarget":false,"operationType":"Insert","customFuncCfg":{"@type":"customFuncConfig","id":-1,"connections":[],"inputMap":[],"outputFields":[]},"targetRefsV2":{},"targetUpdateColumns":[],"extendedObject":{"@type":"extendedObject","singleMode":true,"filters":[],"sortFields":[]},"runtimeAttrs":{},"isRESTModernSource":true,"isFileList":false,"handleSpecialChars":false,"handleDecimalRoundOff":false,"frsAsset":false,"dynamicFileName":false,"excludeDynamicFileNameField":false,"currentlyProcessedFileName":false,"retainFieldMetadata":false,"objectName":"dbo/uw_dashboard_coverage_details","objectLabel":"dbo/uw_dashboard_coverage_details","useExactSrcNames":false,"userUpdated":true,"tgtObjectAttributes":{},"runtimeParameterData":{"@type":"mtTaskRuntimeParameterData","isConnectionRuntimeParameter":false,"isObjectRuntimeParameter":false,"connectionParameterName":"DBConnection_TGT"},"overridableProperties":[],"overriddenFields":[]}],"sequences":[],"inOutParameters":[],"connRuntimeAttrs":[]}]