[{"@type":"mappingTemplate","id":"@1","name":"cdi_map_load_filenames_manual_feed","description":"","autoExpireObject":false,"bundleVersion":"0","assetFrsGuid":"2UsjjYgc0vYfdc1EkUDLMo","templateId":"@3","hasParameters":true,"valid":true,"fixedConnection":false,"hasParametersDeployed":false,"fixedConnectionDeployed":false,"isSchemaValidationEnabled":false,"tasks":1,"mappingPreviewFileRecordId":"@2","documentType":"MAPPING","allowMaxFieldLength":false,"specialCharacterSupport":false,"references":[]}]