[{"@type":"mappingTemplate","id":"@1","name":"cdi_map_adm_Xfer_log_gwire_mtl_stg_load","description":"This job will read data from Maria DB(transferlogguidewire) and load to metal staging tables(metal.transfer_log_guidewire).","autoExpireObject":false,"bundleVersion":"0","assetFrsGuid":"6pLecZyw3oNgSXaYYVwycC","templateId":"@3","deployTime":1765290302000,"hasParameters":true,"valid":true,"fixedConnection":true,"hasParametersDeployed":true,"fixedConnectionDeployed":true,"isSchemaValidationEnabled":false,"tasks":1,"mappingPreviewFileRecordId":"@2","documentType":"MAPPING","allowMaxFieldLength":false,"specialCharacterSupport":false,"references":[{"@type":"reference","refObjectId":"@aYZ4ekzHgIPeKpiaoqDLKP","refType":"connection"}]}]