[{"@type":"mappingTemplate","id":"@1","name":"cdi_map_stp_validated_data_silver_load","description":"","autoExpireObject":false,"bundleVersion":"0","assetFrsGuid":"665fH4S3Jy1dXmGCzhPiUN","templateId":"@3","deployTime":1761866830000,"hasParameters":true,"valid":true,"fixedConnection":true,"hasParametersDeployed":true,"fixedConnectionDeployed":true,"isSchemaValidationEnabled":false,"tasks":1,"mappingPreviewFileRecordId":"@2","documentType":"MAPPING","allowMaxFieldLength":false,"specialCharacterSupport":false,"references":[{"@type":"reference","refObjectId":"@eAe8FJ9fmcAd2s1AZZDNWL","refType":"mappletTemplate","refObjInSync":"true"},{"@type":"reference","refObjectId":"@aYZ4ekzHgIPeKpiaoqDLKP","refType":"connection"}]}]