[{"@type":"mappingTemplate","id":"@1","name":"m_load_Foreclosure_from_file","description":"","autoExpireObject":false,"bundleVersion":"0","assetFrsGuid":"aig3BdF4Yagfpu1mRafJ4t","templateId":"@3","deployTime":1768841820000,"hasParameters":true,"valid":true,"fixedConnection":false,"hasParametersDeployed":true,"fixedConnectionDeployed":false,"isSchemaValidationEnabled":false,"tasks":0,"mappingPreviewFileRecordId":"@2","documentType":"","allowMaxFieldLength":false,"specialCharacterSupport":false,"references":[]}]