[{"@type":"mappingTemplate","id":"@1","name":"m_Load_Risk_stg_to_Master_Risk_Ld_1 - Copy 1","description":"","autoExpireObject":false,"bundleVersion":"0","assetFrsGuid":"lB0gUoLLKQrc5DzLvTgGww","templateId":"@3","hasParameters":true,"valid":true,"fixedConnection":false,"hasParametersDeployed":false,"fixedConnectionDeployed":false,"isSchemaValidationEnabled":false,"tasks":1,"mappingPreviewFileRecordId":"@2","documentType":"MAPPING","allowMaxFieldLength":false,"specialCharacterSupport":false,"references":[{"@type":"reference","refObjectId":"@iBbwdyOJOiHlfSqg9KSc2G","refType":"mappletTemplate"}]}]