[{"@type":"mappingTemplate","id":"@1","name":"Load Subro File Names in Flat Files","description":"","autoExpireObject":false,"bundleVersion":"0","assetFrsGuid":"kgRgzUTUuuzhpZzSUdNESL","templateId":"@3","hasParameters":true,"valid":true,"fixedConnection":false,"hasParametersDeployed":false,"fixedConnectionDeployed":false,"isSchemaValidationEnabled":false,"tasks":0,"mappingPreviewFileRecordId":"@2","documentType":"MAPPING","allowMaxFieldLength":false,"specialCharacterSupport":false,"references":[]}]