[{"@type":"mtTask","id":"@1","name":"s_m_Load_Coverage_to_Coverage_Stg_Ld","description":"Session pushed from PC to ICS : s_m_Load_Coverage_to_Coverage_Stg_Ld","errorTaskEmail":{"@type":"taskEmail","id":769420,"emails":"FailureTaskEmailUser@defaultDomainName.com","emailType":"ERROR"},"runtimeEnvironmentId":"@2NZZ3Ll26eokZZRvQWlJuU","maxLogs":10,"verbose":false,"lastRunTime":1731305353000,"mappingId":"@dPssX27gNO8eFUqZU8iIWI","frsGuid":"apg6xBrVfEhfmnzUC3qTYB","shortDescription":"Session pushed from PC to ICS : s_m_Load_Coverage_...","sessionPropertiesList":[{"name":"Allow Temporary Sequence for Pushdown","value":"NO","recommended":false},{"name":"Allow Temporary View for Pushdown","value":"NO","recommended":false},{"name":"Data Column Delimiter","value":"|","recommended":false},{"name":"DTM buffer size","value":"24000000","recommended":false},{"name":"Error Log File Name","value":"PMError.log","recommended":false},{"name":"Pushdown Optimization","value":"None","recommended":false},{"name":"Pushdown Optimization Context","value":"None","recommended":false},{"name":"Pushdown Optimization Fallback Option","value":"Partial PDO","recommended":false}],"hidden":false,"enableCrossSchemaPushdown":false,"enableParallelRun":false,"autoTunedApplied":false,"autoTunedAppliedType":"NONE","parameterFileName":"Andover_Param_GW.param","parameterFileDir":"$PMRootDir/andover/parameters","paramFileType":"PARAM_FILE_LOCAL","schemaMode":"async","valid":true,"schemaValidationErrorCount":-1,"serverlessProperties":{},"taskProperties":[{"@type":"taskProperty","name":"parameterFileDir","currentValue":"$PMRootDir/andover/parameters","type":"STRING","label":"label.parameterFileDir","required":false},{"@type":"taskProperty","name":"parameterFileName","currentValue":"Andover_Param_GW.param","type":"STRING","label":"label.parameterFileName","required":false},{"@type":"taskProperty","name":"outboundMessageUrlQueueTime","currentValue":"","type":"NUMBER","label":"label.outboundMessageUrlQueueTime","required":false},{"@type":"taskProperty","name":"outboundMessageUrlToken","currentValue":"","type":"STRING","label":"label.outboundMessageUrlToken","required":false}],"jobPriority":"MEDIUM","optimizationPlan":"NONE","isMidstreamPreview":false,"parameters":[{"@type":"mtTaskParameter","id":102217780,"name":"$Src_coverage$","type":"SOURCE","label":"DBConnection_SRCM","description":"","uiProperties":{"cnxtype":"MySQL","connectionParameterized":"true","paramName":"DBConnection_SRCM","paramLabel":"","paramType-mapping":"Connection","logcnx":"DBConnection_SRCM","isSelectDistinct":"false","objectParameterized":"false","visible":"false","originalPath":"Src_coverage"},"sourceConnectionId":"@7AiRjZfcriHh8rCFPDnQos","sourceObject":"DUMMY_Src_coverage","newFlatFile":false,"newObject":false,"showBusinessNames":true,"naturalOrder":true,"truncateTarget":false,"bulkApiDBTarget":false,"customFuncCfg":{"@type":"customFuncConfig","id":-1,"connections":[],"inputMap":[],"outputFields":[]},"targetRefsV2":{},"targetUpdateColumns":[],"runtimeAttrs":{"Sql Override":"SELECT distinct coverage.SystemId, coverage.ParentId, coverage.CMMContainer, coverage.Id, coverage.Status, coverage.CoverageCd, coverage.FullTermAmt, coverage.FullTermManualAmt, coverage.WrittenPremiumAmt, coverage.FinalPremiumAmt, coverage.EarnedAmt, coverage.AdditionalInd, coverage.OriginalCommissionPct, coverage.CommissionPct, coverage.ContributionPct, coverage.CommissionAmt, coverage.TransactionCommissionAmt, coverage.Description, coverage.PrevFinalAmt, coverage.PrevWrittenAmt, coverage.ShortRateAmt, coverage.CoinsurancePct, coverage.LapseInd, coverage.FutureStatusCd, coverage.ReinsuranceCoverageGroupCd, coverage.ScheduledPremiumMod, coverage.NumberOfEmployees, coverage.NumberOfClass1Employees, coverage.InsideLimit, coverage.InsideDeductible, coverage.OutsideLimit, coverage.OutsideDeductible, coverage.PapersKeptInCd, coverage.DuplicateOffPremisesRecordsPct, coverage.EDPEquipmentLimit, coverage.EDPEquipmentInTransitLimit, coverage.EDPDataLimit, coverage.EDPMediaLimit, coverage.EDPDataAndMediaInTransitLimit, coverage.EDPBusinessIncomeLimit, coverage.EDPExtraExpenseLimit, coverage.FormType, coverage.NumberOfDays, coverage.NumberOfLocations, coverage.CoverageType, coverage.ClassificationRisk, coverage.EQNumberOfStories, coverage.EQRoofTankBuilding, coverage.EQSublimitPercentage, coverage.EQGradeDescription, coverage.EQMasonryVeneerLimit, coverage.EQBuildingConstruction, coverage.Location, coverage.StateRegistered, coverage.OtherLocationDesc, coverage.NumberOfPersons, coverage.OrdOrLawPercentage, coverage.FoodContaminationOption, coverage.RefrigerationMaintenanceInd, coverage.GURelatedExpensesLimit, coverage.GUIncreasedLossCostPct, coverage.GUExtPeriodOfRestoration, coverage.RetroactiveDate, coverage.Classification, coverage.MasonryVeneerPct, coverage.NumStories, coverage.DeductibleTier, coverage.RoofTank, coverage.OptionalIncreasedDeductible, coverage.NumLocations, coverage.NumberOfTrusts, coverage.NumberOfGolfCarts, coverage.AsstCareNumOfFacilities, coverage.RatingInd, coverage.AddedViaHOCov, coverage.RowId\nfrom coverage join advrxxchangedbeans on coverage.CMMContainer = advrxxchangedbeans.CMMContainer and coverage.SystemId = advrxxchangedbeans.SystemId \nwhere coverage.cmmcontainer = 'Policy'"},"isRESTModernSource":true,"customQuery":"SELECT distinct coverage.SystemId, coverage.ParentId, coverage.CMMContainer, coverage.Id, coverage.Status, coverage.CoverageCd, coverage.FullTermAmt, coverage.FullTermManualAmt, coverage.WrittenPremiumAmt, coverage.FinalPremiumAmt, coverage.EarnedAmt, coverage.AdditionalInd, coverage.OriginalCommissionPct, coverage.CommissionPct, coverage.ContributionPct, coverage.CommissionAmt, coverage.TransactionCommissionAmt, coverage.Description, coverage.PrevFinalAmt, coverage.PrevWrittenAmt, coverage.ShortRateAmt, coverage.CoinsurancePct, coverage.LapseInd, coverage.FutureStatusCd, coverage.ReinsuranceCoverageGroupCd, coverage.ScheduledPremiumMod, coverage.NumberOfEmployees, coverage.NumberOfClass1Employees, coverage.InsideLimit, coverage.InsideDeductible, coverage.OutsideLimit, coverage.OutsideDeductible, coverage.PapersKeptInCd, coverage.DuplicateOffPremisesRecordsPct, coverage.EDPEquipmentLimit, coverage.EDPEquipmentInTransitLimit, coverage.EDPDataLimit, coverage.EDPMediaLimit, coverage.EDPDataAndMediaInTransitLimit, coverage.EDPBusinessIncomeLimit, coverage.EDPExtraExpenseLimit, coverage.FormType, coverage.NumberOfDays, coverage.NumberOfLocations, coverage.CoverageType, coverage.ClassificationRisk, coverage.EQNumberOfStories, coverage.EQRoofTankBuilding, coverage.EQSublimitPercentage, coverage.EQGradeDescription, coverage.EQMasonryVeneerLimit, coverage.EQBuildingConstruction, coverage.Location, coverage.StateRegistered, coverage.OtherLocationDesc, coverage.NumberOfPersons, coverage.OrdOrLawPercentage, coverage.FoodContaminationOption, coverage.RefrigerationMaintenanceInd, coverage.GURelatedExpensesLimit, coverage.GUIncreasedLossCostPct, coverage.GUExtPeriodOfRestoration, coverage.RetroactiveDate, coverage.Classification, coverage.MasonryVeneerPct, coverage.NumStories, coverage.DeductibleTier, coverage.RoofTank, coverage.OptionalIncreasedDeductible, coverage.NumLocations, coverage.NumberOfTrusts, coverage.NumberOfGolfCarts, coverage.AsstCareNumOfFacilities, coverage.RatingInd, coverage.AddedViaHOCov, coverage.RowId\nfrom coverage \njoin advrxxchangedbeans\non coverage.CMMContainer = advrxxchangedbeans.CMMContainer\nand coverage.SystemId = advrxxchangedbeans.SystemId\nwhere coverage.cmmcontainer in ('Policy', 'Application')\n and  concat(advrxxchangedbeans.adddt,advrxxchangedbeans.addtm)>='$$m_strtdt' \n and concat(advrxxchangedbeans.adddt,advrxxchangedbeans.addtm) <='$$m_Enddt'","isFileList":false,"handleSpecialChars":false,"handleDecimalRoundOff":false,"frsAsset":false,"dynamicFileName":false,"excludeDynamicFileNameField":false,"currentlyProcessedFileName":false,"retainFieldMetadata":false,"objectName":"DUMMY_Src_coverage","useExactSrcNames":false,"userUpdated":true,"fetchMode":"ORIGINAL","tgtObjectAttributes":{},"runtimeParameterData":{"@type":"mtTaskRuntimeParameterData","isConnectionRuntimeParameter":true,"isObjectRuntimeParameter":false,"connectionParameterName":"DBConnection_SRCM"},"overridableProperties":[],"overriddenFields":[]},{"@type":"mtTaskParameter","id":102217781,"name":"$Tgt_Coverage_Stg$","type":"TARGET","label":"DBConnection_TGT","description":"","uiProperties":{"cnxtype":"Amazon Redshift v2","connectionParameterized":"true","paramName":"DBConnection_TGT","paramLabel":"","paramType-mapping":"Connection","logcnx":"DBConnection_TGT","default":"dbo/coverage_stg","objectParameterized":"false","visible":"false","defaultTargetUpdateColumns":"","supportApplyDDLChanges":"false","originalPath":"Tgt_Coverage_Stg"},"targetConnectionId":"@iWG7WweMRiOiUzzrDFkK0U","targetObject":"dbo/coverage_stg","targetObjectLabel":"coverage_stg","newFlatFile":false,"newObject":false,"showBusinessNames":true,"naturalOrder":true,"truncateTarget":false,"bulkApiDBTarget":false,"operationType":"Insert","customFuncCfg":{"@type":"customFuncConfig","id":-1,"connections":[],"inputMap":[],"outputFields":[]},"targetRefsV2":{},"targetUpdateColumns":[],"extendedObject":{"@type":"extendedObject","singleMode":true,"filters":[],"sortFields":[]},"runtimeAttrs":{"Temporary Credential Duration":"7200"},"oprRuntimeAttrs":{"temporaryCredentialDuration":"7200"},"isRESTModernSource":true,"isFileList":false,"handleSpecialChars":false,"handleDecimalRoundOff":false,"frsAsset":false,"dynamicFileName":false,"excludeDynamicFileNameField":false,"currentlyProcessedFileName":false,"retainFieldMetadata":false,"objectName":"dbo/coverage_stg","objectLabel":"coverage_stg","useExactSrcNames":false,"userUpdated":true,"fetchMode":"ORIGINAL","tgtObjectAttributes":{"parent":""},"runtimeParameterData":{"@type":"mtTaskRuntimeParameterData","isConnectionRuntimeParameter":true,"isObjectRuntimeParameter":false,"connectionParameterName":"DBConnection_TGT"},"overridableProperties":[],"overriddenFields":[]},{"@type":"mtTaskParameter","id":102217782,"name":"$Lkp_deductible$","type":"LOOKUP","label":"DBConnection_SRCM","description":"","uiProperties":{"cnxtype":"MySQL","connectionParameterized":"true","paramName":"DBConnection_SRCM","paramLabel":"","paramType-mapping":"Connection","logcnx":"DBConnection_SRCM","isCachedLookup":"true","multipleMatchPolicy":"Use Any Value","objectParameterized":"false","visible":"false","originalPath":"Lkp_deductible"},"lookupConnectionId":"@7AiRjZfcriHh8rCFPDnQos","lookupObject":"DUMMY_Lkp_deductible","newFlatFile":false,"newObject":false,"showBusinessNames":true,"naturalOrder":true,"truncateTarget":false,"bulkApiDBTarget":false,"customFuncCfg":{"@type":"customFuncConfig","id":-1,"connections":[],"inputMap":[],"outputFields":[]},"targetRefsV2":{},"targetUpdateColumns":[],"runtimeAttrs":{"Thousand Separator":"None","Cache File Name Prefix":"","Lookup Index Cache Size":"AUTO","Optional":"true","Lookup cache persistent":"false","Lookup source is static":"false","Case Sensitive String Comparison":"false","Decimal Separator":".","Re-cache from lookup source":"false","Insert Else Update":"false","Lookup caching enabled":"true","Lookup Data Cache Size":"AUTO","Tracing Level":"Normal","Datetime Format":"","Subsecond Precision":"6","Sorted Input":"false","Lookup cache directory name":"$PMCacheDir","Output Old Value On Update":"false","Lookup Source Filter":"","Dynamic Lookup Cache":"false","Pre-build lookup cache":"AUTO","Synchronize dynamic cache":"false","Null ordering":"Null Is Highest Value"},"isRESTModernSource":true,"customQuery":"SELECT deductible.CMMContainer as CMMContainer, deductible.TypeCd as TypeCd, deductible.Value as Value, deductible.SystemId as SystemId, deductible.ParentId as ParentId FROM deductible where deductible.CMMContainer='Policy' and deductible.TypeCd='Amount'","isFileList":false,"handleSpecialChars":false,"handleDecimalRoundOff":false,"frsAsset":false,"dynamicFileName":false,"excludeDynamicFileNameField":false,"currentlyProcessedFileName":false,"retainFieldMetadata":false,"objectName":"DUMMY_Lkp_deductible","useExactSrcNames":false,"userUpdated":true,"fetchMode":"ORIGINAL","tgtObjectAttributes":{},"runtimeParameterData":{"@type":"mtTaskRuntimeParameterData","isConnectionRuntimeParameter":true,"isObjectRuntimeParameter":false,"connectionParameterName":"DBConnection_SRCM"},"overridableProperties":[],"overriddenFields":[]}],"sequences":[],"inOutParameters":[{"@type":"mtTaskInOutParameter","id":"-1","name":"m_strtdt","description":"","initialValue":"","datatype":"STRING","precision":"120","scale":"0","retentionPolicy":"NEVER","aggregationType":"MAX","currentValue":""},{"@type":"mtTaskInOutParameter","id":"-1","name":"m_Enddt","description":"","initialValue":"","datatype":"STRING","precision":"120","scale":"0","retentionPolicy":"NEVER","aggregationType":"MAX","currentValue":""}],"connRuntimeAttrs":[]}]