[{"@type":"mappingTemplate","id":"@1","name":"m_Load_PMS_Fact_Reins_Premiums_Earned","description":"","autoExpireObject":false,"bundleVersion":"0","assetFrsGuid":"0N2aphd6XlOd8hn8N793A3","templateId":"@3","deployTime":1768841814000,"hasParameters":true,"valid":true,"fixedConnection":false,"hasParametersDeployed":true,"fixedConnectionDeployed":false,"isSchemaValidationEnabled":false,"tasks":1,"mappingPreviewFileRecordId":"@2","documentType":"","allowMaxFieldLength":false,"specialCharacterSupport":false,"references":[]}]