[{"@type":"mappingTemplate","id":"@1","name":"m_load_provideracct_stg","description":"","autoExpireObject":false,"bundleVersion":"0","assetFrsGuid":"bfsCrYi6jCnhoONSzp8OYk","templateId":"@3","deployTime":1767814934000,"hasParameters":true,"valid":true,"fixedConnection":false,"hasParametersDeployed":true,"fixedConnectionDeployed":false,"isSchemaValidationEnabled":false,"tasks":1,"mappingPreviewFileRecordId":"@2","documentType":"MAPPING","allowMaxFieldLength":false,"specialCharacterSupport":false,"references":[]}]