[{"@type":"mappingTemplate","id":"@1","name":"cdi_map_acx_ea_assessment_summary_metal_load","description":"This job reads data from ACX Guidewire DB and loads it into the Metal staging tables. It follows a one-to-one mapping with no transformations.","autoExpireObject":false,"bundleVersion":"0","assetFrsGuid":"6p7fpOXP3L7fbK3cAPqusL","templateId":"@3","deployTime":1758256722000,"hasParameters":true,"valid":true,"fixedConnection":false,"hasParametersDeployed":true,"fixedConnectionDeployed":false,"isSchemaValidationEnabled":false,"tasks":1,"mappingPreviewFileRecordId":"@2","documentType":"MAPPING","allowMaxFieldLength":false,"specialCharacterSupport":false,"references":[]}]