[{"@type":"mappingTemplate","id":"@1","name":"cdi_map_adm_agency_change_log_bronze_stg_load","description":"","autoExpireObject":false,"bundleVersion":"0","assetFrsGuid":"3gD4hDaG6KOc90xZLOo44x","templateId":"@3","deployTime":1765558059000,"hasParameters":false,"valid":true,"fixedConnection":true,"hasParametersDeployed":false,"fixedConnectionDeployed":true,"isSchemaValidationEnabled":false,"tasks":1,"mappingPreviewFileRecordId":"@2","documentType":"MAPPING","allowMaxFieldLength":false,"specialCharacterSupport":false,"references":[{"@type":"reference","refObjectId":"@aYZ4ekzHgIPeKpiaoqDLKP","refType":"connection"}]}]