[{"@type":"mappingTemplate","id":"@1","name":"cdi_mps_map_lc_form_answer_three","description":"Parses the LC360 definitions file into a relational dataset for storage on Redshift.","autoExpireObject":false,"bundleVersion":"0","assetFrsGuid":"afRCGR9mTcOd71nwvjzrOr","templateId":"@3","hasParameters":true,"valid":true,"fixedConnection":false,"hasParametersDeployed":false,"fixedConnectionDeployed":false,"isSchemaValidationEnabled":false,"tasks":1,"mappingPreviewFileRecordId":"@2","documentType":"MAPPING","allowMaxFieldLength":false,"specialCharacterSupport":false,"references":[{"@type":"reference","refObjectId":"@1IvJk72vnGXd4irDaHsiM6","refType":"structureDefinition"}]}]