[{"@type":"mappingTemplate","id":"@1","name":"cdi_map_acx_risk_bronze_risk_application_stg_ld","description":"","autoExpireObject":false,"bundleVersion":"0","assetFrsGuid":"2YufMbCML1XhlVDSItL5uY","templateId":"@3","deployTime":1753478124000,"hasParameters":true,"valid":true,"fixedConnection":false,"hasParametersDeployed":true,"fixedConnectionDeployed":false,"isSchemaValidationEnabled":false,"tasks":3,"mappingPreviewFileRecordId":"@2","documentType":"","allowMaxFieldLength":false,"specialCharacterSupport":false,"references":[]}]