[{"@type":"mtTask","id":"@1","name":"s_m_load_msgr_facts_pms_new_vw2","description":"Session pushed from PC to ICS : s_m_load_msgr_facts_pms_new_vw2","runtimeEnvironmentId":"@3pADNCV9u0PcgrXjM7rx0t","maxLogs":10,"verbose":false,"lastRunTime":1727890930000,"mappingId":"@3WkIOqZbcW4bdEIhHcvmU8","frsGuid":"4jaeTxkBFM1gmK11ixKjgf","shortDescription":"Session pushed from PC to ICS : s_m_load_msgr_fact...","sessionPropertiesList":[{"name":"Allow Temporary Sequence for Pushdown","value":"NO","recommended":false},{"name":"Allow Temporary View for Pushdown","value":"NO","recommended":false},{"name":"Data Column Delimiter","value":"|","recommended":false},{"name":"Error Log File Name","value":"PMError.log","recommended":false},{"name":"Pushdown Optimization","value":"None","recommended":false},{"name":"Pushdown Optimization Context","value":"None","recommended":false},{"name":"Pushdown Optimization Fallback Option","value":"Partial PDO","recommended":false}],"hidden":false,"enableCrossSchemaPushdown":false,"enableParallelRun":false,"autoTunedApplied":false,"autoTunedAppliedType":"NONE","parameterFileName":"Andover_Parm_Peregrine.txt","parameterFileDir":"$PMRootDir/andover/parameters","paramFileType":"PARAM_FILE_LOCAL","schemaMode":"async","valid":false,"schemaValidationErrorCount":-1,"serverlessProperties":{},"taskProperties":[{"@type":"taskProperty","name":"parameterFileDir","currentValue":"$PMRootDir/andover/parameters","type":"STRING","label":"label.parameterFileDir","required":false},{"@type":"taskProperty","name":"parameterFileName","currentValue":"Andover_Parm_Peregrine.txt","type":"STRING","label":"label.parameterFileName","required":false},{"@type":"taskProperty","name":"outboundMessageUrlQueueTime","currentValue":"","type":"NUMBER","label":"label.outboundMessageUrlQueueTime","required":false},{"@type":"taskProperty","name":"outboundMessageUrlToken","currentValue":"","type":"STRING","label":"label.outboundMessageUrlToken","required":false}],"optimizationPlan":"NONE","isMidstreamPreview":false,"parameters":[{"@type":"mtTaskParameter","id":98799545,"name":"$SQ_PMS_Fact_Inforce_Premiums$","type":"SOURCE","label":"DBConnection_SRC","description":"","uiProperties":{"cnxtype":"Amazon Redshift v2","connectionParameterized":"true","paramName":"DBConnection_SRC","paramLabel":"","paramType-mapping":"Connection","logcnx":"DBConnection_SRC","isSelectDistinct":"false","objectParameterized":"false","visible":"false","originalPath":"SQ_PMS_Fact_Inforce_Premiums"},"sourceObject":"DUMMY_SQ_PMS_Fact_Inforce_Premiums","newFlatFile":false,"newObject":false,"showBusinessNames":true,"naturalOrder":true,"truncateTarget":false,"bulkApiDBTarget":false,"customFuncCfg":{"@type":"customFuncConfig","id":-1,"connections":[],"inputMap":[],"outputFields":[]},"targetRefsV2":{},"targetUpdateColumns":[],"runtimeAttrs":{},"oprRuntimeAttrs":{"postSql":"","selectDistinct":"NO","EncryptionType":"None","EnableCompression":"YES","sqlQuery":"","fetchSize":"10000","multipartDownloadThreshold":"5242880","temporaryCredentialDuration":"14400","StagingDirectoryLocation":"","schemaName":"","TreatNullValueAsNull":"NO","sourceTableName":"","UnloadOptionsPropertyFile":"","DownloadS3FilesInMultipleParts":"NO","S3BucketName":"","readMode":"Direct","preSql":""},"isRESTModernSource":true,"customQuery":"SELECT PMS_Fact_Inforce_Premiums.Policy_Key, \nPMS_Fact_Inforce_Premiums.Policy_Key_Code, \nPMS_Fact_Inforce_Premiums.Major_Peril_ID, \nPMS_Fact_Inforce_Premiums.Risk_State_ID, \nPMS_Fact_Inforce_Premiums.Account_Entered_Dt, \nPMS_Fact_Inforce_Premiums.Inforce_Premium,  \nPMS_Fact_Inforce_Premiums.Stateline,  \nPMS_Fact_Inforce_Premiums.annual_statement_line,\nTGT.row_id,\nTGT.md5_hash_value\nFROM\n dbo.PMS_Fact_Inforce_Premiums\n left join dbo.msgr_facts_pms_new_vw2 TGT on\n\tPMS_Fact_Inforce_Premiums.Policy_Key = TGT.Policy_Key AND\n\tPMS_Fact_Inforce_Premiums.Policy_Key_Code = TGT.Policy_Key_Code AND\n\tPMS_Fact_Inforce_Premiums.Major_Peril_ID = TGT.Major_Peril_ID AND\n\tPMS_Fact_Inforce_Premiums.Risk_State_ID = TGT.Risk_State_ID AND\n\tPMS_Fact_Inforce_Premiums.Account_Entered_Dt = TGT.Account_Entered_Dt AND\n\tNVL(PMS_Fact_Inforce_Premiums.StateLine,'NA') = NVL(TGT.StateLine,'NA') AND\n\tNVL(PMS_Fact_Inforce_Premiums.annual_statement_line,'NA') = NVL(TGT.annual_statement_line,'NA')\nWHERE \n--Account_Entered_Dt >=dateadd(month, -1, cast(getdate() as date)) AND\n--date_part(year,PMS_Fact_Inforce_Premiums.account_entered_dt) in ('2020','2021','2022','2023','2024') AND\n--2006 and 2007 and '2008','2009','2010','2011' and '2012','2013','2014','2015' and '2016','2017','2018','2019' initial load was done in subsets of years\nrow_ins_dt >= (SELECT etlbatchstartst FROM dbo.loadbatchetldt WHERE loadetltype = 'wf_msgr_views')\n--PMS_Fact_Inforce_Premiums.Account_Entered_Dt >= convert(datetime,'1/1/2012',101) \n--year(Account_Entered_Dt) = 2023\nORDER BY PMS_Fact_Inforce_Premiums.Policy_Key, \nPMS_Fact_Inforce_Premiums.Policy_Key_Code, \nPMS_Fact_Inforce_Premiums.Major_Peril_ID, \nPMS_Fact_Inforce_Premiums.Risk_State_ID, \nPMS_Fact_Inforce_Premiums.Account_Entered_Dt,\nPMS_Fact_Inforce_Premiums.Stateline,  \nPMS_Fact_Inforce_Premiums.annual_statement_line,\nTGT.row_id,\nTGT.md5_hash_value","isFileList":false,"handleSpecialChars":false,"handleDecimalRoundOff":false,"frsAsset":false,"dynamicFileName":false,"excludeDynamicFileNameField":false,"currentlyProcessedFileName":false,"retainFieldMetadata":false,"objectName":"DUMMY_SQ_PMS_Fact_Inforce_Premiums","useExactSrcNames":false,"tgtObjectAttributes":{},"runtimeParameterData":{"@type":"mtTaskRuntimeParameterData","isConnectionRuntimeParameter":true,"isObjectRuntimeParameter":false,"connectionParameterName":"DBConnection_SRC"},"overridableProperties":[],"overriddenFields":[]},{"@type":"mtTaskParameter","id":98799546,"name":"$msgr_facts_pms_new_vw2_ins$","type":"TARGET","label":"DBConnection_TGT","description":"","uiProperties":{"cnxtype":"Amazon Redshift v2","connectionParameterized":"true","paramName":"DBConnection_TGT","paramLabel":"","paramType-mapping":"Connection","logcnx":"DBConnection_TGT","default":"dbo/msgr_facts_pms_new_vw2","objectParameterized":"false","visible":"false","defaultTargetUpdateColumns":"","supportApplyDDLChanges":"false","originalPath":"msgr_facts_pms_new_vw2_ins"},"targetConnectionId":"@aYZ4ekzHgIPeKpiaoqDLKP","targetObject":"dbo/msgr_facts_pms_new_vw2","targetObjectLabel":"msgr_facts_pms_new_vw2","newFlatFile":false,"newObject":false,"showBusinessNames":true,"naturalOrder":true,"truncateTarget":false,"bulkApiDBTarget":false,"operationType":"Rowbased","customFuncCfg":{"@type":"customFuncConfig","id":-1,"connections":[],"inputMap":[],"outputFields":[]},"targetRefsV2":{},"targetUpdateColumns":[],"extendedObject":{"@type":"extendedObject","singleMode":true,"filters":[],"sortFields":[]},"runtimeAttrs":{},"isRESTModernSource":true,"isFileList":false,"handleSpecialChars":false,"handleDecimalRoundOff":false,"frsAsset":false,"dynamicFileName":false,"excludeDynamicFileNameField":false,"currentlyProcessedFileName":false,"retainFieldMetadata":false,"objectName":"dbo/msgr_facts_pms_new_vw2","objectLabel":"msgr_facts_pms_new_vw2","useExactSrcNames":false,"tgtObjectAttributes":{},"runtimeParameterData":{"@type":"mtTaskRuntimeParameterData","isConnectionRuntimeParameter":true,"isObjectRuntimeParameter":false,"connectionParameterName":"DBConnection_TGT"},"overridableProperties":[],"overriddenFields":[]},{"@type":"mtTaskParameter","id":98799547,"name":"$msgr_facts_pms_new_vw2_upd$","type":"TARGET","label":"DBConnection_TGT","description":"","uiProperties":{"cnxtype":"Amazon Redshift v2","connectionParameterized":"true","paramName":"DBConnection_TGT","paramLabel":"","paramType-mapping":"Connection","logcnx":"DBConnection_TGT","default":"dbo/msgr_facts_pms_new_vw2","objectParameterized":"false","visible":"false","defaultTargetUpdateColumns":"row_id","supportApplyDDLChanges":"false","originalPath":"msgr_facts_pms_new_vw2_upd"},"targetConnectionId":"@aYZ4ekzHgIPeKpiaoqDLKP","targetObject":"dbo/msgr_facts_pms_new_vw2","targetObjectLabel":"msgr_facts_pms_new_vw2","newFlatFile":false,"newObject":false,"showBusinessNames":true,"naturalOrder":true,"truncateTarget":false,"bulkApiDBTarget":false,"operationType":"Rowbased","customFuncCfg":{"@type":"customFuncConfig","id":-1,"connections":[],"inputMap":[],"outputFields":[]},"targetRefsV2":{},"targetUpdateColumns":["row_id"],"extendedObject":{"@type":"extendedObject","singleMode":true,"filters":[],"sortFields":[]},"runtimeAttrs":{},"isRESTModernSource":true,"isFileList":false,"handleSpecialChars":false,"handleDecimalRoundOff":false,"frsAsset":false,"dynamicFileName":false,"excludeDynamicFileNameField":false,"currentlyProcessedFileName":false,"retainFieldMetadata":false,"objectName":"dbo/msgr_facts_pms_new_vw2","objectLabel":"msgr_facts_pms_new_vw2","useExactSrcNames":false,"tgtObjectAttributes":{},"runtimeParameterData":{"@type":"mtTaskRuntimeParameterData","isConnectionRuntimeParameter":true,"isObjectRuntimeParameter":false,"connectionParameterName":"DBConnection_TGT"},"overridableProperties":[],"overriddenFields":[]}],"sequences":[],"inOutParameters":[],"connRuntimeAttrs":[]}]