[{"@type":"mtTask","id":"@1","name":"s_m_Load_ClaimSummaryStats_to_ClaimSummarystats_Ld","description":"Session pushed from PC to ICS : s_m_Load_ClaimSummaryStats_to_ClaimSummarystats_Ld","runtimeEnvironmentId":"@3pADNCV9u0PcgrXjM7rx0t","maxLogs":10,"verbose":false,"lastRunTime":1711541264000,"mappingId":"@ii4LGz3JEEvdb7uu2qNcsA","frsGuid":"5EIJlgGeM0XkhJhzJZIpWs","shortDescription":"Session pushed from PC to ICS : s_m_Load_ClaimSumm...","sessionPropertiesList":[{"name":"Allow Temporary Sequence for Pushdown","value":"NO","recommended":false},{"name":"Allow Temporary View for Pushdown","value":"NO","recommended":false},{"name":"Cache LOOKUP() function","value":"YES","recommended":false},{"name":"Commit Interval","value":"10000","recommended":false},{"name":"Commit On End Of File","value":"YES","recommended":false},{"name":"Commit Type","value":"Target","recommended":false},{"name":"Data Column Delimiter","value":"|","recommended":false},{"name":"Default buffer block size","value":"Auto","recommended":false},{"name":"Error Log File Name","value":"PMError.log","recommended":false},{"name":"Line Sequential buffer length","value":"1024","recommended":false},{"name":"Log Row Data","value":"YES","recommended":false},{"name":"Pushdown Optimization","value":"None","recommended":false},{"name":"Pushdown Optimization Context","value":"None","recommended":false},{"name":"Pushdown Optimization Fallback Option","value":"Partial PDO","recommended":false},{"name":"Treat source rows as","value":"Insert","recommended":false}],"enableCrossSchemaPushdown":false,"enableParallelRun":false,"autoTunedApplied":false,"autoTunedAppliedType":"NONE","parameterFileName":"Andover_Param_GW.param","parameterFileDir":"$PMRootDir/andover/parameters","paramFileType":"PARAM_FILE_LOCAL","schemaMode":"async","valid":true,"schemaValidationErrorCount":-1,"serverlessProperties":{},"taskProperties":[{"@type":"taskProperty","name":"parameterFileDir","currentValue":"$PMRootDir/andover/parameters","type":"STRING","label":"label.parameterFileDir","required":false},{"@type":"taskProperty","name":"parameterFileName","currentValue":"Andover_Param_GW.param","type":"STRING","label":"label.parameterFileName","required":false}],"parameters":[{"@type":"mtTaskParameter","id":82035551,"name":"$Src_claimsummarystats$","type":"SOURCE","label":"DBConnection_SRCM","description":"","uiProperties":{"cnxtype":"MySQL","connectionParameterized":"true","paramName":"DBConnection_SRCM","paramLabel":"","paramType-mapping":"Connection","logcnx":"DBConnection_SRCM","isSelectDistinct":"false","objectParameterized":"false","visible":"false","originalPath":"Src_claimsummarystats"},"sourceConnectionId":"@jPo49nVatmzbSnPefVZwCV","sourceObject":"DUMMY_Src_claimsummarystats","newFlatFile":false,"newObject":false,"showBusinessNames":true,"naturalOrder":true,"truncateTarget":false,"bulkApiDBTarget":false,"customFuncCfg":{"@type":"customFuncConfig","id":-1,"connections":[],"inputMap":[],"outputFields":[]},"targetRefsV2":{},"targetUpdateColumns":[],"runtimeAttrs":{},"isRESTModernSource":true,"customQuery":"SELECT claimsummarystats.SystemId, claimsummarystats.id, claimsummarystats.ReportPeriod, claimsummarystats.UpdateDt, claimsummarystats.SummaryKey, claimsummarystats.PolicyNumber, claimsummarystats.PolicyVersion, claimsummarystats.PolicyRef, claimsummarystats.LineCd, claimsummarystats.RiskCd, claimsummarystats.CoverageCd, claimsummarystats.CoverageItemCd, claimsummarystats.PolicyLimit, claimsummarystats.PolicyDeductible, claimsummarystats.Limit, claimsummarystats.Deductible, claimsummarystats.LimitDescription, claimsummarystats.DeductibleDescription, claimsummarystats.CarrierCd, claimsummarystats.CarrierGroupCd, claimsummarystats.ClaimNumber, claimsummarystats.ClaimRef, claimsummarystats.ClaimantCd, claimsummarystats.FeatureCd, claimsummarystats.FeatureSubCd, claimsummarystats.FeatureTypeCd, claimsummarystats.ItemNumber, claimsummarystats.ReserveCd, claimsummarystats.SubReserveCd, claimsummarystats.ReserveTypeCd, claimsummarystats.StatusCd, claimsummarystats.EffectiveDt, claimsummarystats.ExpirationDt, claimsummarystats.LossYear, claimsummarystats.PolicyYear, claimsummarystats.AnnualStatementLineCd, claimsummarystats.StateCd, claimsummarystats.InsuranceTypeCd, claimsummarystats.LitigationInd, claimsummarystats.LossDt, claimsummarystats.ReportDt, claimsummarystats.FirstClosedDt, claimsummarystats.OpenedDt, claimsummarystats.ClosedDt, claimsummarystats.DenialDt, claimsummarystats.FirstIndemnityPaymentDt, claimsummarystats.MTDReserveChangeAmt, claimsummarystats.OutstandingAmt, claimsummarystats.YTDReserveChangeAmt, claimsummarystats.IncreaseDecreaseAmt, claimsummarystats.MTDExpectedRecoveryChangeAmt, claimsummarystats.OutstandingExpectedRecoveryAmt, claimsummarystats.YTDExpectedRecoveryChangeAmt, claimsummarystats.MTDPaidAmt, claimsummarystats.YTDPaidAmt, claimsummarystats.ITDPaidAmt, claimsummarystats.MTDPostedRecoveryAmt, claimsummarystats.ITDPostedRecoveryAmt, claimsummarystats.YTDPostedRecoveryAmt, claimsummarystats.OpeningReserve, claimsummarystats.OriginalReserve, claimsummarystats.OpenedInPeriodCount, claimsummarystats.ReOpenedInPeriodCount, claimsummarystats.ClosedInPeriodCount, claimsummarystats.OpenEndOfPeriodCount, claimsummarystats.ClaimantOpenCount, claimsummarystats.ClaimOpenCount, claimsummarystats.FeatureOpenCount, claimsummarystats.ClaimLastCloseDt, claimsummarystats.ClaimantLastCloseDt, claimsummarystats.FeatureLastCloseDt, claimsummarystats.ReserveLastCloseDt, claimsummarystats.ProductVersionIdRef, claimsummarystats.LossCauseCd, claimsummarystats.SubLossCauseCd, claimsummarystats.ProducerProviderCd, claimsummarystats.ClaimStatusCd, claimsummarystats.ProductName, claimsummarystats.PolicyProductVersionIdRef, claimsummarystats.PolicyProductName, claimsummarystats.PolicyTypeCd, claimsummarystats.PolicyGroupCd, claimsummarystats.MTDIncurredAmt, claimsummarystats.YTDIncurredAmt, claimsummarystats.ITDIncurredAmt, claimsummarystats.MTDIncurredNetRecoveryAmt, claimsummarystats.YTDIncurredNetRecoveryAmt, claimsummarystats.ITDIncurredNetRecoveryAmt, claimsummarystats.CustomerRef, claimsummarystats.AggregateLimit, claimsummarystats.AggregateLimitDescription, claimsummarystats.CatastropheRef, claimsummarystats.CatastropheNumber, claimsummarystats.PropertyDamagedIdRef, claimsummarystats.PropertyDamagedNumber, claimsummarystats.RecordOnly, claimsummarystats.FileReasonCd, claimsummarystats.ClaimantLinkIdRef, claimsummarystats.HistoricPaidAmt, claimsummarystats.HistoricPostedRecoveryAmt, claimsummarystats.DenyTypeCd, claimsummarystats.DenyReasonCd, claimsummarystats.ExaminerProviderCd, claimsummarystats.City, claimsummarystats.ShortDesc, claimsummarystats.FPLiabilityPer, claimsummarystats.State, claimsummarystats.InsuredName, claimsummarystats.ZipCd, claimsummarystats.CoverageDesc, claimsummarystats.PayToVendor, claimsummarystats.CoverageTriggerCd, claimsummarystats.AwarenessDt, claimsummarystats.MajorPerilCd, claimsummarystats.VariableCd1, claimsummarystats.VariableCd2, claimsummarystats.SubLineCd, claimsummarystats.ClaimantIdRef, claimsummarystats.SuitStatus, claimsummarystats.TaxId, claimsummarystats.NumericSummaryTransactionCd, claimsummarystats.ClaimantTransactionCd, claimsummarystats.AdjusterProviderCd, claimsummarystats.CheckDt, claimsummarystats.ISOCode, claimsummarystats.StatLineCd, claimsummarystats.ClassificationCd, claimsummarystats.ConstructionCd, claimsummarystats.YearBuilt, claimsummarystats.TerritoryCd, claimsummarystats.SprinklerCd, claimsummarystats.ProtectionClass, claimsummarystats.CompanyNumber, claimsummarystats.ClassCd, claimsummarystats.CompProgExInd, claimsummarystats.UnderlyingPersonalLiability, claimsummarystats.UmbEndorsementInd, claimsummarystats.UmbPersLiabInd, claimsummarystats.UmbAutoPolicyInd, claimsummarystats.UmbRiskProfileInd, claimsummarystats.NoPaymentReason, claimsummarystats.OtherNoPaymentReason \nFROM\n claimsummarystats where updatedt>='$$m_strtdt' and updatedt<='$$m_Enddt'","isFileList":false,"handleSpecialChars":false,"handleDecimalRoundOff":false,"frsAsset":false,"dynamicFileName":false,"excludeDynamicFileNameField":false,"currentlyProcessedFileName":false,"retainFieldMetadata":false,"objectName":"DUMMY_Src_claimsummarystats","useExactSrcNames":false,"tgtObjectAttributes":{},"runtimeParameterData":{"@type":"mtTaskRuntimeParameterData","isConnectionRuntimeParameter":true,"isObjectRuntimeParameter":false,"connectionParameterName":"DBConnection_SRCM"},"overridableProperties":[],"overriddenFields":[]},{"@type":"mtTaskParameter","id":82035552,"name":"$Tgt_ClaimSummaryStats_stg$","type":"TARGET","label":"DBConnection_TGT","description":"","uiProperties":{"cnxtype":"Amazon Redshift v2","connectionParameterized":"true","paramName":"DBConnection_TGT","paramLabel":"","paramType-mapping":"Connection","logcnx":"DBConnection_TGT","default":"dbo/claimsummarystats_stg","objectParameterized":"false","visible":"false","defaultTargetUpdateColumns":"","supportApplyDDLChanges":"false","originalPath":"Tgt_ClaimSummaryStats_stg"},"targetConnectionId":"@aYZ4ekzHgIPeKpiaoqDLKP","targetObject":"dbo/claimsummarystats_stg","targetObjectLabel":"claimsummarystats_stg","newFlatFile":false,"newObject":false,"showBusinessNames":true,"naturalOrder":true,"truncateTarget":false,"bulkApiDBTarget":false,"operationType":"Insert","customFuncCfg":{"@type":"customFuncConfig","id":-1,"connections":[],"inputMap":[],"outputFields":[]},"targetRefsV2":{},"targetUpdateColumns":[],"extendedObject":{"@type":"extendedObject","singleMode":true,"filters":[],"sortFields":[]},"runtimeAttrs":{},"isRESTModernSource":true,"isFileList":false,"handleSpecialChars":false,"handleDecimalRoundOff":false,"frsAsset":false,"dynamicFileName":false,"excludeDynamicFileNameField":false,"currentlyProcessedFileName":false,"retainFieldMetadata":false,"objectName":"dbo/claimsummarystats_stg","objectLabel":"claimsummarystats_stg","useExactSrcNames":false,"tgtObjectAttributes":{},"runtimeParameterData":{"@type":"mtTaskRuntimeParameterData","isConnectionRuntimeParameter":true,"isObjectRuntimeParameter":false,"connectionParameterName":"DBConnection_TGT"},"overridableProperties":[],"overriddenFields":[]}],"sequences":[],"inOutParameters":[{"@type":"mtTaskInOutParameter","id":"-1","name":"m_strtdt","description":"","initialValue":"","datatype":"STRING","precision":"120","scale":"0","retentionPolicy":"NEVER","aggregationType":"MAX","currentValue":""},{"@type":"mtTaskInOutParameter","id":"-1","name":"m_Enddt","description":"","initialValue":"","datatype":"STRING","precision":"120","scale":"0","retentionPolicy":"NEVER","aggregationType":"MAX","currentValue":""}],"connRuntimeAttrs":[]}]