[{"@type":"mappingTemplate","id":"@1","name":"cdi_map_batch_load_ACX","description":"","autoExpireObject":false,"bundleVersion":"0","assetFrsGuid":"4jyQzhJSYQMiAffYYSSvyY","templateId":"@3","deployTime":1753215656000,"hasParameters":true,"valid":true,"fixedConnection":true,"hasParametersDeployed":true,"fixedConnectionDeployed":true,"isSchemaValidationEnabled":false,"tasks":1,"mappingPreviewFileRecordId":"@2","documentType":"MAPPING","allowMaxFieldLength":false,"specialCharacterSupport":false,"references":[{"@type":"reference","refObjectId":"@aYZ4ekzHgIPeKpiaoqDLKP","refType":"connection"}]}]