[{"@type":"mtTask","id":"@1","name":"s_m_Audit_Load_Balancing_SRC_to_STG_Ld1","description":"Session pushed from PC to ICS : s_m_Audit_Load_Balancing_SRC_to_STG_Ld1","runtimeEnvironmentId":"@94yEUbQ8g09k6LZ0ShdXQQ","maxLogs":10,"verbose":false,"mappingId":"@5FBmPJGjdxilRVT8icIks3","frsGuid":"6V6EiKsB360jvPc4UelxSa","shortDescription":"Session pushed from PC to ICS : s_m_Audit_Load_Bal...","sessionPropertiesList":[{"name":"Allow Temporary Sequence for Pushdown","value":"NO","recommended":false},{"name":"Allow Temporary View for Pushdown","value":"NO","recommended":false},{"name":"Data Column Delimiter","value":"|","recommended":false},{"name":"Error Log File Name","value":"PMError.log","recommended":false},{"name":"Pushdown Optimization","value":"None","recommended":false}],"hidden":false,"enableCrossSchemaPushdown":false,"enableParallelRun":false,"autoTunedApplied":false,"autoTunedAppliedType":"NONE","schemaMode":"async","valid":true,"schemaValidationErrorCount":-1,"serverlessProperties":{},"taskProperties":[{"@type":"taskProperty","name":"parameterFileDir","currentValue":"","type":"STRING","label":"label.parameterFileDir","required":false},{"@type":"taskProperty","name":"parameterFileName","currentValue":"","type":"STRING","label":"label.parameterFileName","required":false},{"@type":"taskProperty","name":"outboundMessageUrlQueueTime","currentValue":"","type":"NUMBER","label":"label.outboundMessageUrlQueueTime","required":false},{"@type":"taskProperty","name":"outboundMessageUrlToken","currentValue":"","type":"STRING","label":"label.outboundMessageUrlToken","required":false}],"optimizationPlan":"NONE","isMidstreamPreview":false,"parameters":[{"@type":"mtTaskParameter","id":88617675,"name":"$SQ_Load_Balancing_Src_to_Import$","type":"SOURCE","label":"SQ_Load_Balancing_Src_to_Import","uiProperties":{"connectionParameterized":"false","isSelectDistinct":"false","objectParameterized":"false","visible":"false","originalPath":"SQ_Load_Balancing_Src_to_Import"},"sourceConnectionId":"@5Zcq1VmIGjxlaDWgHTaKA5","sourceObject":"DUMMY_SQ_Load_Balancing_Src_to_Import","newFlatFile":false,"newObject":false,"showBusinessNames":false,"naturalOrder":true,"truncateTarget":false,"bulkApiDBTarget":false,"customFuncCfg":{"@type":"customFuncConfig","id":-1,"connections":[],"inputMap":[],"outputFields":[]},"targetRefsV2":{},"targetUpdateColumns":[],"runtimeAttrs":{},"oprRuntimeAttrs":{"postSql":"","selectDistinct":"NO","EncryptionType":"None","EnableCompression":"YES","sqlQuery":"","fetchSize":"10000","multipartDownloadThreshold":"5242880","temporaryCredentialDuration":"900","StagingDirectoryLocation":"","schemaName":"","TreatNullValueAsNull":"NO","sourceTableName":"","UnloadOptionsPropertyFile":"","DownloadS3FilesInMultipleParts":"NO","S3BucketName":"","readMode":"Direct","preSql":""},"isRESTModernSource":true,"customQuery":"SELECT Load_Balancing_Src_to_Import.GW_Policy_Count, Load_Balancing_Src_to_Import.GW_Claim_count, Load_Balancing_Src_to_Import.GW_MTDWrittenPremiumAmt, Load_Balancing_Src_to_Import.GW_MTDEarnedPremiumAmount, Load_Balancing_Src_to_Import.GW_LossExpense, Load_Balancing_Src_to_Import.GW_LossPaid, Load_Balancing_Src_to_Import.Import_Policy_Count, Load_Balancing_Src_to_Import.Import_Claim_count, Load_Balancing_Src_to_Import.Import_MTDWrittenPremiumAmt, Load_Balancing_Src_to_Import.Import_MTDEarnedPremiumAmount, Load_Balancing_Src_to_Import.Import_LossExpense, Load_Balancing_Src_to_Import.Import_LossPaid, Load_Balancing_Src_to_Import.Variance_Policy_Count, Load_Balancing_Src_to_Import.Variance_Claim_count, Load_Balancing_Src_to_Import.Variance_MTDWrittenPremiumAmt, Load_Balancing_Src_to_Import.Variance_MTDEarnedPremiumAmount, Load_Balancing_Src_to_Import.Variance_LossExpense, Load_Balancing_Src_to_Import.Variance_LossPaid, Load_Balancing_Src_to_Import.RowInsDt\nFROM\n dbo.Load_Balancing_Src_to_Import  where\nRowinsdt in (select max(Rowinsdt) from dbo.Load_Balancing_Src_to_Import)","isFileList":false,"handleSpecialChars":false,"handleDecimalRoundOff":false,"frsAsset":false,"dynamicFileName":false,"excludeDynamicFileNameField":false,"currentlyProcessedFileName":false,"retainFieldMetadata":false,"objectName":"DUMMY_SQ_Load_Balancing_Src_to_Import","useExactSrcNames":false,"tgtObjectAttributes":{},"runtimeParameterData":{"@type":"mtTaskRuntimeParameterData","isConnectionRuntimeParameter":false,"isObjectRuntimeParameter":false},"overridableProperties":[],"overriddenFields":[]},{"@type":"mtTaskParameter","id":88617676,"name":"$SQ_claimstats$","type":"SOURCE","label":"SQ_claimstats","uiProperties":{"connectionParameterized":"false","isSelectDistinct":"false","objectParameterized":"false","visible":"false","originalPath":"SQ_claimstats"},"sourceConnectionId":"@lclFT82DAAyjTBYcXwsTI3","sourceObject":"DUMMY_SQ_claimstats","newFlatFile":false,"newObject":false,"showBusinessNames":false,"naturalOrder":true,"truncateTarget":false,"bulkApiDBTarget":false,"customFuncCfg":{"@type":"customFuncConfig","id":-1,"connections":[],"inputMap":[],"outputFields":[]},"targetRefsV2":{},"targetUpdateColumns":[],"runtimeAttrs":{},"isRESTModernSource":true,"customQuery":"SELECT Policy_Count,Claim_count, MTDWrittenPremiumAmt, MTDEarnedPremiumAmount, LossExpense,LossPaid \nFROM\n(select max(Policy_Count) as Policy_Count,max(Claim_count) as Claim_count,\nmax(MTDWrittenPremiumAmt) as MTDWrittenPremiumAmt,max(MTDEarnedPremiumAmount) as MTDEarnedPremiumAmount,(sum(ULAEExpense)+sum(ALAEExpense)) as LossExpense,sum(LossPaid) as LossPaid from (select coalesce(sum(ULAEExpense),0) as ULAEExpense,coalesce(sum(ALAEExpense),0) as ALAEExpense,coalesce(sum(LossPaid),0) as LossPaid from  (select case when Reservecd in ('Adjustment') then PaidAmt else NULL end as ULAEExpense,\ncase when ReserveCd='DEFENSE' then PaidAmt else NULL end as ALAEExpense,\ncase when ReserveCd='Indemnity' then PaidAmt else NULL end as LossPaid\nfrom (SELECT \n  sum(Claimstats_Stg.PaidAmt) as PaidAmt,\nClaimstats_Stg.ReserveCd ReserveCd,\nClaimstats_Stg.ClaimantTransactionCd ClaimantTransactionCd,\nClaimstats_Stg.PolicyNumber PolicyNumber,\ncase when length(claimstats_stg.policyversion)='1' then concat('00',claimstats_stg.policyversion)\n             when length(claimstats_stg.policyversion)='2' then concat('0',claimstats_stg.policyversion)\n             else claimstats_stg.policyversion end as policyversion,\nClaimstats_Stg.LineCd LineCd,\nClaimstats_Stg.RiskCd RiskCd,\nClaimstats_Stg.CoverageCd CoverageCd,\nClaimstats_Stg.ClaimNumber ClaimNumber,\nClaimstats_Stg.LosscauseCd LosscauseCd,\nSum(Claimstats_Stg.PostedRecoveryAmt) as PostedRecoveryAmt,\nsum(Claimstats_Stg.ReserveChangeAmt) as ReserveChangeAmt,\nClaimstats_Stg.StateCd StateCd, \n min(Claimstats_Stg.BookDt) as BookDt,\nClaimstats_Stg.TransactionNumber TransactionNumber,\nmin(Claimstats_Stg.AddDt) as AddDt,\nmin(Claimstats_Stg.EffectiveDt) as EffectiveDt,\nClaimstats_Stg.MajorPerilCd MajorPerilCd\nfrom ClaimStats  ClaimStats_stg where adddt>='$$M_StartDt' and adddt<='$$M_EndDt'\ngroup by \n  Claimstats_Stg.PolicyNumber,\nclaimstats_stg.policyversion,\nClaimstats_Stg.LineCd,\nClaimstats_Stg.RiskCd,\nClaimstats_Stg.CoverageCd,\nClaimstats_Stg.ClaimNumber,\nClaimstats_Stg.LosscauseCd,\nClaimstats_Stg.StateCd,\nClaimstats_Stg.ReserveCd,\nClaimstats_Stg.TransactionNumber,\nClaimstats_Stg.ClaimantTransactionCd,\nClaimstats_Stg.MajorPerilCd\n)claimstats)T )CS\ninner join (select coalesce(sum(MTDWrittenPremiumAmt),0) as MTDWrittenPremiumAmt,\ncoalesce(sum(MTDEarnedPremiumAmt),0) as MTDEarnedPremiumAmount from policysummarystats where updatedt>='$$M_StartDt' and updatedt<='$$M_EndDt')PSS\non 1=1\ninner join (select count(policykey) as Policy_Count from \n(select distinct concat(policynumber,policyversion) as policykey from basicpolicy where cmmcontainer='policy' and systemid in \n(\nselect SystemId from advrxxchangedbeans where concat(adddt,addtm)>='$$M_StartDt' and concat(adddt,addtm) <='$$M_EndDt' and\ncmmcontainer='Policy'))x)BP\non 1=1\ninner join (select count(claimnumber) as Claim_count from (select distinct claimnumber from claim left join \n              (Select SystemId from claimPolicyInfo where  ClaimPolicyinfo.cmmcontainer='Claim') ClaimPolicyInfo on \nClaim.Systemid=ClaimPolicyinfo.Systemid \nLeft join (select systemid,id, riskidref from PolicyRisk) PolicyRisk on claim.riskidref = PolicyRisk.id \nwhere \nclaim.cmmcontainer='Claim' \nand claim.systemid in \n(select SystemId from advrxxchangedbeans where concat(adddt,addtm)>='$$M_StartDt' and concat(adddt,addtm) <='$$M_EndDt' and cmmcontainer='Claim' )\n)r)C\non 1=1)SRCLoadBalancing","isFileList":false,"handleSpecialChars":false,"handleDecimalRoundOff":false,"frsAsset":false,"dynamicFileName":false,"excludeDynamicFileNameField":false,"currentlyProcessedFileName":false,"retainFieldMetadata":false,"objectName":"DUMMY_SQ_claimstats","useExactSrcNames":false,"tgtObjectAttributes":{},"runtimeParameterData":{"@type":"mtTaskRuntimeParameterData","isConnectionRuntimeParameter":false,"isObjectRuntimeParameter":false},"overridableProperties":[],"overriddenFields":[]},{"@type":"mtTaskParameter","id":88617677,"name":"$SQ_claimstats_stg$","type":"SOURCE","label":"SQ_claimstats_stg","uiProperties":{"connectionParameterized":"false","isSelectDistinct":"false","objectParameterized":"false","visible":"false","originalPath":"SQ_claimstats_stg"},"sourceConnectionId":"@5Zcq1VmIGjxlaDWgHTaKA5","sourceObject":"DUMMY_SQ_claimstats_stg","newFlatFile":false,"newObject":false,"showBusinessNames":false,"naturalOrder":true,"truncateTarget":false,"bulkApiDBTarget":false,"customFuncCfg":{"@type":"customFuncConfig","id":-1,"connections":[],"inputMap":[],"outputFields":[]},"targetRefsV2":{},"targetUpdateColumns":[],"runtimeAttrs":{},"oprRuntimeAttrs":{"postSql":"","selectDistinct":"NO","EncryptionType":"None","EnableCompression":"YES","sqlQuery":"","fetchSize":"10000","multipartDownloadThreshold":"5242880","temporaryCredentialDuration":"900","StagingDirectoryLocation":"","schemaName":"","TreatNullValueAsNull":"NO","sourceTableName":"","UnloadOptionsPropertyFile":"","DownloadS3FilesInMultipleParts":"NO","S3BucketName":"","readMode":"Direct","preSql":""},"isRESTModernSource":true,"customQuery":"SELECT Load_Balancing_Src_to_Import.GW_Policy_Count, Load_Balancing_Src_to_Import.GW_Claim_count, Load_Balancing_Src_to_Import.GW_MTDWrittenPremiumAmt, Load_Balancing_Src_to_Import.GW_MTDEarnedPremiumAmount, Load_Balancing_Src_to_Import.GW_LossExpense, Load_Balancing_Src_to_Import.GW_LossPaid, Load_Balancing_Src_to_Import.Import_Policy_Count, Load_Balancing_Src_to_Import.Import_Claim_count, Load_Balancing_Src_to_Import.Import_MTDWrittenPremiumAmt, Load_Balancing_Src_to_Import.Import_MTDEarnedPremiumAmount, Load_Balancing_Src_to_Import.Import_LossExpense, Load_Balancing_Src_to_Import.Import_LossPaid, Load_Balancing_Src_to_Import.Variance_Policy_Count, Load_Balancing_Src_to_Import.Variance_Claim_count, Load_Balancing_Src_to_Import.Variance_MTDWrittenPremiumAmt, Load_Balancing_Src_to_Import.Variance_MTDEarnedPremiumAmount, Load_Balancing_Src_to_Import.Variance_LossExpense, Load_Balancing_Src_to_Import.Variance_LossPaid, Load_Balancing_Src_to_Import.RowInsDt \nFROM\n dbo.Load_Balancing_Src_to_Import  where \nRowinsdt in (select max(Rowinsdt) from dbo.Load_Balancing_Src_to_Import)","isFileList":false,"handleSpecialChars":false,"handleDecimalRoundOff":false,"frsAsset":false,"dynamicFileName":false,"excludeDynamicFileNameField":false,"currentlyProcessedFileName":false,"retainFieldMetadata":false,"objectName":"DUMMY_SQ_claimstats_stg","useExactSrcNames":false,"tgtObjectAttributes":{},"runtimeParameterData":{"@type":"mtTaskRuntimeParameterData","isConnectionRuntimeParameter":false,"isObjectRuntimeParameter":false},"overridableProperties":[],"overriddenFields":[]},{"@type":"mtTaskParameter","id":88617678,"name":"$Load_Balancing_Src_to_Import_ERR$","type":"TARGET","label":"Load_Balancing_Src_to_Import_ERR","uiProperties":{"connectionParameterized":"false","objectParameterized":"false","visible":"false","defaultTargetUpdateColumns":"","supportApplyDDLChanges":"false","originalPath":"Load_Balancing_Src_to_Import_ERR"},"targetConnectionId":"@5Zcq1VmIGjxlaDWgHTaKA5","targetObject":"dbo/load_balancing_src_to_import","targetObjectLabel":"load_balancing_src_to_import","newFlatFile":false,"newObject":false,"showBusinessNames":false,"naturalOrder":true,"truncateTarget":false,"bulkApiDBTarget":false,"operationType":"Insert","customFuncCfg":{"@type":"customFuncConfig","id":-1,"connections":[],"inputMap":[],"outputFields":[]},"targetRefsV2":{},"targetUpdateColumns":[],"extendedObject":{"@type":"extendedObject","singleMode":true,"filters":[],"sortFields":[]},"runtimeAttrs":{},"isRESTModernSource":true,"isFileList":false,"handleSpecialChars":false,"handleDecimalRoundOff":false,"frsAsset":false,"dynamicFileName":false,"excludeDynamicFileNameField":false,"currentlyProcessedFileName":false,"retainFieldMetadata":false,"objectName":"dbo/load_balancing_src_to_import","objectLabel":"load_balancing_src_to_import","useExactSrcNames":false,"tgtObjectAttributes":{},"runtimeParameterData":{"@type":"mtTaskRuntimeParameterData","isConnectionRuntimeParameter":false,"isObjectRuntimeParameter":false},"overridableProperties":[],"overriddenFields":[]},{"@type":"mtTaskParameter","id":88617679,"name":"$Load_Balancing_Src_to_Import_INS$","type":"TARGET","label":"Load_Balancing_Src_to_Import_INS","uiProperties":{"connectionParameterized":"false","objectParameterized":"false","visible":"false","defaultTargetUpdateColumns":"","supportApplyDDLChanges":"false","originalPath":"Load_Balancing_Src_to_Import_INS"},"targetConnectionId":"@5Zcq1VmIGjxlaDWgHTaKA5","targetObject":"dbo/load_balancing_src_to_import","targetObjectLabel":"load_balancing_src_to_import","newFlatFile":false,"newObject":false,"showBusinessNames":false,"naturalOrder":true,"truncateTarget":false,"bulkApiDBTarget":false,"operationType":"Insert","customFuncCfg":{"@type":"customFuncConfig","id":-1,"connections":[],"inputMap":[],"outputFields":[]},"targetRefsV2":{},"targetUpdateColumns":[],"extendedObject":{"@type":"extendedObject","singleMode":true,"filters":[],"sortFields":[]},"runtimeAttrs":{},"isRESTModernSource":true,"isFileList":false,"handleSpecialChars":false,"handleDecimalRoundOff":false,"frsAsset":false,"dynamicFileName":false,"excludeDynamicFileNameField":false,"currentlyProcessedFileName":false,"retainFieldMetadata":false,"objectName":"dbo/load_balancing_src_to_import","objectLabel":"load_balancing_src_to_import","useExactSrcNames":false,"tgtObjectAttributes":{},"runtimeParameterData":{"@type":"mtTaskRuntimeParameterData","isConnectionRuntimeParameter":false,"isObjectRuntimeParameter":false},"overridableProperties":[],"overriddenFields":[]}],"sequences":[],"inOutParameters":[{"@type":"mtTaskInOutParameter","id":"-1","name":"M_StartDt","description":"","initialValue":"2023-08-31","datatype":"STRING","precision":"120","scale":"0","retentionPolicy":"NEVER","aggregationType":"MAX","currentValue":""},{"@type":"mtTaskInOutParameter","id":"-1","name":"M_EndDt","description":"","initialValue":"2023-08-31","datatype":"STRING","precision":"120","scale":"0","retentionPolicy":"NEVER","aggregationType":"MAX","currentValue":""}],"connRuntimeAttrs":[]}]