[{"@type":"mappingTemplate","id":"@1","name":"m_update_src_file","description":"","autoExpireObject":false,"bundleVersion":"0","assetFrsGuid":"3xRrR81I4cLe7P71vYsG0E","templateId":"@3","deployTime":1768841835000,"hasParameters":true,"valid":true,"fixedConnection":false,"hasParametersDeployed":true,"fixedConnectionDeployed":false,"isSchemaValidationEnabled":false,"tasks":1,"mappingPreviewFileRecordId":"@2","documentType":"MAPPING","allowMaxFieldLength":false,"specialCharacterSupport":false,"references":[]}]