[{"@type":"mappingTemplate","id":"@1","name":"m_Generate_NCOA_file","description":"","autoExpireObject":false,"bundleVersion":"0","assetFrsGuid":"aDVO3kkI4XFiEAyDACw9k7","templateId":"@3","hasParameters":true,"valid":true,"fixedConnection":false,"hasParametersDeployed":false,"fixedConnectionDeployed":false,"isSchemaValidationEnabled":false,"tasks":0,"mappingPreviewFileRecordId":"@2","documentType":"","allowMaxFieldLength":false,"specialCharacterSupport":false,"references":[{"@type":"reference","refObjectId":"@1ZDOuQpqeAMlt57BF2P1Ut","refType":"fwConfig"}]}]