[{"@type":"mappingTemplate","id":"@1","name":"m_Load_AI_to_AI_Stg_Ld","description":"","autoExpireObject":false,"bundleVersion":"0","assetFrsGuid":"cOFKNHwciC6bzKTjDuoREU","templateId":"@3","deployTime":1742913275000,"hasParameters":true,"valid":true,"fixedConnection":false,"hasParametersDeployed":true,"fixedConnectionDeployed":false,"isSchemaValidationEnabled":false,"tasks":1,"mappingPreviewFileRecordId":"@2","documentType":"","allowMaxFieldLength":false,"specialCharacterSupport":false,"references":[]}]