[{"@type":"mappingTemplate","id":"@1","name":"cdi_map_adm_user_group_share_metal_stg_load","description":"Mapping to perform Step 3 of the ADM UDM process for agency address guidewire data ingestion into Redshift table","autoExpireObject":false,"bundleVersion":"0","assetFrsGuid":"8qXcT0JBh7neEP8yTD0psK","templateId":"@3","hasParameters":true,"valid":true,"fixedConnection":false,"hasParametersDeployed":false,"fixedConnectionDeployed":false,"isSchemaValidationEnabled":false,"tasks":1,"mappingPreviewFileRecordId":"@2","documentType":"MAPPING","allowMaxFieldLength":false,"specialCharacterSupport":false,"references":[]}]