[{"@type":"mtTask","id":"@1","name":"s_m_load_tasklink_to_tasklink_stg","description":"Session pushed from PC to ICS : s_m_load_tasklink_to_tasklink_stg","runtimeEnvironmentId":"@3pADNCV9u0PcgrXjM7rx0t","maxLogs":10,"verbose":false,"lastRunTime":1712148344000,"mappingId":"@423eCadvA8mh4BDUQZYSMA","frsGuid":"4u5COljMIUMcQ6bkQVwpwr","shortDescription":"Session pushed from PC to ICS : s_m_load_tasklink_...","sessionPropertiesList":[{"name":"Allow Temporary Sequence for Pushdown","value":"NO","recommended":false},{"name":"Allow Temporary View for Pushdown","value":"NO","recommended":false},{"name":"Cache LOOKUP() function","value":"YES","recommended":false},{"name":"Commit Interval","value":"10000","recommended":false},{"name":"Commit On End Of File","value":"YES","recommended":false},{"name":"Commit Type","value":"Target","recommended":false},{"name":"Data Column Delimiter","value":"|","recommended":false},{"name":"Error Log File Name","value":"PMError.log","recommended":false},{"name":"Override tracing","value":"Normal","recommended":false},{"name":"Pushdown Optimization","value":"None","recommended":false},{"name":"Pushdown Optimization Context","value":"None","recommended":false},{"name":"Pushdown Optimization Fallback Option","value":"Partial PDO","recommended":false},{"name":"Treat source rows as","value":"Insert","recommended":false}],"enableCrossSchemaPushdown":false,"enableParallelRun":false,"autoTunedApplied":false,"autoTunedAppliedType":"NONE","parameterFileName":"Andover_Param_GW.param","parameterFileDir":"$PMRootDir/andover/parameters","paramFileType":"PARAM_FILE_LOCAL","schemaMode":"async","valid":true,"schemaValidationErrorCount":-1,"serverlessProperties":{},"taskProperties":[{"@type":"taskProperty","name":"parameterFileDir","currentValue":"$PMRootDir/andover/parameters","type":"STRING","label":"label.parameterFileDir","required":false},{"@type":"taskProperty","name":"parameterFileName","currentValue":"Andover_Param_GW.param","type":"STRING","label":"label.parameterFileName","required":false}],"parameters":[{"@type":"mtTaskParameter","id":82847233,"name":"$SQ_tasklink$","type":"SOURCE","label":"DBConnection_SRCM","description":"","uiProperties":{"cnxtype":"MySQL","connectionParameterized":"true","paramName":"DBConnection_SRCM","paramLabel":"","paramType-mapping":"Connection","logcnx":"DBConnection_SRCM","isSelectDistinct":"false","objectParameterized":"false","visible":"false","originalPath":"SQ_tasklink"},"sourceConnectionId":"@jPo49nVatmzbSnPefVZwCV","sourceObject":"DUMMY_SQ_tasklink","newFlatFile":false,"newObject":false,"showBusinessNames":true,"naturalOrder":true,"truncateTarget":false,"bulkApiDBTarget":false,"customFuncCfg":{"@type":"customFuncConfig","id":-1,"connections":[],"inputMap":[],"outputFields":[]},"targetRefsV2":{},"targetUpdateColumns":[],"runtimeAttrs":{},"isRESTModernSource":true,"customQuery":"SELECT distinct tasklink.SystemId, tasklink.ParentId, tasklink.CMMContainer, tasklink.Id, tasklink.IdRef, tasklink.ModelName, tasklink.Status, tasklink.LinkService, tasklink.LinkVariables, tasklink.SearchValue, tasklink.DefaultInd, tasklink.RowId \nFROM\n tasklink\nwhere tasklink.Systemid in (\nselect systemid from advrxxchangedbeans where concat(adddt,addtm)>='$$m_strtdt' and concat(adddt,addtm) <='$$m_Enddt' and\n cmmcontainer='Task'\n)","isFileList":false,"handleSpecialChars":false,"handleDecimalRoundOff":false,"frsAsset":false,"dynamicFileName":false,"excludeDynamicFileNameField":false,"currentlyProcessedFileName":false,"retainFieldMetadata":false,"objectName":"DUMMY_SQ_tasklink","useExactSrcNames":false,"tgtObjectAttributes":{},"runtimeParameterData":{"@type":"mtTaskRuntimeParameterData","isConnectionRuntimeParameter":true,"isObjectRuntimeParameter":false,"connectionParameterName":"DBConnection_SRCM"},"overridableProperties":[],"overriddenFields":[]},{"@type":"mtTaskParameter","id":82847234,"name":"$tasklink_stg$","type":"TARGET","label":"DBConnection_TGT","description":"","uiProperties":{"cnxtype":"Amazon Redshift v2","connectionParameterized":"true","paramName":"DBConnection_TGT","paramLabel":"","paramType-mapping":"Connection","logcnx":"DBConnection_TGT","default":"dbo/tasklink_stg","objectParameterized":"false","visible":"false","defaultTargetUpdateColumns":"","supportApplyDDLChanges":"true","originalPath":"tasklink_stg"},"targetConnectionId":"@aYZ4ekzHgIPeKpiaoqDLKP","targetObject":"dbo/tasklink_stg","targetObjectLabel":"tasklink_stg","newFlatFile":false,"newObject":false,"showBusinessNames":true,"naturalOrder":true,"truncateTarget":false,"bulkApiDBTarget":false,"operationType":"Insert","customFuncCfg":{"@type":"customFuncConfig","id":-1,"connections":[],"inputMap":[],"outputFields":[]},"targetRefsV2":{},"targetUpdateColumns":[],"extendedObject":{"@type":"extendedObject","singleMode":true,"filters":[],"sortFields":[]},"runtimeAttrs":{"Recovery Schema Name":"","Transfer Manager Thread Pool Size":"10","Override Target Query":"","Post-Sql":"","Enable Compression":"YES","S3 Server Side Encryption":"NO","WaitTime In Seconds For S3 File Consistency":"0","Error File Directory":"","Preserve record order on write":"NO","Require Null Value For Char And Varchar":"","Temporary Credential Duration":"7200","Schema Name":"","Analyze Target Table":"NO","Truncate Target Table Before Data Upload":"YES","S3 Client Side Encryption":"NO","Minimum Upload Part Size":"5242880","Number of files per batch":"0","Vacuum Target Table":"None","Prefix To Retain For Staging Files On S3":"","S3 Bucket Name":"nonproddatawarehouseredshiftclust-staging12d1754e-1w9c6risqayrf","Staging Directory Location":"","Max Errors Per Batch Upload Insert":"1","Copy Options":"","Batch Size":"2000000","Treat Source Rows As":"INSERT","Target Table Name":"","Pre-SQL":"","Success File Directory":""},"oprRuntimeAttrs":{"ErrorFileDirectory":"","numberOfFilesPerBatch":"0","S3ServerSideEncryption":"NO","CopyOptionsPropertyFile":"","SuccessFileDirectory":"","StagingDirectoryLocation":"","schemaName":"","AnalyzeTargetTable":"NO","dataIntegritySupport":"NO","PrefixToRetainForStagingFilesOnS3":"","minUploadPartSize":"5242880","targetTableName":"","postSql":"","BatchSize":"2000000","EnableCompression":"YES","TreatSourceRowsAs":"INSERT","RequireNullValueForCharAndVarchar":"","overrideTargetQuery":"","temporaryCredentialDuration":"7200","TruncateTargetTableBeforeDataUpload":"YES","WaitTimeInSecondsForS3FileConsistency":"0","VacuumTargetTable":"None","MaxErrorsPerBatchUploadForInsert":"1","S3ClientSideEncryption":"NO","recoverySchemaName":"","S3BucketName":"nonproddatawarehouseredshiftclust-staging12d1754e-1w9c6risqayrf","txManagerThreadPoolSize":"10","preSql":""},"isRESTModernSource":true,"isFileList":false,"handleSpecialChars":false,"handleDecimalRoundOff":false,"frsAsset":false,"dynamicFileName":false,"excludeDynamicFileNameField":false,"currentlyProcessedFileName":false,"retainFieldMetadata":false,"objectName":"dbo/tasklink_stg","objectLabel":"tasklink_stg","useExactSrcNames":false,"tgtObjectAttributes":{},"targetSchemaMode":"DONT_APPLY_CHANGES","runtimeParameterData":{"@type":"mtTaskRuntimeParameterData","isConnectionRuntimeParameter":true,"isObjectRuntimeParameter":false,"connectionParameterName":"DBConnection_TGT"},"overridableProperties":[],"overriddenFields":[]}],"sequences":[],"inOutParameters":[{"@type":"mtTaskInOutParameter","id":"-1","name":"m_strtdt","description":"","initialValue":"","datatype":"STRING","precision":"120","scale":"0","retentionPolicy":"NEVER","aggregationType":"MAX","currentValue":"2023-11-09 00:00:00.000"},{"@type":"mtTaskInOutParameter","id":"-1","name":"m_Enddt","description":"","initialValue":"","datatype":"STRING","precision":"120","scale":"0","retentionPolicy":"NEVER","aggregationType":"MAX","currentValue":"2023-11-22 00:00:00.000"}],"connRuntimeAttrs":[]}]