[{"@type":"mappingTemplate","id":"@1","name":"m_load_application_stg_from_application","description":"","autoExpireObject":false,"bundleVersion":"0","assetFrsGuid":"2xlF0C44RAddPblCf0gYEm","templateId":"@3","deployTime":1742591698000,"hasParameters":true,"valid":true,"fixedConnection":false,"hasParametersDeployed":true,"fixedConnectionDeployed":false,"isSchemaValidationEnabled":false,"tasks":1,"mappingPreviewFileRecordId":"@2","documentType":"","allowMaxFieldLength":false,"specialCharacterSupport":false,"references":[]}]