[{"@type":"mtTask","id":"@1","name":"s_m_Load_TransactionHistory_Stg_From_TransactionHistory","description":"Session pushed from PC to ICS : s_m_Load_TransactionHistory_Stg_From_TransactionHistory","runtimeEnvironmentId":"@3pADNCV9u0PcgrXjM7rx0t","maxLogs":10,"verbose":false,"mappingId":"@354FByCygkqdjgHecvg6k1","frsGuid":"37rrwFxmy2pgPdlJmRcum4","shortDescription":"Session pushed from PC to ICS : s_m_Load_Transacti...","sessionPropertiesList":[{"name":"Allow Temporary Sequence for Pushdown","value":"NO","recommended":false},{"name":"Allow Temporary View for Pushdown","value":"NO","recommended":false},{"name":"Data Column Delimiter","value":"|","recommended":false},{"name":"Error Log File Name","value":"PMError.log","recommended":false},{"name":"Override tracing","value":"Normal","recommended":false},{"name":"Pushdown Optimization","value":"None","recommended":false},{"name":"Stop on errors","value":"1","recommended":false}],"enableCrossSchemaPushdown":false,"enableParallelRun":false,"autoTunedApplied":false,"autoTunedAppliedType":"NONE","parameterFileName":"","parameterFileDir":"","schemaMode":"async","valid":true,"schemaValidationErrorCount":-1,"serverlessProperties":{},"taskProperties":[{"@type":"taskProperty","name":"parameterFileDir","currentValue":"","type":"STRING","label":"label.parameterFileDir","required":false},{"@type":"taskProperty","name":"parameterFileName","currentValue":"","type":"STRING","label":"label.parameterFileName","required":false}],"jobPriority":"MEDIUM","optimizationPlan":"NONE","parameters":[{"@type":"mtTaskParameter","id":71894575,"name":"$SQ_transactionhistory$","type":"SOURCE","label":"DBConnection_SRCM","description":"","uiProperties":{"cnxtype":"ODBC","connectionParameterized":"true","paramName":"DBConnection_SRCM","paramLabel":"","paramType-mapping":"Connection","logcnx":"DBConnection_SRCM","isSelectDistinct":"false","objectParameterized":"false","visible":"false","isCustomQueryRetainMetaData":"true","originalPath":"SQ_transactionhistory"},"sourceConnectionId":"@jPo49nVatmzbSnPefVZwCV","sourceObject":"DUMMY_SQ_transactionhistory","newFlatFile":false,"newObject":false,"showBusinessNames":true,"naturalOrder":true,"truncateTarget":false,"bulkApiDBTarget":false,"srcFFAttrs":{"@type":"flatFileAttrs","id":11078914,"delimiter":"|","textQualifier":"NONE","escapeChar":"","headerLineNo":1,"firstDataRow":2,"rowDelimiter":0,"consecutiveDelimiter":false},"customFuncCfg":{"@type":"customFuncConfig","id":-1,"connections":[],"inputMap":[],"outputFields":[]},"targetRefsV2":{},"targetUpdateColumns":[],"runtimeAttrs":{},"isRESTModernSource":true,"customQuery":"SELECT distinct transactionhistory.SystemId, transactionhistory.ParentId, transactionhistory.CMMContainer, transactionhistory.Id, transactionhistory.TransactionCd, transactionhistory.TransactionEffectiveDt, transactionhistory.TransactionEffectiveTm, transactionhistory.TransactionUser, transactionhistory.TransactionDt, transactionhistory.TransactionTm, transactionhistory.TransactionLongDescription, transactionhistory.TransactionShortDescription, transactionhistory.TransactionNumber, transactionhistory.SubmissionNumber, transactionhistory.InforcePremiumAmt, transactionhistory.InforceChangePremiumAmt, transactionhistory.WrittenPremiumAmt, transactionhistory.WrittenChangePremiumAmt, transactionhistory.CancelTypeCd, transactionhistory.CancelRequestedByCd, transactionhistory.RewriteToProductVersion, transactionhistory.PremiumCalculationDt, transactionhistory.NewPolicyEffectiveDt, transactionhistory.NewPolicyExpirationDt, transactionhistory.ReleaseHoldReason, transactionhistory.ChangeInfoRef, transactionhistory.BookDt, transactionhistory.MasterTransactionNumber, transactionhistory.ReplacedByTransactionNumber, transactionhistory.ReplacementOfTransactionNumber, transactionhistory.UnAppliedByTransactionNumber, transactionhistory.UnApplyOfTransactionNumber, transactionhistory.StatProcessedInd, transactionhistory.OutputTypeCd, transactionhistory.ApplicationRef, transactionhistory.HoldType, transactionhistory.SourceCd, transactionhistory.DelayInvoiceInd, transactionhistory.PaymentTypeCd, transactionhistory.CheckNumber, transactionhistory.PaymentAmt, transactionhistory.ConversionGroup, transactionhistory.ConversionTemplateIdRef, transactionhistory.ConversionJobRef, transactionhistory.RenewalProviderRef, transactionhistory.RenewalSubProducerCd, transactionhistory.WrittenFeeAmt, transactionhistory.WrittenCommissionFeeAmt, transactionhistory.TransactionCommissionAmt, transactionhistory.FutureTermAutoTransactionInd, transactionhistory.UnapplySource, transactionhistory.ChargeReinstatementFeeInd, transactionhistory.ReferenceNumber, transactionhistory.RowId \r\nFROM\r\n transactionhistory  transactionhistory inner join advrxxchangedbeans advrxxchangedbeans\r\non transactionhistory.Systemid=advrxxchangedbeans.Systemid\r\nand transactionhistory.cmmcontainer=advrxxchangedbeans.cmmcontainer\r\nwhere concat(adddt,addtm)>='$$M_StartDt' and concat(adddt,addtm) <='$$M_EndDt'","isFileList":false,"handleSpecialChars":false,"handleDecimalRoundOff":false,"frsAsset":false,"dynamicFileName":false,"excludeDynamicFileNameField":false,"currentlyProcessedFileName":false,"retainFieldMetadata":false,"objectName":"DUMMY_SQ_transactionhistory","useExactSrcNames":false,"fetchMode":"ORIGINAL","tgtObjectAttributes":{},"runtimeParameterData":{"@type":"mtTaskRuntimeParameterData","isConnectionRuntimeParameter":true,"isObjectRuntimeParameter":false,"connectionParameterName":"DBConnection_SRCM"},"overridableProperties":[],"overriddenFields":[]},{"@type":"mtTaskParameter","id":71894576,"name":"$transactionhistory_stg$","type":"TARGET","label":"DBConnection_TGT","description":"","uiProperties":{"cnxtype":"SqlServer","connectionParameterized":"true","paramName":"DBConnection_TGT","paramLabel":"","paramType-mapping":"Connection","logcnx":"DBConnection_TGT","default":"transactionhistory_stg","objectParameterized":"false","visible":"false","defaultTargetUpdateColumns":"","supportApplyDDLChanges":"false","originalPath":"transactionhistory_stg"},"targetConnectionId":"@aYZ4ekzHgIPeKpiaoqDLKP","targetObject":"transactionhistory_stg","targetObjectLabel":"transactionhistory_stg","newFlatFile":false,"newObject":false,"showBusinessNames":true,"naturalOrder":true,"truncateTarget":true,"bulkApiDBTarget":true,"operationType":"Insert","tgtFFAttrs":{"@type":"flatFileAttrs","id":11078915,"delimiter":"|","textQualifier":"NONE","escapeChar":"","headerLineNo":1,"rowDelimiter":0,"consecutiveDelimiter":false},"customFuncCfg":{"@type":"customFuncConfig","id":-1,"connections":[],"inputMap":[],"outputFields":[]},"targetRefsV2":{},"targetUpdateColumns":[],"extendedObject":{"@type":"extendedObject","singleMode":true,"filters":[],"sortFields":[]},"runtimeAttrs":{"INSERT":"YES"},"isRESTModernSource":true,"isFileList":false,"handleSpecialChars":false,"handleDecimalRoundOff":false,"frsAsset":false,"dynamicFileName":false,"excludeDynamicFileNameField":false,"currentlyProcessedFileName":false,"retainFieldMetadata":false,"objectName":"transactionhistory_stg","objectLabel":"transactionhistory_stg","useExactSrcNames":false,"fetchMode":"ORIGINAL","tgtObjectAttributes":{},"runtimeParameterData":{"@type":"mtTaskRuntimeParameterData","isConnectionRuntimeParameter":true,"isObjectRuntimeParameter":false,"connectionParameterName":"DBConnection_TGT"},"overridableProperties":[],"overriddenFields":[]}],"sequences":[],"inOutParameters":[{"@type":"mtTaskInOutParameter","id":"-1","name":"M_StartDt","description":"","initialValue":"","datatype":"DATETIME","precision":"29","scale":"9","retentionPolicy":"ON_SUCCESS_OR_WARNING","aggregationType":"MAX","currentValue":""},{"@type":"mtTaskInOutParameter","id":"-1","name":"M_EndDt","description":"","initialValue":"","datatype":"DATETIME","precision":"29","scale":"9","retentionPolicy":"ON_SUCCESS_OR_WARNING","aggregationType":"MAX","currentValue":""}],"connRuntimeAttrs":[]}]