[{"@type":"mappingTemplate","id":"@1","name":"m_Load_litigation_to_litigation_stg_Ld","description":"","autoExpireObject":false,"bundleVersion":"0","assetFrsGuid":"3ayngEUkqwXiP1cBZn2msd","templateId":"@3","deployTime":1767815036000,"hasParameters":true,"valid":true,"fixedConnection":false,"hasParametersDeployed":true,"fixedConnectionDeployed":false,"isSchemaValidationEnabled":false,"tasks":1,"mappingPreviewFileRecordId":"@2","documentType":"","allowMaxFieldLength":false,"specialCharacterSupport":false,"references":[]}]