[{"@type":"mappingTemplate","id":"@1","name":"cdi_mps_file_bronze_pms_master_subrogation_ld","description":"This mapping will load data from a File into PMS Subrogation Table (truncate and load)","bundleVersion":"0","assetFrsGuid":"jEALaBZLm6Nd94gSUsAJg2","templateId":"@3","deployTime":1733422786000,"hasParameters":true,"valid":true,"fixedConnection":false,"hasParametersDeployed":true,"fixedConnectionDeployed":false,"isSchemaValidationEnabled":false,"tasks":1,"mappingPreviewFileRecordId":"@2","documentType":"","references":[]}]