[{"@type":"mtTask","id":"@1","name":"s_m_Load_Building_to_Building_Stg_Ld","description":"Session pushed from PC to ICS : s_m_Load_Building_to_Building_Stg_Ld","autoExpireObject":false,"runtimeEnvironmentId":"@3pADNCV9u0PcgrXjM7rx0t","maxLogs":10,"verbose":false,"lastRunTime":1739974577000,"mappingId":"@kRtFaTZxDM4igob27uj1yV","frsGuid":"9TldEGn5UE7bwb6OG7SAoI","shortDescription":"Session pushed from PC to ICS : s_m_Load_Building_...","sessionPropertiesList":[{"name":"Allow Temporary Sequence for Pushdown","value":"NO","recommended":false},{"name":"Allow Temporary View for Pushdown","value":"NO","recommended":false},{"name":"Cache LOOKUP() function","value":"YES","recommended":false},{"name":"Commit On End Of File","value":"YES","recommended":false},{"name":"Data Column Delimiter","value":"|","recommended":false},{"name":"DTM buffer size","value":"2 GB","recommended":false},{"name":"Error Log File Name","value":"PMError.log","recommended":false},{"name":"Log Row Data","value":"YES","recommended":false},{"name":"Pushdown Optimization","value":"None","recommended":false},{"name":"Pushdown Optimization Context","value":"None","recommended":false},{"name":"Pushdown Optimization Fallback Option","value":"Partial PDO","recommended":false}],"hidden":false,"enableCrossSchemaPushdown":false,"enableParallelRun":false,"autoTunedApplied":false,"autoTunedAppliedType":"NONE","parameterFileName":"Andover_Param_GW.param","parameterFileDir":"$PMRootDir/andover/parameters","paramFileType":"PARAM_FILE_LOCAL","schemaMode":"async","valid":true,"schemaValidationErrorCount":-1,"serverlessProperties":{},"taskProperties":[{"@type":"taskProperty","name":"parameterFileDir","currentValue":"$PMRootDir/andover/parameters","type":"STRING","label":"label.parameterFileDir","required":false},{"@type":"taskProperty","name":"parameterFileName","currentValue":"Andover_Param_GW.param","type":"STRING","label":"label.parameterFileName","required":false},{"@type":"taskProperty","name":"outboundMessageUrlQueueTime","currentValue":"","type":"NUMBER","label":"label.outboundMessageUrlQueueTime","required":false},{"@type":"taskProperty","name":"outboundMessageUrlToken","currentValue":"","type":"STRING","label":"label.outboundMessageUrlToken","required":false}],"optimizationPlan":"NONE","isMidstreamPreview":false,"allowMaxFieldLength":false,"specialCharacterSupport":false,"useUserDefinedOrder":false,"parameters":[{"@type":"mtTaskParameter","id":112682983,"name":"$Src_building$","type":"SOURCE","label":"DBConnection_SRCM","description":"","uiProperties":{"cnxtype":"MySQL","connectionParameterized":"true","paramName":"DBConnection_SRCM","paramLabel":"","paramType-mapping":"Connection","logcnx":"DBConnection_SRCM","isSelectDistinct":"false","objectParameterized":"false","visible":"false","originalPath":"Src_building"},"sourceConnectionId":"@1MPwv79N5kdekz7fZXQSas","sourceObject":"DUMMY_Src_building","newFlatFile":false,"newObject":false,"showBusinessNames":true,"naturalOrder":true,"truncateTarget":false,"bulkApiDBTarget":false,"customFuncCfg":{"@type":"customFuncConfig","id":-1,"connections":[],"inputMap":[],"outputFields":[]},"targetRefsV2":{},"targetUpdateColumns":[],"fieldOrderList":[],"runtimeAttrs":{},"isRESTModernSource":true,"customQuery":"SELECT distinct building.SystemId, building.ParentId, building.CMMContainer, building.Id, building.BldgNumber, building.Status, building.BusinessCategory, building.BusinessClass, building.FireAlliedClassCode, building.GLClassCode, building.CrimeClassCode, building.AuditType, building.ConstructionCd, building.RoofCd, building.YearBuilt, building.SqFt, building.Stories, building.InsuredSqFt, building.Units, building.OccupancyCd, building.OccupiedPct, building.InspectionDt, building.ProtectionClass, building.TerritoryCd, building.WindClassCd, building.BuildingLimit, building.ContentsLimit, building.Deductible, building.ValuationMethod, building.InflationGuardPct, building.OrdinanceOrLawInd, building.ScheduledPremiumMod, building.BurglarAlarmCd, building.BurglarAlarmCertificateNumber, building.BurglarAlarmExpirationDt, building.BurglarAlarmExtent, building.BurglarAlarmGrade, building.BurglarAlarmServicedBy, building.NumberOfGuards, building.GuardsClockHourly, building.FireProtection, building.SprinkleredPct, building.FireAlarmCd, building.FireAlarmManufacturer, building.FormType, building.BuildingCoverageType, building.BuildingCovLimit, building.BuildingCoinsurancePct, building.BuildingDeductible, building.BuildingFormType, building.BuildingValuationMethod, building.BuildingInflationGuardPct, building.BuildingOffPremisePowerFailInd, building.BuildingOrdinanceOrLawInd, building.BuildingVacancyPermitInd, building.BuildingVacancyPermitMonths, building.BuildingWindHailInd, building.BuildingWindHailDeductible, building.BuildingBlanketRiskGroupRef, building.BuildingTheftExclusion, building.BuildingAgreedValue, building.BuildingSubsidenceInd, building.ContentsCoverageType, building.ContentsCovLimit, building.ContentsCoinsurancePct, building.ContentsDeductible, building.ContentsFormType, building.ContentsValuationMethod, building.ContentsOffPremisePowerFailInd, building.ContentsWindHailInd, building.ContentsWindHailDeductible, building.ContentsBlanketRiskGroupRef, building.ContentsTheftExclusion, building.ContentsTheftDeductible, building.ContentsAgreedValue, building.ContentsSubsidenceInd, building.BusinessIncomeCoverageType, building.BusinessIncomeCovLimit, building.BusinessIncomeCoinsurancePct, building.BusinessIncomeDeductible, building.BusinessIncomeFormType, building.BusinessIncomeValuationMethod, building.BusinessIncomeLimitLossPayCd, building.BusIncOrdinaryPayrollDays, building.BusIncElectronicRecordsDays, building.BusIncExtPerOfIndemnityDays, building.BusIncIncPerOfRestorationDays, building.BusinessIncomeWindHailInd, building.BusIncWindHailDeductible, building.BusIncBlanketRiskGroupRef, building.BusinessIncomeAgreedValue, building.BusinessIncomeType, building.BusIncDependentPropertyLimit, building.BusinessIncomeOptions, building.BusIncOptCoinsurance, building.BusIncOptMonthlyIndemnity, building.BusinessIncomeSubsidenceInd, building.ExtraExpenseCoverageType, building.ExtraExpenseCovLimit, building.ExtraExpenseCoinsurancePct, building.ExtraExpenseDeductible, building.ExtraExpenseFormType, building.ExtraExpenseWindHailInd, building.ExtraExpenseWindHailDeductible, building.ExtraExpenseLiability, building.ExtraExpenseSubsidenceInd, building.ConstructionIICd, building.SprinkerExclusion, building.VandalisionExclusion, building.GroupII, building.SprinkerCredit, building.BCEGS, building.ImprovementsLimit, building.BuildingOrdLawBLimit, building.BuildingOrdLawCLimit, building.TheftExclusion, building.BlanketOptionCd, building.WindHailExclusion, building.WindHailPct, building.ClassCd, building.PrimaryResidenceInd, building.CovALimit, building.CovBLimit, building.CovBLimitIncluded, building.CovBLimitIncrease, building.CovCLimit, building.CovCLimitIncluded, building.CovCLimitIncrease, building.CovDLimit, building.CovDLimitIncluded, building.CovDLimitIncrease, building.CovELimit, building.CovFLimit, building.AllPerilDed, building.PackageCoverageInd, building.SmokeDetectorInd, building.GateGuardedInd, building.RoofingCd, building.RoofingYear, building.HeatingCd, building.IncidentalBusinessDescription, building.IncidentalBusinessAddress, building.BusinessOffPremisesInd, building.CondoRentedToOthersInd, building.NumOfCondoRentedToOthers, building.NumOfUnitsMotelAndBB, building.NumOfAdditionalResidencesInd, building.NumOfAdditionalResidences, building.ho6SpecialCoverageFlag, building.ho6UnitRentedOthersInd, building.ho6SpecialCoverageBuildingInd, building.NumOfFamiliesSameFire, building.ho4IncreasedLimit, building.SpecialPersonalPropertyInd, building.NumOfStudentsAway, building.TrustInd, building.OriginalSnowmobileLimit, building.ContentRateGroup, building.OptionalDedType, building.HomeDayCareTotalLimit, building.HomeDayCareInd, building.RefrigeratedPropertyInd, building.NumOfWeeksRentedPerYear, building.ResidentialRentalTheftInd, building.NewDwellingOrRenovationInd, building.MotorizedLandConveyanceDesp, building.MotorizedLandConveyanceInd, building.BusinessPursuits, building.NumOfBusPursuits, building.TypeOfBusinessOne, building.TypeOfBusinessTwo, building.IncidentalFarmingInd, building.NonSmokerCreditInd, building.BedBreakFastExtensionInd, building.EstimatedCompletionDate, building.HomeSystemsProtectionInd, building.AccountCreditInd, building.HomeAutoCreditDescription, building.HomeAutoCreditInd, building.IdentityRecoveryInd, building.FireDepartmentServiceCharge, building.SameCompany, building.ResidenceEmployeesInd, building.TownOrRowHouseInd, building.TownOrRowHouse, building.OtherHouseholdMembersName1, building.OtherHouseholdMembersName2, building.OtherHouseholdMembersName3, building.OtherHouseholdMembers, building.CreditCardForgery, building.InflationGuard, building.ReplacementCost, building.SpecifiedAdditionalAmount, building.SpecialComputerInd, building.BusinessPropertyIncLmts, building.SICCode, building.NAICSCode, building.PropertyRateNumber, building.LessorsLiabilityExposureBase, building.LiabilityClassGroup, building.EQ, building.OccupantLiabilityExposureBase, building.EQSL, building.LiabilityClassType, building.Spoilage, building.FullDescription, building.DwellingType, building.DistanceToHydrant, building.DistanceToFireStation, building.TemperatureAlarmType, building.PlumbingSensorType, building.CarbonMonoxideDetectorInd, building.SmokeDetectorsType, building.SprinklerServiceAgreementInd, building.BuildingSprinklerProtection, building.SprinklerSystemInd, building.SprinklerSystemManufacturer, building.SmokeDetectorType, building.EQTerritoryCd, building.BuildingCodeClassification, building.BuildingCodeGrade, building.OccupanciesOtherInd, building.ResidentialUnits, building.OccupanciesOtherDesc, building.WiringElectricalCd, building.WiringElectricalDesc, building.WiringCd, building.WiringDesc, building.WiringAmpService, building.WiringAmpServiceDesc, building.HeatingYear, building.FuelCd, building.FuelDesc, building.CentralHeatInd, building.SpaceHeatersInd, building.SpaceHeatersVentedInd, building.SystemProfessionalInstallInd, building.SeparateFlueInd, building.ChimneyCleanedInd, building.PlumbingCd, building.PlumbingDesc, building.FlatRoofInd, building.NamedPerilsInd, building.BurglaryAndRobberyInd, building.WindOrHailRoofInd, building.BusIncEEPeriodOfIndemnity, building.DamageToPremisesLimit, building.BroadenedDamageInd, building.CondoLossAssessmentLimit, building.CondoMiscRealPropertyLimit, building.CondoLossAssessLimit, building.CondoMiscRealPropLimit, building.NumOfSwimmingPools, building.NumOfPlaygrounds, building.LossValueUndamagedBuilding, building.BIAndEE, building.DemIncCostConstruction, building.DemolitionCostLimit, building.IncreasedCostLimit, building.CombinedLimit, building.DebrisRemovalLimit, building.ApartmentBuildingsCovInd, building.TenantsAutosLegalLiabLimit, building.TenantsAutosDeductibles, building.CustAutosLegalLiabLimit, building.CustAutosDeductibles, building.ResCleaningServicesInd, building.FineArtsLimit, building.EQDeductibleTier, building.EQDeductible, building.MasonryVeneer, building.AccountsReceivableLimit, building.RiskInCondoUnitInd, building.CondoOwnerOccupiedInd, building.NumOfUnitsOwnedAtRisk, building.GuestCottageGarageOutBuilding, building.FitnessFacility, building.SmokeDetectorBattery, building.CarbonMonoxideDetectorBattery, building.SmokeDetectorHardwired, building.CMDetectorHardwired, building.SmokeDetectorPower, building.BurglarAlarm, building.TemperatureAlarm, building.ElectricCircuitBreakers, building.PlumbingSensor, building.ElectricFuses, building.WiringBX, building.WiringRomex, building.WiringAluminum, building.WiringKnobAndTube, building.SixtyAmp, building.WiringOther, building.HundredAmp, building.TwoHundredAmp, building.AmpServiceOther, building.CentralHeat, building.DirectVentedSpaceHeater, building.ThermostatControlled, building.HeatOther, building.NaturalGas, building.Oil, building.Kerosene, building.Propane, building.Coal, building.Wood, building.Copper, building.FuelOther, building.CastIron, building.PlumbingPVC, building.Membrane, building.PlumbingOther, building.Asphalt, building.Metal, building.Composition, building.ConcreteTile, building.Rubber, building.Shingle, building.Slate, building.TarAndGravel, building.Various, building.Woodshake, building.RoofOther, building.RoofDesc, building.FunctionalBPPValuationInd, building.BroadenedDamageToPremisesLimit, building.BuildingClassDescription, building.ContentClassDescription, building.InsuredBuilderInd, building.OtherStructuresIncluded, building.BuildingTypeCd, building.CovELimitIncluded, building.CovELimitIncrease, building.CovLLimit, building.CovMLimit, building.Residence, building.FuelTankLocation, building.PPNumber, building.PurchaseDate, building.WiringYear, building.PlumbingYear, building.UnderConstruction, building.ElectricalType, building.ElectricalService, building.ElectricalYear, building.RoofPitch, building.RoofYear, building.Heating, building.SolarPanel, building.LossSettlementType, building.AutoPolicyInd, building.WaterTempAlarm, building.EarthQuakeZone, building.Comment, building.WindHailDed, building.InsuredBuilderInd2, building.EquipmentBreakdownInd, building.WaterBackupLimit, building.WaterBackupOtherLimit, building.RecalculatePremium, building.RiskFactor, building.Reason, building.SmokeDetectorCd, building.DwellingStyle, building.Seasonal, building.RentedWeekly, building.WeeksRented, building.NewHomeUnderConstruction, building.Program, building.ExtendedCoverageInd, building.VandalismInd, building.NumOfFamilies, building.DistanceHydrant, building.DistanceFireStation, building.FireAlarm, building.SprinklerSystem, building.MobileHomeInd, building.OnPermanentFoundation, building.OtherStructures, building.OtherStructuresIncreaseLimit, building.RentalValue, building.RentalValueIncreasedLimit, building.AdditionalLivingExpenseLimit, building.AddlLivingExpIncLimit, building.BuildingItemsLimit, building.BuildingItemsSpecialCoverage, building.LossAssessmentLimit, building.StandardDed, building.OptionalDed, building.BusinessIncomeLimit, building.IceDamageDed, building.WaterLossDed, building.PremisesLiability, building.MedicalPayments, building.AdditionalCoverageInd, building.PersonalInjuryLiabilityInd, building.InstalledGeneratorCreditInd, building.LowTemperatureMonitorCreditInd, building.FungiProperty, building.FungiLiability, building.EnhancedHomeReplacementCostInd, building.OrdinanceOrLaw, building.WaterBackup, building.Earthquake, building.EarthquakeLoss, building.CondoIncludesEarthquakeLoss, building.Sinkhole, building.PermittedIncidentalOccupancy, building.IncidentalContentsLimit, building.MerchandiseInStorageLimit, building.AutomaticIncreaseInInsurance, building.BroadTheftOnPremisesLimit, building.BroadTheftOffPremisesLimit, building.LimitedTheftOnPremisesLimit, building.OnPremisesLimit, building.OffPremisesLimit, building.TreesShrubsPlantsLimit, building.WindstormHailApplicable, building.AwningsLimit, building.SignsLimit, building.OutdoorRadioTVAntennasLimit, building.TheftToDwellUnderConst, building.MiscellaneousEndorsement, building.MiscellaneousEndorsementAmount, building.MiscellaneousEndorsementLimit, building.FormNumber, building.Description, building.FatFryingConducted, building.FryingComprises, building.BuildingClass, building.ContentsClass, building.BlanketBasisInd, building.NumOfApartmentCondo, building.NumOfApartmentCondoBuilding, building.MaxNumOfAptCondoBetBrickWalls, building.NumOfBuildingsComplex, building.MaxNumOfUnitsBetweenBrickWalls, building.BusinessOccupationPercentage, building.NumOfPools, building.ActualCashValueInd, building.ExcessLiability, building.UmbrellaLiability, building.InflationGuardInd, building.NonOwnedAutoInd, building.HiredAutoInd, building.EmployeeDishonesty, building.NumOfEmployees, building.IncreaseForgeryLimitsInd, building.EnhancementPlusInd, building.ModSuperiorEnhancementInd, building.SuperiorEnhancementInd, building.SupEnhancementComplexesInd, building.NumOfLandlords, building.NumOfAdditionalInsureds, building.ARLimit, building.ValuablePapersRecords, building.ExteriorSignsLimit, building.InteriorGlassInd, building.IntGlassTotGrndToSecondFlr, building.IntGlassTotAboveSecondFlr, building.ExteriorGlassInd, building.ExtGlassTotGrndToSecondFlr, building.ExtGlassTotAbvSecondFlr, building.IrregularGlassInd, building.IrregularGlassValue, building.DirectorsOfficersLiability, building.UnderdamagedBldgCovInd, building.DemolitionLimit, building.IncreasedCostConstructionLimit, building.CombDemolitionIncCostLimit, building.FoodSpoilageInd, building.FoodSpoilageLimit, building.BurglaryRobberyInd, building.EarthquakeInd, building.AgreedAmountInd, building.ProfessionalLiability, building.ProfessionalOccupation, building.NumOfOccupation, building.NumOfSubContractors, building.IncreasedTransitLimit, building.EmployeeBenefitsLiability, building.CondoCommlUnitOwnLossAssLimit, building.OthCondoCommUnitOwnLossAssLmt, building.MiscRealPropertyLimit, building.OtherMiscRealPropertyLimit, building.TenantsFireLiabilityLimit, building.TenantsLiabilityLimit, building.ExpenseMod, building.IndividualRiskPremiumMod, building.StateFireFeeInd, building.MSBRCTReplacementCost, building.MSBRCTReconstructionCost, building.MSBRCTConstructionType, building.MSBPolicyNumber, building.MSBRCTPolicyNumber, building.BldgCounterNumber, building.CLUEPropertyRequestInd, building.APlusPropertyDataReportInd, building.EarthquakePerilInd, building.CondoEarthquakePerilInd, building.PrimaryResidence, building.OtherResidence, building.NumStructuresLimit, building.Structure1Description, building.Structure1Value, building.Structure2Description, building.Structure2Value, building.ISOLocationProtectionClass, building.FireDistrict, building.FireStation, building.FireHydrant, building.DistToWater, building.DistToCoast, building.FutureProtectionClass, building.ISOLocationDataReportInd, building.MaxNumFamPerStrucLimit, building.NoBusinessRentalUseLimit, building.OffPremOnBusRentalUseLimit, building.NotInCovBoffPremLimitQuestion, building.ExtendedCoverageBQuestion, building.InCovBNumStructuresAddlLimit, building.InCovBNumStructuresIncluded, building.InCovBStructure1Description, building.InCovBStructure1Value, building.InCovBStructure2Description, building.InCovBStructure2Value, building.Sec1OtherResidenceLimit, building.AddAltOtherResLimit, building.LandLordFurnishingsInd, building.Unit1, building.Unit2, building.Unit3, building.JewelryLimit, building.MoneyLimit, building.GunsLimit, building.FishingEquipmentLimit, building.SilverLimit, building.SecuritiesLimit, building.PortableElectronicsLimit, building.IncrPersonalPropStoreLimit, building.NotInCovBOnPremLimit, building.NotInCovBIncBusLimit, building.NotInCovBoffPremLimit, building.OffPremNoBusQuestion, building.PersonalPropOtherLimit, building.OrdOrLawLimit, building.RplcmntCostPersonalPropInd, building.BicyclesLimit, building.BicycleAmt, building.DistanceToShoreRequestInd, building.FloodZoneRequestInd, building.ElevationRequestInd, building.SIRCoastlineRequestInd, building.WindZoneRequestInd, building.CamEquipmentLimit, building.CamEquipmentAmt, building.CamEquipAgreedLimit, building.CamEquipmentAgreedAmt, building.CardCollectionLimit, building.CardCollectionAmt, building.CoinLimit, building.CoinAmt, building.CoinAgreedLimit, building.AgreedCoinAmt, building.FineArtNoBreakageLimit, building.FANoBreakAmt, building.FineArtWithBreakageLimit, building.FAWithBreakAmt, building.GolfCartsLimit, building.FursLimit, building.FursLimitAgreedAmt, building.GolfCartCollisionInd, building.GolfCartAmt, building.GolfEquipmentLimit, building.GolfCartEquipAmt, building.GolfEquipAgreedLimit, building.GolfCartEquipAgreedAmt, building.GunLimit, building.GunsAmt, building.HearingAidsLimit, building.HearingAidAmt, building.JewelryNotInVaultLimit, building.JewelNotInVaultAmt, building.JewelryNotInVaultAgreedLimit, building.JewelAgreedNotInVaultAmt, building.JewelryInVaultLimit, building.JewelInVaultAmt, building.JewelryInVaultAgreedLimit, building.JewelryInVaultAmt, building.MusicInstrNonProLimit, building.NonProInstrAmt, building.NonProAgreedLimit, building.NonProAgreedAmt, building.ScubaEquipmentLimit, building.ScubaEquipAmt, building.SilverwareLimit, building.SilverwareAmt, building.SilverwareAgreedLimit, building.AgreedSilvewareAmt, building.StampsLimit, building.StampAmt, building.StampsAgreedLimit, building.StampsAgreedAmt, building.TackLimit, building.TackAmt, building.ToolsLimit, building.ToolsAmt, building.TractorsLimit, building.TractorAmt, building.SkiEquipmentLimit, building.SkiEquipAmt, building.DistanceToShore, building.Elevation, building.FloodZone, building.SIRCoastline, building.BoatNumberLimit, building.WatercraftProgramAmount, building.WatercraftLength, building.Horsepower, building.Diesel, building.WatercraftLiabilityType, building.WatercraftOpArea, building.WatercraftPhysicalDmg, building.PleasureBoatDed, building.WatercraftPrefPhysicalDmg, building.PrefTrailerLimit, building.PrefTowingLimit, building.SnowmobileTotalPropertyLimit, building.SnowmobileTotalNum, building.OwnedSnowmobileInd, building.NumOfSnowmobiles, building.NumOfAddlSnowmobiles, building.TotalNumberofTrustees, building.TotalNumberOfTrusts, building.PermIncBusinessInd, building.NumOfIncBusinOccup, building.AssistedLivingCareInd, building.AssistLiveCareAddlLimit, building.AssistedLivingCareLiabLimit, building.AssistedLivingCareNumFac, building.ClarifyingCondoCov, building.CyberLiabilityLimit, building.CyberLiabilityBPPInd, building.CyberLiabilitySales, building.CyberLiabilityNumUnits, building.CyberLiabilityRetroDate, building.CyberLiabilityAdded, building.CyberLiabExtdRptPrd, building.CyberLiabExtdEffDt, building.CyberLiabExtdExpDt, building.CyberLiabilityPremium, building.ISOPrevAddrHash, building.ProtectionClassType, building.PCFirstSplitValue, building.PCSecondSplitValue, building.AgeCredit, building.DUPCCredit, building.FloodZonePrevAddrHash, building.OnAssBoardOfDirectors, building.EmployeeRedefined, building.H107Ind, building.BusinessLiabExclFormInd, building.BusinessLiabExclForm, building.BusinessLiabExclFormDesc, building.RowId , \ncase \n when distancetoshore like 'More Than 10 Miles%' then '10' \n when distancetoshore like '%Mile%' then\n ltrim(rtrim(substring(distancetoshore,instr(distancetoshore,'-')+2,instr(distancetoshore,'M')- instr(distancetoshore,'-')-3)))\n when distancetoshore like '%Mi' then\n ltrim(rtrim(substring(distancetoshore,instr(distancetoshore,'-')+2,instr(distancetoshore,'M')- instr(distancetoshore,'-')-3))) \n  when distancetoshore like '%mi' then\n ltrim(rtrim(substring(distancetoshore,instr(distancetoshore,'-')+2,instr(distancetoshore,'m')- instr(distancetoshore,'-')-3)))  \nelse null end\n as distancetoshoreMile\n , case when distancetoshore like '%Feet%' then\n ltrim(rtrim(substring(distancetoshore,instr(distancetoshore,'-')+2,instr(distancetoshore,'F')- instr(distancetoshore,'-')-3))) else null end\n as   distancetoshoreFeet,\n case \n when SIrcoastline like 'More Than 10 Miles%' then '10'  \n when SIrcoastline like '%Mile%' then\n ltrim(rtrim(substring(SIrcoastline,instr(SIrcoastline,'-')+2,instr(SIrcoastline,'M')- instr(SIrcoastline,'-')-3)))  \n when SIrcoastline like '%Mi' then\n ltrim(rtrim(substring(SIrcoastline,instr(SIrcoastline,'-')+2,instr(SIrcoastline,'M')- instr(SIrcoastline,'-')-3)))\n when SIrcoastline like '%mi' then\n ltrim(rtrim(substring(SIrcoastline,instr(SIrcoastline,'-')+2,instr(SIrcoastline,'m')- instr(SIrcoastline,'-')-3)))\n else null end\n as SIrcoastlineMile\n , case when SIrcoastline like '%Feet%' then\n ltrim(rtrim(substring(SIrcoastline,instr(SIrcoastline,'-')+2,instr(SIrcoastline,'F')- instr(SIrcoastline,'-')-3))) else null end\n as SIrcoastlineFeet\n,Tier\n,building.ExtBuildingBroadLimit\n,building.ExtBuildingEQLimit\n,building.ExtBuildingFloodLimit\n,building.ElitePackageInd\n,building.PurchasedLast12Months\nFROM\n building where cmmcontainer in ('Policy','Application') and systemid in (select SystemId from advrxxchangedbeans where concat(adddt,addtm)>='$$M_StartDt' and concat(adddt,addtm) <='$$M_EndDt' and\n cmmcontainer in ('Policy','Application'))","commandType":0,"isFileList":false,"handleSpecialChars":false,"handleDecimalRoundOff":false,"frsAsset":false,"dynamicFileName":false,"excludeDynamicFileNameField":false,"currentlyProcessedFileName":false,"retainFieldMetadata":false,"objectName":"DUMMY_Src_building","useExactSrcNames":false,"userUpdated":true,"tgtObjectAttributes":{},"runtimeParameterData":{"@type":"mtTaskRuntimeParameterData","isConnectionRuntimeParameter":true,"isObjectRuntimeParameter":false,"connectionParameterName":"DBConnection_SRCM"},"overridableProperties":[],"overriddenFields":[]},{"@type":"mtTaskParameter","id":112682984,"name":"$Tgt_Building_Stg$","type":"TARGET","label":"Tgt_Building_Stg","uiProperties":{"connectionParameterized":"false","objectParameterized":"false","visible":"false","defaultTargetUpdateColumns":"","supportApplyDDLChanges":"false","originalPath":"Tgt_Building_Stg"},"targetConnectionId":"@aYZ4ekzHgIPeKpiaoqDLKP","targetObject":"dbo/building_stg","targetObjectLabel":"building_stg","newFlatFile":false,"newObject":false,"showBusinessNames":false,"naturalOrder":true,"truncateTarget":false,"bulkApiDBTarget":false,"operationType":"Insert","customFuncCfg":{"@type":"customFuncConfig","id":-1,"connections":[],"inputMap":[],"outputFields":[]},"targetRefsV2":{},"targetUpdateColumns":[],"fieldOrderList":[],"extendedObject":{"@type":"extendedObject","singleMode":true,"filters":[],"sortFields":[]},"runtimeAttrs":{},"isRESTModernSource":true,"commandType":0,"isFileList":false,"handleSpecialChars":false,"handleDecimalRoundOff":false,"frsAsset":false,"dynamicFileName":false,"excludeDynamicFileNameField":false,"currentlyProcessedFileName":false,"retainFieldMetadata":false,"objectName":"dbo/building_stg","objectLabel":"building_stg","useExactSrcNames":false,"userUpdated":true,"tgtObjectAttributes":{},"runtimeParameterData":{"@type":"mtTaskRuntimeParameterData","isConnectionRuntimeParameter":false,"isObjectRuntimeParameter":false},"overridableProperties":[],"dbSchema":"","overriddenFields":[]}],"sequences":[],"inOutParameters":[{"@type":"mtTaskInOutParameter","id":"-1","name":"M_StartDt","description":"","initialValue":"2023-01-01 00:00:00.000","datatype":"STRING","precision":"120","scale":"0","retentionPolicy":"NEVER","aggregationType":"MAX","currentValue":"2023-01-01 00:00:00.000"},{"@type":"mtTaskInOutParameter","id":"-1","name":"M_EndDt","description":"","initialValue":"2099-10-21 01:24:10.880","datatype":"STRING","precision":"120","scale":"0","retentionPolicy":"NEVER","aggregationType":"MAX","currentValue":"2099-10-21 01:24:10.880"}],"connRuntimeAttrs":[]}]