[{"@type":"mappingTemplate","id":"@1","name":"Mapping17","description":"","autoExpireObject":false,"bundleVersion":"0","assetFrsGuid":"kAWVKlDmy67lLlPqEC6smy","templateId":"@3","deployTime":1739909244000,"hasParameters":false,"valid":true,"fixedConnection":true,"hasParametersDeployed":false,"fixedConnectionDeployed":true,"isSchemaValidationEnabled":false,"tasks":1,"mappingPreviewFileRecordId":"@2","documentType":"MAPPING","allowMaxFieldLength":false,"specialCharacterSupport":false,"references":[{"@type":"reference","refObjectId":"@aYZ4ekzHgIPeKpiaoqDLKP","refType":"connection"}]}]