[{"@type":"mtTask","id":"@1","name":"cdi_tsk_map_predictive_analytics_search_criteria_silver_load","autoExpireObject":false,"runtimeEnvironmentId":"@3pADNCV9u0PcgrXjM7rx0t","maxLogs":10,"verbose":false,"lastRunTime":1762973134000,"mappingId":"@1JTfTkVIYT7fApHOq4LKMh","frsGuid":"i27MSsdaj2slm8RiZzsvUi","sessionPropertiesList":[{"name":"Pushdown Optimization","value":"None","recommended":false},{"name":"Pushdown Optimization Context","value":"None","recommended":false},{"name":"Pushdown Optimization Fallback Option","value":"Partial PDO","recommended":false}],"hidden":false,"enableCrossSchemaPushdown":true,"enableParallelRun":false,"autoTunedApplied":false,"autoTunedAppliedType":"NONE","parameterFileName":"Andover_Param_ACX.param","parameterFileDir":"$PMRootDir/andover/parameters","paramFileType":"PARAM_FILE_LOCAL","schemaMode":"async","valid":true,"schemaValidationErrorCount":-1,"serverlessProperties":{},"taskProperties":[{"@type":"taskProperty","name":"parameterFileDir","currentValue":"$PMRootDir/andover/parameters","type":"STRING","label":"label.parameterFileDir","required":false},{"@type":"taskProperty","name":"parameterFileName","currentValue":"Andover_Param_ACX.param","type":"STRING","label":"label.parameterFileName","required":false},{"@type":"taskProperty","name":"outboundMessageUrlQueueTime","currentValue":"","type":"NUMBER","label":"label.outboundMessageUrlQueueTime","required":false},{"@type":"taskProperty","name":"outboundMessageUrlToken","currentValue":"","type":"STRING","label":"label.outboundMessageUrlToken","required":false}],"optimizationPlan":"NONE","isMidstreamPreview":false,"allowMaxFieldLength":false,"specialCharacterSupport":false,"useUserDefinedOrder":false,"parameters":[{"@type":"mtTaskParameter","id":140384126,"name":"$src_search_criteria$","type":"SOURCE","label":"DBConnection_ACX_SRC","description":"","uiProperties":{"cnxtype":"Amazon Redshift v2","connectionParameterized":"true","paramName":"DBConnection_ACX_SRC","paramLabel":"","paramType-mapping":"Connection","logcnx":"DBConnection_ACX_SRC","isSelectDistinct":"false","objectParameterized":"false","visible":"false","originalPath":"src_search_criteria"},"sourceConnectionId":"@aYZ4ekzHgIPeKpiaoqDLKP","sourceObject":"DUMMY_src_search_criteria","newFlatFile":false,"newObject":false,"showBusinessNames":true,"naturalOrder":true,"truncateTarget":false,"bulkApiDBTarget":false,"customFuncCfg":{"@type":"customFuncConfig","id":-1,"connections":[],"inputMap":[],"outputFields":[]},"targetRefsV2":{},"targetUpdateColumns":[],"fieldOrderList":[],"runtimeAttrs":{},"isRESTModernSource":true,"customQuery":"WITH current_batch AS (\n    SELECT \n        bls.batch_id,\n        bls.source_start_cutoff_datetime,\n        bls.source_end_cutoff_datetime\n    FROM $$operational_schema.batch_load_summary bls\n    WHERE bls.source_system_code = '$$sourcesystemcode'\n      AND bls.batch_status = 'Inprogress'\n      AND bls.target_schema_name = '$$refined_schema'\n      AND bls.target_table_name = '$$target_table_name'\n      AND bls.batch_id = (\n          SELECT MAX(batch_id)\n          FROM $$operational_schema.batch_load_summary\n          WHERE source_system_code = '$$sourcesystemcode'\n            AND batch_status = 'Inprogress'\n            AND target_schema_name = '$$refined_schema'\n            AND target_table_name = '$$target_table_name'\n      )\n)\nselect distinct \nbronze_scea.acx_search_criteria_ea_row_id,\nbronze_scea.acx_search_criteria_ea_batch_id,\nbronze_scea.originating_source_name \tas originating_source_name,\nbronze_scea.originating_load_type \t\tas originating_load_type,\nbronze_scea.acx_search_criteria_ea_row_md5checksum,\nbronze_scea.acx_search_criteria_ea_row_effective_start_datetime,\nbronze_scea.acx_search_criteria_ea_row_effective_end_datetime,\nbronze_scea.acx_search_criteria_ea_row_status,\nbronze_scea.system_id \t\t\t\t\tas source_system_system_id,\nbronze_scea.parent_id \t\t\t\t\tas source_system_parent_id,\nbronze_scea.cmm_container \t\t\t\tas predictive_analytics_search_criteria_type ,\nbronze_scea.id \t\t\t\t\t\t\tas predictive_analytics_search_criteria_row_source_system_key,\nbronze_scea.search_criteria_name \t\tas search_criteria_name,\nbronze_scea.search_criteria_value \t\tas search_criteria_value,\nbronze_scea.type \t\t\t\t\t\tas source_system_type,\nbronze_scea.key_parent_bean_ref_id \t\tas key_parent_bean_reference_id,\nbronze_scea.row_id \t\t\t\t\t\tas source_system_row_id,\ncb.batch_id \t\t\t\t\t\t\tAS batch_id,\nsilver_sc.predictive_analytics_search_criteria_id,\nsilver_sc.predictive_analytics_search_criteria_row_md5checksum\nFROM $$staging_schema.acx_search_criteria_ea bronze_scea\nLEFT JOIN $$refined_schema.predictive_analytics_search_criteria silver_sc\n    ON COALESCE(TRIM(bronze_scea.id), '') = COALESCE(CAST(silver_sc.predictive_analytics_search_criteria_row_source_system_key AS VARCHAR), '')\n   AND CAST(TRIM(bronze_scea.system_id) AS INT) = CAST(silver_sc.source_system_system_id AS INT)\n   AND COALESCE(TRIM(bronze_scea.cmm_container), '') = COALESCE(silver_sc.predictive_analytics_search_criteria_type, '')\n   AND silver_sc.predictive_analytics_search_criteria_row_effective_end_datetime = '9999-12-31 00:00:00.000'\n   AND silver_sc.predictive_analytics_search_criteria_row_status = 'Active'\nCROSS JOIN current_batch cb\nORDER BY \n    bronze_scea.system_id,\n    bronze_scea.cmm_container,\n    bronze_scea.id;","commandType":0,"isFileList":false,"handleSpecialChars":false,"handleDecimalRoundOff":false,"frsAsset":false,"dynamicFileName":false,"excludeDynamicFileNameField":false,"currentlyProcessedFileName":false,"retainFieldMetadata":false,"objectName":"DUMMY_src_search_criteria","useExactSrcNames":false,"userUpdated":true,"fetchMode":"ORIGINAL","tgtObjectAttributes":{},"runtimeParameterData":{"@type":"mtTaskRuntimeParameterData","isConnectionRuntimeParameter":false,"isObjectRuntimeParameter":false,"connectionParameterName":"DBConnection_ACX_SRC"},"overridableProperties":[],"overriddenFields":[]},{"@type":"mtTaskParameter","id":140384127,"name":"$tgt_insert_records$","type":"TARGET","label":"DBConnection_ACX_TGT","description":"","uiProperties":{"cnxtype":"Amazon Redshift v2","connectionParameterized":"true","paramName":"DBConnection_ACX_TGT","paramLabel":"","paramType-mapping":"Connection","logcnx":"DBConnection_ACX_TGT","default":"silver/predictive_analytics_search_criteria","objectParameterized":"false","visible":"false","defaultTargetUpdateColumns":"","supportApplyDDLChanges":"false","originalPath":"tgt_insert_records"},"targetConnectionId":"@aYZ4ekzHgIPeKpiaoqDLKP","targetObject":"silver/predictive_analytics_search_criteria","targetObjectLabel":"silver/predictive_analytics_search_criteria","newFlatFile":false,"newObject":false,"showBusinessNames":true,"naturalOrder":true,"truncateTarget":false,"bulkApiDBTarget":false,"operationType":"Insert","customFuncCfg":{"@type":"customFuncConfig","id":-1,"connections":[],"inputMap":[],"outputFields":[]},"targetRefsV2":{},"targetUpdateColumns":[],"fieldOrderList":[],"extendedObject":{"@type":"extendedObject","singleMode":true,"filters":[],"sortFields":[]},"runtimeAttrs":{},"isRESTModernSource":true,"commandType":0,"isFileList":false,"handleSpecialChars":false,"handleDecimalRoundOff":false,"frsAsset":false,"dynamicFileName":false,"excludeDynamicFileNameField":false,"currentlyProcessedFileName":false,"retainFieldMetadata":false,"objectName":"silver/predictive_analytics_search_criteria","objectLabel":"silver/predictive_analytics_search_criteria","useExactSrcNames":false,"userUpdated":true,"fetchMode":"ORIGINAL","tgtObjectAttributes":{},"runtimeParameterData":{"@type":"mtTaskRuntimeParameterData","isConnectionRuntimeParameter":false,"isObjectRuntimeParameter":false,"connectionParameterName":"DBConnection_ACX_TGT"},"overridableProperties":[],"targetSchemaProviderType":"SELECTED_OBJECT","dbSchema":"","overriddenFields":[]},{"@type":"mtTaskParameter","id":140384128,"name":"$tgt_update_closeout$","type":"TARGET","label":"DBConnection_ACX_TGT","description":"","uiProperties":{"cnxtype":"Amazon Redshift v2","connectionParameterized":"true","paramName":"DBConnection_ACX_TGT","paramLabel":"","paramType-mapping":"Connection","logcnx":"DBConnection_ACX_TGT","default":"silver/predictive_analytics_search_criteria","objectParameterized":"false","visible":"false","defaultTargetUpdateColumns":"predictive_analytics_search_criteria_id","supportApplyDDLChanges":"false","originalPath":"tgt_update_closeout"},"targetConnectionId":"@aYZ4ekzHgIPeKpiaoqDLKP","targetObject":"silver/predictive_analytics_search_criteria","targetObjectLabel":"silver/predictive_analytics_search_criteria","newFlatFile":false,"newObject":false,"showBusinessNames":true,"naturalOrder":true,"truncateTarget":false,"bulkApiDBTarget":false,"operationType":"Update","customFuncCfg":{"@type":"customFuncConfig","id":-1,"connections":[],"inputMap":[],"outputFields":[]},"targetRefsV2":{},"targetUpdateColumns":["predictive_analytics_search_criteria_id"],"fieldOrderList":[],"extendedObject":{"@type":"extendedObject","singleMode":true,"filters":[],"sortFields":[]},"runtimeAttrs":{},"isRESTModernSource":true,"commandType":0,"isFileList":false,"handleSpecialChars":false,"handleDecimalRoundOff":false,"frsAsset":false,"dynamicFileName":false,"excludeDynamicFileNameField":false,"currentlyProcessedFileName":false,"retainFieldMetadata":false,"objectName":"silver/predictive_analytics_search_criteria","objectLabel":"silver/predictive_analytics_search_criteria","useExactSrcNames":false,"userUpdated":true,"fetchMode":"ORIGINAL","tgtObjectAttributes":{},"runtimeParameterData":{"@type":"mtTaskRuntimeParameterData","isConnectionRuntimeParameter":false,"isObjectRuntimeParameter":false,"connectionParameterName":"DBConnection_ACX_TGT"},"overridableProperties":[],"targetSchemaProviderType":"SELECTED_OBJECT","dbSchema":"","overriddenFields":[]},{"@type":"mtTaskParameter","id":140384129,"name":"$tgt_update_records$","type":"TARGET","label":"DBConnection_ACX_TGT","description":"","uiProperties":{"cnxtype":"Amazon Redshift v2","connectionParameterized":"true","paramName":"DBConnection_ACX_TGT","paramLabel":"","paramType-mapping":"Connection","logcnx":"DBConnection_ACX_TGT","default":"silver/predictive_analytics_search_criteria","objectParameterized":"false","visible":"false","defaultTargetUpdateColumns":"","supportApplyDDLChanges":"false","originalPath":"tgt_update_records"},"targetConnectionId":"@aYZ4ekzHgIPeKpiaoqDLKP","targetObject":"silver/predictive_analytics_search_criteria","targetObjectLabel":"silver/predictive_analytics_search_criteria","newFlatFile":false,"newObject":false,"showBusinessNames":true,"naturalOrder":true,"truncateTarget":false,"bulkApiDBTarget":false,"operationType":"Insert","customFuncCfg":{"@type":"customFuncConfig","id":-1,"connections":[],"inputMap":[],"outputFields":[]},"targetRefsV2":{},"targetUpdateColumns":[],"fieldOrderList":[],"extendedObject":{"@type":"extendedObject","singleMode":true,"filters":[],"sortFields":[]},"runtimeAttrs":{},"isRESTModernSource":true,"commandType":0,"isFileList":false,"handleSpecialChars":false,"handleDecimalRoundOff":false,"frsAsset":false,"dynamicFileName":false,"excludeDynamicFileNameField":false,"currentlyProcessedFileName":false,"retainFieldMetadata":false,"objectName":"silver/predictive_analytics_search_criteria","objectLabel":"silver/predictive_analytics_search_criteria","useExactSrcNames":false,"userUpdated":true,"fetchMode":"ORIGINAL","tgtObjectAttributes":{},"runtimeParameterData":{"@type":"mtTaskRuntimeParameterData","isConnectionRuntimeParameter":false,"isObjectRuntimeParameter":false,"connectionParameterName":"DBConnection_ACX_TGT"},"overridableProperties":[],"targetSchemaProviderType":"SELECTED_OBJECT","dbSchema":"","overriddenFields":[]}],"sequences":[],"inOutParameters":[{"@type":"mtTaskInOutParameter","id":"-1","name":"sourcesystemcode","description":"","initialValue":"ACX","datatype":"STRING","precision":"20","scale":"0","retentionPolicy":"NEVER","aggregationType":"MAX","currentValue":"ACX"},{"@type":"mtTaskInOutParameter","id":"-1","name":"staging_schema","description":"","initialValue":"bronze","datatype":"STRING","precision":"20","scale":"0","retentionPolicy":"NEVER","aggregationType":"MAX","currentValue":"bronze"},{"@type":"mtTaskInOutParameter","id":"-1","name":"refined_schema","description":"","initialValue":"silver","datatype":"STRING","precision":"20","scale":"0","retentionPolicy":"NEVER","aggregationType":"MAX","currentValue":"silver"},{"@type":"mtTaskInOutParameter","id":"-1","name":"operational_schema","description":"","initialValue":"operations","datatype":"STRING","precision":"20","scale":"0","retentionPolicy":"NEVER","aggregationType":"MAX","currentValue":"operations"},{"@type":"mtTaskInOutParameter","id":"-1","name":"target_table_name","description":"","initialValue":"predictive_analytics_search_criteria","datatype":"STRING","precision":"10","scale":"0","retentionPolicy":"NEVER","aggregationType":"MAX","currentValue":"predictive_analytics_search_criteria"}],"connRuntimeAttrs":[]}]