[{"@type":"mtTask","id":"@1","name":"s_m_load_msgr_facts_pms_new_vw4","description":"Session pushed from PC to ICS : s_m_load_msgr_facts_pms_new_vw4","autoExpireObject":false,"runtimeEnvironmentId":"@94yEUbQ8g09k6LZ0ShdXQQ","maxLogs":10,"verbose":false,"lastRunTime":1729623368000,"mappingId":"@igbvm6VEjqvekZhuLmOEyC","frsGuid":"1apfVbxxsoPjIORQIPm0o8","shortDescription":"Session pushed from PC to ICS : s_m_load_msgr_fact...","sessionPropertiesList":[{"name":"Allow Temporary Sequence for Pushdown","value":"NO","recommended":false},{"name":"Allow Temporary View for Pushdown","value":"NO","recommended":false},{"name":"Data Column Delimiter","value":"|","recommended":false},{"name":"Error Log File Name","value":"PMError.log","recommended":false},{"name":"Pushdown Optimization","value":"None","recommended":false},{"name":"Pushdown Optimization Context","value":"None","recommended":false},{"name":"Pushdown Optimization Fallback Option","value":"Partial PDO","recommended":false}],"hidden":false,"enableCrossSchemaPushdown":false,"enableParallelRun":false,"autoTunedApplied":false,"autoTunedAppliedType":"NONE","parameterFileName":"Andover_Parm_Peregrine.txt","parameterFileDir":"$PMRootDir/andover/parameters","paramFileType":"PARAM_FILE_LOCAL","schemaMode":"async","valid":true,"schemaValidationErrorCount":-1,"serverlessProperties":{},"taskProperties":[{"@type":"taskProperty","name":"parameterFileDir","currentValue":"$PMRootDir/andover/parameters","type":"STRING","label":"label.parameterFileDir","required":false},{"@type":"taskProperty","name":"parameterFileName","currentValue":"Andover_Parm_Peregrine.txt","type":"STRING","label":"label.parameterFileName","required":false},{"@type":"taskProperty","name":"outboundMessageUrlQueueTime","currentValue":"","type":"NUMBER","label":"label.outboundMessageUrlQueueTime","required":false},{"@type":"taskProperty","name":"outboundMessageUrlToken","currentValue":"","type":"STRING","label":"label.outboundMessageUrlToken","required":false}],"optimizationPlan":"NONE","isMidstreamPreview":false,"allowMaxFieldLength":false,"specialCharacterSupport":false,"useUserDefinedOrder":false,"parameters":[{"@type":"mtTaskParameter","id":100602992,"name":"$SQ_PMS_Fact_Loss$","type":"SOURCE","label":"DBConnection_SRC","description":"","uiProperties":{"cnxtype":"Amazon Redshift v2","connectionParameterized":"true","paramName":"DBConnection_SRC","paramLabel":"","paramType-mapping":"Connection","logcnx":"DBConnection_SRC","isSelectDistinct":"false","objectParameterized":"false","visible":"false","originalPath":"SQ_PMS_Fact_Loss"},"sourceConnectionId":"@5Zcq1VmIGjxlaDWgHTaKA5","sourceObject":"DUMMY_SQ_PMS_Fact_Loss","newFlatFile":false,"newObject":false,"showBusinessNames":true,"naturalOrder":true,"truncateTarget":false,"bulkApiDBTarget":false,"customFuncCfg":{"@type":"customFuncConfig","id":-1,"connections":[],"inputMap":[],"outputFields":[]},"targetRefsV2":{},"targetUpdateColumns":[],"fieldOrderList":[],"runtimeAttrs":{},"isRESTModernSource":true,"customQuery":"SELECT PMS_Fact_Loss.Policy_Key_Code,\nPMS_Fact_Loss.Policy_Key,\nPMS_Fact_Loss.Claim_Key,\nPMS_Fact_Loss.Major_Peril_ID,\nPMS_Fact_Loss.Risk_State_ID,\nPMS_Fact_Loss.Loss_Cause,\nPMS_Fact_Loss.Loss_Cause_Desc,\nPMS_Fact_Loss.StateLine,\nPMS_Fact_Loss.Account_Entered_Dt,\nPMS_Fact_Loss.Accident_Dt,\nPMS_Fact_Loss.Reported_Dt,\nPMS_Fact_Loss.Claim_Type,\nPMS_Fact_Loss.Loss_Adjustor_No,\nPMS_Fact_Loss.Loss_Paid_Amt,\nPMS_Fact_Loss.Loss_Paid_Recovery_Amt,\nPMS_Fact_Loss.Loss_Salvage,\nPMS_Fact_Loss.Loss_Subrogation_Amt,\nPMS_Fact_Loss.Loss_Ulae_Expense,\nPMS_Fact_Loss.Loss_Alae_Expense,\nPMS_Fact_Loss.Loss_Reserve_Amt,\nPMS_Fact_Loss.Loss_Reserve_For_Incurred_Loss,\nPMS_Fact_Loss.Transaction_CD,\nPMS_Fact_Loss.Transaction_Dt,\nPMS_Fact_Loss.annual_statement_line\nFROM\n dbo.PMS_Fact_Loss\nwhere date_part(YEAR, PMS_Fact_Loss.Account_Entered_Dt) >= 2008 and \n--PMS_Fact_Loss.Account_Entered_Dt >=dateadd(month, -1, cast(getdate() as date))\ninsert_date>= (SELECT etlbatchstartst FROM dbo.loadbatchetldt WHERE loadetltype = 'wf_msgr_views')\nORDER BY\nPMS_Fact_Loss.Policy_Key_Code,\nPMS_Fact_Loss.Policy_Key,\nPMS_Fact_Loss.Claim_Key,\nPMS_Fact_Loss.Major_Peril_ID,\nPMS_Fact_Loss.Risk_State_ID,\nPMS_Fact_Loss.Loss_Cause,\nPMS_Fact_Loss.Loss_Cause_Desc,\nPMS_Fact_Loss.StateLine,\nPMS_Fact_Loss.Account_Entered_Dt,\nPMS_Fact_Loss.Accident_Dt,\nPMS_Fact_Loss.Reported_Dt,\nPMS_Fact_Loss.Claim_Type,\nPMS_Fact_Loss.Loss_Adjustor_No,\nPMS_Fact_Loss.Transaction_CD,\nPMS_Fact_Loss.Transaction_Dt,\nPMS_Fact_Loss.annual_statement_line","commandType":0,"isFileList":false,"handleSpecialChars":false,"handleDecimalRoundOff":false,"frsAsset":false,"dynamicFileName":false,"excludeDynamicFileNameField":false,"currentlyProcessedFileName":false,"retainFieldMetadata":false,"objectName":"DUMMY_SQ_PMS_Fact_Loss","useExactSrcNames":false,"userUpdated":true,"fetchMode":"ORIGINAL","tgtObjectAttributes":{},"runtimeParameterData":{"@type":"mtTaskRuntimeParameterData","isConnectionRuntimeParameter":true,"isObjectRuntimeParameter":false,"connectionParameterName":"DBConnection_SRC"},"overridableProperties":[],"overriddenFields":[]},{"@type":"mtTaskParameter","id":100602993,"name":"$SQ_PMS_Fact_Loss1$","type":"SOURCE","label":"DBConnection_SRC","description":"","uiProperties":{"cnxtype":"Amazon Redshift v2","connectionParameterized":"true","paramName":"DBConnection_SRC","paramLabel":"","paramType-mapping":"Connection","logcnx":"DBConnection_SRC","isSelectDistinct":"false","objectParameterized":"false","visible":"false","originalPath":"SQ_PMS_Fact_Loss1"},"sourceConnectionId":"@5Zcq1VmIGjxlaDWgHTaKA5","sourceObject":"DUMMY_SQ_PMS_Fact_Loss1","newFlatFile":false,"newObject":false,"showBusinessNames":true,"naturalOrder":true,"truncateTarget":false,"bulkApiDBTarget":false,"customFuncCfg":{"@type":"customFuncConfig","id":-1,"connections":[],"inputMap":[],"outputFields":[]},"targetRefsV2":{},"targetUpdateColumns":[],"fieldOrderList":[],"runtimeAttrs":{},"isRESTModernSource":true,"customQuery":"SELECT PMS_Fact_Loss.Policy_Key_Code,\nPMS_Fact_Loss.Policy_Key,\nPMS_Fact_Loss.Claim_Key,\nPMS_Fact_Loss.Major_Peril_ID,\nPMS_Fact_Loss.Risk_State_ID,\nPMS_Fact_Loss.Loss_Cause,\nPMS_Fact_Loss.Loss_Cause_Desc,\nPMS_Fact_Loss.StateLine,\nPMS_Fact_Loss.Account_Entered_Dt,\nPMS_Fact_Loss.Accident_Dt,\nPMS_Fact_Loss.Reported_Dt,\nPMS_Fact_Loss.Claim_Type,\nPMS_Fact_Loss.Loss_Adjustor_No,\n--PMS_Fact_Loss.Loss_Paid_Amt,\n--PMS_Fact_Loss.Loss_Paid_Recovery_Amt,\n--PMS_Fact_Loss.Loss_Salvage,\n--PMS_Fact_Loss.Loss_Subrogation_Amt,\n--PMS_Fact_Loss.Loss_Ulae_Expense,\n--PMS_Fact_Loss.Loss_Alae_Expense,\nPMS_Fact_Loss.Loss_Reserve_Amt,\n--PMS_Fact_Loss.Loss_Reserve_For_Incurred_Loss,\nPMS_Fact_Loss.Transaction_CD,\nPMS_Fact_Loss.Transaction_Dt,\nPMS_Fact_Loss.annual_statement_line\nFROM\n dbo.PMS_Fact_Loss\nWHERE date_part(YEAR, PMS_Fact_Loss.Account_Entered_Dt) < 2008 and\n\t--YEAR(Account_Entered_Dt) < 2008\n--and Account_Entered_Dt >= dateadd(year, -2, getdate())\n\n--PMS_Fact_Loss.Account_Entered_Dt >=dateadd(month, -1, cast(getdate() as date))\ninsert_date>= (SELECT etlbatchstartst FROM dbo.loadbatchetldt WHERE loadetltype = 'wf_msgr_views')\n\nORDER BY PMS_Fact_Loss.Policy_Key_Code,\nPMS_Fact_Loss.Policy_Key,\nPMS_Fact_Loss.Claim_Key,\nPMS_Fact_Loss.Major_Peril_ID,\nPMS_Fact_Loss.Risk_State_ID,\nPMS_Fact_Loss.Loss_Cause,\nPMS_Fact_Loss.Loss_Cause_Desc,\nPMS_Fact_Loss.StateLine,\nPMS_Fact_Loss.Account_Entered_Dt,\nPMS_Fact_Loss.Accident_Dt,\nPMS_Fact_Loss.Reported_Dt,\nPMS_Fact_Loss.Claim_Type,\nPMS_Fact_Loss.Loss_Adjustor_No,\nPMS_Fact_Loss.Transaction_CD,\nPMS_Fact_Loss.Transaction_Dt,\nPMS_Fact_Loss.annual_statement_line","commandType":0,"isFileList":false,"handleSpecialChars":false,"handleDecimalRoundOff":false,"frsAsset":false,"dynamicFileName":false,"excludeDynamicFileNameField":false,"currentlyProcessedFileName":false,"retainFieldMetadata":false,"objectName":"DUMMY_SQ_PMS_Fact_Loss1","useExactSrcNames":false,"userUpdated":true,"fetchMode":"ORIGINAL","tgtObjectAttributes":{},"runtimeParameterData":{"@type":"mtTaskRuntimeParameterData","isConnectionRuntimeParameter":true,"isObjectRuntimeParameter":false,"connectionParameterName":"DBConnection_SRC"},"overridableProperties":[],"overriddenFields":[]},{"@type":"mtTaskParameter","id":100602994,"name":"$msgr_facts_pms_new_vw4_ins$","type":"TARGET","label":"DBConnection_TGT","description":"","uiProperties":{"cnxtype":"Amazon Redshift v2","connectionParameterized":"true","paramName":"DBConnection_TGT","paramLabel":"","paramType-mapping":"Connection","logcnx":"DBConnection_TGT","default":"dbo/msgr_facts_pms_new_vw4","objectParameterized":"false","visible":"false","defaultTargetUpdateColumns":"","supportApplyDDLChanges":"false","originalPath":"msgr_facts_pms_new_vw4_ins"},"targetConnectionId":"@5Zcq1VmIGjxlaDWgHTaKA5","targetObject":"dbo/msgr_facts_pms_new_vw4","targetObjectLabel":"msgr_facts_pms_new_vw4","newFlatFile":false,"newObject":false,"showBusinessNames":true,"naturalOrder":true,"truncateTarget":false,"bulkApiDBTarget":false,"operationType":"Rowbased","customFuncCfg":{"@type":"customFuncConfig","id":-1,"connections":[],"inputMap":[],"outputFields":[]},"targetRefsV2":{},"targetUpdateColumns":[],"fieldOrderList":[],"extendedObject":{"@type":"extendedObject","singleMode":true,"filters":[],"sortFields":[]},"runtimeAttrs":{},"isRESTModernSource":true,"commandType":0,"isFileList":false,"handleSpecialChars":false,"handleDecimalRoundOff":false,"frsAsset":false,"dynamicFileName":false,"excludeDynamicFileNameField":false,"currentlyProcessedFileName":false,"retainFieldMetadata":false,"objectName":"dbo/msgr_facts_pms_new_vw4","objectLabel":"msgr_facts_pms_new_vw4","useExactSrcNames":false,"userUpdated":true,"fetchMode":"ORIGINAL","tgtObjectAttributes":{},"runtimeParameterData":{"@type":"mtTaskRuntimeParameterData","isConnectionRuntimeParameter":true,"isObjectRuntimeParameter":false,"connectionParameterName":"DBConnection_TGT"},"overridableProperties":[],"overriddenFields":[]},{"@type":"mtTaskParameter","id":100602995,"name":"$msgr_facts_pms_new_vw4_upd$","type":"TARGET","label":"DBConnection_TGT","description":"","uiProperties":{"cnxtype":"Amazon Redshift v2","connectionParameterized":"true","paramName":"DBConnection_TGT","paramLabel":"","paramType-mapping":"Connection","logcnx":"DBConnection_TGT","default":"dbo/msgr_facts_pms_new_vw4","objectParameterized":"false","visible":"false","defaultTargetUpdateColumns":"row_id","supportApplyDDLChanges":"false","originalPath":"msgr_facts_pms_new_vw4_upd"},"targetConnectionId":"@5Zcq1VmIGjxlaDWgHTaKA5","targetObject":"dbo/msgr_facts_pms_new_vw4","targetObjectLabel":"msgr_facts_pms_new_vw4","newFlatFile":false,"newObject":false,"showBusinessNames":true,"naturalOrder":true,"truncateTarget":false,"bulkApiDBTarget":false,"operationType":"Rowbased","customFuncCfg":{"@type":"customFuncConfig","id":-1,"connections":[],"inputMap":[],"outputFields":[]},"targetRefsV2":{},"targetUpdateColumns":["row_id"],"fieldOrderList":[],"extendedObject":{"@type":"extendedObject","singleMode":true,"filters":[],"sortFields":[]},"runtimeAttrs":{},"isRESTModernSource":true,"commandType":0,"isFileList":false,"handleSpecialChars":false,"handleDecimalRoundOff":false,"frsAsset":false,"dynamicFileName":false,"excludeDynamicFileNameField":false,"currentlyProcessedFileName":false,"retainFieldMetadata":false,"objectName":"dbo/msgr_facts_pms_new_vw4","objectLabel":"msgr_facts_pms_new_vw4","useExactSrcNames":false,"userUpdated":true,"fetchMode":"ORIGINAL","tgtObjectAttributes":{},"runtimeParameterData":{"@type":"mtTaskRuntimeParameterData","isConnectionRuntimeParameter":true,"isObjectRuntimeParameter":false,"connectionParameterName":"DBConnection_TGT"},"overridableProperties":[],"overriddenFields":[]},{"@type":"mtTaskParameter","id":100602996,"name":"$lkp_msgr_facts_pms_new_vw4_hash$","type":"LOOKUP","label":"DBConnection_TGT","description":"","uiProperties":{"cnxtype":"Amazon Redshift v2","connectionParameterized":"true","paramName":"DBConnection_TGT","paramLabel":"","paramType-mapping":"Connection","logcnx":"DBConnection_TGT","isCachedLookup":"true","multipleMatchPolicy":"Use Any Value","default":"dbo/msgr_facts_pms_new_vw4","objectParameterized":"false","visible":"false","originalPath":"lkp_msgr_facts_pms_new_vw4_hash"},"lookupConnectionId":"@5Zcq1VmIGjxlaDWgHTaKA5","lookupObject":"dbo/msgr_facts_pms_new_vw4","lookupObjectLabel":"msgr_facts_pms_new_vw4","newFlatFile":false,"newObject":false,"showBusinessNames":true,"naturalOrder":true,"truncateTarget":false,"bulkApiDBTarget":false,"customFuncCfg":{"@type":"customFuncConfig","id":-1,"connections":[],"inputMap":[],"outputFields":[]},"targetRefsV2":{},"targetUpdateColumns":[],"fieldOrderList":[],"runtimeAttrs":{"Cache File Name Prefix":"","Lookup Index Cache Size":"AUTO","Lookup Data Filter":"","Optional":"true","Lookup cache persistent":"false","Lookup source is static":"false","Update Dynamic Cache Condition":"TRUE","Case Sensitive String Comparison":"false","Re-cache from lookup source":"false","Insert Else Update":"false","Lookup caching enabled":"true","Lookup Data Cache Size":"AUTO","Tracing Level":"Normal","Sorted Input":"false","Lookup cache directory name":"$PMCacheDir","Output Old Value On Update":"false","Dynamic Lookup Cache":"false","Pre-build lookup cache":"AUTO","Null ordering":""},"isRESTModernSource":true,"commandType":0,"isFileList":false,"handleSpecialChars":false,"handleDecimalRoundOff":false,"frsAsset":false,"dynamicFileName":false,"excludeDynamicFileNameField":false,"currentlyProcessedFileName":false,"retainFieldMetadata":false,"objectName":"dbo/msgr_facts_pms_new_vw4","objectLabel":"msgr_facts_pms_new_vw4","useExactSrcNames":false,"userUpdated":true,"fetchMode":"ORIGINAL","tgtObjectAttributes":{},"runtimeParameterData":{"@type":"mtTaskRuntimeParameterData","isConnectionRuntimeParameter":true,"isObjectRuntimeParameter":false,"connectionParameterName":"DBConnection_TGT"},"overridableProperties":[],"overriddenFields":[]}],"sequences":[],"inOutParameters":[],"connRuntimeAttrs":[]}]