[{"@type":"mtTask","id":"@1","name":"cdi_tsk_map_acx_predictive_analytics_assessment_summary_silver_load","description":"cdi_tsk_map_acx_predictive_analytics_assessment_summary_silver_load","autoExpireObject":false,"runtimeEnvironmentId":"@3pADNCV9u0PcgrXjM7rx0t","maxLogs":10,"verbose":false,"lastRunTime":1764693180000,"mappingId":"@hXXzNEbujYLbQUDi71PLOF","frsGuid":"9VQjmsvKOHveQbbulbGs0c","shortDescription":"cdi_tsk_map_acx_predictive_analytics_assessment_su...","sessionPropertiesList":[{"name":"Pushdown Optimization","value":"None","recommended":false},{"name":"Pushdown Optimization Context","value":"None","recommended":false},{"name":"Pushdown Optimization Fallback Option","value":"Partial PDO","recommended":false}],"hidden":false,"enableCrossSchemaPushdown":true,"enableParallelRun":false,"autoTunedApplied":false,"autoTunedAppliedType":"NONE","parameterFileName":"Andover_Param_ACX.param","parameterFileDir":"$PMRootDir/andover/parameters","paramFileType":"PARAM_FILE_LOCAL","schemaMode":"async","valid":true,"schemaValidationErrorCount":-1,"serverlessProperties":{},"taskProperties":[{"@type":"taskProperty","name":"parameterFileDir","currentValue":"$PMRootDir/andover/parameters","type":"STRING","label":"label.parameterFileDir","required":false},{"@type":"taskProperty","name":"parameterFileName","currentValue":"Andover_Param_ACX.param","type":"STRING","label":"label.parameterFileName","required":false},{"@type":"taskProperty","name":"outboundMessageUrlQueueTime","currentValue":"","type":"NUMBER","label":"label.outboundMessageUrlQueueTime","required":false},{"@type":"taskProperty","name":"outboundMessageUrlToken","currentValue":"","type":"STRING","label":"label.outboundMessageUrlToken","required":false}],"optimizationPlan":"NONE","isMidstreamPreview":false,"allowMaxFieldLength":false,"specialCharacterSupport":false,"useUserDefinedOrder":false,"parameters":[{"@type":"mtTaskParameter","id":142222478,"name":"$source_query$","type":"SOURCE","label":"DBConnection_ACX_SRC","description":"","uiProperties":{"cnxtype":"Amazon Redshift v2","connectionParameterized":"true","paramName":"DBConnection_ACX_SRC","paramLabel":"","paramType-mapping":"Connection","logcnx":"DBConnection_ACX_SRC","isSelectDistinct":"false","objectParameterized":"false","visible":"false","originalPath":"source_query"},"sourceConnectionId":"@aYZ4ekzHgIPeKpiaoqDLKP","sourceObject":"DUMMY_source_query","newFlatFile":false,"newObject":false,"showBusinessNames":true,"naturalOrder":true,"truncateTarget":false,"bulkApiDBTarget":false,"customFuncCfg":{"@type":"customFuncConfig","id":-1,"connections":[],"inputMap":[],"outputFields":[]},"targetRefsV2":{},"targetUpdateColumns":[],"fieldOrderList":[],"runtimeAttrs":{},"isRESTModernSource":true,"customQuery":"WITH current_batch AS (\n    SELECT \n        bls.batch_id,\n        bls.source_start_cutoff_datetime,\n        bls.source_end_cutoff_datetime\n    FROM $$operational_schema.batch_load_summary bls\n    WHERE bls.source_system_code = '$$sourcesystemcode'\n      AND bls.batch_status = 'Inprogress'\n      AND bls.batch_id = (\n          SELECT MAX(batch_id)\n          FROM $$operational_schema.batch_load_summary\n          WHERE source_system_code = '$$sourcesystemcode'\n            AND batch_status = 'Inprogress'\n\t\t\tAND target_schema_name = '$$refined_schema'\n\t\t\tAND target_table_name = '$$target_table_name'\n      )\n) \nselect\ndistinct \n'' as predictive_analytics_assessment_summary_id,\n'ACX' as predictive_analytics_assessment_summary_source_system,\n'Analytics' as predictive_analytics_assessment_summary_domain,\n--aeas.cmm_container as predictive_analytics_assessment_summary_type,  \n CASE\n    WHEN aeas.cmm_container is not null or aeas.cmm_container <> ''            \n    THEN aeas.cmm_container \n    else NULL\nEND  AS predictive_analytics_assessment_summary_type,\naeas.originating_source_name as originating_source_name,\naeas.originating_load_type as originating_load_type,\ncb.batch_id  as predictive_analytics_assessment_summary_batch_id,\n'' as predictive_analytics_assessment_summary_row_effective_start_datetime,\n'' as predictive_analytics_assessment_summary_row_effective_end_datetime,\n'' as predictive_analytics_assessment_summary_row_status,\npaas.predictive_analytics_assessment_summary_row_md5checksum,\naeas.acx_ea_assessment_summary_row_md5checksum,\n'' as predictive_analytics_assessment_summary_row_created_by,\n'' as predictive_analytics_assessment_summary_row_modified_by,\n'' as predictive_analytics_assessment_summary_row_load_state,\n\n--aeas.id as predictive_analytics_assessment_summary_row_source_system_key,\n CASE\n    WHEN aeas.id is not null or aeas.id <> ''            \n    THEN aeas.id \n    else NULL\nEND  AS predictive_analytics_assessment_summary_row_source_system_key,\n\n--aeas.system_id  as source_system_system_id, \n CASE\n    WHEN aeas.system_id is not null         \n    THEN aeas.system_id \n    else NULL\nEND  AS source_system_system_id,\n\n\n--aeas.parent_id as source_system_parent_id,\n CASE\n    WHEN aeas.parent_id is not null or aeas.parent_id <> ''            \n    THEN aeas.parent_id \n    else NULL\nEND  AS source_system_parent_id,\n\n\n--aeas.assessment_id as assessment_id,\n CASE\n    WHEN aeas.assessment_id is not null or aeas.assessment_id <> ''            \n    THEN aeas.assessment_id \n    else NULL\nEND  AS assessment_id,\n\n\n--aeas.solution_id as solution_id,\n CASE\n    WHEN aeas.solution_id is not null or aeas.solution_id <> ''            \n    THEN aeas.solution_id \n    else NULL\nEND  AS solution_id,\n\n\n--aeas.solution_name as solution_name,\n CASE\n    WHEN aeas.solution_name is not null or aeas.solution_name <> ''            \n    THEN aeas.solution_name \n    else NULL\nEND  AS solution_name,\n\n\n--aeas.business_function as business_function,\n CASE\n    WHEN aeas.business_function is not null or aeas.business_function <> ''            \n    THEN aeas.business_function \n    else NULL\nEND  AS business_function,\n\n\n--aeas.assessed_entity as assessed_entity,\n CASE\n    WHEN aeas.assessed_entity is not null or aeas.assessed_entity <> ''            \n    THEN aeas.assessed_entity \n    else NULL\nEND  AS assessed_entity,\n\n\n--aeas.category as assessment_category,\n CASE\n    WHEN aeas.category is not null or aeas.category <> ''            \n    THEN aeas.category \n    else NULL\nEND  AS assessment_category,\n\n\n--aeas.score as assessment_score,\n CASE\n    WHEN aeas.score is not null or aeas.score <> ''            \n    THEN aeas.score \n    else NULL\nEND  AS assessment_score,\n\n--aeas.score_percentile as assessment_score_percentile,\n CASE\n    WHEN aeas.score_percentile is not null or aeas.score_percentile <> ''            \n    THEN aeas.score_percentile \n    else NULL\nEND  AS assessment_score_percentile,\n\n--aeas.normalized_score as assessment_normalized_score,\n CASE\n    WHEN aeas.normalized_score is not null or aeas.normalized_score <> ''            \n    THEN aeas.normalized_score \n    else NULL\nEND  AS assessment_normalized_score,\n\n--aeas.recommended_action_description as assessment_recommended_action_description,\n CASE\n    WHEN aeas.recommended_action_description is not null or aeas.recommended_action_description <> ''            \n    THEN aeas.recommended_action_description \n    else NULL\nEND  AS assessment_recommended_action_description,\n\n--aeas.recommended_action_code as assessment_recommended_action_code,\n CASE\n    WHEN aeas.recommended_action_code is not null or aeas.recommended_action_code <> ''            \n    THEN aeas.recommended_action_code \n    else NULL\nEND  AS assessment_recommended_action_code,\n\n\n--aeas.conclusion_description  as assessment_conclusion_description,\n CASE\n    WHEN aeas.conclusion_description is not null or aeas.conclusion_description <> ''            \n    THEN aeas.conclusion_description \n    else NULL\nEND  AS assessment_conclusion_description,\n\n\n--aeas.conclusion_code  as assessment_conclusion_code,\n CASE\n    WHEN aeas.conclusion_code is not null or aeas.conclusion_code <> ''            \n    THEN aeas.conclusion_code \n    else NULL\nEND  AS assessment_conclusion_code,\n\n\n--aeas.score_date as assessment_score_date,  \n CASE\n    WHEN aeas.score_date is not null or aeas.score_date <> ''            \n    THEN aeas.score_date \n    else NULL\nEND  AS assessment_score_date,\n\n\n--aeas.assesment_detail as assesment_detail,\n CASE\n    WHEN aeas.assesment_detail is not null or aeas.assesment_detail <> ''            \n    THEN aeas.assesment_detail \n    else NULL\nEND  AS assesment_detail,\n\n--aeas.error as assessment_error,  \n CASE\n    WHEN aeas.error is not null or aeas.error <> ''            \n    THEN aeas.error \n    else NULL\nEND  AS assessment_error,\n\naeas.row_id  as source_system_row_id,   \npaas.source_system_row_id as paas_source_system_row_id,\npaas.predictive_analytics_assessment_summary_id as paas_predictive_analytics_assessment_summary_id\n\n\nfrom $$staging_schema.acx_ea_assessment_summary aeas\nleft join (select * from $$refined_schema.predictive_analytics_assessment_summary where predictive_analytics_assessment_summary_row_status\n = 'Active') paas\non aeas.system_id = paas.source_system_system_id \nand aeas.parent_id = paas.source_system_parent_id \nand aeas.cmm_container = paas.predictive_analytics_assessment_summary_type \nand aeas.id = paas.predictive_analytics_assessment_summary_row_source_system_key \nLEFT JOIN current_batch cb ON TRUE\n\nwhere aeas.acx_ea_assessment_summary_row_effective_end_datetime = '9999-12-31 00:00:00.000' \nand aeas.acx_ea_assessment_summary_row_status = 'Active'","commandType":0,"isFileList":false,"handleSpecialChars":false,"handleDecimalRoundOff":false,"frsAsset":false,"dynamicFileName":false,"excludeDynamicFileNameField":false,"currentlyProcessedFileName":false,"retainFieldMetadata":false,"objectName":"DUMMY_source_query","useExactSrcNames":false,"userUpdated":true,"fetchMode":"ORIGINAL","tgtObjectAttributes":{},"runtimeParameterData":{"@type":"mtTaskRuntimeParameterData","isConnectionRuntimeParameter":false,"isObjectRuntimeParameter":false,"connectionParameterName":"DBConnection_ACX_SRC"},"overridableProperties":[],"overriddenFields":[]},{"@type":"mtTaskParameter","id":142222479,"name":"$tgt_underwriting_questions_and_answers_closeout$","type":"TARGET","label":"DBConnection_ACX_TGT","description":"","uiProperties":{"cnxtype":"Amazon Redshift v2","connectionParameterized":"true","paramName":"DBConnection_ACX_TGT","paramLabel":"","paramType-mapping":"Connection","logcnx":"DBConnection_ACX_TGT","default":"silver/predictive_analytics_assessment_summary","objectParameterized":"false","visible":"false","defaultTargetUpdateColumns":"predictive_analytics_assessment_summary_id","supportApplyDDLChanges":"false","originalPath":"tgt_underwriting_questions_and_answers_closeout"},"targetConnectionId":"@aYZ4ekzHgIPeKpiaoqDLKP","targetObject":"silver/predictive_analytics_assessment_summary","targetObjectLabel":"silver/predictive_analytics_assessment_summary","newFlatFile":false,"newObject":false,"showBusinessNames":true,"naturalOrder":true,"truncateTarget":false,"bulkApiDBTarget":false,"operationType":"Update","customFuncCfg":{"@type":"customFuncConfig","id":-1,"connections":[],"inputMap":[],"outputFields":[]},"targetRefsV2":{},"targetUpdateColumns":["predictive_analytics_assessment_summary_id"],"fieldOrderList":[],"extendedObject":{"@type":"extendedObject","singleMode":true,"filters":[],"sortFields":[]},"runtimeAttrs":{},"isRESTModernSource":true,"commandType":0,"isFileList":false,"handleSpecialChars":false,"handleDecimalRoundOff":false,"frsAsset":false,"dynamicFileName":false,"excludeDynamicFileNameField":false,"currentlyProcessedFileName":false,"retainFieldMetadata":false,"objectName":"silver/predictive_analytics_assessment_summary","objectLabel":"silver/predictive_analytics_assessment_summary","useExactSrcNames":false,"userUpdated":true,"fetchMode":"ORIGINAL","tgtObjectAttributes":{},"runtimeParameterData":{"@type":"mtTaskRuntimeParameterData","isConnectionRuntimeParameter":false,"isObjectRuntimeParameter":false,"connectionParameterName":"DBConnection_ACX_TGT"},"overridableProperties":[],"dbSchema":"","overriddenFields":[]},{"@type":"mtTaskParameter","id":142222480,"name":"$tgt_underwriting_questions_and_answers_insert$","type":"TARGET","label":"DBConnection_ACX_TGT","description":"","uiProperties":{"cnxtype":"Amazon Redshift v2","connectionParameterized":"true","paramName":"DBConnection_ACX_TGT","paramLabel":"","paramType-mapping":"Connection","logcnx":"DBConnection_ACX_TGT","default":"silver/predictive_analytics_assessment_summary","objectParameterized":"false","visible":"false","defaultTargetUpdateColumns":"","supportApplyDDLChanges":"false","originalPath":"tgt_underwriting_questions_and_answers_insert"},"targetConnectionId":"@aYZ4ekzHgIPeKpiaoqDLKP","targetObject":"silver/predictive_analytics_assessment_summary","targetObjectLabel":"silver/predictive_analytics_assessment_summary","newFlatFile":false,"newObject":false,"showBusinessNames":true,"naturalOrder":true,"truncateTarget":false,"bulkApiDBTarget":false,"operationType":"Insert","customFuncCfg":{"@type":"customFuncConfig","id":-1,"connections":[],"inputMap":[],"outputFields":[]},"targetRefsV2":{},"targetUpdateColumns":[],"fieldOrderList":[],"extendedObject":{"@type":"extendedObject","singleMode":true,"filters":[],"sortFields":[]},"runtimeAttrs":{},"isRESTModernSource":true,"commandType":0,"isFileList":false,"handleSpecialChars":false,"handleDecimalRoundOff":false,"frsAsset":false,"dynamicFileName":false,"excludeDynamicFileNameField":false,"currentlyProcessedFileName":false,"retainFieldMetadata":false,"objectName":"silver/predictive_analytics_assessment_summary","objectLabel":"silver/predictive_analytics_assessment_summary","useExactSrcNames":false,"userUpdated":true,"fetchMode":"ORIGINAL","tgtObjectAttributes":{},"runtimeParameterData":{"@type":"mtTaskRuntimeParameterData","isConnectionRuntimeParameter":false,"isObjectRuntimeParameter":false,"connectionParameterName":"DBConnection_ACX_TGT"},"overridableProperties":[],"dbSchema":"","overriddenFields":[]},{"@type":"mtTaskParameter","id":142222481,"name":"$tgt_underwriting_questions_and_answers_update$","type":"TARGET","label":"DBConnection_ACX_TGT","description":"","uiProperties":{"cnxtype":"Amazon Redshift v2","connectionParameterized":"true","paramName":"DBConnection_ACX_TGT","paramLabel":"","paramType-mapping":"Connection","logcnx":"DBConnection_ACX_TGT","default":"silver/predictive_analytics_assessment_summary","objectParameterized":"false","visible":"false","defaultTargetUpdateColumns":"","supportApplyDDLChanges":"false","originalPath":"tgt_underwriting_questions_and_answers_update"},"targetConnectionId":"@aYZ4ekzHgIPeKpiaoqDLKP","targetObject":"silver/predictive_analytics_assessment_summary","targetObjectLabel":"silver/predictive_analytics_assessment_summary","newFlatFile":false,"newObject":false,"showBusinessNames":true,"naturalOrder":true,"truncateTarget":false,"bulkApiDBTarget":false,"operationType":"Insert","customFuncCfg":{"@type":"customFuncConfig","id":-1,"connections":[],"inputMap":[],"outputFields":[]},"targetRefsV2":{},"targetUpdateColumns":[],"fieldOrderList":[],"extendedObject":{"@type":"extendedObject","singleMode":true,"filters":[],"sortFields":[]},"runtimeAttrs":{},"isRESTModernSource":true,"commandType":0,"isFileList":false,"handleSpecialChars":false,"handleDecimalRoundOff":false,"frsAsset":false,"dynamicFileName":false,"excludeDynamicFileNameField":false,"currentlyProcessedFileName":false,"retainFieldMetadata":false,"objectName":"silver/predictive_analytics_assessment_summary","objectLabel":"silver/predictive_analytics_assessment_summary","useExactSrcNames":false,"userUpdated":true,"fetchMode":"ORIGINAL","tgtObjectAttributes":{},"runtimeParameterData":{"@type":"mtTaskRuntimeParameterData","isConnectionRuntimeParameter":false,"isObjectRuntimeParameter":false,"connectionParameterName":"DBConnection_ACX_TGT"},"overridableProperties":[],"dbSchema":"","overriddenFields":[]}],"sequences":[],"inOutParameters":[{"@type":"mtTaskInOutParameter","id":"-1","name":"staging_schema","description":"","initialValue":"bronze","datatype":"STRING","precision":"10","scale":"0","retentionPolicy":"ON_SUCCESS_OR_WARNING","aggregationType":"MAX","currentValue":"bronze"},{"@type":"mtTaskInOutParameter","id":"-1","name":"operational_schema","description":"","initialValue":"operations","datatype":"STRING","precision":"10","scale":"0","retentionPolicy":"ON_SUCCESS_OR_WARNING","aggregationType":"MAX","currentValue":"operations"},{"@type":"mtTaskInOutParameter","id":"-1","name":"sourcesystemcode","description":"","initialValue":"ACX","datatype":"STRING","precision":"10","scale":"0","retentionPolicy":"ON_SUCCESS_OR_WARNING","aggregationType":"MAX","currentValue":"ACX"},{"@type":"mtTaskInOutParameter","id":"-1","name":"refined_schema","description":"","initialValue":"silver","datatype":"STRING","precision":"10","scale":"0","retentionPolicy":"ON_SUCCESS_OR_WARNING","aggregationType":"MAX","currentValue":"silver"},{"@type":"mtTaskInOutParameter","id":"-1","name":"target_table_name","description":"","initialValue":"","datatype":"STRING","precision":"50","scale":"0","retentionPolicy":"ON_SUCCESS_OR_WARNING","aggregationType":"MAX","currentValue":"predictive_analytics_assessment_summary"}],"connRuntimeAttrs":[]}]