[{"@type":"mappingTemplate","id":"@1","name":"m_Load_subrogation_To_subrogation_Stg_load","description":"","autoExpireObject":false,"bundleVersion":"0","assetFrsGuid":"aMAf0KiOh3ncmA6icVfQCj","templateId":"@3","deployTime":1767814984000,"hasParameters":true,"valid":true,"fixedConnection":false,"hasParametersDeployed":true,"fixedConnectionDeployed":false,"isSchemaValidationEnabled":false,"tasks":1,"mappingPreviewFileRecordId":"@2","documentType":"","allowMaxFieldLength":false,"specialCharacterSupport":false,"references":[]}]