[{"@type":"mappingTemplate","id":"@1","name":"cdi_map_tsk_adm_agency_guidewire_metal_stg_load","description":"Maria DB and load to metal staging tables. incremental data_one to one mapping.","autoExpireObject":false,"bundleVersion":"0","assetFrsGuid":"7fSGL3yhLK1lVNiIBaYyye","templateId":"@3","deployTime":1749750287000,"hasParameters":true,"valid":true,"fixedConnection":false,"hasParametersDeployed":true,"fixedConnectionDeployed":false,"isSchemaValidationEnabled":false,"tasks":0,"mappingPreviewFileRecordId":"@2","documentType":"MAPPING","allowMaxFieldLength":false,"specialCharacterSupport":false,"references":[]}]