[{"@type":"mappingTemplate","id":"@1","name":"m_load_feature_stg_from_feature","description":"","autoExpireObject":false,"bundleVersion":"0","assetFrsGuid":"2Chgjb2XC17c7F1LmLhumW","templateId":"@3","deployTime":1767815048000,"hasParameters":true,"valid":true,"fixedConnection":false,"hasParametersDeployed":true,"fixedConnectionDeployed":false,"isSchemaValidationEnabled":false,"tasks":1,"mappingPreviewFileRecordId":"@2","documentType":"","allowMaxFieldLength":false,"specialCharacterSupport":false,"references":[]}]