[{"@type":"mtTask","id":"@1","name":"cdi_tsk_map_adm_agency_guidewire_bronze_load","description":"This job is responsible for reading data from the Metal staging layer and loading it into the Bronze SCD Type 2 tables. It ensures historical tracking of changes by identifying new, changed, and unchanged records, applying the appropriate logic to insert new versions or retire old ones with end dates as part of the SCD2 process.","autoExpireObject":false,"runtimeEnvironmentId":"@3pADNCV9u0PcgrXjM7rx0t","maxLogs":10,"verbose":false,"lastRunTime":1749135374000,"mappingId":"@2XQTU4YG10fg4dvmDV5jsS","frsGuid":"dPe6ZJdn6IzeB44azH3k0z","shortDescription":"This job is responsible for reading data from the ...","sessionPropertiesList":[{"name":"Pushdown Optimization","value":"None","recommended":false},{"name":"Pushdown Optimization Context","value":"None","recommended":false},{"name":"Pushdown Optimization Fallback Option","value":"Partial PDO","recommended":false}],"hidden":false,"enableCrossSchemaPushdown":true,"enableParallelRun":false,"autoTunedApplied":false,"autoTunedAppliedType":"NONE","parameterFileName":"Andover_Param_ADM.param","parameterFileDir":"$PMRootDir/andover/parameters","paramFileType":"PARAM_FILE_LOCAL","schemaMode":"async","valid":true,"schemaValidationErrorCount":-1,"serverlessProperties":{},"taskProperties":[{"@type":"taskProperty","name":"parameterFileDir","currentValue":"$PMRootDir/andover/parameters","type":"STRING","label":"label.parameterFileDir","required":false},{"@type":"taskProperty","name":"parameterFileName","currentValue":"Andover_Param_ADM.param","type":"STRING","label":"label.parameterFileName","required":false},{"@type":"taskProperty","name":"outboundMessageUrlQueueTime","currentValue":"","type":"NUMBER","label":"label.outboundMessageUrlQueueTime","required":false},{"@type":"taskProperty","name":"outboundMessageUrlToken","currentValue":"","type":"STRING","label":"label.outboundMessageUrlToken","required":false}],"optimizationPlan":"NONE","isMidstreamPreview":false,"allowMaxFieldLength":false,"parameters":[{"@type":"mtTaskParameter","id":119950824,"name":"$src_delta_changes_agency$","type":"SOURCE","label":"DBConnection_UDM_SRC","description":"","uiProperties":{"cnxtype":"Amazon Redshift v2","connectionParameterized":"true","paramName":"DBConnection_UDM_SRC","paramLabel":"","paramType-mapping":"Connection","logcnx":"DBConnection_UDM_SRC","isSelectDistinct":"false","objectParameterized":"false","visible":"false","originalPath":"src_delta_changes_agency"},"sourceConnectionId":"@aYZ4ekzHgIPeKpiaoqDLKP","sourceObject":"DUMMY_src_delta_changes_agency","newFlatFile":false,"newObject":false,"showBusinessNames":true,"naturalOrder":true,"truncateTarget":false,"bulkApiDBTarget":false,"customFuncCfg":{"@type":"customFuncConfig","id":-1,"connections":[],"inputMap":[],"outputFields":[]},"targetRefsV2":{},"targetUpdateColumns":[],"runtimeAttrs":{},"isRESTModernSource":true,"customQuery":"WITH current_batch AS (\n    SELECT \n        bls.batch_id,\n        bls.source_start_cutoff_datetime,\n        bls.source_end_cutoff_datetime\n    FROM metal.batch_load_summary bls\n    WHERE bls.source_system_code = 'ADM'\n      AND bls.batch_status = 'Inprogress'\n      AND bls.batch_id = (\n          SELECT MAX(batch_id)\n          FROM metal.batch_load_summary\n          WHERE source_system_code = 'ADM'\n            AND batch_status = 'Inprogress'\n      )\n)\n\nSELECT DISTINCT\nmetal_agg.source_name, \nmetal_agg.load_type, \nmetal_agg.accounting_ach_accountnum, \nmetal_agg.accounting_ach_accounttype1, \nmetal_agg.accounting_ach_accounttype2, \nmetal_agg.accounting_ach_bankname, \nmetal_agg.accounting_ach_routingnum, \nmetal_agg.accounting_commission_allowcombined, \nmetal_agg.accounting_commission_paymentby, \nmetal_agg.accounting_commission_payto, \nmetal_agg.accounting_entity_name_1, \nmetal_agg.accounting_entity_name_2, \nmetal_agg.accounting_trust_accountnum, \nmetal_agg.accounting_trust_accounttype1, \nmetal_agg.accounting_trust_accounttype2, \nmetal_agg.accounting_trust_bankname, \nmetal_agg.accounting_trust_routingnum, \nmetal_agg.agency_alpha_workflow,\nmetal_agg.agency_nup, \nmetal_agg.appointed_date, \nmetal_agg.claims_contact, \nmetal_agg.created, \nmetal_agg.dba_name, \nmetal_agg.delivery_preference, \nmetal_agg.deliv_pref_claims, \nmetal_agg.deliv_pref_correspondence,\nmetal_agg.download_lob, \nmetal_agg.fcra, \nmetal_agg.field_rep_email, \nmetal_agg.ipartners, \nmetal_agg.ipartners_combined, \nmetal_agg.lexis_commission_enddate, \nmetal_agg.lexis_commission_participation, \nmetal_agg.lexis_commission_startdate, \nmetal_agg.lexis_edocs_enddate, \nmetal_agg.lexis_edocs_participation,\nmetal_agg.lexis_edocs_startdate, \nmetal_agg.lexis_policy_enddate, \nmetal_agg.lexis_policy_participation, \nmetal_agg.lexis_policy_startdate, \nmetal_agg.modified,\nmetal_agg.notes, \nmetal_agg.npn, \nmetal_agg.ontop_agency, \nmetal_agg.status, \nmetal_agg.status_date, \nmetal_agg.transfer_gw, \nmetal_agg.transfer_status, \nmetal_agg.type,\ncurrent_batch.batch_id\nFROM metal.adm_agency_guidewire metal_agg\nCROSS JOIN current_batch\nORDER BY \n    metal_agg.agency_nup,\n    metal_agg.created,\n    metal_agg.modified;","commandType":0,"isFileList":false,"handleSpecialChars":false,"handleDecimalRoundOff":false,"frsAsset":false,"dynamicFileName":false,"excludeDynamicFileNameField":false,"currentlyProcessedFileName":false,"retainFieldMetadata":false,"objectName":"DUMMY_src_delta_changes_agency","useExactSrcNames":false,"userUpdated":true,"fetchMode":"ORIGINAL","tgtObjectAttributes":{},"runtimeParameterData":{"@type":"mtTaskRuntimeParameterData","isConnectionRuntimeParameter":false,"isObjectRuntimeParameter":false,"connectionParameterName":"DBConnection_UDM_SRC"},"overridableProperties":[],"overriddenFields":[]},{"@type":"mtTaskParameter","id":119950825,"name":"$src_tgt_bronze_adm_agency_guidewire_Query$","type":"SOURCE","label":"DBConnection_UDM_SRC","description":"","uiProperties":{"cnxtype":"Amazon Redshift v2","connectionParameterized":"true","paramName":"DBConnection_UDM_SRC","paramLabel":"","paramType-mapping":"Connection","logcnx":"DBConnection_UDM_SRC","isSelectDistinct":"false","objectParameterized":"false","visible":"false","originalPath":"src_tgt_bronze_adm_agency_guidewire_Query"},"sourceConnectionId":"@aYZ4ekzHgIPeKpiaoqDLKP","sourceObject":"DUMMY_src_tgt_bronze_adm_agency_guidewire_Query","newFlatFile":false,"newObject":false,"showBusinessNames":true,"naturalOrder":true,"truncateTarget":false,"bulkApiDBTarget":false,"customFuncCfg":{"@type":"customFuncConfig","id":-1,"connections":[],"inputMap":[],"outputFields":[]},"targetRefsV2":{},"targetUpdateColumns":[],"runtimeAttrs":{},"isRESTModernSource":true,"customQuery":"SELECT \n        agency_guidewire_row_id, \n        agency_guidewire_row_md5checksum, \n        agency_id,  \n  agency_guidewire_datetime_modified,\n  agency_guidewire_row_effective_end_datetime\n    FROM bronze.adm_agency_guidewire \n    where  agency_guidewire_row_effective_end_datetime = '9999-12-31 00:00:00.000'","commandType":0,"isFileList":false,"handleSpecialChars":false,"handleDecimalRoundOff":false,"frsAsset":false,"dynamicFileName":false,"excludeDynamicFileNameField":false,"currentlyProcessedFileName":false,"retainFieldMetadata":false,"objectName":"DUMMY_src_tgt_bronze_adm_agency_guidewire_Query","useExactSrcNames":false,"userUpdated":true,"fetchMode":"ORIGINAL","tgtObjectAttributes":{},"runtimeParameterData":{"@type":"mtTaskRuntimeParameterData","isConnectionRuntimeParameter":false,"isObjectRuntimeParameter":false,"connectionParameterName":"DBConnection_UDM_SRC"},"overridableProperties":[],"overriddenFields":[]},{"@type":"mtTaskParameter","id":119950826,"name":"$tgt_bronze_adm_agency_guidewire_insrt$","type":"TARGET","label":"DBConnection_UDM_TGT","description":"","uiProperties":{"cnxtype":"Amazon Redshift v2","connectionParameterized":"true","paramName":"DBConnection_UDM_TGT","paramLabel":"","paramType-mapping":"Connection","logcnx":"DBConnection_UDM_TGT","default":"bronze/adm_agency_guidewire","objectParameterized":"false","visible":"false","defaultTargetUpdateColumns":"","supportApplyDDLChanges":"false","originalPath":"tgt_bronze_adm_agency_guidewire_insrt"},"targetConnectionId":"@aYZ4ekzHgIPeKpiaoqDLKP","targetObject":"bronze/adm_agency_guidewire","targetObjectLabel":"bronze/adm_agency_guidewire","newFlatFile":false,"newObject":false,"showBusinessNames":true,"naturalOrder":true,"truncateTarget":false,"bulkApiDBTarget":false,"operationType":"Insert","customFuncCfg":{"@type":"customFuncConfig","id":-1,"connections":[],"inputMap":[],"outputFields":[]},"targetRefsV2":{},"targetUpdateColumns":[],"extendedObject":{"@type":"extendedObject","singleMode":true,"filters":[],"sortFields":[]},"runtimeAttrs":{},"isRESTModernSource":true,"commandType":0,"isFileList":false,"handleSpecialChars":false,"handleDecimalRoundOff":false,"frsAsset":false,"dynamicFileName":false,"excludeDynamicFileNameField":false,"currentlyProcessedFileName":false,"retainFieldMetadata":false,"objectName":"bronze/adm_agency_guidewire","objectLabel":"bronze/adm_agency_guidewire","useExactSrcNames":false,"userUpdated":true,"fetchMode":"ORIGINAL","tgtObjectAttributes":{},"runtimeParameterData":{"@type":"mtTaskRuntimeParameterData","isConnectionRuntimeParameter":false,"isObjectRuntimeParameter":false,"connectionParameterName":"DBConnection_UDM_TGT"},"overridableProperties":[],"targetSchemaProviderType":"SELECTED_OBJECT","dbSchema":"","overriddenFields":[]},{"@type":"mtTaskParameter","id":119950827,"name":"$tgt_bronze_adm_agency_guidewire_updt$","type":"TARGET","label":"DBConnection_UDM_TGT","description":"","uiProperties":{"cnxtype":"Amazon Redshift v2","connectionParameterized":"true","paramName":"DBConnection_UDM_TGT","paramLabel":"","paramType-mapping":"Connection","logcnx":"DBConnection_UDM_TGT","default":"bronze/adm_agency_guidewire","objectParameterized":"false","visible":"false","defaultTargetUpdateColumns":"","supportApplyDDLChanges":"false","originalPath":"tgt_bronze_adm_agency_guidewire_updt"},"targetConnectionId":"@aYZ4ekzHgIPeKpiaoqDLKP","targetObject":"bronze/adm_agency_guidewire","targetObjectLabel":"bronze/adm_agency_guidewire","newFlatFile":false,"newObject":false,"showBusinessNames":true,"naturalOrder":true,"truncateTarget":false,"bulkApiDBTarget":false,"operationType":"Insert","customFuncCfg":{"@type":"customFuncConfig","id":-1,"connections":[],"inputMap":[],"outputFields":[]},"targetRefsV2":{},"targetUpdateColumns":[],"extendedObject":{"@type":"extendedObject","singleMode":true,"filters":[],"sortFields":[]},"runtimeAttrs":{},"isRESTModernSource":true,"commandType":0,"isFileList":false,"handleSpecialChars":false,"handleDecimalRoundOff":false,"frsAsset":false,"dynamicFileName":false,"excludeDynamicFileNameField":false,"currentlyProcessedFileName":false,"retainFieldMetadata":false,"objectName":"bronze/adm_agency_guidewire","objectLabel":"bronze/adm_agency_guidewire","useExactSrcNames":false,"userUpdated":true,"fetchMode":"ORIGINAL","tgtObjectAttributes":{},"runtimeParameterData":{"@type":"mtTaskRuntimeParameterData","isConnectionRuntimeParameter":false,"isObjectRuntimeParameter":false,"connectionParameterName":"DBConnection_UDM_TGT"},"overridableProperties":[],"targetSchemaProviderType":"SELECTED_OBJECT","dbSchema":"","overriddenFields":[]},{"@type":"mtTaskParameter","id":119950828,"name":"$tgt_bronze_adm_agency_guidewire_updt_endate$","type":"TARGET","label":"DBConnection_UDM_TGT","description":"","uiProperties":{"cnxtype":"Amazon Redshift v2","connectionParameterized":"true","paramName":"DBConnection_UDM_TGT","paramLabel":"","paramType-mapping":"Connection","logcnx":"DBConnection_UDM_TGT","default":"bronze/adm_agency_guidewire","objectParameterized":"false","visible":"false","defaultTargetUpdateColumns":"agency_guidewire_row_id","supportApplyDDLChanges":"false","originalPath":"tgt_bronze_adm_agency_guidewire_updt_endate"},"targetConnectionId":"@aYZ4ekzHgIPeKpiaoqDLKP","targetObject":"bronze/adm_agency_guidewire","targetObjectLabel":"bronze/adm_agency_guidewire","newFlatFile":false,"newObject":false,"showBusinessNames":true,"naturalOrder":true,"truncateTarget":false,"bulkApiDBTarget":false,"operationType":"Update","customFuncCfg":{"@type":"customFuncConfig","id":-1,"connections":[],"inputMap":[],"outputFields":[]},"targetRefsV2":{},"targetUpdateColumns":["agency_guidewire_row_id"],"extendedObject":{"@type":"extendedObject","singleMode":true,"filters":[],"sortFields":[]},"runtimeAttrs":{},"isRESTModernSource":true,"commandType":0,"isFileList":false,"handleSpecialChars":false,"handleDecimalRoundOff":false,"frsAsset":false,"dynamicFileName":false,"excludeDynamicFileNameField":false,"currentlyProcessedFileName":false,"retainFieldMetadata":false,"objectName":"bronze/adm_agency_guidewire","objectLabel":"bronze/adm_agency_guidewire","useExactSrcNames":false,"userUpdated":true,"fetchMode":"ORIGINAL","tgtObjectAttributes":{},"runtimeParameterData":{"@type":"mtTaskRuntimeParameterData","isConnectionRuntimeParameter":false,"isObjectRuntimeParameter":false,"connectionParameterName":"DBConnection_UDM_TGT"},"overridableProperties":[],"targetSchemaProviderType":"SELECTED_OBJECT","dbSchema":"","overriddenFields":[]}],"sequences":[],"inOutParameters":[],"connRuntimeAttrs":[]}]