[{"@type":"mtTask","id":"@1","name":"cdi_tsk_map_uw_silver_uw_dashboard_betterview_details_ld","autoExpireObject":false,"runtimeEnvironmentId":"@3pADNCV9u0PcgrXjM7rx0t","maxLogs":10,"verbose":false,"lastRunTime":1742392124000,"mappingId":"@8U1WiQIQikggE3Ke2D6dyx","frsGuid":"2tXyjR4kh9UgsqlSLoxmqL","sessionPropertiesList":[{"name":"Pushdown Optimization","value":"None","recommended":false},{"name":"Pushdown Optimization Context","value":"None","recommended":false},{"name":"Pushdown Optimization Fallback Option","value":"Partial PDO","recommended":false}],"hidden":false,"enableCrossSchemaPushdown":true,"enableParallelRun":false,"autoTunedApplied":false,"autoTunedAppliedType":"NONE","parameterFileName":"Andover_Param_GW.param","parameterFileDir":"$PMRootDir/andover/parameters","paramFileType":"PARAM_FILE_LOCAL","schemaMode":"async","valid":true,"schemaValidationErrorCount":-1,"serverlessProperties":{},"taskProperties":[{"@type":"taskProperty","name":"parameterFileDir","currentValue":"$PMRootDir/andover/parameters","type":"STRING","label":"label.parameterFileDir","required":false},{"@type":"taskProperty","name":"parameterFileName","currentValue":"Andover_Param_GW.param","type":"STRING","label":"label.parameterFileName","required":false},{"@type":"taskProperty","name":"outboundMessageUrlQueueTime","currentValue":"","type":"NUMBER","label":"label.outboundMessageUrlQueueTime","required":false},{"@type":"taskProperty","name":"outboundMessageUrlToken","currentValue":"","type":"STRING","label":"label.outboundMessageUrlToken","required":false}],"optimizationPlan":"NONE","isMidstreamPreview":false,"parameters":[{"@type":"mtTaskParameter","id":113482894,"name":"$src_query$","type":"SOURCE","label":"DBConnection_SRC","description":"","uiProperties":{"cnxtype":"Amazon Redshift v2","connectionParameterized":"true","paramName":"DBConnection_SRC","paramLabel":"","paramType-mapping":"Connection","logcnx":"DBConnection_SRC","isSelectDistinct":"false","objectParameterized":"false","visible":"false","originalPath":"src_query"},"sourceConnectionId":"@aYZ4ekzHgIPeKpiaoqDLKP","sourceObject":"DUMMY_src_query","newFlatFile":false,"newObject":false,"showBusinessNames":true,"naturalOrder":true,"truncateTarget":false,"bulkApiDBTarget":false,"customFuncCfg":{"@type":"customFuncConfig","id":-1,"connections":[],"inputMap":[],"outputFields":[]},"targetRefsV2":{},"targetUpdateColumns":[],"runtimeAttrs":{},"isRESTModernSource":true,"customQuery":"select\n\tdistinct p.property_version_id as property_version_id,\n\tp.property_version_number as property_version_number,\n\tp.property_street as property_street,\n\tp.property_city as property_city,\n\tp.property_state as property_state,\n\tp.property_zip as property_zip,\n\tp.external_id as property_risk_id,\n\tp.order_date as property_order_date_of_betterview_risk_data_pull,\n\tp.completion_date as property_completion_date_of_ordered_betterview_risk_data_pull,\n\tp.update_date as property_update_date,\n\tp.latest_image_capture_date as property_latest_image_capture_date,\n\tp.overall_visual_score as property_roof_spotlight_index,\n\tb.property_version_id as building_property_version_id,\n\tb.property_building_id as building_property_building_id,\n\tb.building_number as building_number,\n\tb.property_level as building_property_level,\n\tb.building_area_sqft as building_area_in_square_feet,\n\tb.building_visual_score as building_spotlight_index,\n\tb.building_accumulated_risk_tree_coverage as building_aggregate_tree_score,\n\tb.building_tree_count as building_number_of_dangerous_trees,\n\tb.create_date as building_create_date,\n\tb.update_date as building_update_date,\n\td.property_building_id as detection_property_building_id,\n\td.property_detection_id as detection_property_detection_id,\n\td.create_date as detection_create_date,\n\td.update_date as detection_update_date,\n\td.detection_name as detection_name,\n\td.detection_area_sqft as detection_area_in_square_feet,\n\tbd.uw_dashboard_betterview_details_row_id as tgt_row_id,\n\tbd.uw_dashboard_betterview_details_md5_hash_value as tgt_md5_hash_value,\n\tbd.property_risk_id as tgt_property_risk_id,\n\tbd.uw_dashboard_betterview_details_row_effective_end_date as uw_dashboard_betterview_details_row_effective_end_date\nfrom\n\t(\n\tselect\n\t\t*\n\tfrom\n\t\t(\n\t\tselect\n\t\t\tproperty_version_id,\n\t\t\texternal_id,\n\t\t\torder_date,\n\t\t\tcompletion_date,\n\t\t\tlatest_image_capture_date,\n\t\t\toverall_visual_score,\n\t\t\tupdate_date,\n\t\t\tproperty_version_number,\n\t\t\tproperty_street,\n\t\t\tproperty_city,\n\t\t\tproperty_state,\n\t\t\tproperty_zip,\n\t\t\trow_number() over(partition by external_id\n\t\torder by\n\t\t\tlatest_image_capture_date desc nulls last,\n\t\t\tcompletion_date desc nulls last,\n\t\t\tupdate_date desc nulls last) as rn\n\t\tfrom\n\t\t\tdbo.betterview_property_stg)\n\twhere\n\t\trn = 1 ) p\ninner join (\n\tselect\n\t\t*\n\tfrom\n\t\t(\n\t\tselect\n\t\t\tproperty_level,\n\t\t\tbuilding_number,\n\t\t\tproperty_version_id,\n\t\t\tproperty_building_id,\n\t\t\tbuilding_tree_count,\n\t\t\tbuilding_visual_score,\n\t\t\tbuilding_accumulated_risk_tree_coverage,\n\t\t\tbuilding_area_sqft,\n\t\t\tcreate_date,\n\t\t\tupdate_date,\n\t\t\trow_number() over (partition by property_level,\n\t\t\tbuilding_number,\n\t\t\tproperty_version_id\n\t\torder by\n\t\t\tcreate_date desc nulls last) as rn\n\t\tfrom\n\t\t\tdbo.betterview_property_building_stg\n\t\twhere\n\t\t\tproperty_level = 'Building'\n\t\t\tand building_number = 1 )\n\twhere\n\t\trn = 1 )b on\n\tp.property_version_id = b.property_version_id\nleft join (\n\tselect\n\t\t*\n\tfrom\n\t\t(\n\t\tselect\n\t\t\tdistinct property_building_id,\n\t\t\tdetection_level,\n\t\t\tdetection_name,\n\t\t\tdetection_area_sqft,\n\t\t\tcreate_date,\n\t\t\tproperty_detection_id,\n\t\t\tupdate_date,\n\t\t\trow_number() over (partition by property_building_id,\n\t\t\tdetection_name\n\t\torder by\n\t\t\tcreate_date desc nulls last) as rn\n\t\tfrom\n\t\t\tdbo.betterview_property_detection_stg\n\t\twhere\n\t\t\tdetection_name = 'Overhang'\n\t\t\tor detection_name = 'Yard Debris' )\n\twhere\n\t\trn = 1 )d on\n\tb.property_building_id = d.property_building_id\nleft outer join (\n\tselect\n\t\tuw_dashboard_betterview_details_row_id,\n\t\tuw_dashboard_betterview_details_md5_hash_value,\n\t\tproperty_risk_id,\n\t\tuw_dashboard_betterview_details_row_effective_end_date\n\tfrom\n\t\tdbo.uw_dashboard_betterview_details where uw_dashboard_betterview_details_row_effective_end_date = '9999-12-31'\n\t\t) bd on\n\tbd.property_risk_id = p.external_id;","isFileList":false,"handleSpecialChars":false,"handleDecimalRoundOff":false,"frsAsset":false,"dynamicFileName":false,"excludeDynamicFileNameField":false,"currentlyProcessedFileName":false,"retainFieldMetadata":false,"objectName":"DUMMY_src_query","useExactSrcNames":false,"userUpdated":true,"fetchMode":"ORIGINAL","tgtObjectAttributes":{},"runtimeParameterData":{"@type":"mtTaskRuntimeParameterData","isConnectionRuntimeParameter":false,"isObjectRuntimeParameter":false,"connectionParameterName":"DBConnection_SRC"},"overridableProperties":[],"overriddenFields":[]},{"@type":"mtTaskParameter","id":113482895,"name":"$tgt_uw_dashboard_betterview_details_insert$","type":"TARGET","label":"DBConnection_TGT","description":"","uiProperties":{"cnxtype":"Amazon Redshift v2","connectionParameterized":"true","paramName":"DBConnection_TGT","paramLabel":"","paramType-mapping":"Connection","logcnx":"DBConnection_TGT","default":"dbo/uw_dashboard_betterview_details","objectParameterized":"false","visible":"false","defaultTargetUpdateColumns":"","supportApplyDDLChanges":"false","originalPath":"tgt_uw_dashboard_betterview_details_insert"},"targetConnectionId":"@aYZ4ekzHgIPeKpiaoqDLKP","targetObject":"dbo/uw_dashboard_betterview_details","targetObjectLabel":"dbo/uw_dashboard_betterview_details","newFlatFile":false,"newObject":false,"showBusinessNames":true,"naturalOrder":true,"truncateTarget":false,"bulkApiDBTarget":false,"operationType":"Insert","customFuncCfg":{"@type":"customFuncConfig","id":-1,"connections":[],"inputMap":[],"outputFields":[]},"targetRefsV2":{},"targetUpdateColumns":[],"extendedObject":{"@type":"extendedObject","singleMode":true,"filters":[],"sortFields":[]},"runtimeAttrs":{},"isRESTModernSource":true,"isFileList":false,"handleSpecialChars":false,"handleDecimalRoundOff":false,"frsAsset":false,"dynamicFileName":false,"excludeDynamicFileNameField":false,"currentlyProcessedFileName":false,"retainFieldMetadata":false,"objectName":"dbo/uw_dashboard_betterview_details","objectLabel":"dbo/uw_dashboard_betterview_details","useExactSrcNames":false,"userUpdated":true,"fetchMode":"ORIGINAL","tgtObjectAttributes":{},"runtimeParameterData":{"@type":"mtTaskRuntimeParameterData","isConnectionRuntimeParameter":false,"isObjectRuntimeParameter":false,"connectionParameterName":"DBConnection_TGT"},"overridableProperties":[],"targetSchemaProviderType":"SELECTED_OBJECT","overriddenFields":[]},{"@type":"mtTaskParameter","id":113482896,"name":"$tgt_uw_dashboard_betterview_details_update$","type":"TARGET","label":"DBConnection_TGT","description":"","uiProperties":{"cnxtype":"Amazon Redshift v2","connectionParameterized":"true","paramName":"DBConnection_TGT","paramLabel":"","paramType-mapping":"Connection","logcnx":"DBConnection_TGT","default":"dbo/uw_dashboard_betterview_details","objectParameterized":"false","visible":"false","defaultTargetUpdateColumns":"","supportApplyDDLChanges":"false","originalPath":"tgt_uw_dashboard_betterview_details_update"},"targetConnectionId":"@aYZ4ekzHgIPeKpiaoqDLKP","targetObject":"dbo/uw_dashboard_betterview_details","targetObjectLabel":"dbo/uw_dashboard_betterview_details","newFlatFile":false,"newObject":false,"showBusinessNames":true,"naturalOrder":true,"truncateTarget":false,"bulkApiDBTarget":false,"operationType":"Insert","customFuncCfg":{"@type":"customFuncConfig","id":-1,"connections":[],"inputMap":[],"outputFields":[]},"targetRefsV2":{},"targetUpdateColumns":[],"extendedObject":{"@type":"extendedObject","singleMode":true,"filters":[],"sortFields":[]},"runtimeAttrs":{},"isRESTModernSource":true,"isFileList":false,"handleSpecialChars":false,"handleDecimalRoundOff":false,"frsAsset":false,"dynamicFileName":false,"excludeDynamicFileNameField":false,"currentlyProcessedFileName":false,"retainFieldMetadata":false,"objectName":"dbo/uw_dashboard_betterview_details","objectLabel":"dbo/uw_dashboard_betterview_details","useExactSrcNames":false,"userUpdated":true,"fetchMode":"ORIGINAL","tgtObjectAttributes":{},"runtimeParameterData":{"@type":"mtTaskRuntimeParameterData","isConnectionRuntimeParameter":false,"isObjectRuntimeParameter":false,"connectionParameterName":"DBConnection_TGT"},"overridableProperties":[],"targetSchemaProviderType":"SELECTED_OBJECT","overriddenFields":[]},{"@type":"mtTaskParameter","id":113482897,"name":"$tgt_uw_dashboard_betterview_details_update_enddate$","type":"TARGET","label":"DBConnection_TGT","description":"","uiProperties":{"cnxtype":"Amazon Redshift v2","connectionParameterized":"true","paramName":"DBConnection_TGT","paramLabel":"","paramType-mapping":"Connection","logcnx":"DBConnection_TGT","default":"dbo/uw_dashboard_betterview_details","objectParameterized":"false","visible":"false","defaultTargetUpdateColumns":"uw_dashboard_betterview_details_row_id","supportApplyDDLChanges":"false","originalPath":"tgt_uw_dashboard_betterview_details_update_enddate"},"targetConnectionId":"@aYZ4ekzHgIPeKpiaoqDLKP","targetObject":"dbo/uw_dashboard_betterview_details","targetObjectLabel":"dbo/uw_dashboard_betterview_details","newFlatFile":false,"newObject":false,"showBusinessNames":true,"naturalOrder":true,"truncateTarget":false,"bulkApiDBTarget":false,"operationType":"Update","customFuncCfg":{"@type":"customFuncConfig","id":-1,"connections":[],"inputMap":[],"outputFields":[]},"targetRefsV2":{},"targetUpdateColumns":["uw_dashboard_betterview_details_row_id"],"extendedObject":{"@type":"extendedObject","singleMode":true,"filters":[],"sortFields":[]},"runtimeAttrs":{},"isRESTModernSource":true,"isFileList":false,"handleSpecialChars":false,"handleDecimalRoundOff":false,"frsAsset":false,"dynamicFileName":false,"excludeDynamicFileNameField":false,"currentlyProcessedFileName":false,"retainFieldMetadata":false,"objectName":"dbo/uw_dashboard_betterview_details","objectLabel":"dbo/uw_dashboard_betterview_details","useExactSrcNames":false,"userUpdated":true,"fetchMode":"ORIGINAL","tgtObjectAttributes":{},"runtimeParameterData":{"@type":"mtTaskRuntimeParameterData","isConnectionRuntimeParameter":false,"isObjectRuntimeParameter":false,"connectionParameterName":"DBConnection_TGT"},"overridableProperties":[],"targetSchemaProviderType":"SELECTED_OBJECT","overriddenFields":[]}],"sequences":[],"inOutParameters":[],"connRuntimeAttrs":[]}]