[{"@type":"mappingTemplate","id":"@1","name":"cdi_map_uw_silver_uw_dashboard_coverage_details_ld","description":"","autoExpireObject":false,"bundleVersion":"0","assetFrsGuid":"9q9ty01qYbndkMOh0aef0l","templateId":"@3","deployTime":1764609036000,"hasParameters":true,"valid":true,"fixedConnection":false,"hasParametersDeployed":true,"fixedConnectionDeployed":false,"isSchemaValidationEnabled":false,"tasks":1,"mappingPreviewFileRecordId":"@2","documentType":"MAPPING","allowMaxFieldLength":false,"specialCharacterSupport":false,"references":[]}]