[{"@type":"mappingTemplate","id":"@1","name":"m_PMS_Fact_Premiums_Earned_SQL_SERVER_TO_Redshift","description":"","autoExpireObject":false,"bundleVersion":"0","assetFrsGuid":"70IQgMCkinVepwoASkm0kE","templateId":"@3","deployTime":1720707098000,"hasParameters":true,"valid":true,"fixedConnection":false,"hasParametersDeployed":true,"fixedConnectionDeployed":false,"isSchemaValidationEnabled":false,"tasks":1,"mappingPreviewFileRecordId":"@2","documentType":"MAPPING","allowMaxFieldLength":false,"references":[]}]