[{"@type":"mtTask","id":"@1","name":"s_m_PL_Feed_PMS_Direct","description":"Session pushed from PC to ICS : s_m_PL_Feed_PMS_Direct","runtimeEnvironmentId":"@3pADNCV9u0PcgrXjM7rx0t","maxLogs":10,"verbose":false,"lastRunTime":1707301220000,"mappingId":"@5FP5J341rY7kRa7qPeuaUc","frsGuid":"4E6zsxfJ70RdlCJ7MxHoUx","shortDescription":"Session pushed from PC to ICS : s_m_PL_Feed_PMS_Di...","sessionPropertiesList":[{"name":"Allow Temporary Sequence for Pushdown","value":"NO","recommended":false},{"name":"Allow Temporary View for Pushdown","value":"NO","recommended":false},{"name":"Data Column Delimiter","value":"|","recommended":false},{"name":"DateTime Format String","value":"MM/DD/YYYY HH24:MI:SS.US","recommended":false},{"name":"Error Log File Name","value":"PMError.log","recommended":false},{"name":"Pushdown Optimization","value":"None","recommended":false},{"name":"Pushdown Optimization Context","value":"None","recommended":false},{"name":"Pushdown Optimization Fallback Option","value":"Partial PDO","recommended":false}],"enableCrossSchemaPushdown":false,"enableParallelRun":false,"autoTunedApplied":false,"autoTunedAppliedType":"NONE","parameterFileName":"Andover_Parm_Feed.txt","parameterFileDir":"$PMRootDir/andover/parameters","paramFileType":"PARAM_FILE_LOCAL","schemaMode":"async","valid":true,"schemaValidationErrorCount":-1,"serverlessProperties":{},"taskProperties":[{"@type":"taskProperty","name":"parameterFileDir","currentValue":"$PMRootDir/andover/parameters","type":"STRING","label":"label.parameterFileDir","required":false},{"@type":"taskProperty","name":"parameterFileName","currentValue":"Andover_Parm_Feed.txt","type":"STRING","label":"label.parameterFileName","required":false}],"optimizationPlan":"NONE","parameters":[{"@type":"mtTaskParameter","id":76317731,"name":"$SQ_ProfitLoss_Monthly_Base$","type":"EXTENDED_SOURCE","label":"DBConnection_Src","description":"","uiProperties":{"cnxtype":"Amazon Redshift v2","connectionParameterized":"true","paramName":"DBConnection_Src","paramLabel":"","paramType-mapping":"Connection","logcnx":"DBConnection_Src","isSelectDistinct":"false","isMsrcFilterParameterized":"false","isMsrcSortParameterized":"false","objectParameterized":"false","visible":"false","originalPath":"SQ_ProfitLoss_Monthly_Base"},"sourceConnectionId":"@aYZ4ekzHgIPeKpiaoqDLKP","newFlatFile":false,"newObject":false,"showBusinessNames":true,"naturalOrder":true,"truncateTarget":false,"bulkApiDBTarget":false,"customFuncCfg":{"@type":"customFuncConfig","id":-1,"connections":[],"inputMap":[],"outputFields":[]},"targetRefsV2":{},"targetUpdateColumns":[],"extendedObject":{"@type":"extendedObject","object":{"@type":"mObject","name":"dbo/profitloss_monthly_base","label":"profitloss_monthly_base","metadataUpdated":false,"relations":[],"children":[]},"singleMode":true,"objects":[{"@type":"mObject","name":"dbo/profitloss_monthly_base","label":"profitloss_monthly_base","metadataUpdated":false,"relations":[],"children":[]}],"filters":[],"sortFields":[]},"runtimeAttrs":{"Unload Options":"","S3 Bucket Name":"nonproddatawarehouseredshiftclust-staging12d1754e-1w9c6risqayrf","Post-Sql":"","SQL Query":"select Source,CompanyDesc,LobDesc,RiskState,a.Annual_Statement_Line,StateLine,DirectWrittenPremium,CededWrittenPremium,DirectUnearnedPremium,CededUnearnedPremium,\n    DirectLossPaid,DirectCaseReserve ,DirectLossIBNRReserve,CededLossPaid, CededCaseReserve,0 as cededLossIBNRReserve,DirectPaidDCC,DirectPaidAO,DirectLAECaseReserve,DirectLAEIBNRReserve,\n    CededPaidDCC,CededPaidAO,CededLAECaseReserve, CededLAEIBNRReserve,DirectCommissionsIncurred,CededCommissionsIncurred, Account_Entered_Dt\n    ,null as ReinsuranceCompany\n\n    from (\n    SELECT 'PMS_Direct_Premiums' as source,\"Company Desc\" CompanyDesc,\n     case when StateLine='1' then 'Fire'\n        when StateLine='2' then 'Extended Coverage (EC)'\n        when StateLine in('A','4','6','7') then 'Homeowner (HO)'\n        when StateLine in('9')  then 'Inland Marine (IM)'\n        when StateLine in('X') and ltrim(rtrim(M.Dim_Key)) like '017'  then 'Personal Umbrella (PUMB)'\n         when StateLine in('X') and ltrim(rtrim(M.Dim_Key)) like '617'  then 'Commercial Umbrella (CUMB)'\n        when StateLine in('8','D','C')  then 'Business Owners Policy (BOP)'\n        when StateLine in('E','5')  then 'Commercial Multi Peril (CMP)'\n        when StateLine='Y' then 'Dwelling Liability'    end as LobDesc\n  ,S.Gen4_Desc RiskState,Annual_Statement_Line,StateLine\n  ,sum(Written_Premium)  DirectWrittenPremium,null as CededWrittenPremium  ,SUM(Unearned_Premium) as DirectUnearnedPremium ,null as CededUnearnedPremium\n  ,null as DirectLossPaid,null as DirectCaseReserve,SUM(Unearned_Premium*ref.ibnr_factor) as DirectLossIBNRReserve,null as CededLossPaid, null as CededCaseReserve\n  ,null as DirectPaidDCC,null as DirectPaidAO,null as DirectLAECaseReserve,SUM(Unearned_Premium*ref.IBNR_Factor*ref.LAE_IBNR_Factor)  as DirectLAEIBNRReserve,null as CededPaidDCC,null as CededPaidAO\n  ,0 as CededLAECaseReserve,0 as CededLAEIBNRReserve,SUM(Commission_Amount) DirectCommissionsIncurred,null as CededCommissionsIncurred,\n  Account_Entered_Dt\n     FROM dbo.PMS_Fact_Premiums_Earned F\n     LEFT JOIN ( SELECT Policy_Key \"Master Policy Key\",Company_Desc \"Company Desc\",ISNULL(R.LOB_Display_Desc,'Not Applicable') \"Lob Desc\"\n                 ,CONCAT(REPLICATE('0',3-LEN(Module_Number)),Module_Number) \"Module Number\" ,I.Fairplan_Desc\n                 FROM dbo.PMS_Master_Policy I\n               LEFT JOIN dbo.LOB_Ref R ON R.PMS_LOB_Desc = I.Lob_Desc  ) P ON P.\"Master Policy Key\" = F.Policy_Key\n               LEFT JOIN dbo.HIER_dim_RiskState S  ON S.Dim_Id = F.Risk_State_ID\n               LEFT Join dbo.ProfitLoss_Factors_Ref ref on  ref.State_Line_Code=F.StateLine\n               and ref.year=case when date_part(year,Account_Entered_Dt)<=2019 then 2019 else date_part(year,Account_Entered_Dt) end\n               LEFT JOIN dbo.HIER_dim_MajorPeril M  ON M.Dim_Id = F.Major_Peril_ID\n     WHERE    date_part(year,Account_Entered_Dt) >=2005 and M.Dim_Key not in('088','089')   and F.StateLine is not null      and   upper(ltrim(rtrim(P.Fairplan_Desc)))='NO'\n      GROUP BY \"Company Desc\"\n      ,case when StateLine='1' then 'Fire'\n        when StateLine='2' then 'Extended Coverage (EC)'\n        when StateLine in('A','4','6','7') then 'Homeowner (HO)'\n        when StateLine in('9')  then 'Inland Marine (IM)'\n        when StateLine in('X') and ltrim(rtrim(M.Dim_Key)) like '017'  then 'Personal Umbrella (PUMB)'\n       when StateLine in('X') and ltrim(rtrim(M.Dim_Key)) like '617'  then 'Commercial Umbrella (CUMB)'\n        when StateLine in('8','D','C')  then 'Business Owners Policy (BOP)'\n        when StateLine in('E','5')  then 'Commercial Multi Peril (CMP)'\n        when StateLine='Y' then 'Dwelling Liability'    end\n        ,Account_Entered_Dt,S.Gen4_Desc,Annual_Statement_Line,StateLine\nunion\n\nSELECT 'PMS_Direct_Premiums' as source, CompanyDesc,\n     case when StateLine='1' then 'Fire'\n          when StateLine='2' then 'Extended Coverage (EC)'\n          when StateLine in('A','4','6','7') then 'Homeowner (HO)'\n          when StateLine in('9')  then 'Inland Marine (IM)'\n          when StateLine in('X')   then 'Personal Umbrella (PUMB)'---and ltrim(rtrim(M.[Dim_Key])) like '017'\n          ---when StateLine in('X')   then 'Commercial Umbrella (CUMB)'---and ltrim(rtrim(M.[Dim_Key])) like '617'\n          when StateLine in('8','D','C')  then 'Business Owners Policy (BOP)'\n          when StateLine in('E','5')  then 'Commercial Multi Peril (CMP)'\n          when StateLine='Y' then 'Dwelling Liability'    end as LobDesc\n  , \"RiskState\",Annual_Statement_Line,StateLine\n  ,null as   DirectWrittenPremium  ,null as CededWrittenPremium  ,null as DirectUnearnedPremium ,null as CededUnearnedPremium\n  ,null DirectLossPaid ,null as DirectCaseReserve,null as  DirectLossIBNRReserve  ,null as CededLossPaid, null as CededCaseReserve\n  ,null  DirectPaidDCC ,null DirectPaidAO,null as DirectLAECaseReserve,null as DirectLAEIBNRReserve,null as CededPaidDCC\n  ,null as CededPaidAO,0 as CededLAECaseReserve,null as CededLAEIBNRReserve\n,sum(DirectCommissionsIncurred),null as CededCommissionsIncurred,Account_Entered_Dt\nfrom (\nselect Company CompanyDesc,  Risk_State RiskState\n    ,CASE LOB WHEN 'Dwelling' THEN '010' WHEN 'Homeowners' THEN '040'  WHEN 'Businessowners' THEN '051' ELSE 'null' END Annual_Statement_Line\n    ,CASE LOB WHEN 'Dwelling' THEN '1' WHEN 'Homeowners' THEN '4'  WHEN 'Businessowners' THEN '8' ELSE 'null' END StateLine\n      ,Commission_Amount as DirectCommissionsIncurred, Account_Entered_Dt\n    FROM\n   (SELECT Agency_Code,LOB,Risk_State,Company,Account_Entered_Dt,Commission_Amount\n   FROM dbo.Production_Incentives I  LEFT JOIN dbo.view_master_Agency A ON A.\"Agency Code\" = I.Agency_Code\n   WHERE ISNULL(A.\"Field Representative\",'') != 'Jim Ford'\n   ) A)b  --where month(Account_Entered_Dt)=1 and year(Account_Entered_Dt)=2019\n\n   group by CompanyDesc, RiskState,Annual_Statement_Line,StateLine ,Account_Entered_Dt\n   ,case when StateLine='1' then 'Fire'\n          when StateLine='2' then 'Extended Coverage (EC)'\n          when StateLine in('A','4','6','7') then 'Homeowner (HO)'\n          when StateLine in('9')  then 'Inland Marine (IM)'\n          when StateLine in('X')   then 'Personal Umbrella (PUMB)'\n          when StateLine in('8','D','C')  then 'Business Owners Policy (BOP)'\n          when StateLine in('E','5')  then 'Commercial Multi Peril (CMP)'\n          when StateLine='Y' then 'Dwelling Liability'    end\n---point of union\n   union\n     select 'PMS_Direct_Losses' as source,\"Company Desc\" CompanyDesc\n    , case when StateLine='1' then 'Fire'\n  when StateLine='2' then 'Extended Coverage (EC)'\n  when StateLine in('A','4','6','7') then 'Homeowner (HO)'\n  when StateLine in('9')  then 'Inland Marine (IM)'\n  when StateLine in('X') and ltrim(rtrim(M.Dim_Key)) like '017'  then 'Personal Umbrella (PUMB)'\n  when StateLine in('X') and ltrim(rtrim(M.Dim_Key)) like '617'  then 'Commercial Umbrella (CUMB)'\n  when StateLine in('8','D','C')  then 'Business Owners Policy (BOP)'\n  when StateLine in('E','5')  then 'Commercial Multi Peril (CMP)'\n  when StateLine='Y' then 'Dwelling Liability'    end as LobDesc\n         ,S.Gen4_Desc RiskState,Annual_Statement_Line,StateLine\n      ,null as   DirectWrittenPremium  ,null as CededWrittenPremium  ,null as DirectUnearnedPremium ,null as CededUnearnedPremium\n      ,sum(isnull(Loss_Paid_Amt,0)+isnull(Loss_Paid_Recovery_Amt,0)+isnull(Loss_Salvage,0)+isnull(Loss_Subrogation_Amt,0) ) as DirectLossPaid\n      ,null as DirectCaseReserve,null as  DirectLossIBNRReserve\n      ,null as CededLossPaid, null as CededCaseReserve\n      ,SUM(Loss_Alae_Expense)  DirectPaidDCC ,SUM(Loss_Ulae_Expense) DirectPaidAO,null as DirectLAECaseReserve\n      ,null as DirectLAEIBNRReserve,null as CededPaidDCC,null as CededPaidAO,0 as CededLAECaseReserve\n      ,0 as CededLAEIBNRReserve,null as DirectCommissionsIncurred,null as CededCommissionsIncurred,\n      Account_Entered_Dt\n      FROM dbo.PMS_Fact_Loss F\n      LEFT JOIN (SELECT Policy_Key \"Master Policy Key\",Company_Desc \"Company Desc\",ISNULL(R.LOB_Display_Desc,'Not Applicable') \"Lob Desc\"\n                 ,CONCAT(REPLICATE('0',3-LEN(Module_Number)),Module_Number) \"Module Number\",I.Fairplan_Desc\n                 FROM dbo.PMS_Master_Policy I\n                 LEFT JOIN dbo.LOB_Ref R ON R.PMS_LOB_Desc = I.Lob_Desc ) P    ON P.\"Master Policy Key\" = F.Policy_Key\n      LEFT JOIN dbo.HIER_dim_RiskState S  ON S.Dim_Id = F.Risk_State_ID\n      LEFT Join dbo.ProfitLoss_Factors_Ref ref on  ref.State_Line_Code=F.StateLine\n      and ref.year=case when date_part(year,Account_Entered_Dt)<=2019 then 2019 else date_part(year,Account_Entered_Dt) end\n      LEFT JOIN dbo.HIER_dim_MajorPeril M ON M.Dim_Id = F.Major_Peril_ID\n      WHERE  date_part(year,Account_Entered_Dt ) >=2005\n      and M.Dim_Key not in('088','089')  and F.StateLine is not null--and S.Gen4_Desc not  like '%CT (06)%'\n      and upper(ltrim(rtrim(P.Fairplan_Desc)))='NO'\n--(select year(date_value)  from constant_values )\n            GROUP BY \"Company Desc\"\n            , case when StateLine='1' then 'Fire'\n                   when StateLine='2' then 'Extended Coverage (EC)'\n                   when StateLine in('A','4','6','7') then 'Homeowner (HO)'\n                   when StateLine in('9')  then 'Inland Marine (IM)'\n                   when StateLine in('X') and ltrim(rtrim(M.Dim_Key)) like '017'  then 'Personal Umbrella (PUMB)'\n                   when StateLine in('X') and ltrim(rtrim(M.Dim_Key)) like '617'  then 'Commercial Umbrella (CUMB)'\n                   when StateLine in('8','D','C')  then 'Business Owners Policy (BOP)'\n                   when StateLine in('E','5')  then 'Commercial Multi Peril (CMP)'\n                   when StateLine='Y' then 'Dwelling Liability'    end\n\n            ,Account_Entered_Dt,S.Gen4_Desc,Annual_Statement_Line,StateLine\n\nunion\n select 'PMS_Direct_Losses' as source,\"Company Desc\" CompanyDesc\n , case when StateLine='1' then 'Fire'          when StateLine='2' then 'Extended Coverage (EC)'\n        when StateLine in('A','4','6','7') then 'Homeowner (HO)'         when StateLine in('9')  then 'Inland Marine (IM)'\n        when StateLine in('X') and ltrim(rtrim(M.Dim_Key)) like '017'  then 'Personal Umbrella (PUMB)'\n        when StateLine in('X') and ltrim(rtrim(M.Dim_Key)) like '617'  then 'Commercial Umbrella (CUMB)'\n        when StateLine in('8','D','C')  then 'Business Owners Policy (BOP)'          when StateLine in('E','5')  then 'Commercial Multi Peril (CMP)'\n        when StateLine='Y' then 'Dwelling Liability'    end as LobDesc\n  ,S.Gen4_Desc RiskState,Annual_Statement_Line,StateLine\n      ,null as   DirectWrittenPremium  ,null as CededWrittenPremium  ,null as DirectUnearnedPremium ,null as CededUnearnedPremium\n      ,null DirectLossPaid ,SUM(Loss_End_Reserve_Amt) as DirectCaseReserve,null as  DirectLossIBNRReserve\n      ,null as CededLossPaid, null as CededCaseReserve\n      ,SUM(Loss_Alae_Expense)  DirectPaidDCC ,SUM(Loss_Ulae_Expense) DirectPaidAO,SUM(Loss_End_Reserve_Amt*ref.LAE_Case_Factor) as DirectLAECaseReserve\n      ,null as DirectLAEIBNRReserve,null as CededPaidDCC,null as CededPaidAO,0 as CededLAECaseReserve\n      ,0 as CededLAEIBNRReserve,null as DirectCommissionsIncurred,null as CededCommissionsIncurred,\n      Account_Entered_Dt\n      FROM dbo.PMS_Fact_Loss_Reserves F\n      LEFT JOIN (SELECT Policy_Key \"Master Policy Key\",Company_Desc \"Company Desc\",ISNULL(R.LOB_Display_Desc,'Not Applicable') \"Lob Desc\"\n                 ,CONCAT(REPLICATE('0',3-LEN(Module_Number)),Module_Number) \"Module Number\",I.Fairplan_Desc\n                 FROM dbo.PMS_Master_Policy I\n                 LEFT JOIN dbo.LOB_Ref R  ON R.PMS_LOB_Desc = I.Lob_Desc ) P    ON P.\"Master Policy Key\" = F.Policy_Key--where I.Fairplan_Desc='No'\n      LEFT JOIN dbo.HIER_dim_RiskState S ON S.Dim_Id = F.Risk_State_ID\n      LEFT Join dbo.ProfitLoss_Factors_Ref ref on  ref.State_Line_Code=F.StateLine\n      and ref.year=case when date_part(year,Account_Entered_Dt)<=2019 then 2019 else date_part(year,Account_Entered_Dt) end\n      LEFT JOIN dbo.HIER_dim_MajorPeril M  ON M.Dim_Id = F.Major_Peril_ID\n      WHERE date_part(year ,Account_Entered_Dt) >=2005\n      and M.Dim_Key not in('088','089') and F.StateLine is not null  and upper(ltrim(rtrim(P.Fairplan_Desc)))='NO'\n      GROUP BY \"Company Desc\"\n      ,case when StateLine='1' then 'Fire'\n        when StateLine='2' then 'Extended Coverage (EC)'\n        when StateLine in('A','4','6','7') then 'Homeowner (HO)'\n        when StateLine in('9')  then 'Inland Marine (IM)'\n        when StateLine in('X') and ltrim(rtrim(M.Dim_Key)) like '017'  then 'Personal Umbrella (PUMB)'\n        when StateLine in('X') and ltrim(rtrim(M.Dim_Key)) like '617'  then 'Commercial Umbrella (CUMB)'\n        when StateLine in('8','D','C')  then 'Business Owners Policy (BOP)'\n        when StateLine in('E','5')  then 'Commercial Multi Peril (CMP)'\n        when StateLine='Y' then 'Dwelling Liability'    end\n        ,Account_Entered_Dt,S.Gen4_Desc,Annual_Statement_Line,StateLine\n       )a order by a.Account_Entered_Dt","Enable Compression":"YES","Read Mode":"Direct","Multipart Download Threshold Size":"5242880","Staging Directory Location":"","Temporary Credential Duration":"900","Treat NULL Value as NULL":"NO","Fetch Size":"10000","Schema Name":"","Source Table Name":"","Encryption Type":"None","Select Distinct":"NO","Download S3 Files In Multiple Parts":"NO","Pre-SQL":"truncate table dbo.profitloss_monthly_base; \ntruncate table  dbo.profitloss_monthly_feed;"},"oprRuntimeAttrs":{"postSql":"","selectDistinct":"NO","EncryptionType":"None","EnableCompression":"YES","sqlQuery":"select Source,CompanyDesc,LobDesc,RiskState,a.Annual_Statement_Line,StateLine,DirectWrittenPremium,CededWrittenPremium,DirectUnearnedPremium,CededUnearnedPremium,\n    DirectLossPaid,DirectCaseReserve ,DirectLossIBNRReserve,CededLossPaid, CededCaseReserve,0 as cededLossIBNRReserve,DirectPaidDCC,DirectPaidAO,DirectLAECaseReserve,DirectLAEIBNRReserve,\n    CededPaidDCC,CededPaidAO,CededLAECaseReserve, CededLAEIBNRReserve,DirectCommissionsIncurred,CededCommissionsIncurred, Account_Entered_Dt\n    ,null as ReinsuranceCompany\n\n    from (\n    SELECT 'PMS_Direct_Premiums' as source,\"Company Desc\" CompanyDesc,\n     case when StateLine='1' then 'Fire'\n        when StateLine='2' then 'Extended Coverage (EC)'\n        when StateLine in('A','4','6','7') then 'Homeowner (HO)'\n        when StateLine in('9')  then 'Inland Marine (IM)'\n        when StateLine in('X') and ltrim(rtrim(M.Dim_Key)) like '017'  then 'Personal Umbrella (PUMB)'\n         when StateLine in('X') and ltrim(rtrim(M.Dim_Key)) like '617'  then 'Commercial Umbrella (CUMB)'\n        when StateLine in('8','D','C')  then 'Business Owners Policy (BOP)'\n        when StateLine in('E','5')  then 'Commercial Multi Peril (CMP)'\n        when StateLine='Y' then 'Dwelling Liability'    end as LobDesc\n  ,S.Gen4_Desc RiskState,Annual_Statement_Line,StateLine\n  ,sum(Written_Premium)  DirectWrittenPremium,null as CededWrittenPremium  ,SUM(Unearned_Premium) as DirectUnearnedPremium ,null as CededUnearnedPremium\n  ,null as DirectLossPaid,null as DirectCaseReserve,SUM(Unearned_Premium*ref.ibnr_factor) as DirectLossIBNRReserve,null as CededLossPaid, null as CededCaseReserve\n  ,null as DirectPaidDCC,null as DirectPaidAO,null as DirectLAECaseReserve,SUM(Unearned_Premium*ref.IBNR_Factor*ref.LAE_IBNR_Factor)  as DirectLAEIBNRReserve,null as CededPaidDCC,null as CededPaidAO\n  ,0 as CededLAECaseReserve,0 as CededLAEIBNRReserve,SUM(Commission_Amount) DirectCommissionsIncurred,null as CededCommissionsIncurred,\n  Account_Entered_Dt\n     FROM dbo.PMS_Fact_Premiums_Earned F\n     LEFT JOIN ( SELECT Policy_Key \"Master Policy Key\",Company_Desc \"Company Desc\",ISNULL(R.LOB_Display_Desc,'Not Applicable') \"Lob Desc\"\n                 ,CONCAT(REPLICATE('0',3-LEN(Module_Number)),Module_Number) \"Module Number\" ,I.Fairplan_Desc\n                 FROM dbo.PMS_Master_Policy I\n               LEFT JOIN dbo.LOB_Ref R ON R.PMS_LOB_Desc = I.Lob_Desc  ) P ON P.\"Master Policy Key\" = F.Policy_Key\n               LEFT JOIN dbo.HIER_dim_RiskState S  ON S.Dim_Id = F.Risk_State_ID\n               LEFT Join dbo.ProfitLoss_Factors_Ref ref on  ref.State_Line_Code=F.StateLine\n               and ref.year=case when date_part(year,Account_Entered_Dt)<=2019 then 2019 else date_part(year,Account_Entered_Dt) end\n               LEFT JOIN dbo.HIER_dim_MajorPeril M  ON M.Dim_Id = F.Major_Peril_ID\n     WHERE    date_part(year,Account_Entered_Dt) >=2005 and M.Dim_Key not in('088','089')   and F.StateLine is not null      and   upper(ltrim(rtrim(P.Fairplan_Desc)))='NO'\n      GROUP BY \"Company Desc\"\n      ,case when StateLine='1' then 'Fire'\n        when StateLine='2' then 'Extended Coverage (EC)'\n        when StateLine in('A','4','6','7') then 'Homeowner (HO)'\n        when StateLine in('9')  then 'Inland Marine (IM)'\n        when StateLine in('X') and ltrim(rtrim(M.Dim_Key)) like '017'  then 'Personal Umbrella (PUMB)'\n       when StateLine in('X') and ltrim(rtrim(M.Dim_Key)) like '617'  then 'Commercial Umbrella (CUMB)'\n        when StateLine in('8','D','C')  then 'Business Owners Policy (BOP)'\n        when StateLine in('E','5')  then 'Commercial Multi Peril (CMP)'\n        when StateLine='Y' then 'Dwelling Liability'    end\n        ,Account_Entered_Dt,S.Gen4_Desc,Annual_Statement_Line,StateLine\nunion\n\nSELECT 'PMS_Direct_Premiums' as source, CompanyDesc,\n     case when StateLine='1' then 'Fire'\n          when StateLine='2' then 'Extended Coverage (EC)'\n          when StateLine in('A','4','6','7') then 'Homeowner (HO)'\n          when StateLine in('9')  then 'Inland Marine (IM)'\n          when StateLine in('X')   then 'Personal Umbrella (PUMB)'---and ltrim(rtrim(M.[Dim_Key])) like '017'\n          ---when StateLine in('X')   then 'Commercial Umbrella (CUMB)'---and ltrim(rtrim(M.[Dim_Key])) like '617'\n          when StateLine in('8','D','C')  then 'Business Owners Policy (BOP)'\n          when StateLine in('E','5')  then 'Commercial Multi Peril (CMP)'\n          when StateLine='Y' then 'Dwelling Liability'    end as LobDesc\n  , \"RiskState\",Annual_Statement_Line,StateLine\n  ,null as   DirectWrittenPremium  ,null as CededWrittenPremium  ,null as DirectUnearnedPremium ,null as CededUnearnedPremium\n  ,null DirectLossPaid ,null as DirectCaseReserve,null as  DirectLossIBNRReserve  ,null as CededLossPaid, null as CededCaseReserve\n  ,null  DirectPaidDCC ,null DirectPaidAO,null as DirectLAECaseReserve,null as DirectLAEIBNRReserve,null as CededPaidDCC\n  ,null as CededPaidAO,0 as CededLAECaseReserve,null as CededLAEIBNRReserve\n,sum(DirectCommissionsIncurred),null as CededCommissionsIncurred,Account_Entered_Dt\nfrom (\nselect Company CompanyDesc,  Risk_State RiskState\n    ,CASE LOB WHEN 'Dwelling' THEN '010' WHEN 'Homeowners' THEN '040'  WHEN 'Businessowners' THEN '051' ELSE 'null' END Annual_Statement_Line\n    ,CASE LOB WHEN 'Dwelling' THEN '1' WHEN 'Homeowners' THEN '4'  WHEN 'Businessowners' THEN '8' ELSE 'null' END StateLine\n      ,Commission_Amount as DirectCommissionsIncurred, Account_Entered_Dt\n    FROM\n   (SELECT Agency_Code,LOB,Risk_State,Company,Account_Entered_Dt,Commission_Amount\n   FROM dbo.Production_Incentives I  LEFT JOIN dbo.view_master_Agency A ON A.\"Agency Code\" = I.Agency_Code\n   WHERE ISNULL(A.\"Field Representative\",'') != 'Jim Ford'\n   ) A)b  --where month(Account_Entered_Dt)=1 and year(Account_Entered_Dt)=2019\n\n   group by CompanyDesc, RiskState,Annual_Statement_Line,StateLine ,Account_Entered_Dt\n   ,case when StateLine='1' then 'Fire'\n          when StateLine='2' then 'Extended Coverage (EC)'\n          when StateLine in('A','4','6','7') then 'Homeowner (HO)'\n          when StateLine in('9')  then 'Inland Marine (IM)'\n          when StateLine in('X')   then 'Personal Umbrella (PUMB)'\n          when StateLine in('8','D','C')  then 'Business Owners Policy (BOP)'\n          when StateLine in('E','5')  then 'Commercial Multi Peril (CMP)'\n          when StateLine='Y' then 'Dwelling Liability'    end\n---point of union\n   union\n     select 'PMS_Direct_Losses' as source,\"Company Desc\" CompanyDesc\n    , case when StateLine='1' then 'Fire'\n  when StateLine='2' then 'Extended Coverage (EC)'\n  when StateLine in('A','4','6','7') then 'Homeowner (HO)'\n  when StateLine in('9')  then 'Inland Marine (IM)'\n  when StateLine in('X') and ltrim(rtrim(M.Dim_Key)) like '017'  then 'Personal Umbrella (PUMB)'\n  when StateLine in('X') and ltrim(rtrim(M.Dim_Key)) like '617'  then 'Commercial Umbrella (CUMB)'\n  when StateLine in('8','D','C')  then 'Business Owners Policy (BOP)'\n  when StateLine in('E','5')  then 'Commercial Multi Peril (CMP)'\n  when StateLine='Y' then 'Dwelling Liability'    end as LobDesc\n         ,S.Gen4_Desc RiskState,Annual_Statement_Line,StateLine\n      ,null as   DirectWrittenPremium  ,null as CededWrittenPremium  ,null as DirectUnearnedPremium ,null as CededUnearnedPremium\n      ,sum(isnull(Loss_Paid_Amt,0)+isnull(Loss_Paid_Recovery_Amt,0)+isnull(Loss_Salvage,0)+isnull(Loss_Subrogation_Amt,0) ) as DirectLossPaid\n      ,null as DirectCaseReserve,null as  DirectLossIBNRReserve\n      ,null as CededLossPaid, null as CededCaseReserve\n      ,SUM(Loss_Alae_Expense)  DirectPaidDCC ,SUM(Loss_Ulae_Expense) DirectPaidAO,null as DirectLAECaseReserve\n      ,null as DirectLAEIBNRReserve,null as CededPaidDCC,null as CededPaidAO,0 as CededLAECaseReserve\n      ,0 as CededLAEIBNRReserve,null as DirectCommissionsIncurred,null as CededCommissionsIncurred,\n      Account_Entered_Dt\n      FROM dbo.PMS_Fact_Loss F\n      LEFT JOIN (SELECT Policy_Key \"Master Policy Key\",Company_Desc \"Company Desc\",ISNULL(R.LOB_Display_Desc,'Not Applicable') \"Lob Desc\"\n                 ,CONCAT(REPLICATE('0',3-LEN(Module_Number)),Module_Number) \"Module Number\",I.Fairplan_Desc\n                 FROM dbo.PMS_Master_Policy I\n                 LEFT JOIN dbo.LOB_Ref R ON R.PMS_LOB_Desc = I.Lob_Desc ) P    ON P.\"Master Policy Key\" = F.Policy_Key\n      LEFT JOIN dbo.HIER_dim_RiskState S  ON S.Dim_Id = F.Risk_State_ID\n      LEFT Join dbo.ProfitLoss_Factors_Ref ref on  ref.State_Line_Code=F.StateLine\n      and ref.year=case when date_part(year,Account_Entered_Dt)<=2019 then 2019 else date_part(year,Account_Entered_Dt) end\n      LEFT JOIN dbo.HIER_dim_MajorPeril M ON M.Dim_Id = F.Major_Peril_ID\n      WHERE  date_part(year,Account_Entered_Dt ) >=2005\n      and M.Dim_Key not in('088','089')  and F.StateLine is not null--and S.Gen4_Desc not  like '%CT (06)%'\n      and upper(ltrim(rtrim(P.Fairplan_Desc)))='NO'\n--(select year(date_value)  from constant_values )\n            GROUP BY \"Company Desc\"\n            , case when StateLine='1' then 'Fire'\n                   when StateLine='2' then 'Extended Coverage (EC)'\n                   when StateLine in('A','4','6','7') then 'Homeowner (HO)'\n                   when StateLine in('9')  then 'Inland Marine (IM)'\n                   when StateLine in('X') and ltrim(rtrim(M.Dim_Key)) like '017'  then 'Personal Umbrella (PUMB)'\n                   when StateLine in('X') and ltrim(rtrim(M.Dim_Key)) like '617'  then 'Commercial Umbrella (CUMB)'\n                   when StateLine in('8','D','C')  then 'Business Owners Policy (BOP)'\n                   when StateLine in('E','5')  then 'Commercial Multi Peril (CMP)'\n                   when StateLine='Y' then 'Dwelling Liability'    end\n\n            ,Account_Entered_Dt,S.Gen4_Desc,Annual_Statement_Line,StateLine\n\nunion\n select 'PMS_Direct_Losses' as source,\"Company Desc\" CompanyDesc\n , case when StateLine='1' then 'Fire'          when StateLine='2' then 'Extended Coverage (EC)'\n        when StateLine in('A','4','6','7') then 'Homeowner (HO)'         when StateLine in('9')  then 'Inland Marine (IM)'\n        when StateLine in('X') and ltrim(rtrim(M.Dim_Key)) like '017'  then 'Personal Umbrella (PUMB)'\n        when StateLine in('X') and ltrim(rtrim(M.Dim_Key)) like '617'  then 'Commercial Umbrella (CUMB)'\n        when StateLine in('8','D','C')  then 'Business Owners Policy (BOP)'          when StateLine in('E','5')  then 'Commercial Multi Peril (CMP)'\n        when StateLine='Y' then 'Dwelling Liability'    end as LobDesc\n  ,S.Gen4_Desc RiskState,Annual_Statement_Line,StateLine\n      ,null as   DirectWrittenPremium  ,null as CededWrittenPremium  ,null as DirectUnearnedPremium ,null as CededUnearnedPremium\n      ,null DirectLossPaid ,SUM(Loss_End_Reserve_Amt) as DirectCaseReserve,null as  DirectLossIBNRReserve\n      ,null as CededLossPaid, null as CededCaseReserve\n      ,SUM(Loss_Alae_Expense)  DirectPaidDCC ,SUM(Loss_Ulae_Expense) DirectPaidAO,SUM(Loss_End_Reserve_Amt*ref.LAE_Case_Factor) as DirectLAECaseReserve\n      ,null as DirectLAEIBNRReserve,null as CededPaidDCC,null as CededPaidAO,0 as CededLAECaseReserve\n      ,0 as CededLAEIBNRReserve,null as DirectCommissionsIncurred,null as CededCommissionsIncurred,\n      Account_Entered_Dt\n      FROM dbo.PMS_Fact_Loss_Reserves F\n      LEFT JOIN (SELECT Policy_Key \"Master Policy Key\",Company_Desc \"Company Desc\",ISNULL(R.LOB_Display_Desc,'Not Applicable') \"Lob Desc\"\n                 ,CONCAT(REPLICATE('0',3-LEN(Module_Number)),Module_Number) \"Module Number\",I.Fairplan_Desc\n                 FROM dbo.PMS_Master_Policy I\n                 LEFT JOIN dbo.LOB_Ref R  ON R.PMS_LOB_Desc = I.Lob_Desc ) P    ON P.\"Master Policy Key\" = F.Policy_Key--where I.Fairplan_Desc='No'\n      LEFT JOIN dbo.HIER_dim_RiskState S ON S.Dim_Id = F.Risk_State_ID\n      LEFT Join dbo.ProfitLoss_Factors_Ref ref on  ref.State_Line_Code=F.StateLine\n      and ref.year=case when date_part(year,Account_Entered_Dt)<=2019 then 2019 else date_part(year,Account_Entered_Dt) end\n      LEFT JOIN dbo.HIER_dim_MajorPeril M  ON M.Dim_Id = F.Major_Peril_ID\n      WHERE date_part(year ,Account_Entered_Dt) >=2005\n      and M.Dim_Key not in('088','089') and F.StateLine is not null  and upper(ltrim(rtrim(P.Fairplan_Desc)))='NO'\n      GROUP BY \"Company Desc\"\n      ,case when StateLine='1' then 'Fire'\n        when StateLine='2' then 'Extended Coverage (EC)'\n        when StateLine in('A','4','6','7') then 'Homeowner (HO)'\n        when StateLine in('9')  then 'Inland Marine (IM)'\n        when StateLine in('X') and ltrim(rtrim(M.Dim_Key)) like '017'  then 'Personal Umbrella (PUMB)'\n        when StateLine in('X') and ltrim(rtrim(M.Dim_Key)) like '617'  then 'Commercial Umbrella (CUMB)'\n        when StateLine in('8','D','C')  then 'Business Owners Policy (BOP)'\n        when StateLine in('E','5')  then 'Commercial Multi Peril (CMP)'\n        when StateLine='Y' then 'Dwelling Liability'    end\n        ,Account_Entered_Dt,S.Gen4_Desc,Annual_Statement_Line,StateLine\n       )a order by a.Account_Entered_Dt","fetchSize":"10000","multipartDownloadThreshold":"5242880","temporaryCredentialDuration":"900","StagingDirectoryLocation":"","schemaName":"","TreatNullValueAsNull":"NO","sourceTableName":"","UnloadOptionsPropertyFile":"","DownloadS3FilesInMultipleParts":"NO","S3BucketName":"nonproddatawarehouseredshiftclust-staging12d1754e-1w9c6risqayrf","readMode":"Direct","preSql":"truncate table dbo.profitloss_monthly_base; \ntruncate table  dbo.profitloss_monthly_feed;"},"isRESTModernSource":true,"isFileList":false,"handleSpecialChars":false,"handleDecimalRoundOff":false,"frsAsset":false,"dynamicFileName":false,"excludeDynamicFileNameField":false,"currentlyProcessedFileName":false,"retainFieldMetadata":false,"useExactSrcNames":false,"tgtObjectAttributes":{},"runtimeParameterData":{"@type":"mtTaskRuntimeParameterData","isConnectionRuntimeParameter":true,"isObjectRuntimeParameter":false,"connectionParameterName":"DBConnection_Src"},"overridableProperties":[],"overriddenFields":[]},{"@type":"mtTaskParameter","id":76317732,"name":"$ProfitLoss_Monthly_Base1$","type":"TARGET","label":"DBConnection_Tgt","description":"","uiProperties":{"cnxtype":"Amazon Redshift v2","connectionParameterized":"true","paramName":"DBConnection_Tgt","paramLabel":"","paramType-mapping":"Connection","logcnx":"DBConnection_Tgt","default":"dbo/profitloss_monthly_base","objectParameterized":"false","visible":"false","defaultTargetUpdateColumns":"","supportApplyDDLChanges":"false","originalPath":"ProfitLoss_Monthly_Base1"},"targetConnectionId":"@aYZ4ekzHgIPeKpiaoqDLKP","targetObject":"dbo/profitloss_monthly_base","targetObjectLabel":"profitloss_monthly_base","newFlatFile":false,"newObject":false,"showBusinessNames":true,"naturalOrder":true,"truncateTarget":false,"bulkApiDBTarget":false,"operationType":"Insert","customFuncCfg":{"@type":"customFuncConfig","id":-1,"connections":[],"inputMap":[],"outputFields":[]},"targetRefsV2":{},"targetUpdateColumns":[],"extendedObject":{"@type":"extendedObject","singleMode":true,"filters":[],"sortFields":[]},"runtimeAttrs":{},"isRESTModernSource":true,"isFileList":false,"handleSpecialChars":false,"handleDecimalRoundOff":false,"frsAsset":false,"dynamicFileName":false,"excludeDynamicFileNameField":false,"currentlyProcessedFileName":false,"retainFieldMetadata":false,"objectName":"dbo/profitloss_monthly_base","objectLabel":"profitloss_monthly_base","useExactSrcNames":false,"tgtObjectAttributes":{},"runtimeParameterData":{"@type":"mtTaskRuntimeParameterData","isConnectionRuntimeParameter":true,"isObjectRuntimeParameter":false,"connectionParameterName":"DBConnection_Tgt"},"overridableProperties":[],"overriddenFields":[]}],"sequences":[],"inOutParameters":[],"connRuntimeAttrs":[]}]