[{"@type":"mappingTemplate","id":"@1","name":"cdi_map_acx_insured_bronze_insured_application_stg_ld","description":"","autoExpireObject":false,"bundleVersion":"0","assetFrsGuid":"a3wxUFzkheoeDhmJSw42iy","templateId":"@3","hasParameters":true,"valid":true,"fixedConnection":false,"hasParametersDeployed":false,"fixedConnectionDeployed":false,"isSchemaValidationEnabled":false,"tasks":1,"mappingPreviewFileRecordId":"@2","documentType":"","allowMaxFieldLength":false,"specialCharacterSupport":false,"references":[]}]