[{"@type":"mtTask","id":"@1","name":"cdi_tsk_map_uw_silver_uw_dashboard_policy_risk_ld","autoExpireObject":false,"runtimeEnvironmentId":"@3pADNCV9u0PcgrXjM7rx0t","maxLogs":10,"verbose":false,"lastRunTime":1748532343000,"mappingId":"@ewftoTTEbUJcd7y3hWX3K3","frsGuid":"3NDrEqzTX6jiE1QGYMgyga","sessionPropertiesList":[{"name":"Pushdown Optimization","value":"None","recommended":false},{"name":"Pushdown Optimization Context","value":"None","recommended":false},{"name":"Pushdown Optimization Fallback Option","value":"Partial PDO","recommended":false}],"hidden":false,"enableCrossSchemaPushdown":true,"enableParallelRun":false,"autoTunedApplied":false,"autoTunedAppliedType":"NONE","parameterFileName":"Andover_Param_GW.param","parameterFileDir":"$PMRootDir/andover/parameters","paramFileType":"PARAM_FILE_LOCAL","schemaMode":"async","valid":true,"schemaValidationErrorCount":-1,"serverlessProperties":{},"taskProperties":[{"@type":"taskProperty","name":"parameterFileDir","currentValue":"$PMRootDir/andover/parameters","type":"STRING","label":"label.parameterFileDir","required":false},{"@type":"taskProperty","name":"parameterFileName","currentValue":"Andover_Param_GW.param","type":"STRING","label":"label.parameterFileName","required":false},{"@type":"taskProperty","name":"outboundMessageUrlQueueTime","currentValue":"","type":"NUMBER","label":"label.outboundMessageUrlQueueTime","required":false},{"@type":"taskProperty","name":"outboundMessageUrlToken","currentValue":"","type":"STRING","label":"label.outboundMessageUrlToken","required":false}],"optimizationPlan":"NONE","isMidstreamPreview":false,"allowMaxFieldLength":false,"parameters":[{"@type":"mtTaskParameter","id":119406862,"name":"$src_query$","type":"SOURCE","label":"DBConnection_SRC","description":"","uiProperties":{"cnxtype":"Amazon Redshift v2","connectionParameterized":"true","paramName":"DBConnection_SRC","paramLabel":"","paramType-mapping":"Connection","logcnx":"DBConnection_SRC","isSelectDistinct":"false","objectParameterized":"false","visible":"false","originalPath":"src_query"},"sourceConnectionId":"@aYZ4ekzHgIPeKpiaoqDLKP","sourceObject":"DUMMY_src_query","newFlatFile":false,"newObject":false,"showBusinessNames":true,"naturalOrder":true,"truncateTarget":false,"bulkApiDBTarget":false,"customFuncCfg":{"@type":"customFuncConfig","id":-1,"connections":[],"inputMap":[],"outputFields":[]},"targetRefsV2":{},"targetUpdateColumns":[],"runtimeAttrs":{},"isRESTModernSource":true,"customQuery":"Select \ndistinct prkr.policy_system_id,\nprkr.policy_cmm_container,\nprkr.policy_reference_id,\nprkr.shell_policy_indicator,\nprkr.policy_company,\nprkr.policy_number,\nprkr.policy_module_number,\nprkr.policy_key,\nprkr.policy_key_code,\nprkr.line_system_id,\nprkr.line_id,\nprkr.line_of_business,\nprkr.risk_system_id,\nprkr.risk_id,\nr.locationref as location_id,\nr.totalannualsalesorrentalincome as total_annual_sales_or_rental_income,\ncase when a1.addr1 is not null then a1.systemid\nwhen a2.addr1 is not null then a2.systemid\nelse null end as address_system_id,\ncase when a1.addr1 is not null then a1.addrtypecd\nwhen a2.addr1 is not null then a2.addrtypecd\nelse null end as address_type_cd,\ncase when a1.addr1 is not null then a1.stateprovcd\nwhen a2.addr1 is not null then a2.stateprovcd\nelse null end as risk_state,\nsr.code as state_code,\ncase when a1.addr1 is not null\nthen ltrim(rtrim(coalesce(a1.addr1, '') || ' ' || coalesce(a1.addr2, '') || ' ' || coalesce(a1.addr3, '') || ' ' || coalesce(a1.addr4, '')))\nwhen a2.addr1 is not null\nthen ltrim(rtrim(coalesce(a2.addr1, '') || ' ' || coalesce(a2.addr2, '') || ' ' || coalesce(a2.addr3, '') || ' ' || coalesce(a2.addr4, '')))\nelse null\nend as risk_address,\ncase when a1.addr1 is not null then a1.postalcode\nwhen a2.addr1 is not null then a2.postalcode\nelse null end as risk_zip_code,\ncase when a1.addr1 is not null\nthen ltrim(rtrim(coalesce(a1.county, '') || ' ' || coalesce(a1.stateprovcd)))\nwhen a2.addr1 is not null\nthen ltrim(rtrim(coalesce(a2.county, '') || ' ' || coalesce(a2.stateprovcd)))\nelse null\nend as risk_county,\ncase when a1.addr1 is not null then a1.city\nwhen a2.addr1 is not null then a2.city\nelse null end as risk_city,\nb.systemid as building_system_id,\ncoalesce(b.distancetocoastfeet, b.distancetocoastmile * 5280) as distance_to_coast_in_feet,\nb.purchased_last_twelve_months as new_purchase,\nb.wiringcd as wiring_status,\nb.plumbingcd as plumbing_status,\nb.heatingcd as heating_status,\nb.roofingcd as roofing_status,\nb.roofingyear as year_roofing_was_updated,\nb.sqft as living_area_in_square_feet,\nb.msbrctreconstructioncost as msb_replacement_cost_with_debris_removal,\nb.accountcreditind as account_credit_indicator,\nb.jewelrylimit as blanket_jewelry_schedule,\ni.systemid as insured_system_id,\ni.id as insured_id,\ni.indexname as insured_name,\nad.systemid as agents_system_id,\nad.agencycd as agency_code,\nad.commercialname as agency_name,\nmad.agency_appointed_dt as agency_appointed_date,\nags.agency_calibration_score as agency_score,\nags.agency_subjective_score as agency_subjective_score,\nins.systemid as insurance_score_system_id,\nins.insurancescore as policy_insurance_score_primary,\nins.currentscore as policy_insurance_score_secondary,\ncoalesce(itvr1.zip_code_average_cost_per_square_foot, itvr2.zip_code_average_cost_per_square_foot) as zip_code_average_cost_per_square_foot,\ncoalesce(itvr1.zip_code_square_feet_risk_count, itvr2.zip_code_square_feet_risk_count) as zip_code_square_feet_risk_count,\nbv1.property_roof_spotlight_index,\nbv1.building_area_in_square_feet,\nbv1.building_number_of_dangerous_trees,\nbv1.building_aggregate_tree_score,\nbv1.detection_tree_overhang_in_square_feet,\nbv2.detection_yard_debris_in_square_feet,\nl.coveragetypecd,\nr.typecd,\nbp.subtypecd,\nb.id as building_id,\ntgt.uw_dashboard_policy_risk_details_row_id,\ntgt.uw_dashboard_policy_risk_details_md5_hash_value,\n  b.numoffamilies as number_of_families, \n  b.protectionclass as protection_class,\n  b.h107ind as h107_indicator,\n  b.tier as building_tier,\n  b.yearbuilt as year_built,\n  bs.subtypecd as sub_type_cd, \n  bs.tier as basic_policy_tier, \n  bs.controllingstatecd as controlling_state_cd \nfrom\ndbo.policy_risk_key_reference prkr\nleft join dbo.basicpolicy_stg bs \non prkr.policy_system_id = bs.systemid \nand prkr.policy_cmm_container = bs.cmmcontainer \nand prkr.policy_reference_id = bs.id \nleft join dbo.risk_stg r on\nprkr.risk_system_id = r.systemid\nand prkr.policy_cmm_container = r.cmmcontainer\nand prkr.risk_id = r.id\nleft join dbo.building_stg b on\nprkr.risk_system_id = b.systemid\nand prkr.policy_cmm_container = b.cmmcontainer\nand prkr.risk_id = b.parentid\nleft join dbo.addr_stg a1 on\nb.systemid = a1.systemid\nand b.cmmcontainer = a1.cmmcontainer\nand b.id = a1.parentid\nand a1.addrtypecd = 'RiskAddr'\nand a1.addr1 is not null\nand a1.stateprovcd in ('CT', 'MA', 'ME', 'NH', 'NY', 'NJ', 'IL', 'RI')\nleft join dbo.addr_stg a2 on\nr.systemid = a2.systemid\nand r.cmmcontainer = a2.cmmcontainer\nand r.locationref = a2.parentid\nand a2.addrtypecd = 'LocationAddr'\nand a2.addr1 is not null\nand a1.stateprovcd in ('CT', 'MA', 'ME', 'NH', 'NY', 'NJ', 'IL', 'RI')\nleft join dbo.insured_stg i on\nprkr.policy_system_id = i.systemid\nand prkr.policy_cmm_container = i.cmmcontainer\nleft join dbo.agents_detail_stg ad on\nbs.providerref = ad.systemid\nleft join dbo.master_agency_detail mad on\nad.agencycd = mad.agency_code\nand mad.row_end_dt = '9999-12-31'\nleft join dbo.agency_scores ags on\nad.agencycd = ags.agency_code\nleft join dbo.insurancescore_stg ins on\nprkr.policy_system_id = ins.systemid\nand prkr.policy_cmm_container = ins.cmmcontainer\nand ins.insurancescoretypecd = 'InsuredInsuranceScore'\nleft join dbo.insurance_to_value_reference itvr1 on\nleft(a1.postalcode,5) = itvr1.zip_code\nand prkr.line_of_business = itvr1.line_of_business \nleft join dbo.insurance_to_value_reference itvr2 on\nleft(a2.postalcode,5) = itvr2.zip_code\nand prkr.line_of_business = itvr2.line_of_business \nleft join dbo.state_ref sr on\nsr.riskstatelevel = case when a1.addr1 is not null then a1.stateprovcd\nwhen a2.addr1 is not null then a2.stateprovcd\nelse null end \nleft join dbo.line_stg l on\nl.systemid = prkr.policy_system_id\nand l.cmmcontainer = prkr.policy_cmm_container\nleft join dbo.basicpolicy_stg bp on\nbp.systemid = prkr.policy_system_id\nand bp.cmmcontainer = prkr.policy_cmm_container\nleft join (\nselect\ndistinct property_risk_id,\ncase\nwhen detection_name = 'Overhang' then detection_area_in_square_feet\nend as detection_tree_overhang_in_square_feet,\nproperty_roof_spotlight_index,\nbuilding_aggregate_tree_score,\nbuilding_number_of_dangerous_trees,\nbuilding_area_in_square_feet,\nrank() over (partition by property_risk_id order by\n\t\tproperty_latest_image_capture_date desc nulls last,\n\t\tproperty_completion_date_of_ordered_betterview_risk_data_pull desc nulls last,\n\t\tproperty_update_date desc nulls last,\n\t\tproperty_version_id desc nulls last) as rnk\nfrom\ndbo.uw_dashboard_betterview_details\nwhere building_number = 1\nand uw_dashboard_betterview_details_row_effective_end_date = '9999-12-31') bv1  on\nbv1.property_risk_id = prkr.policy_number || '-' || prkr.policy_module_number \nand bv1.rnk = 1\nleft join (\nselect\ndistinct property_risk_id,\ncase\nwhen detection_name = 'Yard Debris' then detection_area_in_square_feet\nend as detection_yard_debris_in_square_feet,\nrank() over (partition by property_risk_id order by\n\t\tproperty_latest_image_capture_date desc nulls last,\n\t\tproperty_completion_date_of_ordered_betterview_risk_data_pull desc nulls last,\n\t\tproperty_update_date desc nulls last,\n\t\tproperty_version_id desc nulls last) as rnk\nfrom\ndbo.uw_dashboard_betterview_details\nwhere building_number = 0\nand uw_dashboard_betterview_details_row_effective_end_date = '9999-12-31') bv2  on\nbv2.property_risk_id = prkr.policy_number || '-' || prkr.policy_module_number \nand bv2.rnk = 1\nleft join dbo.uw_dashboard_policy_risk_details tgt\non prkr.policy_system_id = tgt.policy_system_id\nand prkr.policy_cmm_container = tgt.policy_cmm_container\nand prkr.risk_id = tgt.risk_id\nand coalesce(b.id, '') = coalesce(tgt.building_id, '')\nand coalesce(r.locationref, '') = coalesce(tgt.location_id, '')\nand tgt.uw_dashboard_policy_risk_details_row_effective_end_datetime = '9999-12-31'\nwhere\nprkr.policy_risk_key_reference_row_effective_end_date = '9999-12-31'\nand prkr.policy_cmm_container = 'Policy'\n\nunion\n\nselect\ndistinct prkr.policy_system_id,\nprkr.policy_cmm_container,\nprkr.policy_reference_id,\nprkr.shell_policy_indicator,\nprkr.policy_company,\nprkr.policy_number,\nprkr.policy_module_number,\nprkr.policy_key,\nprkr.policy_key_code,\nprkr.line_system_id,\nprkr.line_id,\nprkr.line_of_business,\nprkr.risk_system_id,\nprkr.risk_id,\nr.risk_application_location_ref as location_id,\nr.total_annual_sales_or_rental_income as total_annual_sales_or_rental_income,\ncase when a1.address_application_address1 is not null then a1.address_application_system_id\nwhen a2.address_application_address1 is not null then a2.address_application_system_id\nelse null end as address_system_id,\ncase when a1.address_application_address1 is not null then a1.address_application_address_type_cd\nwhen a2.address_application_address1 is not null then a2.address_application_address_type_cd\nelse null end as address_type_cd,\ncase when a1.address_application_address1 is not null then a1.address_application_state_prov_cd\nwhen a2.address_application_address1 is not null then a2.address_application_state_prov_cd\nelse null end as risk_state,\nsr.code as state_code,\ncase when a1.address_application_address1 is not null \nthen ltrim(rtrim(coalesce(a1.address_application_address1, '') || ' ' || coalesce(a1.address_application_address2, '') || ' ' || coalesce(a1.address_application_address3, '') || ' ' || coalesce(a1.address_application_address4, '')))\nwhen a2.address_application_address1 is not null\nthen ltrim(rtrim(coalesce(a2.address_application_address1, '') || ' ' || coalesce(a2.address_application_address2, '') || ' ' || coalesce(a2.address_application_address3, '') || ' ' || coalesce(a2.address_application_address4, '')))\nelse null\nend as risk_address,\ncase when a1.address_application_address1 is not null then a1.address_application_postal_code\nwhen a2.address_application_address1 is not null then a2.address_application_postal_code\nelse null end as risk_zip_code,\ncase when a1.address_application_address1 is not null\nthen ltrim(rtrim(coalesce(a1.address_application_county, '') || ' ' || coalesce(a1.address_application_state_prov_cd)))\nwhen a2.address_application_address1 is not null\nthen ltrim(rtrim(coalesce(a2.address_application_county, '') || ' ' || coalesce(a2.address_application_state_prov_cd)))\nelse null\nend as risk_county,\ncase when a1.address_application_address1 is not null then a1.address_application_city\nwhen a2.address_application_address1 is not null then a2.address_application_city\nelse null end as risk_city,\nb.building_application_system_id as building_system_id,\ncoalesce(b.building_application_distance_to_coast_feet, b.building_application_distance_to_coast_mile * 5280) as distance_to_coast_in_feet,\nb.building_application_purchased_last_twelve_months as new_purchase,\nb.building_application_wiring_cd as wiring_status,\nb.building_application_plumbing_cd as plumbing_status,\nb.building_application_heating_cd as heating_status,\nb.building_application_roofing_cd as roofing_status,\nb.building_application_roofing_year as year_roofing_was_updated,\nb.building_application_square_feet as living_area_in_square_feet,\nb.building_application_msbrct_reconstruction_cost as msb_replacement_cost_with_debris_removal,\nb.building_application_account_credit_ind as account_credit_indicator,\nb.building_application_jewelry_limit as blanket_jewelry_schedule,\ni.insured_application_system_id as insured_system_id,\ni.insured_application_id as insured_id,\ni.insured_application_index_name as insured_name,\nad.systemid as agents_system_id,\nad.agencycd as agency_code,\nad.commercialname as agency_name,\nmad.agency_appointed_dt as agency_appointed_date,\nags.agency_calibration_score as agency_score,\nags.agency_subjective_score,\nins.systemid as insurance_score_system_id,\nins.insurancescore as policy_insurance_score_primary,\nins.currentscore as policy_insurance_score_secondary,\ncoalesce(itvr1.zip_code_average_cost_per_square_foot, itvr2.zip_code_average_cost_per_square_foot) as zip_code_average_cost_per_square_foot,\ncoalesce(itvr1.zip_code_square_feet_risk_count, itvr2.zip_code_square_feet_risk_count) as zip_code_square_feet_risk_count,\nbv1.property_roof_spotlight_index,\nbv1.building_area_in_square_feet,\nbv1.building_number_of_dangerous_trees,\nbv1.building_aggregate_tree_score,\nbv1.detection_tree_overhang_in_square_feet,\nbv2.detection_yard_debris_in_square_feet,\nl.coveragetypecd,\nr.risk_application_type_code,\nbp.subtypecd,\nb.building_application_id,\ntgt.uw_dashboard_policy_risk_details_row_id,\ntgt.uw_dashboard_policy_risk_details_md5_hash_value,\n  b.building_application_number_of_families as number_of_families, \n  b.building_application_protection_class as protection_class,\n  b.building_application_h107_indicator as h107_indicator,\n  b.building_application_tier as building_tier,\n  b.building_application_year_built as year_built,\n  bs.subtypecd as sub_type_cd, \n  bs.tier as basic_policy_tier, \n  bs.controllingstatecd as controlling_state_cd\nfrom\ndbo.policy_risk_key_reference prkr\nleft join dbo.basicpolicyapp_stg bs \non prkr.policy_system_id = bs.systemid \nand prkr.policy_cmm_container = bs.cmmcontainer \nand prkr.policy_reference_id = bs.id \nleft join dbo.risk_application_stg r on\nprkr.risk_system_id = r.risk_application_system_id\nand prkr.policy_cmm_container = r.risk_application_cmm_container\nand prkr.risk_id = r.risk_application_id\nleft join dbo.building_application_stg b on\nprkr.risk_system_id = b.building_application_system_id\nand prkr.policy_cmm_container = b.building_application_cmm_container\nand prkr.risk_id = b.building_application_parent_id\nleft join dbo.address_application_stg a1 on\nb.building_application_system_id = a1.address_application_system_id\nand b.building_application_cmm_container = a1.address_application_cmm_container\nand b.building_application_id = a1.address_application_parent_id\nand a1.address_application_address_type_cd = 'RiskAddr'\nand a1.address_application_address1 is not null\nand a1.address_application_state_prov_cd in ('CT', 'MA', 'ME', 'NH', 'NY', 'NJ', 'IL', 'RI')\nleft join dbo.address_application_stg a2 on\nr.risk_application_system_id = a2.address_application_system_id\nand r.risk_application_cmm_container = a2.address_application_cmm_container\nand r.risk_application_location_ref = a2.address_application_parent_id\nand a2.address_application_address_type_cd = 'LocationAddr'\nand a2.address_application_address1 is not null\nand a2.address_application_state_prov_cd in ('CT', 'MA', 'ME', 'NH', 'NY', 'NJ', 'IL', 'RI')\nleft join dbo.insured_application_stg i on\nprkr.policy_system_id = i.insured_application_system_id\nand prkr.policy_system_id = i.insured_application_cmm_container\nleft join dbo.agents_detail_stg ad on\nbs.providerref = ad.systemid\nleft join dbo.master_agency_detail mad on\nad.agencycd = mad.agency_code\nand mad.row_end_dt = '9999-12-31'\nleft join dbo.agency_scores ags on\nad.agencycd = ags.agency_code\nleft join dbo.insurancescore_stg ins on\nprkr.policy_system_id = ins.systemid\nand prkr.policy_cmm_container = ins.cmmcontainer\nand ins.insurancescoretypecd = 'InsuredInsuranceScore'\nleft join dbo.insurance_to_value_reference itvr1 on\nleft(a1.address_application_postal_code,5) = itvr1.zip_code\nand prkr.line_of_business = itvr1.line_of_business \nleft join dbo.insurance_to_value_reference itvr2 on\nleft(a2.address_application_postal_code,5) = itvr2.zip_code\nand prkr.line_of_business = itvr2.line_of_business \nleft join (\nselect\ndistinct property_risk_id,\ncase\nwhen detection_name = 'Overhang' then detection_area_in_square_feet\nend as detection_tree_overhang_in_square_feet,\nproperty_roof_spotlight_index,\nbuilding_aggregate_tree_score,\nbuilding_number_of_dangerous_trees,\nbuilding_area_in_square_feet,\nrank() over (partition by property_risk_id order by\n\t\tproperty_latest_image_capture_date desc nulls last,\n\t\tproperty_completion_date_of_ordered_betterview_risk_data_pull desc nulls last,\n\t\tproperty_update_date desc nulls last,\n\t\tproperty_version_id desc nulls last) as rnk\nfrom\ndbo.uw_dashboard_betterview_details\nwhere building_number = 1\nand uw_dashboard_betterview_details_row_effective_end_date = '9999-12-31') bv1  on\nbv1.property_risk_id = prkr.policy_number || '-' || prkr.policy_module_number \nand bv1.rnk = 1\nleft join (\nselect\ndistinct property_risk_id,\ncase\nwhen detection_name = 'Yard Debris' then detection_area_in_square_feet\nend as detection_yard_debris_in_square_feet,\nrank() over (partition by property_risk_id order by\n\t\tproperty_latest_image_capture_date desc nulls last,\n\t\tproperty_completion_date_of_ordered_betterview_risk_data_pull desc nulls last,\n\t\tproperty_update_date desc nulls last,\n\t\tproperty_version_id desc nulls last) as rnk\nfrom\ndbo.uw_dashboard_betterview_details\nwhere building_number = 0\nand uw_dashboard_betterview_details_row_effective_end_date = '9999-12-31') bv2  on\nbv2.property_risk_id = prkr.policy_number || '-' || prkr.policy_module_number \nand bv2.rnk = 1\nleft join dbo.state_ref sr on\nsr.riskstatelevel = case when a1.address_application_address1 is not null then a1.address_application_state_prov_cd\nwhen a2.address_application_address1 is not null then a2.address_application_state_prov_cd\nelse null end\nleft join dbo.line_stg l on\nl.systemid = prkr.policy_system_id\nand l.cmmcontainer = prkr.policy_cmm_container\nleft join dbo.basicpolicyapp_stg bp on\nbp.systemid = prkr.policy_system_id\nand bp.cmmcontainer = prkr.policy_cmm_container\nleft join dbo.uw_dashboard_policy_risk_details tgt\non prkr.policy_system_id = tgt.policy_system_id\nand prkr.policy_cmm_container = tgt.policy_cmm_container\nand prkr.risk_id = tgt.risk_id\nand coalesce(b.building_application_id, '') = coalesce(tgt.building_id, '')\nand coalesce(r.risk_application_location_ref, '') = coalesce(tgt.location_id, '')\nand tgt.uw_dashboard_policy_risk_details_row_effective_end_datetime = '9999-12-31'\nwhere\nprkr.policy_risk_key_reference_row_effective_end_date = '9999-12-31'\nand prkr.policy_cmm_container = 'Application'","commandType":0,"isFileList":false,"handleSpecialChars":false,"handleDecimalRoundOff":false,"frsAsset":false,"dynamicFileName":false,"excludeDynamicFileNameField":false,"currentlyProcessedFileName":false,"retainFieldMetadata":false,"objectName":"DUMMY_src_query","useExactSrcNames":false,"userUpdated":true,"tgtObjectAttributes":{},"runtimeParameterData":{"@type":"mtTaskRuntimeParameterData","isConnectionRuntimeParameter":false,"isObjectRuntimeParameter":false,"connectionParameterName":"DBConnection_SRC"},"overridableProperties":[],"overriddenFields":[]},{"@type":"mtTaskParameter","id":119406863,"name":"$tgt_uw_dashboard_policy_risk_details_add_updated_record$","type":"TARGET","label":"DBConnection_TGT","description":"","uiProperties":{"cnxtype":"Amazon Redshift v2","connectionParameterized":"true","paramName":"DBConnection_TGT","paramLabel":"","paramType-mapping":"Connection","logcnx":"DBConnection_TGT","default":"dbo/uw_dashboard_policy_risk_details","objectParameterized":"false","visible":"false","defaultTargetUpdateColumns":"","supportApplyDDLChanges":"false","originalPath":"tgt_uw_dashboard_policy_risk_details_add_updated_record"},"targetConnectionId":"@aYZ4ekzHgIPeKpiaoqDLKP","targetObject":"dbo/uw_dashboard_policy_risk_details","targetObjectLabel":"dbo/uw_dashboard_policy_risk_details","newFlatFile":false,"newObject":false,"showBusinessNames":true,"naturalOrder":true,"truncateTarget":false,"bulkApiDBTarget":false,"operationType":"Insert","customFuncCfg":{"@type":"customFuncConfig","id":-1,"connections":[],"inputMap":[],"outputFields":[]},"targetRefsV2":{},"targetUpdateColumns":[],"extendedObject":{"@type":"extendedObject","singleMode":true,"filters":[],"sortFields":[]},"runtimeAttrs":{},"isRESTModernSource":true,"commandType":0,"isFileList":false,"handleSpecialChars":false,"handleDecimalRoundOff":false,"frsAsset":false,"dynamicFileName":false,"excludeDynamicFileNameField":false,"currentlyProcessedFileName":false,"retainFieldMetadata":false,"objectName":"dbo/uw_dashboard_policy_risk_details","objectLabel":"dbo/uw_dashboard_policy_risk_details","useExactSrcNames":false,"userUpdated":true,"tgtObjectAttributes":{},"runtimeParameterData":{"@type":"mtTaskRuntimeParameterData","isConnectionRuntimeParameter":false,"isObjectRuntimeParameter":false,"connectionParameterName":"DBConnection_TGT"},"overridableProperties":[],"dbSchema":"","overriddenFields":[]},{"@type":"mtTaskParameter","id":119406864,"name":"$tgt_uw_dashboard_policy_risk_details_expire_existing$","type":"TARGET","label":"DBConnection_TGT","description":"","uiProperties":{"cnxtype":"Amazon Redshift v2","connectionParameterized":"true","paramName":"DBConnection_TGT","paramLabel":"","paramType-mapping":"Connection","logcnx":"DBConnection_TGT","default":"dbo/uw_dashboard_policy_risk_details","objectParameterized":"false","visible":"false","defaultTargetUpdateColumns":"uw_dashboard_policy_risk_details_row_id","supportApplyDDLChanges":"false","originalPath":"tgt_uw_dashboard_policy_risk_details_expire_existing"},"targetConnectionId":"@aYZ4ekzHgIPeKpiaoqDLKP","targetObject":"dbo/uw_dashboard_policy_risk_details","targetObjectLabel":"dbo/uw_dashboard_policy_risk_details","newFlatFile":false,"newObject":false,"showBusinessNames":true,"naturalOrder":true,"truncateTarget":false,"bulkApiDBTarget":false,"operationType":"Update","customFuncCfg":{"@type":"customFuncConfig","id":-1,"connections":[],"inputMap":[],"outputFields":[]},"targetRefsV2":{},"targetUpdateColumns":["uw_dashboard_policy_risk_details_row_id"],"extendedObject":{"@type":"extendedObject","singleMode":true,"filters":[],"sortFields":[]},"runtimeAttrs":{},"isRESTModernSource":true,"commandType":0,"isFileList":false,"handleSpecialChars":false,"handleDecimalRoundOff":false,"frsAsset":false,"dynamicFileName":false,"excludeDynamicFileNameField":false,"currentlyProcessedFileName":false,"retainFieldMetadata":false,"objectName":"dbo/uw_dashboard_policy_risk_details","objectLabel":"dbo/uw_dashboard_policy_risk_details","useExactSrcNames":false,"userUpdated":true,"tgtObjectAttributes":{},"runtimeParameterData":{"@type":"mtTaskRuntimeParameterData","isConnectionRuntimeParameter":false,"isObjectRuntimeParameter":false,"connectionParameterName":"DBConnection_TGT"},"overridableProperties":[],"dbSchema":"","overriddenFields":[]},{"@type":"mtTaskParameter","id":119406865,"name":"$tgt_uw_dashboard_policy_risk_details_insert$","type":"TARGET","label":"DBConnection_TGT","description":"","uiProperties":{"cnxtype":"Amazon Redshift v2","connectionParameterized":"true","paramName":"DBConnection_TGT","paramLabel":"","paramType-mapping":"Connection","logcnx":"DBConnection_TGT","default":"dbo/uw_dashboard_policy_risk_details","objectParameterized":"false","visible":"false","defaultTargetUpdateColumns":"","supportApplyDDLChanges":"false","originalPath":"tgt_uw_dashboard_policy_risk_details_insert"},"targetConnectionId":"@aYZ4ekzHgIPeKpiaoqDLKP","targetObject":"dbo/uw_dashboard_policy_risk_details","targetObjectLabel":"dbo/uw_dashboard_policy_risk_details","newFlatFile":false,"newObject":false,"showBusinessNames":true,"naturalOrder":true,"truncateTarget":false,"bulkApiDBTarget":false,"operationType":"Insert","customFuncCfg":{"@type":"customFuncConfig","id":-1,"connections":[],"inputMap":[],"outputFields":[]},"targetRefsV2":{},"targetUpdateColumns":[],"extendedObject":{"@type":"extendedObject","singleMode":true,"filters":[],"sortFields":[]},"runtimeAttrs":{},"isRESTModernSource":true,"commandType":0,"isFileList":false,"handleSpecialChars":false,"handleDecimalRoundOff":false,"frsAsset":false,"dynamicFileName":false,"excludeDynamicFileNameField":false,"currentlyProcessedFileName":false,"retainFieldMetadata":false,"objectName":"dbo/uw_dashboard_policy_risk_details","objectLabel":"dbo/uw_dashboard_policy_risk_details","useExactSrcNames":false,"userUpdated":true,"tgtObjectAttributes":{},"runtimeParameterData":{"@type":"mtTaskRuntimeParameterData","isConnectionRuntimeParameter":false,"isObjectRuntimeParameter":false,"connectionParameterName":"DBConnection_TGT"},"overridableProperties":[],"dbSchema":"","overriddenFields":[]}],"sequences":[],"inOutParameters":[],"connRuntimeAttrs":[]}]