[{"@type":"mappingTemplate","id":"@1","name":"m_update_constant_values_SQL_Server_To_Redshift","description":"","autoExpireObject":false,"bundleVersion":"0","assetFrsGuid":"6wpum1L7uuqbT2nJ9bDSgx","templateId":"@3","deployTime":1720708059000,"hasParameters":true,"valid":true,"fixedConnection":false,"hasParametersDeployed":true,"fixedConnectionDeployed":false,"isSchemaValidationEnabled":false,"tasks":1,"mappingPreviewFileRecordId":"@2","documentType":"MAPPING","allowMaxFieldLength":false,"references":[]}]