[{"@type":"mappingTemplate","id":"@1","name":"cdi_map_s3_client_data_metal_load","description":"","autoExpireObject":false,"bundleVersion":"0","assetFrsGuid":"7KIXOY7o4bhfg3jkwdkDul","templateId":"@3","deployTime":1755096697000,"hasParameters":true,"valid":true,"fixedConnection":true,"hasParametersDeployed":true,"fixedConnectionDeployed":true,"isSchemaValidationEnabled":false,"tasks":1,"mappingPreviewFileRecordId":"@2","documentType":"MAPPING","allowMaxFieldLength":false,"specialCharacterSupport":false,"references":[{"@type":"reference","refObjectId":"@jHNGNneTPODkaNxInlboEG","refType":"structureDefinition"}]}]