[{"@type":"mappingTemplate","id":"@1","name":"cdi_map_adm_api_authorities_bronze_stg_load","description":"","autoExpireObject":false,"bundleVersion":"0","assetFrsGuid":"klO7CQkzSO9djXr5AQvn6v","templateId":"@3","deployTime":1765895824000,"hasParameters":true,"valid":true,"fixedConnection":false,"hasParametersDeployed":true,"fixedConnectionDeployed":false,"isSchemaValidationEnabled":false,"tasks":1,"mappingPreviewFileRecordId":"@2","documentType":"MAPPING","allowMaxFieldLength":false,"specialCharacterSupport":false,"references":[]}]