[{"@type":"mappingTemplate","id":"@1","name":"cdi_map_msgr_part_one_batch_id_load","description":"","autoExpireObject":false,"bundleVersion":"0","assetFrsGuid":"6Dm6DbwHDaOhH8dAkH1beI","templateId":"@3","deployTime":1747837240000,"hasParameters":false,"valid":true,"fixedConnection":true,"hasParametersDeployed":false,"fixedConnectionDeployed":true,"isSchemaValidationEnabled":false,"tasks":0,"mappingPreviewFileRecordId":"@2","documentType":"ECOSYSTEM_MAPPING","ecoSystem":"com.informatica.adapter.amazonredshift","allowMaxFieldLength":false,"specialCharacterSupport":false,"references":[{"@type":"reference","refObjectId":"@aYZ4ekzHgIPeKpiaoqDLKP","refType":"connection"}]}]